limit,round,id,result,latency_ns
4,4,1,completed,8556603
4,4,2,completed,8608770
4,4,3,completed,8609562
4,4,4,completed,8611228
4,4,5,completed,5854401
4,4,6,completed,5846277
4,4,7,completed,5847819
4,4,8,completed,5849360
4,4,9,completed,6141317
4,4,10,completed,6129942
4,4,11,completed,6131651
4,4,12,completed,6132859
4,4,13,completed,5791069
4,4,14,completed,5787277
4,4,15,completed,5793527
4,4,16,completed,5799818
4,4,17,completed,5976401
4,4,18,completed,5988318
4,4,19,completed,5987526
4,4,20,completed,5985984
4,4,21,completed,6021485
4,4,22,completed,6054068
4,4,23,completed,6076234
4,4,24,completed,6083568
4,4,25,completed,5713444
4,4,26,completed,5692194
4,4,27,completed,5680194
4,4,28,completed,5669152
4,4,29,completed,6306442
4,4,30,completed,6332276
4,4,31,completed,6339317
4,4,32,completed,6411442
4,4,33,completed,5890276
4,4,34,completed,5882235
4,4,35,completed,5875819
4,4,36,completed,5777527
4,4,37,completed,6079943
4,4,38,completed,6104442
4,4,39,completed,6109818
4,4,40,completed,6115026
4,4,41,completed,5863110
4,4,42,completed,5870068
4,4,43,completed,5870152
4,4,44,completed,5870485
4,4,45,completed,5909776
4,4,46,completed,5915943
4,4,47,completed,5929110
4,4,48,completed,5925526
4,4,49,completed,6072276
4,4,50,completed,6074568
4,4,51,completed,6046651
4,4,52,completed,6040193
4,4,53,completed,6018693
4,4,54,completed,6025651
4,4,55,completed,5996693
4,4,56,completed,5996527
4,4,57,completed,5701652
4,4,58,completed,5673819
4,4,59,completed,5658110
4,4,60,completed,5658986
4,4,61,completed,6143359
4,4,62,completed,6165568
4,4,63,completed,6173568
4,4,64,completed,6181485
4,4,65,completed,6014276
4,4,66,completed,6019860
4,4,67,completed,6028776
4,4,68,completed,6022235
4,4,69,completed,6020193
4,4,70,completed,6014609
4,4,71,completed,6027360
4,4,72,completed,6038484
4,4,73,completed,5953484
4,4,74,completed,5942777
4,4,75,completed,5932193
4,4,76,completed,5933984
4,4,77,completed,5904985
4,4,78,completed,5911360
4,4,79,completed,5916277
4,4,80,completed,5920444
4,4,81,completed,6032401
4,4,82,completed,6048984
4,4,83,completed,6072276
4,4,84,completed,6080026
4,4,85,completed,6029526
4,4,86,completed,6026068
4,4,87,completed,6025026
4,4,88,completed,6025317
4,4,89,completed,5938235
4,4,90,completed,5945360
4,4,91,completed,5959943
4,4,92,completed,5959235
4,4,93,completed,6118067
4,4,94,completed,6098443
4,4,95,completed,6088068
4,4,96,completed,6078651
4,4,97,completed,5363445
4,4,98,completed,5357528
4,4,99,completed,5358278
4,4,100,completed,5358819
4,4,101,completed,6429400
4,4,102,completed,6431025
4,4,103,completed,6432150
4,4,104,completed,6433234
4,4,105,completed,5490569
4,4,106,completed,5513486
4,4,107,completed,5525319
4,4,108,completed,5536735
4,4,109,completed,6478692
4,4,110,completed,6479859
4,4,111,completed,6477609
4,4,112,completed,6475650
4,4,113,completed,6004068
4,4,114,completed,6012693
4,4,115,completed,6012401
4,4,116,completed,6027402
4,4,117,completed,5996401
4,4,118,completed,5991568
4,4,119,completed,5969235
4,4,120,completed,5948693
4,4,121,completed,5970485
4,4,122,completed,5983652
4,4,123,completed,5994818
4,4,124,completed,6018610
4,4,125,completed,6010359
4,4,126,completed,6033860
4,4,127,completed,6013443
4,4,128,completed,5989693
4,4,129,completed,5560111
4,4,130,completed,5520236
4,4,131,completed,5520860
4,4,132,completed,5521777
4,4,133,completed,6401734
4,4,134,completed,6406526
4,4,135,completed,6407275
4,4,136,completed,6408067
4,4,137,completed,6014276
4,4,138,completed,6040609
4,4,139,completed,6028651
4,4,140,completed,6029443
4,4,141,completed,5954610
4,4,142,completed,5961776
4,4,143,completed,5967735
4,4,144,completed,5973152
4,4,145,completed,6058693
4,4,146,completed,6054860
4,4,147,completed,6049693
4,4,148,completed,6045068
4,4,149,completed,5928443
4,4,150,completed,5928402
4,4,151,completed,5928776
4,4,152,completed,5929193
4,4,153,completed,5477527
4,4,154,completed,5495486
4,4,155,completed,5506819
4,4,156,completed,5518152
4,4,157,completed,6467025
4,4,158,completed,6470067
4,4,159,completed,6460608
4,4,160,completed,6451733
4,4,161,completed,5964984
4,4,162,completed,5997276
4,4,163,completed,6006234
4,4,164,completed,6013651
4,4,165,completed,5984568
4,4,166,completed,5978151
4,4,167,completed,5971568
4,4,168,completed,5965610
4,4,169,completed,5950443
4,4,170,completed,5968526
4,4,171,completed,5970693
4,4,172,completed,5970943
4,4,173,completed,5995818
4,4,174,completed,5996276
4,4,175,completed,6000943
4,4,176,completed,6005152
4,4,177,completed,6105776
4,4,178,completed,6116526
4,4,179,completed,6117110
4,4,180,completed,6117276
4,4,181,completed,5912568
4,4,182,completed,5913110
4,4,183,completed,5909360
4,4,184,completed,5906235
4,4,185,completed,5865693
4,4,186,completed,5881319
4,4,187,completed,5883485
4,4,188,completed,5884318
4,4,189,completed,6066942
4,4,190,completed,6077193
4,4,191,completed,6112235
4,4,192,completed,6114943
4,4,193,completed,6000693
4,4,194,completed,5984360
4,4,195,completed,5965651
4,4,196,completed,5961818
4,4,197,completed,5936151
4,4,198,completed,5942234
4,4,199,completed,5938401
4,4,200,completed,5934318
4,4,201,completed,5810110
4,4,202,completed,5822985
4,4,203,completed,5827444
4,4,204,completed,5832277
4,4,205,completed,6146985
4,4,206,completed,6187151
4,4,207,completed,6193276
4,4,208,completed,6198901
4,4,209,completed,5968776
4,4,210,completed,5981652
4,4,211,completed,5977485
4,4,212,completed,5973943
4,4,213,completed,5989526
4,4,214,completed,6014068
4,4,215,completed,6014026
4,4,216,completed,6013901
4,4,217,completed,6011026
4,4,218,completed,6022651
4,4,219,completed,6022651
4,4,220,completed,6021734
4,4,221,completed,7100565
4,4,222,completed,7104357
4,4,223,completed,7100524
4,4,224,completed,7096690
4,4,225,completed,5052279
4,4,226,completed,5053404
4,4,227,completed,5054237
4,4,228,completed,5054737
4,4,229,completed,7186565
4,4,230,completed,7202981
4,4,231,completed,7203607
4,4,232,completed,7204857
4,4,233,completed,6453608
4,4,234,completed,6459275
4,4,235,completed,6459692
4,4,236,completed,6459775
4,4,237,completed,6009568
4,4,238,completed,6027193
4,4,239,completed,6027860
4,4,240,completed,6029442
4,4,241,completed,5892652
4,4,242,completed,5917526
4,4,243,completed,5918818
4,4,244,completed,5920027
4,4,245,completed,7162857
4,4,246,completed,7163857
4,4,247,completed,7164981
4,4,248,completed,7166440
4,4,249,completed,5825777
4,4,250,completed,5825693
4,4,251,completed,5826569
4,4,252,completed,5827360
4,4,253,completed,5993943
4,4,254,completed,5988860
4,4,255,completed,5990568
4,4,256,completed,5991610
4,4,257,completed,10648681
4,4,258,completed,10660181
4,4,259,completed,10661347
4,4,260,completed,10663014
4,4,261,completed,7044482
4,4,262,completed,7050398
4,4,263,completed,7060898
4,4,264,completed,7061732
4,4,265,completed,5967651
4,4,266,completed,5993776
4,4,267,completed,5999734
4,4,268,completed,6007151
4,4,269,completed,5876818
4,4,270,completed,5872527
4,4,271,completed,5867276
4,4,272,completed,5861943
4,4,273,completed,5965651
4,4,274,completed,5973318
4,4,275,completed,5974068
4,4,276,completed,5975193
4,4,277,completed,5965734
4,4,278,completed,5973277
4,4,279,completed,5974610
4,4,280,completed,5976485
4,4,281,completed,10676764
4,4,282,completed,10675598
4,4,283,completed,10676681
4,4,284,completed,10677764
4,4,285,completed,7279315
4,4,286,completed,7302315
4,4,287,completed,7304273
4,4,288,completed,7305606
4,4,289,completed,6083610
4,4,290,completed,6079526
4,4,291,completed,6085943
4,4,292,completed,6091026
4,4,293,completed,6011068
4,4,294,completed,6018901
4,4,295,completed,6015484
4,4,296,completed,6011527
4,4,297,completed,5876651
4,4,298,completed,5886776
4,4,299,completed,5888401
4,4,300,completed,5889651
4,4,301,completed,5974526
4,4,302,completed,5991985
4,4,303,completed,5993193
4,4,304,completed,5994318
4,4,305,completed,5956068
4,4,306,completed,5972818
4,4,307,completed,5978526
4,4,308,completed,5983818
4,4,309,completed,5976943
4,4,310,completed,5980943
4,4,311,completed,5977068
4,4,312,completed,5973318
4,4,313,completed,6062943
4,4,314,completed,6070526
4,4,315,completed,6071693
4,4,316,completed,6072442
4,4,317,completed,5900110
4,4,318,completed,5921110
4,4,319,completed,5922485
4,4,320,completed,5923401
4,4,321,completed,5754443
4,4,322,completed,5751443
4,4,323,completed,5756735
4,4,324,completed,5761610
4,4,325,completed,6156400
4,4,326,completed,6156901
4,4,327,completed,6153234
4,4,328,completed,6149692
4,4,329,completed,6018318
4,4,330,completed,6011276
4,4,331,completed,6012734
4,4,332,completed,6013693
4,4,333,completed,5580986
4,4,334,completed,5591110
4,4,335,completed,5592069
4,4,336,completed,5591986
4,4,337,completed,5895443
4,4,338,completed,5904318
4,4,339,completed,5906318
4,4,340,completed,5907526
4,4,341,completed,5916693
4,4,342,completed,5915026
4,4,343,completed,5920652
4,4,344,completed,5925402
4,4,345,completed,6682650
4,4,346,completed,6688774
4,4,347,completed,6684858
4,4,348,completed,6681441
4,4,349,completed,6149901
4,4,350,completed,6184485
4,4,351,completed,6185443
4,4,352,completed,6186734
4,4,353,completed,5655360
4,4,354,completed,5656985
4,4,355,completed,5658360
4,4,356,completed,5659360
4,4,357,completed,6008818
4,4,358,completed,6011484
4,4,359,completed,6023985
4,4,360,completed,6034943
4,4,361,completed,5960484
4,4,362,completed,5948318
4,4,363,completed,5938110
4,4,364,completed,5927651
4,4,365,completed,6027068
4,4,366,completed,6026693
4,4,367,completed,6027318
4,4,368,completed,6028318
4,4,369,completed,5934026
4,4,370,completed,5942943
4,4,371,completed,5943943
4,4,372,completed,5944985
4,4,373,completed,6155860
4,4,374,completed,6171317
4,4,375,completed,6173151
4,4,376,completed,6174109
4,4,377,completed,5872777
4,4,378,completed,5869319
4,4,379,completed,5869985
4,4,380,completed,5870860
4,4,381,completed,5983777
4,4,382,completed,5993901
4,4,383,completed,5996693
4,4,384,completed,5998485
4,4,385,completed,6208151
4,4,386,completed,6212067
4,4,387,completed,6221984
4,4,388,completed,6223568
4,4,389,completed,5941234
4,4,390,completed,5961026
4,4,391,completed,5964151
4,4,392,completed,5965485
4,4,393,completed,5842110
4,4,394,completed,5854652
4,4,395,completed,5859569
4,4,396,completed,5865026
4,4,397,completed,5791069
4,4,398,completed,5794651
4,4,399,completed,5795110
4,4,400,completed,5794735
4,4,401,completed,5968401
4,4,402,completed,5971277
4,4,403,completed,5967068
4,4,404,completed,5962777
4,4,405,completed,6064026
4,4,406,completed,6084609
4,4,407,completed,6088443
4,4,408,completed,6090526
4,4,409,completed,5947651
4,4,410,completed,5931443
4,4,411,completed,5937068
4,4,412,completed,5941110
4,4,413,completed,6126734
4,4,414,completed,6139151
4,4,415,completed,6135109
4,4,416,completed,6132818
4,4,417,completed,5961610
4,4,418,completed,5979109
4,4,419,completed,5980193
4,4,420,completed,5981527
4,4,421,completed,5852527
4,4,422,completed,5856652
4,4,423,completed,5858152
4,4,424,completed,5859527
4,4,425,completed,6171318
4,4,426,completed,6205443
4,4,427,completed,6218318
4,4,428,completed,6231150
4,4,429,completed,5848235
4,4,430,completed,5851027
4,4,431,completed,5847235
4,4,432,completed,5840902
4,4,433,completed,5957276
4,4,434,completed,5972318
4,4,435,completed,5975193
4,4,436,completed,5978402
4,4,437,completed,5938359
4,4,438,completed,5947610
4,4,439,completed,5949026
4,4,440,completed,5950402
4,4,441,completed,5975693
4,4,442,completed,5992860
4,4,443,completed,5995277
4,4,444,completed,5981276
4,4,445,completed,5956568
4,4,446,completed,5944318
4,4,447,completed,5932277
4,4,448,completed,5920944
4,4,449,completed,6032401
4,4,450,completed,6041776
4,4,451,completed,6043609
4,4,452,completed,6046068
4,4,453,completed,5915443
4,4,454,completed,5920193
4,4,455,completed,5929485
4,4,456,completed,5939818
4,4,457,completed,5970401
4,4,458,completed,5961651
4,4,459,completed,5950444
4,4,460,completed,5939569
4,4,461,completed,5815027
4,4,462,completed,5819485
4,4,463,completed,5820735
4,4,464,completed,5821985
4,4,465,completed,6136943
4,4,466,completed,6134818
4,4,467,completed,6140401
4,4,468,completed,6146776
4,4,469,completed,5605902
4,4,470,completed,5602110
4,4,471,completed,5596278
4,4,472,completed,5590777
4,4,473,completed,6463775
4,4,474,completed,6466400
4,4,475,completed,6467317
4,4,476,completed,6468275
4,4,477,completed,5925235
4,4,478,completed,5946484
4,4,479,completed,5958985
4,4,480,completed,5970402
4,4,481,completed,5954943
4,4,482,completed,5950527
4,4,483,completed,5946693
4,4,484,completed,5942609
4,4,485,completed,6013693
4,4,486,completed,6025484
4,4,487,completed,6021693
4,4,488,completed,6015860
4,4,489,completed,5998609
4,4,490,completed,5987777
4,4,491,completed,5995234
4,4,492,completed,6024651
4,4,493,completed,6047693
4,4,494,completed,6049484
4,4,495,completed,6043151
4,4,496,completed,5997777
4,4,497,completed,5905318
4,4,498,completed,5920610
4,4,499,completed,5931318
4,4,500,completed,5941818
4,4,501,completed,5995943
4,4,502,completed,5990568
4,4,503,completed,5981318
4,4,504,completed,5971234
4,4,505,completed,6000109
4,4,506,completed,6004026
4,4,507,completed,6005485
4,4,508,completed,6006693
4,4,509,completed,5943609
4,4,510,completed,5956651
4,4,511,completed,5964110
4,4,512,completed,5972151
4,4,513,completed,5530694
4,4,514,completed,5542861
4,4,515,completed,5546569
4,4,516,completed,5550861
4,4,517,completed,6460650
4,4,518,completed,6453067
4,4,519,completed,6442567
4,4,520,completed,6433109
4,4,521,completed,5877777
4,4,522,completed,5880944
4,4,523,completed,5882402
4,4,524,completed,5883735
4,4,525,completed,6138942
4,4,526,completed,6158400
4,4,527,completed,6166734
4,4,528,completed,6175150
4,4,529,completed,5735610
4,4,530,completed,5747235
4,4,531,completed,5750694
4,4,532,completed,5753277
4,4,533,completed,6175651
4,4,534,completed,6166735
4,4,535,completed,6157026
4,4,536,completed,6147276
4,4,537,completed,6012234
4,4,538,completed,6021692
4,4,539,completed,6023610
4,4,540,completed,6025276
4,4,541,completed,5957318
4,4,542,completed,5956943
4,4,543,completed,5957860
4,4,544,completed,5958902
4,4,545,completed,5986818
4,4,546,completed,5988360
4,4,547,completed,5989818
4,4,548,completed,5991443
4,4,549,completed,5991359
4,4,550,completed,5998068
4,4,551,completed,5998693
4,4,552,completed,5999693
4,4,553,completed,5982526
4,4,554,completed,6008276
4,4,555,completed,6012735
4,4,556,completed,6014860
4,4,557,completed,5996984
4,4,558,completed,5973610
4,4,559,completed,5973943
4,4,560,completed,5975151
4,4,561,completed,5929401
4,4,562,completed,5954110
4,4,563,completed,5956485
4,4,564,completed,5958235
4,4,565,completed,6021943
4,4,566,completed,6026026
4,4,567,completed,6037818
4,4,568,completed,6049276
4,4,569,completed,5964985
4,4,570,completed,5955651
4,4,571,completed,5945735
4,4,572,completed,5936027
4,4,573,completed,6009651
4,4,574,completed,6037152
4,4,575,completed,6040027
4,4,576,completed,6040901
4,4,577,completed,5945318
4,4,578,completed,5937985
4,4,579,completed,5938859
4,4,580,completed,5940485
4,4,581,completed,5945776
4,4,582,completed,5952776
4,4,583,completed,5954193
4,4,584,completed,5955902
4,4,585,completed,5989568
4,4,586,completed,5990485
4,4,587,completed,5991318
4,4,588,completed,5992277
4,4,589,completed,6022526
4,4,590,completed,6025068
4,4,591,completed,6025652
4,4,592,completed,6026610
4,4,593,completed,5964693
4,4,594,completed,5978235
4,4,595,completed,5980652
4,4,596,completed,5983193
4,4,597,completed,5926193
4,4,598,completed,5934443
4,4,599,completed,5945402
4,4,600,completed,5955860
4,4,601,completed,6030693
4,4,602,completed,6042360
4,4,603,completed,6034692
4,4,604,completed,6025151
4,4,605,completed,5975360
4,4,606,completed,5969943
4,4,607,completed,5981193
4,4,608,completed,5992110
4,4,609,completed,6004901
4,4,610,completed,5996401
4,4,611,completed,5985943
4,4,612,completed,5974568
4,4,613,completed,5937485
4,4,614,completed,5948027
4,4,615,completed,5957027
4,4,616,completed,5966068
4,4,617,completed,6027443
4,4,618,completed,6027484
4,4,619,completed,6020109
4,4,620,completed,6013901
4,4,621,completed,6022610
4,4,622,completed,6022860
4,4,623,completed,6024568
4,4,624,completed,6025859
4,4,625,completed,5863652
4,4,626,completed,5878152
4,4,627,completed,5889735
4,4,628,completed,5900194
4,4,629,completed,5963318
4,4,630,completed,5964401
4,4,631,completed,5959818
4,4,632,completed,5955401
4,4,633,completed,5989443
4,4,634,completed,6002110
4,4,635,completed,5998776
4,4,636,completed,5993193
4,4,637,completed,6010693
4,4,638,completed,5997777
4,4,639,completed,5998776
4,4,640,completed,5999735
4,4,641,completed,6077359
4,4,642,completed,6076609
4,4,643,completed,6076985
4,4,644,completed,6077193
4,4,645,completed,5851568
4,4,646,completed,5864235
4,4,647,completed,5875943
4,4,648,completed,5886360
4,4,649,completed,6002109
4,4,650,completed,5992818
4,4,651,completed,5983485
4,4,652,completed,5974276
4,4,653,completed,5996234
4,4,654,completed,6016610
4,4,655,completed,6028776
4,4,656,completed,6039776
4,4,657,completed,6000193
4,4,658,completed,5990901
4,4,659,completed,5980109
4,4,660,completed,5970026
4,4,661,completed,5994359
4,4,662,completed,6000901
4,4,663,completed,6002360
4,4,664,completed,6003776
4,4,665,completed,5951568
4,4,666,completed,5953318
4,4,667,completed,5954318
4,4,668,completed,5955318
4,4,669,completed,5966068
4,4,670,completed,5981734
4,4,671,completed,5992651
4,4,672,completed,6003401
4,4,673,completed,6087943
4,4,674,completed,6078235
4,4,675,completed,6067984
4,4,676,completed,6057568
4,4,677,completed,5892902
4,4,678,completed,5894860
4,4,679,completed,5895943
4,4,680,completed,5897027
4,4,681,completed,5912818
4,4,682,completed,5920110
4,4,683,completed,5921193
4,4,684,completed,5922026
4,4,685,completed,6058401
4,4,686,completed,6069985
4,4,687,completed,6075693
4,4,688,completed,6080610
4,4,689,completed,6075026
4,4,690,completed,6090776
4,4,691,completed,6098484
4,4,692,completed,6105360
4,4,693,completed,5974693
4,4,694,completed,5967443
4,4,695,completed,5967735
4,4,696,completed,5958527
4,4,697,completed,5778985
4,4,698,completed,5801569
4,4,699,completed,5807402
4,4,700,completed,5812902
4,4,701,completed,6157734
4,4,702,completed,6159110
4,4,703,completed,6155984
4,4,704,completed,6152442
4,4,705,completed,5460486
4,4,706,completed,5484069
4,4,707,completed,5485195
4,4,708,completed,5486778
4,4,709,completed,6519858
4,4,710,completed,6505775
4,4,711,completed,6506733
4,4,712,completed,6508483
4,4,713,completed,5870901
4,4,714,completed,5894193
4,4,715,completed,5899193
4,4,716,completed,5904277
4,4,717,completed,6043318
4,4,718,completed,6066901
4,4,719,completed,6075568
4,4,720,completed,6082110
4,4,721,completed,6021443
4,4,722,completed,6021901
4,4,723,completed,6019234
4,4,724,completed,6015943
4,4,725,completed,5935651
4,4,726,completed,5932776
4,4,727,completed,5925526
4,4,728,completed,5918902
4,4,729,completed,5952819
4,4,730,completed,5951110
4,4,731,completed,5952152
4,4,732,completed,5952943
4,4,733,completed,5571653
4,4,734,completed,5574195
4,4,735,completed,5575403
4,4,736,completed,5577195
4,4,737,completed,6335567
4,4,738,completed,6334276
4,4,739,completed,6334234
4,4,740,completed,6334151
4,4,741,completed,6129693
4,4,742,completed,6138360
4,4,743,completed,6139359
4,4,744,completed,6140860
4,4,745,completed,5891277
4,4,746,completed,5905360
4,4,747,completed,5911860
4,4,748,completed,5916985
4,4,749,completed,5693235
4,4,750,completed,5704110
4,4,751,completed,5701027
4,4,752,completed,5697111
4,4,753,completed,6226776
4,4,754,completed,6228900
4,4,755,completed,6240609
4,4,756,completed,6252150
4,4,757,completed,6013693
4,4,758,completed,6005485
4,4,759,completed,5995777
4,4,760,completed,5986027
4,4,761,completed,6022943
4,4,762,completed,6027068
4,4,763,completed,6027443
4,4,764,completed,6027943
4,4,765,completed,5935901
4,4,766,completed,5942152
4,4,767,completed,5949651
4,4,768,completed,5955943
4,4,769,completed,5993484
4,4,770,completed,5988860
4,4,771,completed,5982318
4,4,772,completed,5975527
4,4,773,completed,5985027
4,4,774,completed,5985734
4,4,775,completed,5986277
4,4,776,completed,5986734
4,4,777,completed,5981777
4,4,778,completed,5994401
4,4,779,completed,6004109
4,4,780,completed,6015109
4,4,781,completed,5976526
4,4,782,completed,5975652
4,4,783,completed,5972110
4,4,784,completed,5968902
4,4,785,completed,6026735
4,4,786,completed,6027068
4,4,787,completed,6020402
4,4,788,completed,6014110
4,4,789,completed,5976651
4,4,790,completed,5978693
4,4,791,completed,5979276
4,4,792,completed,5979943
4,4,793,completed,6008193
4,4,794,completed,6018026
4,4,795,completed,6020026
4,4,796,completed,6021652
4,4,797,completed,5398028
4,4,798,completed,5400361
4,4,799,completed,5401944
4,4,800,completed,5403111
4,4,801,completed,6486692
4,4,802,completed,6502192
4,4,803,completed,6514192
4,4,804,completed,6525275
4,4,805,completed,6087776
4,4,806,completed,6080776
4,4,807,completed,6070568
4,4,808,completed,6060901
4,4,809,completed,5493445
4,4,810,completed,5496944
4,4,811,completed,5498195
4,4,812,completed,5499194
4,4,813,completed,6397734
4,4,814,completed,6401067
4,4,815,completed,6402109
4,4,816,completed,6402983
4,4,817,completed,5989443
4,4,818,completed,6007609
4,4,819,completed,6018068
4,4,820,completed,6029359
4,4,821,completed,5982485
4,4,822,completed,5997484
4,4,823,completed,5998193
4,4,824,completed,5998109
4,4,825,completed,5975818
4,4,826,completed,5972360
4,4,827,completed,5970568
4,4,828,completed,5970818
4,4,829,completed,5991693
4,4,830,completed,5986901
4,4,831,completed,5977734
4,4,832,completed,5968818
4,4,833,completed,5976485
4,4,834,completed,5978401
4,4,835,completed,5979235
4,4,836,completed,5980234
4,4,837,completed,5977401
4,4,838,completed,5979068
4,4,839,completed,5979818
4,4,840,completed,5980568
4,4,841,completed,6005484
4,4,842,completed,6009693
4,4,843,completed,6010776
4,4,844,completed,6011734
4,4,845,completed,5978485
4,4,846,completed,5979068
4,4,847,completed,5979485
4,4,848,completed,5979860
4,4,849,completed,6080943
4,4,850,completed,6087401
4,4,851,completed,6088526
4,4,852,completed,6090193
4,4,853,completed,5407153
4,4,854,completed,5409486
4,4,855,completed,5410527
4,4,856,completed,5411486
4,4,857,completed,6476109
4,4,858,completed,6485691
4,4,859,completed,6487733
4,4,860,completed,6489317
4,4,861,completed,6014068
4,4,862,completed,6019235
4,4,863,completed,6020943
4,4,864,completed,6023318
4,4,865,completed,5928443
4,4,866,completed,5938110
4,4,867,completed,5943401
4,4,868,completed,5948860
4,4,869,completed,6031443
4,4,870,completed,6031026
4,4,871,completed,6025318
4,4,872,completed,6020401
4,4,873,completed,5936443
4,4,874,completed,5940693
4,4,875,completed,5946693
4,4,876,completed,5951651
4,4,877,completed,5998651
4,4,878,completed,5995109
4,4,879,completed,5991568
4,4,880,completed,5989776
4,4,881,completed,5969151
4,4,882,completed,5984193
4,4,883,completed,5993235
4,4,884,completed,6001068
4,4,885,completed,6043276
4,4,886,completed,6054984
4,4,887,completed,6058818
4,4,888,completed,6061776
4,4,889,completed,6018527
4,4,890,completed,6011985
4,4,891,completed,6001484
4,4,892,completed,5992235
4,4,893,completed,5902151
4,4,894,completed,5899860
4,4,895,completed,5900902
4,4,896,completed,5902152
4,4,897,completed,5992651
4,4,898,completed,5997318
4,4,899,completed,5998902
4,4,900,completed,6001360
4,4,901,completed,5993151
4,4,902,completed,5996193
4,4,903,completed,5997152
4,4,904,completed,5997818
4,4,905,completed,7357106
4,4,906,completed,7367439
4,4,907,completed,7368481
4,4,908,completed,7369356
4,4,909,completed,5801735
4,4,910,completed,5808777
4,4,911,completed,5809444
4,4,912,completed,5810568
4,4,913,completed,5965276
4,4,914,completed,5967568
4,4,915,completed,5967568
4,4,916,completed,5967860
4,4,917,completed,5941277
4,4,918,completed,5949859
4,4,919,completed,5950568
4,4,920,completed,5951443
4,4,921,completed,5980568
4,4,922,completed,5993276
4,4,923,completed,5993776
4,4,924,completed,5994484
4,4,925,completed,5962943
4,4,926,completed,5991193
4,4,927,completed,5993277
4,4,928,completed,5995777
4,4,929,completed,5959152
4,4,930,completed,5968026
4,4,931,completed,5969068
4,4,932,completed,5970443
4,4,933,completed,7062732
4,4,934,completed,7060982
4,4,935,completed,7061440
4,4,936,completed,7062440
4,4,937,completed,5871402
4,4,938,completed,5872777
4,4,939,completed,5874319
4,4,940,completed,5875568
4,4,941,completed,5657486
4,4,942,completed,5660652
4,4,943,completed,5668194
4,4,944,completed,5674194
4,4,945,completed,6352734
4,4,946,completed,6353067
4,4,947,completed,6347692
4,4,948,completed,6342150
4,4,949,completed,5422945
4,4,950,completed,5419486
4,4,951,completed,5421236
4,4,952,completed,5423570
4,4,953,completed,6399817
4,4,954,completed,6388692
4,4,955,completed,6393942
4,4,956,completed,6411234
4,4,957,completed,5657403
4,4,958,completed,5666444
4,4,959,completed,5666611
4,4,960,completed,5653694
4,4,961,completed,6008193
4,4,962,completed,6005734
4,4,963,completed,6000693
4,4,964,completed,5995943
4,4,965,completed,6289900
4,4,966,completed,6280401
4,4,967,completed,6281192
4,4,968,completed,6281943
4,4,969,completed,6040901
4,4,970,completed,6084901
4,4,971,completed,6099568
4,4,972,completed,6112110
4,4,973,completed,5434777
4,4,974,completed,5443569
4,4,975,completed,5432653
4,4,976,completed,5420861
4,4,977,completed,5903318
4,4,978,completed,5883652
4,4,979,completed,5884568
4,4,980,completed,5885693
4,4,981,completed,6512900
4,4,982,completed,6527692
4,4,983,completed,6537733
4,4,984,completed,6549900
4,4,985,completed,6033693
4,4,986,completed,6047068
4,4,987,completed,6041484
4,4,988,completed,6018068
4,4,989,completed,5980735
4,4,990,completed,5997526
4,4,991,completed,5996193
4,4,992,completed,5994734
4,4,993,completed,5961985
4,4,994,completed,5992193
4,4,995,completed,5995818
4,4,996,completed,5997235
4,4,997,completed,6174525
4,4,998,completed,6172359
4,4,999,completed,6166734
4,4,1000,completed,6160567
4,4,1001,completed,5786443
4,4,1002,completed,5804819
4,4,1003,completed,5810068
4,4,1004,completed,5833194
4,4,1005,completed,5959901
4,4,1006,completed,5965777
4,4,1007,completed,5977402
4,4,1008,completed,5942860
4,4,1009,completed,5968402
4,4,1010,completed,5961193
4,4,1011,completed,5959735
4,4,1012,completed,5956985
4,4,1013,completed,5656818
4,4,1014,completed,5660069
4,4,1015,completed,5656319
4,4,1016,completed,5652652
4,4,1017,completed,6325400
4,4,1018,completed,6322317
4,4,1019,completed,6324067
4,4,1020,completed,6325317
4,4,1021,completed,6107152
4,4,1022,completed,6094276
4,4,1023,completed,6094276
4,4,1024,completed,6094443
4,4,1025,completed,5910860
4,4,1026,completed,5945568
4,4,1027,completed,5948735
4,4,1028,completed,5951110
4,4,1029,completed,5561527
4,4,1030,completed,5554569
4,4,1031,completed,5563819
4,4,1032,completed,5573653
4,4,1033,completed,6359608
4,4,1034,completed,6349775
4,4,1035,completed,6348067
4,4,1036,completed,6336650
4,4,1037,completed,5948901
4,4,1038,completed,5967693
4,4,1039,completed,5974318
4,4,1040,completed,5981609
4,4,1041,completed,5978193
4,4,1042,completed,5985443
4,4,1043,completed,5979068
4,4,1044,completed,5980026
4,4,1045,completed,6119609
4,4,1046,completed,6137651
4,4,1047,completed,6137818
4,4,1048,completed,6137193
4,4,1049,completed,5882152
4,4,1050,completed,5900443
4,4,1051,completed,5902859
4,4,1052,completed,5905276
4,4,1053,completed,5953068
4,4,1054,completed,5944694
4,4,1055,completed,5938152
4,4,1056,completed,5931569
4,4,1057,completed,5844069
4,4,1058,completed,5853235
4,4,1059,completed,5855235
4,4,1060,completed,5857527
4,4,1061,completed,6118984
4,4,1062,completed,6120401
4,4,1063,completed,6121401
4,4,1064,completed,6122901
4,4,1065,completed,5373237
4,4,1066,completed,5386028
4,4,1067,completed,5391403
4,4,1068,completed,5382570
4,4,1069,completed,6686358
4,4,1070,completed,6688650
4,4,1071,completed,6684650
4,4,1072,completed,6681066
4,4,1073,completed,5884068
4,4,1074,completed,5889943
4,4,1075,completed,5914277
4,4,1076,completed,5925735
4,4,1077,completed,5989527
4,4,1078,completed,5967693
4,4,1079,completed,5955484
4,4,1080,completed,5944401
4,4,1081,completed,5999526
4,4,1082,completed,6026610
4,4,1083,completed,6028984
4,4,1084,completed,6030985
4,4,1085,completed,5878652
4,4,1086,completed,5889777
4,4,1087,completed,5895526
4,4,1088,completed,5900485
4,4,1089,completed,5657528
4,4,1090,completed,5662903
4,4,1091,completed,5663402
4,4,1092,completed,5664027
4,4,1093,completed,6360692
4,4,1094,completed,6364900
4,4,1095,completed,6365026
4,4,1096,completed,6365776
4,4,1097,completed,6001027
4,4,1098,completed,6002443
4,4,1099,completed,6000776
4,4,1100,completed,5999026
4,4,1101,completed,5797444
4,4,1102,completed,5810110
4,4,1103,completed,5807277
4,4,1104,completed,5803735
4,4,1105,completed,5833485
4,4,1106,completed,5827818
4,4,1107,completed,5831694
4,4,1108,completed,5837652
4,4,1109,completed,6346400
4,4,1110,completed,6346692
4,4,1111,completed,6342067
4,4,1112,completed,6336817
4,4,1113,completed,5724069
4,4,1114,completed,5722527
4,4,1115,completed,5724361
4,4,1116,completed,5725361
4,4,1117,completed,6265900
4,4,1118,completed,6272901
4,4,1119,completed,6274234
4,4,1120,completed,6276068
4,4,1121,completed,5635777
4,4,1122,completed,5655819
4,4,1123,completed,5661236
4,4,1124,completed,5667819
4,4,1125,completed,6032276
4,4,1126,completed,6035527
4,4,1127,completed,6032193
4,4,1128,completed,6027277
4,4,1129,completed,6196818
4,4,1130,completed,6193776
4,4,1131,completed,6199067
4,4,1132,completed,6203401
4,4,1133,completed,6026484
4,4,1134,completed,6029276
4,4,1135,completed,6023692
4,4,1136,completed,6018067
4,4,1137,completed,5999818
4,4,1138,completed,6023235
4,4,1139,completed,6032818
4,4,1140,completed,6042318
4,4,1141,completed,5697485
4,4,1142,completed,5697027
4,4,1143,completed,5693360
4,4,1144,completed,5689027
4,4,1145,completed,6301109
4,4,1146,completed,6302400
4,4,1147,completed,6298609
4,4,1148,completed,6294442
4,4,1149,completed,5932360
4,4,1150,completed,5954984
4,4,1151,completed,5962651
4,4,1152,completed,5969318
4,4,1153,completed,5948318
4,4,1154,completed,5951943
4,4,1155,completed,5950151
4,4,1156,completed,5948527
4,4,1157,completed,6169401
4,4,1158,completed,6196734
4,4,1159,completed,6204484
4,4,1160,completed,6212317
4,4,1161,completed,5828027
4,4,1162,completed,5843402
4,4,1163,completed,5837943
4,4,1164,completed,5833110
4,4,1165,completed,6044568
4,4,1166,completed,6049360
4,4,1167,completed,6047234
4,4,1168,completed,6044527
4,4,1169,completed,6026735
4,4,1170,completed,6033901
4,4,1171,completed,6030943
4,4,1172,completed,6026901
4,4,1173,completed,5850818
4,4,1174,completed,5860652
4,4,1175,completed,5861735
4,4,1176,completed,5862944
4,4,1177,completed,5961818
4,4,1178,completed,5970735
4,4,1179,completed,5971068
4,4,1180,completed,5971359
4,4,1181,completed,5940610
4,4,1182,completed,5966943
4,4,1183,completed,5995276
4,4,1184,completed,6007985
4,4,1185,completed,5952235
4,4,1186,completed,5946902
4,4,1187,completed,5924610
4,4,1188,completed,5916818
4,4,1189,completed,6075443
4,4,1190,completed,6079401
4,4,1191,completed,6075693
4,4,1192,completed,6071818
4,4,1193,completed,5940735
4,4,1194,completed,5919610
4,4,1195,completed,5920401
4,4,1196,completed,5921318
4,4,1197,completed,5938943
4,4,1198,completed,5949902
4,4,1199,completed,5956026
4,4,1200,completed,5961359
4,4,1201,completed,6035401
4,4,1202,completed,6052318
4,4,1203,completed,6052526
4,4,1204,completed,6052193
4,4,1205,completed,5971610
4,4,1206,completed,5970235
4,4,1207,completed,5966360
4,4,1208,completed,5971443
4,4,1209,completed,5957818
4,4,1210,completed,5970735
4,4,1211,completed,5986193
4,4,1212,completed,5993109
4,4,1213,completed,5997817
4,4,1214,completed,5999109
4,4,1215,completed,5983068
4,4,1216,completed,5986651
4,4,1217,completed,6011359
4,4,1218,completed,6016193
4,4,1219,completed,6018068
4,4,1220,completed,6019985
4,4,1221,completed,5946401
4,4,1222,completed,5971276
4,4,1223,completed,5978027
4,4,1224,completed,5982860
4,4,1225,completed,6001026
4,4,1226,completed,6003943
4,4,1227,completed,6000652
4,4,1228,completed,5997734
4,4,1229,completed,5971443
4,4,1230,completed,5980485
4,4,1231,completed,5992902
4,4,1232,completed,6003401
4,4,1233,completed,5966110
4,4,1234,completed,5969068
4,4,1235,completed,5963568
4,4,1236,completed,5957235
4,4,1237,completed,6007318
4,4,1238,completed,6009651
4,4,1239,completed,6006068
4,4,1240,completed,6003027
4,4,1241,completed,5964526
4,4,1242,completed,5964734
4,4,1243,completed,5965235
4,4,1244,completed,5965568
4,4,1245,completed,5984026
4,4,1246,completed,5990068
4,4,1247,completed,5990818
4,4,1248,completed,5992402
4,4,1249,completed,5367987
4,4,1250,completed,5369778
4,4,1251,completed,5376944
4,4,1252,completed,5383694
4,4,1253,completed,6660274
4,4,1254,completed,6658733
4,4,1255,completed,6652858
4,4,1256,completed,6647525
4,4,1257,completed,6018776
4,4,1258,completed,6024360
4,4,1259,completed,6035109
4,4,1260,completed,6036526
4,4,1261,completed,5825152
4,4,1262,completed,5855985
4,4,1263,completed,5863485
4,4,1264,completed,5869694
4,4,1265,completed,6061234
4,4,1266,completed,6057610
4,4,1267,completed,6052193
4,4,1268,completed,6046985
4,4,1269,completed,6044859
4,4,1270,completed,6052776
4,4,1271,completed,6054568
4,4,1272,completed,6056526
4,4,1273,completed,5893568
4,4,1274,completed,5910527
4,4,1275,completed,5911818
4,4,1276,completed,5912151
4,4,1277,completed,5928193
4,4,1278,completed,5930234
4,4,1279,completed,5935526
4,4,1280,completed,5940734
4,4,1281,completed,5984401
4,4,1282,completed,5988734
4,4,1283,completed,5984526
4,4,1284,completed,5981276
4,4,1285,completed,5958109
4,4,1286,completed,5967984
4,4,1287,completed,5974068
4,4,1288,completed,5979193
4,4,1289,completed,5948568
4,4,1290,completed,5955860
4,4,1291,completed,5951859
4,4,1292,completed,5947235
4,4,1293,completed,6037776
4,4,1294,completed,6037693
4,4,1295,completed,6031485
4,4,1296,completed,6033235
4,4,1297,completed,5793860
4,4,1298,completed,5796485
4,4,1299,completed,5797318
4,4,1300,completed,5798068
4,4,1301,completed,5954818
4,4,1302,completed,5959026
4,4,1303,completed,5959777
4,4,1304,completed,5960359
4,4,1305,completed,5948360
4,4,1306,completed,5946776
4,4,1307,completed,5947985
4,4,1308,completed,5949110
4,4,1309,completed,6269942
4,4,1310,completed,6257067
4,4,1311,completed,6259192
4,4,1312,completed,6261193
4,4,1313,completed,5893735
4,4,1314,completed,5906985
4,4,1315,completed,5908026
4,4,1316,completed,5909068
4,4,1317,completed,6015609
4,4,1318,completed,6043443
4,4,1319,completed,6053984
4,4,1320,completed,6065609
4,4,1321,completed,5435486
4,4,1322,completed,5429153
4,4,1323,completed,5418945
4,4,1324,completed,5409403
4,4,1325,completed,6520817
4,4,1326,completed,6533900
4,4,1327,completed,6537025
4,4,1328,completed,6538984
4,4,1329,completed,5957860
4,4,1330,completed,5949568
4,4,1331,completed,5960610
4,4,1332,completed,5971651
4,4,1333,completed,6026276
4,4,1334,completed,6019068
4,4,1335,completed,6009151
4,4,1336,completed,5999610
4,4,1337,completed,5928527
4,4,1338,completed,5947234
4,4,1339,completed,5954818
4,4,1340,completed,5961443
4,4,1341,completed,5943235
4,4,1342,completed,5948943
4,4,1343,completed,5953818
4,4,1344,completed,5948026
4,4,1345,completed,5426236
4,4,1346,completed,5417028
4,4,1347,completed,5424319
4,4,1348,completed,5431027
4,4,1349,completed,6514525
4,4,1350,completed,6523983
4,4,1351,completed,6523317
4,4,1352,completed,6523192
4,4,1353,completed,6056484
4,4,1354,completed,6075443
4,4,1355,completed,6072776
4,4,1356,completed,6067026
4,4,1357,completed,5970694
4,4,1358,completed,5945027
4,4,1359,completed,5945735
4,4,1360,completed,5946943
4,4,1361,completed,5955985
4,4,1362,completed,5978318
4,4,1363,completed,5979276
4,4,1364,completed,5980443
4,4,1365,completed,6025735
4,4,1366,completed,6032610
4,4,1367,completed,6034026
4,4,1368,completed,6035235
4,4,1369,completed,6091068
4,4,1370,completed,6094943
4,4,1371,completed,6096526
4,4,1372,completed,6097859
4,4,1373,completed,5350195
4,4,1374,completed,5352236
4,4,1375,completed,5358236
4,4,1376,completed,5363152
4,4,1377,completed,6395317
4,4,1378,completed,6412275
4,4,1379,completed,6409858
4,4,1380,completed,6406942
4,4,1381,completed,6068110
4,4,1382,completed,6047443
4,4,1383,completed,6051943
4,4,1384,completed,6056568
4,4,1385,completed,5905735
4,4,1386,completed,5918985
4,4,1387,completed,5921943
4,4,1388,completed,5937860
4,4,1389,completed,5855569
4,4,1390,completed,5866652
4,4,1391,completed,5855651
4,4,1392,completed,5856401
4,4,1393,completed,6094651
4,4,1394,completed,6101235
4,4,1395,completed,6099359
4,4,1396,completed,6095151
4,4,1397,completed,5989693
4,4,1398,completed,5984402
4,4,1399,completed,5980568
4,4,1400,completed,5977276
4,4,1401,completed,5986110
4,4,1402,completed,5987693
4,4,1403,completed,5988402
4,4,1404,completed,5989401
4,4,1405,completed,5994776
4,4,1406,completed,6008818
4,4,1407,completed,6010526
4,4,1408,completed,6010651
4,4,1409,completed,5982568
4,4,1410,completed,5983026
4,4,1411,completed,5991485
4,4,1412,completed,5999860
4,4,1413,completed,6063526
4,4,1414,completed,6080152
4,4,1415,completed,6081401
4,4,1416,completed,6069818
4,4,1417,completed,5830693
4,4,1418,completed,5838152
4,4,1419,completed,5839443
4,4,1420,completed,5841402
4,4,1421,completed,5917485
4,4,1422,completed,5910610
4,4,1423,completed,5900443
4,4,1424,completed,5890526
4,4,1425,completed,6125901
4,4,1426,completed,6127276
4,4,1427,completed,6128401
4,4,1428,completed,6129401
4,4,1429,completed,6001902
4,4,1430,completed,6016984
4,4,1431,completed,6041110
4,4,1432,completed,6052110
4,4,1433,completed,5772444
4,4,1434,completed,5751819
4,4,1435,completed,5740860
4,4,1436,completed,5730485
4,4,1437,completed,5913735
4,4,1438,completed,5935985
4,4,1439,completed,5939443
4,4,1440,completed,5940569
4,4,1441,completed,6214359
4,4,1442,completed,6203067
4,4,1443,completed,6207401
4,4,1444,completed,6211359
4,4,1445,completed,5985026
4,4,1446,completed,5984776
4,4,1447,completed,5981027
4,4,1448,completed,5976860
4,4,1449,completed,6126109
4,4,1450,completed,6123068
4,4,1451,completed,6123735
4,4,1452,completed,6124943
4,4,1453,completed,5903193
4,4,1454,completed,5904985
4,4,1455,completed,5906026
4,4,1456,completed,5906818
4,4,1457,completed,6055443
4,4,1458,completed,6076318
4,4,1459,completed,6084235
4,4,1460,completed,6092609
4,4,1461,completed,5910443
4,4,1462,completed,5915068
4,4,1463,completed,5908110
4,4,1464,completed,5900235
4,4,1465,completed,5983068
4,4,1466,completed,5959943
4,4,1467,completed,5961318
4,4,1468,completed,5962693
4,4,1469,completed,6067110
4,4,1470,completed,6073360
4,4,1471,completed,6074484
4,4,1472,completed,6075193
4,4,1473,completed,5903485
4,4,1474,completed,5905693
4,4,1475,completed,5906568
4,4,1476,completed,5907610
4,4,1477,completed,5998985
4,4,1478,completed,6000484
4,4,1479,completed,6000818
4,4,1480,completed,6001318
4,4,1481,completed,5988360
4,4,1482,completed,5964193
4,4,1483,completed,5978652
4,4,1484,completed,5980401
4,4,1485,completed,5933068
4,4,1486,completed,5946151
4,4,1487,completed,5954859
4,4,1488,completed,5962985
4,4,1489,completed,5978568
4,4,1490,completed,5976235
4,4,1491,completed,5972027
4,4,1492,completed,5942027
4,4,1493,completed,6143651
4,4,1494,completed,6147276
4,4,1495,completed,6144859
4,4,1496,completed,6143151
4,4,1497,completed,5809527
4,4,1498,completed,5806736
4,4,1499,completed,5806819
4,4,1500,completed,5806777
4,4,1501,completed,6064734
4,4,1502,completed,6078860
4,4,1503,completed,6089860
4,4,1504,completed,6101068
4,4,1505,completed,5947068
4,4,1506,completed,5948109
4,4,1507,completed,5938735
4,4,1508,completed,5928485
4,4,1509,completed,6011110
4,4,1510,completed,6023527
4,4,1511,completed,6032943
4,4,1512,completed,6041443
4,4,1513,completed,6090734
4,4,1514,completed,6100193
4,4,1515,completed,6101193
4,4,1516,completed,6151068
4,4,1517,completed,5884026
4,4,1518,completed,5895943
4,4,1519,completed,5891193
4,4,1520,completed,5814235
4,4,1521,completed,6007068
4,4,1522,completed,6010527
4,4,1523,completed,6008027
4,4,1524,completed,6005693
4,4,1525,completed,5976485
4,4,1526,completed,5980276
4,4,1527,completed,5982068
4,4,1528,completed,5983360
4,4,1529,completed,5965109
4,4,1530,completed,5986777
4,4,1531,completed,5999193
4,4,1532,completed,6010276
4,4,1533,completed,6006235
4,4,1534,completed,6014902
4,4,1535,completed,6005859
4,4,1536,completed,5995401
4,4,1537,completed,6024067
4,4,1538,completed,6016109
4,4,1539,completed,6017484
4,4,1540,completed,6019193
4,4,1541,completed,5815110
4,4,1542,completed,5818110
4,4,1543,completed,5822068
4,4,1544,completed,5826610
4,4,1545,completed,6060318
4,4,1546,completed,6088234
4,4,1547,completed,6094818
4,4,1548,completed,6102068
4,4,1549,completed,5941318
4,4,1550,completed,5930276
4,4,1551,completed,5920110
4,4,1552,completed,5909360
4,4,1553,completed,5971902
4,4,1554,completed,5984652
4,4,1555,completed,5992068
4,4,1556,completed,6000526
4,4,1557,completed,6165276
4,4,1558,completed,6180901
4,4,1559,completed,6181651
4,4,1560,completed,6183026
4,4,1561,completed,5872569
4,4,1562,completed,5867818
4,4,1563,completed,5861152
4,4,1564,completed,5854235
4,4,1565,completed,6038484
4,4,1566,completed,6039110
4,4,1567,completed,6040068
4,4,1568,completed,6040985
4,4,1569,completed,5613902
4,4,1570,completed,5631569
4,4,1571,completed,5641944
4,4,1572,completed,5653111
4,4,1573,completed,6225442
4,4,1574,completed,6216984
4,4,1575,completed,6207026
4,4,1576,completed,6196942
4,4,1577,completed,5990193
4,4,1578,completed,5990902
4,4,1579,completed,5991484
4,4,1580,completed,5991735
4,4,1581,completed,6017151
4,4,1582,completed,6056943
4,4,1583,completed,6069443
4,4,1584,completed,6081401
4,4,1585,completed,5928985
4,4,1586,completed,5924984
4,4,1587,completed,5919610
4,4,1588,completed,5913485
4,4,1589,completed,6019693
4,4,1590,completed,6017735
4,4,1591,completed,6012609
4,4,1592,completed,6007860
4,4,1593,completed,5953776
4,4,1594,completed,5944402
4,4,1595,completed,5944819
4,4,1596,completed,5945818
4,4,1597,completed,5765777
4,4,1598,completed,5779151
4,4,1599,completed,5786902
4,4,1600,completed,5792777
4,4,1601,completed,6324901
4,4,1602,completed,6324359
4,4,1603,completed,6318442
4,4,1604,completed,6313359
4,4,1605,completed,5888568
4,4,1606,completed,5877902
4,4,1607,completed,5878485
4,4,1608,completed,5879527
4,4,1609,completed,5594402
4,4,1610,completed,5614277
4,4,1611,completed,5620778
4,4,1612,completed,5627652
4,4,1613,completed,6312025
4,4,1614,completed,6309567
4,4,1615,completed,6304192
4,4,1616,completed,6298692
4,4,1617,completed,6519692
4,4,1618,completed,6522525
4,4,1619,completed,6528816
4,4,1620,completed,6534441
4,4,1621,completed,5530611
4,4,1622,completed,5525445
4,4,1623,completed,5520028
4,4,1624,completed,5515403
4,4,1625,completed,6012860
4,4,1626,completed,6023276
4,4,1627,completed,6026109
4,4,1628,completed,6028568
4,4,1629,completed,5917443
4,4,1630,completed,5925984
4,4,1631,completed,5937234
4,4,1632,completed,5948693
4,4,1633,completed,6076985
4,4,1634,completed,6074276
4,4,1635,completed,6067110
4,4,1636,completed,6059777
4,4,1637,completed,5907610
4,4,1638,completed,5906568
4,4,1639,completed,5902777
4,4,1640,completed,5899068
4,4,1641,completed,6014943
4,4,1642,completed,6027943
4,4,1643,completed,6034652
4,4,1644,completed,6040652
4,4,1645,completed,6011985
4,4,1646,completed,6012526
4,4,1647,completed,6007693
4,4,1648,completed,6003193
4,4,1649,completed,5877776
4,4,1650,completed,5874068
4,4,1651,completed,5875027
4,4,1652,completed,5875902
4,4,1653,completed,6008443
4,4,1654,completed,6002693
4,4,1655,completed,6008860
4,4,1656,completed,6014651
4,4,1657,completed,5955443
4,4,1658,completed,5968068
4,4,1659,completed,5977526
4,4,1660,completed,5979110
4,4,1661,completed,5971526
4,4,1662,completed,5980610
4,4,1663,completed,5972026
4,4,1664,completed,5971818
4,4,1665,completed,5998735
4,4,1666,completed,5992526
4,4,1667,completed,5987110
4,4,1668,completed,5982360
4,4,1669,completed,5991902
4,4,1670,completed,6034985
4,4,1671,completed,6038901
4,4,1672,completed,6041026
4,4,1673,completed,6002360
4,4,1674,completed,5997443
4,4,1675,completed,6009276
4,4,1676,completed,6020943
4,4,1677,completed,5968068
4,4,1678,completed,5971943
4,4,1679,completed,5961818
4,4,1680,completed,5950610
4,4,1681,completed,5971276
4,4,1682,completed,5994276
4,4,1683,completed,6007068
4,4,1684,completed,6019443
4,4,1685,completed,5942610
4,4,1686,completed,5931026
4,4,1687,completed,5919485
4,4,1688,completed,5909193
4,4,1689,completed,5457778
4,4,1690,completed,5462111
4,4,1691,completed,5463361
4,4,1692,completed,5464195
4,4,1693,completed,6520359
4,4,1694,completed,6570234
4,4,1695,completed,6573358
4,4,1696,completed,6575192
4,4,1697,completed,6019318
4,4,1698,completed,5991526
4,4,1699,completed,5998110
4,4,1700,completed,6004360
4,4,1701,completed,6000193
4,4,1702,completed,5997860
4,4,1703,completed,5992193
4,4,1704,completed,5986943
4,4,1705,completed,5934694
4,4,1706,completed,5931485
4,4,1707,completed,5932235
4,4,1708,completed,5932527
4,4,1709,completed,5944193
4,4,1710,completed,5933193
4,4,1711,completed,5933944
4,4,1712,completed,5935194
4,4,1713,completed,6035776
4,4,1714,completed,6057859
4,4,1715,completed,6064734
4,4,1716,completed,6070026
4,4,1717,completed,6019652
4,4,1718,completed,6030443
4,4,1719,completed,6037360
4,4,1720,completed,6043859
4,4,1721,completed,5921401
4,4,1722,completed,5910193
4,4,1723,completed,5898901
4,4,1724,completed,5888151
4,4,1725,completed,5994527
4,4,1726,completed,6009651
4,4,1727,completed,6014484
4,4,1728,completed,6025318
4,4,1729,completed,5955151
4,4,1730,completed,5945943
4,4,1731,completed,5935777
4,4,1732,completed,5925818
4,4,1733,completed,5946485
4,4,1734,completed,5945735
4,4,1735,completed,5946235
4,4,1736,completed,5946484
4,4,1737,completed,5966693
4,4,1738,completed,5979359
4,4,1739,completed,5984901
4,4,1740,completed,5989443
4,4,1741,completed,5976318
4,4,1742,completed,5983568
4,4,1743,completed,5986151
4,4,1744,completed,5987777
4,4,1745,completed,6182776
4,4,1746,completed,6181526
4,4,1747,completed,6192776
4,4,1748,completed,6187484
4,4,1749,completed,5859027
4,4,1750,completed,5884819
4,4,1751,completed,5891318
4,4,1752,completed,5903610
4,4,1753,completed,5943735
4,4,1754,completed,5931818
4,4,1755,completed,5920360
4,4,1756,completed,5909235
4,4,1757,completed,5723985
4,4,1758,completed,5738693
4,4,1759,completed,5787277
4,4,1760,completed,5792361
4,4,1761,completed,6182151
4,4,1762,completed,6134901
4,4,1763,completed,6129818
4,4,1764,completed,6126068
4,4,1765,completed,6014568
4,4,1766,completed,6009234
4,4,1767,completed,6009609
4,4,1768,completed,6010151
4,4,1769,completed,5990276
4,4,1770,completed,6016568
4,4,1771,completed,6020193
4,4,1772,completed,6021984
4,4,1773,completed,6011652
4,4,1774,completed,5989318
4,4,1775,completed,5990485
4,4,1776,completed,5991943
4,4,1777,completed,5921735
4,4,1778,completed,5921402
4,4,1779,completed,5921902
4,4,1780,completed,5922485
4,4,1781,completed,6025359
4,4,1782,completed,6035359
4,4,1783,completed,6037776
4,4,1784,completed,6039610
4,4,1785,completed,5863569
4,4,1786,completed,5875693
4,4,1787,completed,5882443
4,4,1788,completed,5887818
4,4,1789,completed,6161192
4,4,1790,completed,6166109
4,4,1791,completed,6162193
4,4,1792,completed,6157151
4,4,1793,completed,5945609
4,4,1794,completed,5941818
4,4,1795,completed,5942985
4,4,1796,completed,5945193
4,4,1797,completed,5924110
4,4,1798,completed,5918610
4,4,1799,completed,5923860
4,4,1800,completed,5929485
4,4,1801,completed,5995777
4,4,1802,completed,5994651
4,4,1803,completed,5989110
4,4,1804,completed,5983485
4,4,1805,completed,5949526
4,4,1806,completed,5971985
4,4,1807,completed,5979485
4,4,1808,completed,5985360
4,4,1809,completed,5957526
4,4,1810,completed,5961235
4,4,1811,completed,5960277
4,4,1812,completed,5958776
4,4,1813,completed,6089068
4,4,1814,completed,6090901
4,4,1815,completed,6087484
4,4,1816,completed,6084526
4,4,1817,completed,6015234
4,4,1818,completed,6011568
4,4,1819,completed,6012859
4,4,1820,completed,6013609
4,4,1821,completed,5483486
4,4,1822,completed,5497152
4,4,1823,completed,5501736
4,4,1824,completed,5506486
4,4,1825,completed,5935818
4,4,1826,completed,5938735
4,4,1827,completed,5935443
4,4,1828,completed,5932526
4,4,1829,completed,6416275
4,4,1830,completed,6383233
4,4,1831,completed,6394650
4,4,1832,completed,6406817
4,4,1833,completed,5980402
4,4,1834,completed,5981818
4,4,1835,completed,5974068
4,4,1836,completed,5967277
4,4,1837,completed,5955943
4,4,1838,completed,5972276
4,4,1839,completed,5968735
4,4,1840,completed,5964485
4,4,1841,completed,6033693
4,4,1842,completed,6047859
4,4,1843,completed,6049651
4,4,1844,completed,6051068
4,4,1845,completed,5905984
4,4,1846,completed,5929027
4,4,1847,completed,5930027
4,4,1848,completed,5931235
4,4,1849,completed,5972110
4,4,1850,completed,5967443
4,4,1851,completed,5965026
4,4,1852,completed,5966526
4,4,1853,completed,5956943
4,4,1854,completed,5960568
4,4,1855,completed,5966860
4,4,1856,completed,5960443
4,4,1857,completed,6075484
4,4,1858,completed,6055567
4,4,1859,completed,6055901
4,4,1860,completed,6056985
4,4,1861,completed,5928193
4,4,1862,completed,5941526
4,4,1863,completed,5946151
4,4,1864,completed,5951026
4,4,1865,completed,6033484
4,4,1866,completed,6036651
4,4,1867,completed,6033568
4,4,1868,completed,6030110
4,4,1869,completed,6032485
4,4,1870,completed,6034276
4,4,1871,completed,6035860
4,4,1872,completed,6036693
4,4,1873,completed,5880193
4,4,1874,completed,5877568
4,4,1875,completed,5878193
4,4,1876,completed,5878652
4,4,1877,completed,6094359
4,4,1878,completed,6095193
4,4,1879,completed,6095817
4,4,1880,completed,6096360
4,4,1881,completed,5954568
4,4,1882,completed,5949193
4,4,1883,completed,5950693
4,4,1884,completed,5951985
4,4,1885,completed,5844943
4,4,1886,completed,5857485
4,4,1887,completed,5859110
4,4,1888,completed,5859610
4,4,1889,completed,6033485
4,4,1890,completed,6019610
4,4,1891,completed,6021276
4,4,1892,completed,6023484
4,4,1893,completed,6080276
4,4,1894,completed,6096443
4,4,1895,completed,6098026
4,4,1896,completed,6099109
4,4,1897,completed,5769277
4,4,1898,completed,5764569
4,4,1899,completed,5764152
4,4,1900,completed,5764194
4,4,1901,completed,5943068
4,4,1902,completed,5949985
4,4,1903,completed,5950443
4,4,1904,completed,5951276
4,4,1905,completed,5975484
4,4,1906,completed,5984277
4,4,1907,completed,5985610
4,4,1908,completed,5986901
4,4,1909,completed,5964610
4,4,1910,completed,5964902
4,4,1911,completed,5965194
4,4,1912,completed,5965527
4,4,1913,completed,5590403
4,4,1914,completed,5601778
4,4,1915,completed,5602527
4,4,1916,completed,5602027
4,4,1917,completed,6308025
4,4,1918,completed,6313734
4,4,1919,completed,6315609
4,4,1920,completed,6317150
4,4,1921,completed,5964110
4,4,1922,completed,5962526
4,4,1923,completed,5962360
4,4,1924,completed,5962610
4,4,1925,completed,6056901
4,4,1926,completed,6076026
4,4,1927,completed,6078068
4,4,1928,completed,6080067
4,4,1929,completed,5605652
4,4,1930,completed,5609860
4,4,1931,completed,5611110
4,4,1932,completed,5612278
4,4,1933,completed,5895902
4,4,1934,completed,5895818
4,4,1935,completed,5895860
4,4,1936,completed,5896318
4,4,1937,completed,6150942
4,4,1938,completed,6154859
4,4,1939,completed,6156067
4,4,1940,completed,6157109
4,4,1941,completed,5619986
4,4,1942,completed,5625902
4,4,1943,completed,5625944
4,4,1944,completed,5626818
4,4,1945,completed,6304526
4,4,1946,completed,6314151
4,4,1947,completed,6314693
4,4,1948,completed,6315859
4,4,1949,completed,5809361
4,4,1950,completed,5815111
4,4,1951,completed,5816402
4,4,1952,completed,5817527
4,4,1953,completed,6076776
4,4,1954,completed,6077110
4,4,1955,completed,6077401
4,4,1956,completed,6077526
4,4,1957,completed,6078068
4,4,1958,completed,6093359
4,4,1959,completed,6094485
4,4,1960,completed,6096318
4,4,1961,completed,5777485
4,4,1962,completed,5785485
4,4,1963,completed,5787360
4,4,1964,completed,5789485
4,4,1965,completed,6006818
4,4,1966,completed,6003484
4,4,1967,completed,6003151
4,4,1968,completed,6003235
4,4,1969,completed,6028443
4,4,1970,completed,6048901
4,4,1971,completed,6050693
4,4,1972,completed,6052651
4,4,1973,completed,5874652
4,4,1974,completed,5869777
4,4,1975,completed,5869568
4,4,1976,completed,5869402
4,4,1977,completed,6015318
4,4,1978,completed,6033651
4,4,1979,completed,6035776
4,4,1980,completed,6038235
4,4,1981,completed,5916652
4,4,1982,completed,5919443
4,4,1983,completed,5920693
4,4,1984,completed,5921610
4,4,1985,completed,5908985
4,4,1986,completed,5927109
4,4,1987,completed,5927360
4,4,1988,completed,5928068
4,4,1989,completed,5957485
4,4,1990,completed,5971943
4,4,1991,completed,5972609
4,4,1992,completed,5974568
4,4,1993,completed,5907152
4,4,1994,completed,5913359
4,4,1995,completed,5914151
4,4,1996,completed,5914943
4,4,1997,completed,5939318
4,4,1998,completed,5940485
4,4,1999,completed,5940735
4,4,2000,completed,5940985
4,4,2001,completed,5731485
4,4,2002,completed,5741818
4,4,2003,completed,5743402
4,4,2004,completed,5744693
4,4,2005,completed,5740944
4,4,2006,completed,5741194
4,4,2007,completed,5741068
4,4,2008,completed,5741360
4,4,2009,completed,6392066
4,4,2010,completed,6395608
4,4,2011,completed,6396317
4,4,2012,completed,6396984
4,4,2013,completed,5994485
4,4,2014,completed,6001818
4,4,2015,completed,6002318
4,4,2016,completed,6003651
4,4,2017,completed,5950776
4,4,2018,completed,5955193
4,4,2019,completed,5955777
4,4,2020,completed,5956526
4,4,2021,completed,5957401
4,4,2022,completed,5962985
4,4,2023,completed,5964360
4,4,2024,completed,5965860
4,4,2025,completed,5962277
4,4,2026,completed,5954360
4,4,2027,completed,5954944
4,4,2028,completed,5955985
4,4,2029,completed,5896068
4,4,2030,completed,5890402
4,4,2031,completed,5890360
4,4,2032,completed,5890860
4,4,2033,completed,6014152
4,4,2034,completed,6046901
4,4,2035,completed,6048276
4,4,2036,completed,6049609
4,4,2037,completed,5878901
4,4,2038,completed,5882527
4,4,2039,completed,5883527
4,4,2040,completed,5884610
4,4,2041,completed,5957276
4,4,2042,completed,5964027
4,4,2043,completed,5975860
4,4,2044,completed,5977527
4,4,2045,completed,6002193
4,4,2046,completed,6009026
4,4,2047,completed,6009568
4,4,2048,completed,6010693
4,4,2049,completed,5984651
4,4,2050,completed,5993443
4,4,2051,completed,5994152
4,4,2052,completed,5995318
4,4,2053,completed,5999652
4,4,2054,completed,5999026
4,4,2055,completed,5999985
4,4,2056,completed,6001151
4,4,2057,completed,5909026
4,4,2058,completed,5915901
4,4,2059,completed,5917568
4,4,2060,completed,5919318
4,4,2061,completed,5866276
4,4,2062,completed,5870110
4,4,2063,completed,5870818
4,4,2064,completed,5883651
4,4,2065,completed,5944526
4,4,2066,completed,5944568
4,4,2067,completed,5944277
4,4,2068,completed,5944110
4,4,2069,completed,5963193
4,4,2070,completed,5974026
4,4,2071,completed,5975026
4,4,2072,completed,5976193
4,4,2073,completed,5990901
4,4,2074,completed,5998860
4,4,2075,completed,6000443
4,4,2076,completed,6002360
4,4,2077,completed,5887985
4,4,2078,completed,5890735
4,4,2079,completed,5891276
4,4,2080,completed,5892485
4,4,2081,completed,5380194
4,4,2082,completed,5384737
4,4,2083,completed,5385695
4,4,2084,completed,5386611
4,4,2085,completed,6472775
4,4,2086,completed,6474525
4,4,2087,completed,6474900
4,4,2088,completed,6475442
4,4,2089,completed,6015943
4,4,2090,completed,6021276
4,4,2091,completed,6021777
4,4,2092,completed,6028901
4,4,2093,completed,5942401
4,4,2094,completed,5951568
4,4,2095,completed,5949360
4,4,2096,completed,5951276
4,4,2097,completed,5948401
4,4,2098,completed,5952235
4,4,2099,completed,5952693
4,4,2100,completed,5953485
4,4,2101,completed,6021776
4,4,2102,completed,6031068
4,4,2103,completed,6031735
4,4,2104,completed,6032984
4,4,2105,completed,5900401
4,4,2106,completed,5902443
4,4,2107,completed,5903110
4,4,2108,completed,5910568
4,4,2109,completed,5956360
4,4,2110,completed,5965235
4,4,2111,completed,5966735
4,4,2112,completed,5979568
4,4,2113,completed,5746902
4,4,2114,completed,5742152
4,4,2115,completed,5742193
4,4,2116,completed,5742652
4,4,2117,completed,6139400
4,4,2118,completed,6144817
4,4,2119,completed,6145817
4,4,2120,completed,6147150
4,4,2121,completed,5995234
4,4,2122,completed,6005026
4,4,2123,completed,6005526
4,4,2124,completed,6006109
4,4,2125,completed,6146776
4,4,2126,completed,6163567
4,4,2127,completed,6165067
4,4,2128,completed,6167234
4,4,2129,completed,6835024
4,4,2130,completed,6829274
4,4,2131,completed,6829941
4,4,2132,completed,6830524
4,4,2133,completed,5896110
4,4,2134,completed,5898527
4,4,2135,completed,5900026
4,4,2136,completed,5901568
4,4,2137,completed,5898110
4,4,2138,completed,5898569
4,4,2139,completed,5898443
4,4,2140,completed,5898318
4,4,2141,completed,6087817
4,4,2142,completed,6090151
4,4,2143,completed,6090776
4,4,2144,completed,6091610
4,4,2145,completed,5564235
4,4,2146,completed,5563486
4,4,2147,completed,5564985
4,4,2148,completed,5566611
4,4,2149,completed,6233859
4,4,2150,completed,6229526
4,4,2151,completed,6230067
4,4,2152,completed,6230484
4,4,2153,completed,5469361
4,4,2154,completed,5472486
4,4,2155,completed,5473569
4,4,2156,completed,5474486
4,4,2157,completed,5934110
4,4,2158,completed,5940444
4,4,2159,completed,5941776
4,4,2160,completed,5943610
4,4,2161,completed,6550358
4,4,2162,completed,6554400
4,4,2163,completed,6556400
4,4,2164,completed,6558316
4,4,2165,completed,5916068
4,4,2166,completed,5911609
4,4,2167,completed,5911901
4,4,2168,completed,5912276
4,4,2169,completed,6082484
4,4,2170,completed,6086318
4,4,2171,completed,6087484
4,4,2172,completed,6088568
4,4,2173,completed,5865194
4,4,2174,completed,5862568
4,4,2175,completed,5863444
4,4,2176,completed,5863901
4,4,2177,completed,5589902
4,4,2178,completed,5592527
4,4,2179,completed,5593152
4,4,2180,completed,5594652
4,4,2181,completed,6348609
4,4,2182,completed,6350276
4,4,2183,completed,6351276
4,4,2184,completed,6352276
4,4,2185,completed,5931026
4,4,2186,completed,5930735
4,4,2187,completed,5931277
4,4,2188,completed,5931652
4,4,2189,completed,6021109
4,4,2190,completed,6027234
4,4,2191,completed,6028567
4,4,2192,completed,6030068
4,4,2193,completed,5932068
4,4,2194,completed,5930194
4,4,2195,completed,5930277
4,4,2196,completed,5930152
4,4,2197,completed,6024901
4,4,2198,completed,6023401
4,4,2199,completed,6023776
4,4,2200,completed,6024235
4,4,2201,completed,5882318
4,4,2202,completed,5890610
4,4,2203,completed,5891902
4,4,2204,completed,5893152
4,4,2205,completed,6049068
4,4,2206,completed,6048443
4,4,2207,completed,6049026
4,4,2208,completed,6049526
4,4,2209,completed,5955318
4,4,2210,completed,5958152
4,4,2211,completed,5959443
4,4,2212,completed,5960401
4,4,2213,completed,6025859
4,4,2214,completed,6039651
4,4,2215,completed,6042068
4,4,2216,completed,6044609
4,4,2217,completed,5978693
4,4,2218,completed,5977568
4,4,2219,completed,5978943
4,4,2220,completed,5980318
4,4,2221,completed,5858194
4,4,2222,completed,5856777
4,4,2223,completed,5857193
4,4,2224,completed,5857569
4,4,2225,completed,5932276
4,4,2226,completed,5930068
4,4,2227,completed,5930360
4,4,2228,completed,5930485
4,4,2229,completed,6104776
4,4,2230,completed,6109984
4,4,2231,completed,6111276
4,4,2232,completed,6112401
4,4,2233,completed,5863777
4,4,2234,completed,5863735
4,4,2235,completed,5864193
4,4,2236,completed,5864985
4,4,2237,completed,5951277
4,4,2238,completed,5955985
4,4,2239,completed,5956735
4,4,2240,completed,5957318
4,4,2241,completed,5959193
4,4,2242,completed,5960318
4,4,2243,completed,5961068
4,4,2244,completed,5961818
4,4,2245,completed,6005109
4,4,2246,completed,6012776
4,4,2247,completed,6013735
4,4,2248,completed,6015151
4,4,2249,completed,5941609
4,4,2250,completed,5947859
4,4,2251,completed,5948818
4,4,2252,completed,5949777
4,4,2253,completed,6030526
4,4,2254,completed,6032276
4,4,2255,completed,6032985
4,4,2256,completed,6033735
4,4,2257,completed,6170693
4,4,2258,completed,6184360
4,4,2259,completed,6186193
4,4,2260,completed,6188484
4,4,2261,completed,5703569
4,4,2262,completed,5596360
4,4,2263,completed,5595694
4,4,2264,completed,5596610
4,4,2265,completed,5935027
4,4,2266,completed,5937568
4,4,2267,completed,5938818
4,4,2268,completed,5939901
4,4,2269,completed,5996651
4,4,2270,completed,6008110
4,4,2271,completed,6010068
4,4,2272,completed,6012651
4,4,2273,completed,5804277
4,4,2274,completed,5803318
4,4,2275,completed,5804360
4,4,2276,completed,5805235
4,4,2277,completed,5748069
4,4,2278,completed,5748027
4,4,2279,completed,5748611
4,4,2280,completed,5749527
4,4,2281,completed,6312484
4,4,2282,completed,6319443
4,4,2283,completed,6320692
4,4,2284,completed,6321400
4,4,2285,completed,5914609
4,4,2286,completed,5916610
4,4,2287,completed,5917568
4,4,2288,completed,5919152
4,4,2289,completed,5987485
4,4,2290,completed,5995027
4,4,2291,completed,5996110
4,4,2292,completed,5997360
4,4,2293,completed,5411903
4,4,2294,completed,5412736
4,4,2295,completed,5413319
4,4,2296,completed,5413986
4,4,2297,completed,6583524
4,4,2298,completed,6584733
4,4,2299,completed,6585900
4,4,2300,completed,6586566
4,4,2301,completed,5893068
4,4,2302,completed,5895360
4,4,2303,completed,5895860
4,4,2304,completed,5896610
4,4,2305,completed,6248484
4,4,2306,completed,6259984
4,4,2307,completed,6261900
4,4,2308,completed,6263859
4,4,2309,completed,5729319
4,4,2310,completed,5725569
4,4,2311,completed,5725902
4,4,2312,completed,5726818
4,4,2313,completed,5987402
4,4,2314,completed,5997609
4,4,2315,completed,5999360
4,4,2316,completed,6001068
4,4,2317,completed,5788194
4,4,2318,completed,5786068
4,4,2319,completed,5786860
4,4,2320,completed,5787694
4,4,2321,completed,6058776
4,4,2322,completed,6058985
4,4,2323,completed,6059527
4,4,2324,completed,6059776
4,4,2325,completed,5966359
4,4,2326,completed,5969443
4,4,2327,completed,5970068
4,4,2328,completed,5971068
4,4,2329,completed,5963568
4,4,2330,completed,5973443
4,4,2331,completed,5974902
4,4,2332,completed,5975901
4,4,2333,completed,5939360
4,4,2334,completed,5940526
4,4,2335,completed,5941360
4,4,2336,completed,5942360
4,4,2337,completed,6003984
4,4,2338,completed,6016985
4,4,2339,completed,6018026
4,4,2340,completed,6019443
4,4,2341,completed,5994401
4,4,2342,completed,5999943
4,4,2343,completed,6000735
4,4,2344,completed,6001610
4,4,2345,completed,5914735
4,4,2346,completed,5918235
4,4,2347,completed,5919235
4,4,2348,completed,5920235
4,4,2349,completed,5969693
4,4,2350,completed,5982276
4,4,2351,completed,5983068
4,4,2352,completed,5983943
4,4,2353,completed,5866360
4,4,2354,completed,5864318
4,4,2355,completed,5864735
4,4,2356,completed,5865360
4,4,2357,completed,5922693
4,4,2358,completed,5928026
4,4,2359,completed,5929152
4,4,2360,completed,5929860
4,4,2361,completed,5979276
4,4,2362,completed,5982402
4,4,2363,completed,5983151
4,4,2364,completed,5983943
4,4,2365,completed,5927610
4,4,2366,completed,5933359
4,4,2367,completed,5934193
4,4,2368,completed,5935109
4,4,2369,completed,5998235
4,4,2370,completed,6007734
4,4,2371,completed,6009692
4,4,2372,completed,6012526
4,4,2373,completed,5909943
4,4,2374,completed,5908818
4,4,2375,completed,5909819
4,4,2376,completed,5910943
4,4,2377,completed,6021318
4,4,2378,completed,6020693
4,4,2379,completed,6020985
4,4,2380,completed,6021151
4,4,2381,completed,5958860
4,4,2382,completed,5969068
4,4,2383,completed,5970818
4,4,2384,completed,5972568
4,4,2385,completed,5919359
4,4,2386,completed,5911610
4,4,2387,completed,5911901
4,4,2388,completed,5912110
4,4,2389,completed,6085984
4,4,2390,completed,6092609
4,4,2391,completed,6093817
4,4,2392,completed,6094276
4,4,2393,completed,5807527
4,4,2394,completed,5811319
4,4,2395,completed,5812360
4,4,2396,completed,5813193
4,4,2397,completed,6043776
4,4,2398,completed,6041818
4,4,2399,completed,6042151
4,4,2400,completed,6042818
4,4,2401,completed,5912693
4,4,2402,completed,5927110
4,4,2403,completed,5928901
4,4,2404,completed,5930943
4,4,2405,completed,5934527
4,4,2406,completed,5934860
4,4,2407,completed,5935568
4,4,2408,completed,5936693
4,4,2409,completed,5901152
4,4,2410,completed,5894943
4,4,2411,completed,5895110
4,4,2412,completed,5900069
4,4,2413,completed,5977068
4,4,2414,completed,5987401
4,4,2415,completed,5987776
4,4,2416,completed,5988859
4,4,2417,completed,5871526
4,4,2418,completed,5878360
4,4,2419,completed,5879777
4,4,2420,completed,5881318
4,4,2421,completed,6030776
4,4,2422,completed,6032693
4,4,2423,completed,6033026
4,4,2424,completed,6045152
4,4,2425,completed,5749777
4,4,2426,completed,5747527
4,4,2427,completed,5747527
4,4,2428,completed,5747777
4,4,2429,completed,6146109
4,4,2430,completed,6145985
4,4,2431,completed,6146317
4,4,2432,completed,6146859
4,4,2433,completed,5980110
4,4,2434,completed,5979985
4,4,2435,completed,5980193
4,4,2436,completed,5980901
4,4,2437,completed,5988651
4,4,2438,completed,5991735
4,4,2439,completed,5992443
4,4,2440,completed,5993443
4,4,2441,completed,6029276
4,4,2442,completed,6034609
4,4,2443,completed,6035943
4,4,2444,completed,6037693
4,4,2445,completed,5927652
4,4,2446,completed,5926610
4,4,2447,completed,5927277
4,4,2448,completed,5927860
4,4,2449,completed,5964443
4,4,2450,completed,5967568
4,4,2451,completed,5968027
4,4,2452,completed,5968901
4,4,2453,completed,5942402
4,4,2454,completed,5939943
4,4,2455,completed,5940277
4,4,2456,completed,5940652
4,4,2457,completed,5992985
4,4,2458,completed,6002818
4,4,2459,completed,6004651
4,4,2460,completed,6006443
4,4,2461,completed,5938776
4,4,2462,completed,5940110
4,4,2463,completed,5941234
4,4,2464,completed,5942902
4,4,2465,completed,5925235
4,4,2466,completed,5923360
4,4,2467,completed,5924277
4,4,2468,completed,5925318
4,4,2469,completed,5947984
4,4,2470,completed,5947693
4,4,2471,completed,5948110
4,4,2472,completed,5948359
4,4,2473,completed,5970693
4,4,2474,completed,5977068
4,4,2475,completed,5978152
4,4,2476,completed,5979526
4,4,2477,completed,5929818
4,4,2478,completed,5925984
4,4,2479,completed,5926318
4,4,2480,completed,5926985
4,4,2481,completed,5994318
4,4,2482,completed,6000068
4,4,2483,completed,6001610
4,4,2484,completed,6002859
4,4,2485,completed,5912610
4,4,2486,completed,5911151
4,4,2487,completed,5911527
4,4,2488,completed,5912193
4,4,2489,completed,5689610
4,4,2490,completed,5694402
4,4,2491,completed,5695360
4,4,2492,completed,5696527
4,4,2493,completed,6223484
4,4,2494,completed,6221276
4,4,2495,completed,6221484
4,4,2496,completed,6221276
4,4,2497,completed,5790402
4,4,2498,completed,5793152
4,4,2499,completed,5794068
4,4,2500,completed,5795194
4,4,2501,completed,6181401
4,4,2502,completed,6195692
4,4,2503,completed,6196317
4,4,2504,completed,6197942
4,4,2505,completed,5472569
4,4,2506,completed,5474652
4,4,2507,completed,5475028
4,4,2508,completed,5475653
4,4,2509,completed,6368817
4,4,2510,completed,6364276
4,4,2511,completed,6364317
4,4,2512,completed,6364567
4,4,2513,completed,5625778
4,4,2514,completed,5627736
4,4,2515,completed,5627944
4,4,2516,completed,5628694
4,4,2517,completed,6251984
4,4,2518,completed,6261609
4,4,2519,completed,6263151
4,4,2520,completed,6264859
4,4,2521,completed,5840819
4,4,2522,completed,5840902
4,4,2523,completed,5841151
4,4,2524,completed,5842110
4,4,2525,completed,5917734
4,4,2526,completed,5923484
4,4,2527,completed,5924777
4,4,2528,completed,5926402
4,4,2529,completed,5914193
4,4,2530,completed,5909568
4,4,2531,completed,5910193
4,4,2532,completed,5910859
4,4,2533,completed,6458858
4,4,2534,completed,6459859
4,4,2535,completed,6460733
4,4,2536,completed,6461692
4,4,2537,completed,5831402
4,4,2538,completed,5833193
4,4,2539,completed,5834193
4,4,2540,completed,5834860
4,4,2541,completed,5968402
4,4,2542,completed,5969693
4,4,2543,completed,5970401
4,4,2544,completed,5971359
4,4,2545,completed,5824194
4,4,2546,completed,5830068
4,4,2547,completed,5831527
4,4,2548,completed,5832568
4,4,2549,completed,6144567
4,4,2550,completed,6145318
4,4,2551,completed,6145943
4,4,2552,completed,6146943
4,4,2553,completed,5642485
4,4,2554,completed,5646985
4,4,2555,completed,5648110
4,4,2556,completed,5649527
4,4,2557,completed,6188609
4,4,2558,completed,6187442
4,4,2559,completed,6187943
4,4,2560,completed,6188734
4,4,2561,completed,5936193
4,4,2562,completed,5931526
4,4,2563,completed,5930985
4,4,2564,completed,5930984
4,4,2565,completed,5630110
4,4,2566,completed,5632611
4,4,2567,completed,5632902
4,4,2568,completed,5633194
4,4,2569,completed,6382567
4,4,2570,completed,6389442
4,4,2571,completed,6390859
4,4,2572,completed,6392151
4,4,2573,completed,5976901
4,4,2574,completed,5976068
4,4,2575,completed,5976943
4,4,2576,completed,5977985
4,4,2577,completed,5766152
4,4,2578,completed,5763735
4,4,2579,completed,5763985
4,4,2580,completed,5764527
4,4,2581,completed,6141776
4,4,2582,completed,6141567
4,4,2583,completed,6141901
4,4,2584,completed,6142818
4,4,2585,completed,6029151
4,4,2586,completed,6032776
4,4,2587,completed,6034277
4,4,2588,completed,6035693
4,4,2589,completed,5947110
4,4,2590,completed,5939277
4,4,2591,completed,5940193
4,4,2592,completed,5941068
4,4,2593,completed,5988318
4,4,2594,completed,5983902
4,4,2595,completed,5983818
4,4,2596,completed,5984027
4,4,2597,completed,5960443
4,4,2598,completed,5959693
4,4,2599,completed,5959860
4,4,2600,completed,5959985
4,4,2601,completed,5923026
4,4,2602,completed,5932026
4,4,2603,completed,5933943
4,4,2604,completed,5935484
4,4,2605,completed,6067318
4,4,2606,completed,6072193
4,4,2607,completed,6073818
4,4,2608,completed,6075776
4,4,2609,completed,5444236
4,4,2610,completed,5444653
4,4,2611,completed,5445403
4,4,2612,completed,5446278
4,4,2613,completed,5969443
4,4,2614,completed,5975860
4,4,2615,completed,5977026
4,4,2616,completed,5977985
4,4,2617,completed,6449567
4,4,2618,completed,6454150
4,4,2619,completed,6455276
4,4,2620,completed,6456609
4,4,2621,completed,6004152
4,4,2622,completed,6001943
4,4,2623,completed,6002318
4,4,2624,completed,6003152
4,4,2625,completed,5963068
4,4,2626,completed,5967026
4,4,2627,completed,5968110
4,4,2628,completed,5970109
4,4,2629,completed,5946485
4,4,2630,completed,5944568
4,4,2631,completed,5944901
4,4,2632,completed,5951235
4,4,2633,completed,5972027
4,4,2634,completed,5973276
4,4,2635,completed,5973818
4,4,2636,completed,5974526
4,4,2637,completed,5998443
4,4,2638,completed,6002068
4,4,2639,completed,6003484
4,4,2640,completed,6004901
4,4,2641,completed,5954902
4,4,2642,completed,5954068
4,4,2643,completed,5954984
4,4,2644,completed,5956151
4,4,2645,completed,5961818
4,4,2646,completed,5960151
4,4,2647,completed,5960568
4,4,2648,completed,5961693
4,4,2649,completed,5956777
4,4,2650,completed,5952152
4,4,2651,completed,5951985
4,4,2652,completed,5951859
4,4,2653,completed,5988234
4,4,2654,completed,5992735
4,4,2655,completed,5993735
4,4,2656,completed,5995235
4,4,2657,completed,5950902
4,4,2658,completed,5958694
4,4,2659,completed,5960110
4,4,2660,completed,5961819
4,4,2661,completed,6018484
4,4,2662,completed,6018277
4,4,2663,completed,6019485
4,4,2664,completed,6020526
4,4,2665,completed,5966443
4,4,2666,completed,5963193
4,4,2667,completed,5963735
4,4,2668,completed,5964610
4,4,2669,completed,5993026
4,4,2670,completed,6003484
4,4,2671,completed,6005193
4,4,2672,completed,6007068
4,4,2673,completed,5933985
4,4,2674,completed,5929527
4,4,2675,completed,5930776
4,4,2676,completed,5931943
4,4,2677,completed,6033401
4,4,2678,completed,6032359
4,4,2679,completed,6033442
4,4,2680,completed,6034568
4,4,2681,completed,5917944
4,4,2682,completed,5917069
4,4,2683,completed,5917485
4,4,2684,completed,5917735
4,4,2685,completed,5948693
4,4,2686,completed,5947818
4,4,2687,completed,5948610
4,4,2688,completed,5949318
4,4,2689,completed,6001443
4,4,2690,completed,6002734
4,4,2691,completed,6003193
4,4,2692,completed,6004193
4,4,2693,completed,5942527
4,4,2694,completed,5941902
4,4,2695,completed,5942277
4,4,2696,completed,5943069
4,4,2697,completed,5975776
4,4,2698,completed,5976776
4,4,2699,completed,5978276
4,4,2700,completed,5979651
4,4,2701,completed,6029026
4,4,2702,completed,6025234
4,4,2703,completed,6025568
4,4,2704,completed,6026234
4,4,2705,completed,5901235
4,4,2706,completed,5899401
4,4,2707,completed,5899568
4,4,2708,completed,5899943
4,4,2709,completed,6034443
4,4,2710,completed,6039818
4,4,2711,completed,6040443
4,4,2712,completed,6041735
4,4,2713,completed,5957026
4,4,2714,completed,5962568
4,4,2715,completed,5963568
4,4,2716,completed,5964860
4,4,2717,completed,5923985
4,4,2718,completed,5920568
4,4,2719,completed,5920860
4,4,2720,completed,5921985
4,4,2721,completed,5835443
4,4,2722,completed,5837318
4,4,2723,completed,5838776
4,4,2724,completed,5840152
4,4,2725,completed,6122901
4,4,2726,completed,6122318
4,4,2727,completed,6122567
4,4,2728,completed,6123276
4,4,2729,completed,6088942
4,4,2730,completed,6081734
4,4,2731,completed,6081860
4,4,2732,completed,6082067
4,4,2733,completed,5898110
4,4,2734,completed,5903110
4,4,2735,completed,5904318
4,4,2736,completed,5905777
4,4,2737,completed,5976360
4,4,2738,completed,5978402
4,4,2739,completed,5979068
4,4,2740,completed,5979860
4,4,2741,completed,5961610
4,4,2742,completed,5960485
4,4,2743,completed,5961026
4,4,2744,completed,5962276
4,4,2745,completed,5970443
4,4,2746,completed,5973443
4,4,2747,completed,5974568
4,4,2748,completed,5975776
4,4,2749,completed,5938485
4,4,2750,completed,5934609
4,4,2751,completed,5934609
4,4,2752,completed,5935401
4,4,2753,completed,5992693
4,4,2754,completed,5989110
4,4,2755,completed,5989527
4,4,2756,completed,5989985
4,4,2757,completed,5969235
4,4,2758,completed,5972984
4,4,2759,completed,5973860
4,4,2760,completed,5975151
4,4,2761,completed,5900735
4,4,2762,completed,5902943
4,4,2763,completed,5904485
4,4,2764,completed,5906109
4,4,2765,completed,5972735
4,4,2766,completed,5960443
4,4,2767,completed,5959776
4,4,2768,completed,5959443
4,4,2769,completed,5634819
4,4,2770,completed,5640069
4,4,2771,completed,5641653
4,4,2772,completed,5643610
4,4,2773,completed,6274192
4,4,2774,completed,6273526
4,4,2775,completed,6274275
4,4,2776,completed,6275192
4,4,2777,completed,6073193
4,4,2778,completed,6070567
4,4,2779,completed,6070567
4,4,2780,completed,6071276
4,4,2781,completed,5999568
4,4,2782,completed,6002443
4,4,2783,completed,6003568
4,4,2784,completed,6005193
4,4,2785,completed,6092943
4,4,2786,completed,6088818
4,4,2787,completed,6089651
4,4,2788,completed,6090484
4,4,2789,completed,5837443
4,4,2790,completed,5835485
4,4,2791,completed,5835694
4,4,2792,completed,5836776
4,4,2793,completed,5764777
4,4,2794,completed,5763610
4,4,2795,completed,5763735
4,4,2796,completed,5764151
4,4,2797,completed,5895277
4,4,2798,completed,5892735
4,4,2799,completed,5893193
4,4,2800,completed,5893568
4,4,2801,completed,6249901
4,4,2802,completed,6257900
4,4,2803,completed,6259484
4,4,2804,completed,6260901
4,4,2805,completed,5943068
4,4,2806,completed,5943069
4,4,2807,completed,5943652
4,4,2808,completed,5944485
4,4,2809,completed,6066776
4,4,2810,completed,6068485
4,4,2811,completed,6069318
4,4,2812,completed,6070484
4,4,2813,completed,5922610
4,4,2814,completed,5922568
4,4,2815,completed,5923443
4,4,2816,completed,5923943
4,4,2817,completed,5788861
4,4,2818,completed,5793652
4,4,2819,completed,5795110
4,4,2820,completed,5796527
4,4,2821,completed,6176193
4,4,2822,completed,6178359
4,4,2823,completed,6178776
4,4,2824,completed,6179151
4,4,2825,completed,5988526
4,4,2826,completed,5995651
4,4,2827,completed,5997817
4,4,2828,completed,6000276
4,4,2829,completed,5883610
4,4,2830,completed,5890776
4,4,2831,completed,5890651
4,4,2832,completed,5891027
4,4,2833,completed,5943402
4,4,2834,completed,5946776
4,4,2835,completed,5947610
4,4,2836,completed,5948318
4,4,2837,completed,5984943
4,4,2838,completed,5989818
4,4,2839,completed,5990568
4,4,2840,completed,5992152
4,4,2841,completed,5636902
4,4,2842,completed,5637652
4,4,2843,completed,5638028
4,4,2844,completed,5638569
4,4,2845,completed,6286525
4,4,2846,completed,6290109
4,4,2847,completed,6291151
4,4,2848,completed,6293192
4,4,2849,completed,5972568
4,4,2850,completed,5969902
4,4,2851,completed,5970235
4,4,2852,completed,5970568
4,4,2853,completed,5962860
4,4,2854,completed,5965193
4,4,2855,completed,5965985
4,4,2856,completed,5966860
4,4,2857,completed,5386945
4,4,2858,completed,5379528
4,4,2859,completed,5380278
4,4,2860,completed,5380862
4,4,2861,completed,6562233
4,4,2862,completed,6564233
4,4,2863,completed,6565316
4,4,2864,completed,6566649
4,4,2865,completed,5610402
4,4,2866,completed,5608361
4,4,2867,completed,5608527
4,4,2868,completed,5608778
4,4,2869,completed,5190904
4,4,2870,completed,5189278
4,4,2871,completed,5191237
4,4,2872,completed,5193403
4,4,2873,completed,6451359
4,4,2874,completed,6451609
4,4,2875,completed,6452400
4,4,2876,completed,6453192
4,4,2877,completed,5932027
4,4,2878,completed,5930651
4,4,2879,completed,5931319
4,4,2880,completed,5932068
4,4,2881,completed,6107943
4,4,2882,completed,6114235
4,4,2883,completed,6115443
4,4,2884,completed,6117067
4,4,2885,completed,5802193
4,4,2886,completed,5794861
4,4,2887,completed,5794777
4,4,2888,completed,5794694
4,4,2889,completed,6002609
4,4,2890,completed,6008985
4,4,2891,completed,6010110
4,4,2892,completed,6015026
4,4,2893,completed,5371653
4,4,2894,completed,5368486
4,4,2895,completed,5369319
4,4,2896,completed,5370319
4,4,2897,completed,6454609
4,4,2898,completed,6454984
4,4,2899,completed,6455526
4,4,2900,completed,6456400
4,4,2901,completed,6006776
4,4,2902,completed,6008151
4,4,2903,completed,6008317
4,4,2904,completed,6008901
4,4,2905,completed,5650194
4,4,2906,completed,5654402
4,4,2907,completed,5655486
4,4,2908,completed,5656444
4,4,2909,completed,5896277
4,4,2910,completed,5895401
4,4,2911,completed,5895652
4,4,2912,completed,5895985
4,4,2913,completed,6059901
4,4,2914,completed,6069151
4,4,2915,completed,6070567
4,4,2916,completed,6072692
4,4,2917,completed,6241400
4,4,2918,completed,6236651
4,4,2919,completed,6236692
4,4,2920,completed,6237318
4,4,2921,completed,6100984
4,4,2922,completed,6101401
4,4,2923,completed,6102235
4,4,2924,completed,6103109
4,4,2925,completed,5928610
4,4,2926,completed,5934110
4,4,2927,completed,5935901
4,4,2928,completed,5937360
4,4,2929,completed,5528819
4,4,2930,completed,5523402
4,4,2931,completed,5523569
4,4,2932,completed,5523778
4,4,2933,completed,6458984
4,4,2934,completed,6467358
4,4,2935,completed,6467817
4,4,2936,completed,6468651
4,4,2937,completed,5967026
4,4,2938,completed,5969484
4,4,2939,completed,5970859
4,4,2940,completed,5971984
4,4,2941,completed,5957235
4,4,2942,completed,5957901
4,4,2943,completed,5958485
4,4,2944,completed,5958818
4,4,2945,completed,6108151
4,4,2946,completed,6122776
4,4,2947,completed,6124193
4,4,2948,completed,6126234
4,4,2949,completed,5790360
4,4,2950,completed,5787527
4,4,2951,completed,5787319
4,4,2952,completed,5787943
4,4,2953,completed,5957776
4,4,2954,completed,5956735
4,4,2955,completed,5957318
4,4,2956,completed,5958235
4,4,2957,completed,5998276
4,4,2958,completed,6007318
4,4,2959,completed,6007984
4,4,2960,completed,6008693
4,4,2961,completed,5980818
4,4,2962,completed,5988818
4,4,2963,completed,5990318
4,4,2964,completed,5992109
4,4,2965,completed,5925610
4,4,2966,completed,5921485
4,4,2967,completed,5921527
4,4,2968,completed,5921735
4,4,2969,completed,6025567
4,4,2970,completed,6031776
4,4,2971,completed,6032901
4,4,2972,completed,6034151
4,4,2973,completed,6022485
4,4,2974,completed,6028610
4,4,2975,completed,6030859
4,4,2976,completed,6032693
4,4,2977,completed,5860151
4,4,2978,completed,5856944
4,4,2979,completed,5856735
4,4,2980,completed,5856818
4,4,2981,completed,6129692
4,4,2982,completed,6138567
4,4,2983,completed,6140526
4,4,2984,completed,6142567
4,4,2985,completed,5264945
4,4,2986,completed,5258112
4,4,2987,completed,5257861
4,4,2988,completed,5257653
4,4,2989,completed,6636692
4,4,2990,completed,6640983
4,4,2991,completed,6641483
4,4,2992,completed,6642192
4,4,2993,completed,5889652
4,4,2994,completed,5891527
4,4,2995,completed,5892402
4,4,2996,completed,5894068
4,4,2997,completed,5716693
4,4,2998,completed,5714443
4,4,2999,completed,5714694
4,4,3000,completed,5715360
4,4,3001,completed,6232901
4,4,3002,completed,6238192
4,4,3003,completed,6238900
4,4,3004,completed,6239859
4,4,3005,completed,5686235
4,4,3006,completed,5694152
4,4,3007,completed,5695235
4,4,3008,completed,5696069
4,4,3009,completed,5894526
4,4,3010,completed,5894068
4,4,3011,completed,5894443
4,4,3012,completed,5894985
4,4,3013,completed,6310858
4,4,3014,completed,6322609
4,4,3015,completed,6324776
4,4,3016,completed,6326734
4,4,3017,completed,5956818
4,4,3018,completed,5957609
4,4,3019,completed,5959651
4,4,3020,completed,5960860
4,4,3021,completed,5873568
4,4,3022,completed,5870401
4,4,3023,completed,5871735
4,4,3024,completed,5871568
4,4,3025,completed,6047527
4,4,3026,completed,6058610
4,4,3027,completed,6060776
4,4,3028,completed,6062485
4,4,3029,completed,5638944
4,4,3030,completed,5633736
4,4,3031,completed,5634069
4,4,3032,completed,5634028
4,4,3033,completed,6300317
4,4,3034,completed,6311442
4,4,3035,completed,6312984
4,4,3036,completed,6313942
4,4,3037,completed,5867652
4,4,3038,completed,5870610
4,4,3039,completed,5871818
4,4,3040,completed,5872985
4,4,3041,completed,5426569
4,4,3042,completed,5425903
4,4,3043,completed,5426320
4,4,3044,completed,5426611
4,4,3045,completed,6187692
4,4,3046,completed,6195609
4,4,3047,completed,6196693
4,4,3048,completed,6197567
4,4,3049,completed,6268692
4,4,3050,completed,6269942
4,4,3051,completed,6270900
4,4,3052,completed,6272609
4,4,3053,completed,5954026
4,4,3054,completed,5953694
4,4,3055,completed,5954235
4,4,3056,completed,5954652
4,4,3057,completed,5941735
4,4,3058,completed,5948735
4,4,3059,completed,5949776
4,4,3060,completed,5950526
4,4,3061,completed,6070359
4,4,3062,completed,6069734
4,4,3063,completed,6076734
4,4,3064,completed,6083484
4,4,3065,completed,5936485
4,4,3066,completed,5943360
4,4,3067,completed,5938401
4,4,3068,completed,5932735
4,4,3069,completed,6017859
4,4,3070,completed,6030276
4,4,3071,completed,6043485
4,4,3072,completed,6045276
4,4,3073,completed,6006193
4,4,3074,completed,5971693
4,4,3075,completed,5960068
4,4,3076,completed,5961235
4,4,3077,completed,5853027
4,4,3078,completed,5849152
4,4,3079,completed,5848985
4,4,3080,completed,5849860
4,4,3081,completed,6012860
4,4,3082,completed,6015276
4,4,3083,completed,6015776
4,4,3084,completed,6017818
4,4,3085,completed,6134234
4,4,3086,completed,6155359
4,4,3087,completed,6168651
4,4,3088,completed,6181067
4,4,3089,completed,5848026
4,4,3090,completed,5838402
4,4,3091,completed,5828277
4,4,3092,completed,5818152
4,4,3093,completed,5934860
4,4,3094,completed,5949234
4,4,3095,completed,5963610
4,4,3096,completed,5969234
4,4,3097,completed,6138734
4,4,3098,completed,6127110
4,4,3099,completed,6121734
4,4,3100,completed,6117110
4,4,3101,completed,5838902
4,4,3102,completed,5850360
4,4,3103,completed,5851402
4,4,3104,completed,5853401
4,4,3105,completed,5976943
4,4,3106,completed,5994985
4,4,3107,completed,5996151
4,4,3108,completed,5997526
4,4,3109,completed,6052193
4,4,3110,completed,6051776
4,4,3111,completed,6064026
4,4,3112,completed,6076776
4,4,3113,completed,5965694
4,4,3114,completed,5975568
4,4,3115,completed,5976651
4,4,3116,completed,5975901
4,4,3117,completed,5968735
4,4,3118,completed,5974776
4,4,3119,completed,5972776
4,4,3120,completed,5973443
4,4,3121,completed,5934068
4,4,3122,completed,5925277
4,4,3123,completed,5914569
4,4,3124,completed,5903735
4,4,3125,completed,6029026
4,4,3126,completed,6047901
4,4,3127,completed,6058276
4,4,3128,completed,6070609
4,4,3129,completed,5965151
4,4,3130,completed,5965651
4,4,3131,completed,5954735
4,4,3132,completed,5944193
4,4,3133,completed,5949068
4,4,3134,completed,5968902
4,4,3135,completed,5969901
4,4,3136,completed,5971110
4,4,3137,completed,6016693
4,4,3138,completed,6020152
4,4,3139,completed,6020443
4,4,3140,completed,6021568
4,4,3141,completed,5877276
4,4,3142,completed,5878027
4,4,3143,completed,5878276
4,4,3144,completed,5879319
4,4,3145,completed,6081443
4,4,3146,completed,6087735
4,4,3147,completed,6088943
4,4,3148,completed,6090693
4,4,3149,completed,5926484
4,4,3150,completed,5925735
4,4,3151,completed,5925985
4,4,3152,completed,5927193
4,4,3153,completed,5883735
4,4,3154,completed,5890402
4,4,3155,completed,5892026
4,4,3156,completed,5893527
4,4,3157,completed,5977651
4,4,3158,completed,5979027
4,4,3159,completed,5979193
4,4,3160,completed,5980276
4,4,3161,completed,5948360
4,4,3162,completed,5954318
4,4,3163,completed,5955359
4,4,3164,completed,5957318
4,4,3165,completed,5925026
4,4,3166,completed,5925568
4,4,3167,completed,5926151
4,4,3168,completed,5927068
4,4,3169,completed,6016651
4,4,3170,completed,6032734
4,4,3171,completed,6034610
4,4,3172,completed,6037484
4,4,3173,completed,5928068
4,4,3174,completed,5930652
4,4,3175,completed,5931443
4,4,3176,completed,5932943
4,4,3177,completed,5892151
4,4,3178,completed,5890818
4,4,3179,completed,5891735
4,4,3180,completed,5892776
4,4,3181,completed,5982318
4,4,3182,completed,5988235
4,4,3183,completed,5989902
4,4,3184,completed,5991902
4,4,3185,completed,5910401
4,4,3186,completed,5909402
4,4,3187,completed,5909818
4,4,3188,completed,5910485
4,4,3189,completed,6005360
4,4,3190,completed,6011568
4,4,3191,completed,6012568
4,4,3192,completed,6014610
4,4,3193,completed,5679610
4,4,3194,completed,5679944
4,4,3195,completed,5680528
4,4,3196,completed,5681652
4,4,3197,completed,6208943
4,4,3198,completed,6216567
4,4,3199,completed,6218026
4,4,3200,completed,6219984
4,4,3201,completed,5933527
4,4,3202,completed,5941318
4,4,3203,completed,5941569
4,4,3204,completed,5942485
4,4,3205,completed,5993902
4,4,3206,completed,6002901
4,4,3207,completed,6004234
4,4,3208,completed,6006610
4,4,3209,completed,5628944
4,4,3210,completed,5629735
4,4,3211,completed,5630319
4,4,3212,completed,5631028
4,4,3213,completed,6407942
4,4,3214,completed,6424442
4,4,3215,completed,6426317
4,4,3216,completed,6429233
4,4,3217,completed,5662611
4,4,3218,completed,5664486
4,4,3219,completed,5665819
4,4,3220,completed,5667235
4,4,3221,completed,6071567
4,4,3222,completed,6071985
4,4,3223,completed,6072151
4,4,3224,completed,6073359
4,4,3225,completed,5974235
4,4,3226,completed,5978026
4,4,3227,completed,5979068
4,4,3228,completed,5980151
4,4,3229,completed,5905777
4,4,3230,completed,5912735
4,4,3231,completed,5913151
4,4,3232,completed,5914193
4,4,3233,completed,6006776
4,4,3234,completed,6003318
4,4,3235,completed,6003235
4,4,3236,completed,6003359
4,4,3237,completed,5913985
4,4,3238,completed,5918944
4,4,3239,completed,5919610
4,4,3240,completed,5920485
4,4,3241,completed,5990902
4,4,3242,completed,6003360
4,4,3243,completed,6004151
4,4,3244,completed,6005068
4,4,3245,completed,5981693
4,4,3246,completed,5985277
4,4,3247,completed,5985901
4,4,3248,completed,5986568
4,4,3249,completed,5952901
4,4,3250,completed,5955193
4,4,3251,completed,5956943
4,4,3252,completed,5958401
4,4,3253,completed,5972568
4,4,3254,completed,5989318
4,4,3255,completed,6002276
4,4,3256,completed,6012777
4,4,3257,completed,5801110
4,4,3258,completed,5792735
4,4,3259,completed,5782610
4,4,3260,completed,5772819
4,4,3261,completed,6048484
4,4,3262,completed,6046734
4,4,3263,completed,6047068
4,4,3264,completed,6046984
4,4,3265,completed,6047484
4,4,3266,completed,6052068
4,4,3267,completed,6053609
4,4,3268,completed,6055485
4,4,3269,completed,6068942
4,4,3270,completed,6106776
4,4,3271,completed,6109985
4,4,3272,completed,6111943
4,4,3273,completed,5910151
4,4,3274,completed,5888484
4,4,3275,completed,5900651
4,4,3276,completed,5913526
4,4,3277,completed,6022734
4,4,3278,completed,6029276
4,4,3279,completed,6029443
4,4,3280,completed,6029193
4,4,3281,completed,6042943
4,4,3282,completed,6052985
4,4,3283,completed,6054234
4,4,3284,completed,6053151
4,4,3285,completed,5820568
4,4,3286,completed,5807611
4,4,3287,completed,5795610
4,4,3288,completed,5783569
4,4,3289,completed,5989401
4,4,3290,completed,5992527
4,4,3291,completed,5992818
4,4,3292,completed,5993318
4,4,3293,completed,5991359
4,4,3294,completed,6001484
4,4,3295,completed,6002568
4,4,3296,completed,6004443
4,4,3297,completed,5901276
4,4,3298,completed,5902443
4,4,3299,completed,5904193
4,4,3300,completed,5905735
4,4,3301,completed,5966901
4,4,3302,completed,5962318
4,4,3303,completed,5962943
4,4,3304,completed,5963568
4,4,3305,completed,5995235
4,4,3306,completed,6004485
4,4,3307,completed,6006234
4,4,3308,completed,6008068
4,4,3309,completed,5968152
4,4,3310,completed,5966359
4,4,3311,completed,5966734
4,4,3312,completed,5967276
4,4,3313,completed,5617319
4,4,3314,completed,5622736
4,4,3315,completed,5624444
4,4,3316,completed,5626402
4,4,3317,completed,6242692
4,4,3318,completed,6239109
4,4,3319,completed,6240026
4,4,3320,completed,6241067
4,4,3321,completed,5993777
4,4,3322,completed,5996527
4,4,3323,completed,5997776
4,4,3324,completed,5999151
4,4,3325,completed,5971568
4,4,3326,completed,5970360
4,4,3327,completed,5971443
4,4,3328,completed,5972151
4,4,3329,completed,6031234
4,4,3330,completed,6033984
4,4,3331,completed,6034776
4,4,3332,completed,6035568
4,4,3333,completed,5811235
4,4,3334,completed,5813027
4,4,3335,completed,5813860
4,4,3336,completed,5814776
4,4,3337,completed,5466611
4,4,3338,completed,5467736
4,4,3339,completed,5468236
4,4,3340,completed,5468820
4,4,3341,completed,6425109
4,4,3342,completed,6429275
4,4,3343,completed,6430025
4,4,3344,completed,6430817
4,4,3345,completed,6016360
4,4,3346,completed,6018193
4,4,3347,completed,6018318
4,4,3348,completed,6018609
4,4,3349,completed,5970027
4,4,3350,completed,5980068
4,4,3351,completed,5981027
4,4,3352,completed,5982068
4,4,3353,completed,5967984
4,4,3354,completed,5972859
4,4,3355,completed,5974402
4,4,3356,completed,5974902
4,4,3357,completed,5768027
4,4,3358,completed,5778735
4,4,3359,completed,5779402
4,4,3360,completed,5779818
4,4,3361,completed,6129401
4,4,3362,completed,6134692
4,4,3363,completed,6136567
4,4,3364,completed,6137317
4,4,3365,completed,5453152
4,4,3366,completed,5453611
4,4,3367,completed,5454444
4,4,3368,completed,5455070
4,4,3369,completed,6392359
4,4,3370,completed,6396025
4,4,3371,completed,6396942
4,4,3372,completed,6397067
4,4,3373,completed,5996776
4,4,3374,completed,6008235
4,4,3375,completed,6010193
4,4,3376,completed,6011610
4,4,3377,completed,5900277
4,4,3378,completed,5899027
4,4,3379,completed,5899276
4,4,3380,completed,5899527
4,4,3381,completed,6016026
4,4,3382,completed,6025692
4,4,3383,completed,6026651
4,4,3384,completed,6027609
4,4,3385,completed,5917193
4,4,3386,completed,5923110
4,4,3387,completed,5924276
4,4,3388,completed,5925277
4,4,3389,completed,5937027
4,4,3390,completed,5938485
4,4,3391,completed,5943277
4,4,3392,completed,5943610
4,4,3393,completed,5937526
4,4,3394,completed,5935152
4,4,3395,completed,5935068
4,4,3396,completed,5935693
4,4,3397,completed,5948277
4,4,3398,completed,5949609
4,4,3399,completed,5950527
4,4,3400,completed,5951109
4,4,3401,completed,5976318
4,4,3402,completed,5985401
4,4,3403,completed,5986610
4,4,3404,completed,5987151
4,4,3405,completed,5847069
4,4,3406,completed,5848193
4,4,3407,completed,5848527
4,4,3408,completed,5848819
4,4,3409,completed,6088068
4,4,3410,completed,6093484
4,4,3411,completed,6094443
4,4,3412,completed,6095151
4,4,3413,completed,5912943
4,4,3414,completed,5917985
4,4,3415,completed,5918610
4,4,3416,completed,5919318
4,4,3417,completed,5621402
4,4,3418,completed,5647069
4,4,3419,completed,5648236
4,4,3420,completed,5648944
4,4,3421,completed,6253526
4,4,3422,completed,6255817
4,4,3423,completed,6257192
4,4,3424,completed,6258067
4,4,3425,completed,5969693
4,4,3426,completed,5966568
4,4,3427,completed,5967151
4,4,3428,completed,5967443
4,4,3429,completed,5981318
4,4,3430,completed,5983609
4,4,3431,completed,5985026
4,4,3432,completed,5985610
4,4,3433,completed,5949568
4,4,3434,completed,5949985
4,4,3435,completed,5950777
4,4,3436,completed,5951902
4,4,3437,completed,5524527
4,4,3438,completed,5522778
4,4,3439,completed,5523486
4,4,3440,completed,5523653
4,4,3441,completed,6369817
4,4,3442,completed,6375484
4,4,3443,completed,6376859
4,4,3444,completed,6377983
4,4,3445,completed,5953026
4,4,3446,completed,5950277
4,4,3447,completed,5951109
4,4,3448,completed,5951943
4,4,3449,completed,5973526
4,4,3450,completed,5976526
4,4,3451,completed,5977818
4,4,3452,completed,5978735
4,4,3453,completed,5845860
4,4,3454,completed,5844943
4,4,3455,completed,5845152
4,4,3456,completed,5845443
4,4,3457,completed,6067776
4,4,3458,completed,6074734
4,4,3459,completed,6075818
4,4,3460,completed,6076859
4,4,3461,completed,5840152
4,4,3462,completed,5844735
4,4,3463,completed,5846194
4,4,3464,completed,5847152
4,4,3465,completed,5533319
4,4,3466,completed,5536361
4,4,3467,completed,5537319
4,4,3468,completed,5538444
4,4,3469,completed,7441065
4,4,3470,completed,7461314
4,4,3471,completed,7474273
4,4,3472,completed,7484565
4,4,3473,completed,6049401
4,4,3474,completed,6041776
4,4,3475,completed,6031610
4,4,3476,completed,6022984
4,4,3477,completed,5945569
4,4,3478,completed,5952026
4,4,3479,completed,5953568
4,4,3480,completed,5954943
4,4,3481,completed,5955568
4,4,3482,completed,5977443
4,4,3483,completed,5984985
4,4,3484,completed,5994026
4,4,3485,completed,5977151
4,4,3486,completed,5990984
4,4,3487,completed,5994943
4,4,3488,completed,5997734
4,4,3489,completed,6021401
4,4,3490,completed,6017026
4,4,3491,completed,6007735
4,4,3492,completed,5997818
4,4,3493,completed,5893735
4,4,3494,completed,5900984
4,4,3495,completed,5917485
4,4,3496,completed,5923693
4,4,3497,completed,5778235
4,4,3498,completed,5763569
4,4,3499,completed,5757527
4,4,3500,completed,5752568
4,4,3501,completed,6151401
4,4,3502,completed,6166443
4,4,3503,completed,6178067
4,4,3504,completed,6188984
4,4,3505,completed,6178026
4,4,3506,completed,6189025
4,4,3507,completed,6187984
4,4,3508,completed,6188526
4,4,3509,completed,5842110
4,4,3510,completed,5834027
4,4,3511,completed,5824818
4,4,3512,completed,5815068
4,4,3513,completed,5993318
4,4,3514,completed,6023068
4,4,3515,completed,6034609
4,4,3516,completed,6046984
4,4,3517,completed,5936568
4,4,3518,completed,5933735
4,4,3519,completed,5923818
4,4,3520,completed,5912568
4,4,3521,completed,5939027
4,4,3522,completed,5953693
4,4,3523,completed,5965152
4,4,3524,completed,5988526
4,4,3525,completed,6047318
4,4,3526,completed,6055318
4,4,3527,completed,6047151
4,4,3528,completed,6024359
4,4,3529,completed,5990068
4,4,3530,completed,5977443
4,4,3531,completed,5988318
4,4,3532,completed,5998651
4,4,3533,completed,5954027
4,4,3534,completed,5943527
4,4,3535,completed,5933234
4,4,3536,completed,5936859
4,4,3537,completed,5927401
4,4,3538,completed,5938235
4,4,3539,completed,5944901
4,4,3540,completed,5951610
4,4,3541,completed,6003359
4,4,3542,completed,6012234
4,4,3543,completed,6016152
4,4,3544,completed,6033526
4,4,3545,completed,6051776
4,4,3546,completed,6049651
4,4,3547,completed,6027860
4,4,3548,completed,6017318
4,4,3549,completed,5928193
4,4,3550,completed,5959610
4,4,3551,completed,5962734
4,4,3552,completed,5964235
4,4,3553,completed,5965902
4,4,3554,completed,5926776
4,4,3555,completed,5925984
4,4,3556,completed,5926110
4,4,3557,completed,6100943
4,4,3558,completed,6119776
4,4,3559,completed,6131276
4,4,3560,completed,6142317
4,4,3561,completed,5877902
4,4,3562,completed,5869777
4,4,3563,completed,5860027
4,4,3564,completed,5850277
4,4,3565,completed,5977693
4,4,3566,completed,5987526
4,4,3567,completed,5992943
4,4,3568,completed,5958194
4,4,3569,completed,6092318
4,4,3570,completed,6109526
4,4,3571,completed,6115776
4,4,3572,completed,6122026
4,4,3573,completed,5879068
4,4,3574,completed,5868652
4,4,3575,completed,5857401
4,4,3576,completed,5846444
4,4,3577,completed,6000401
4,4,3578,completed,6006234
4,4,3579,completed,6011110
4,4,3580,completed,6025359
4,4,3581,completed,5971193
4,4,3582,completed,5977152
4,4,3583,completed,5969777
4,4,3584,completed,5960985
4,4,3585,completed,5975985
4,4,3586,completed,5979068
4,4,3587,completed,5979318
4,4,3588,completed,5979776
4,4,3589,completed,6106902
4,4,3590,completed,6112234
4,4,3591,completed,6108026
4,4,3592,completed,6104193
4,4,3593,completed,5735444
4,4,3594,completed,5752402
4,4,3595,completed,5765152
4,4,3596,completed,5776694
4,4,3597,completed,6190693
4,4,3598,completed,6179276
4,4,3599,completed,6168151
4,4,3600,completed,6157109
4,4,3601,completed,5981860
4,4,3602,completed,6005568
4,4,3603,completed,6017902
4,4,3604,completed,6029485
4,4,3605,completed,5968151
4,4,3606,completed,5974818
4,4,3607,completed,5976443
4,4,3608,completed,5975443
4,4,3609,completed,5942235
4,4,3610,completed,5937902
4,4,3611,completed,5932485
4,4,3612,completed,5926651
4,4,3613,completed,5988027
4,4,3614,completed,6004442
4,4,3615,completed,6025652
4,4,3616,completed,6020443
4,4,3617,completed,5991443
4,4,3618,completed,5982568
4,4,3619,completed,5988610
4,4,3620,completed,5983526
4,4,3621,completed,5475986
4,4,3622,completed,5460903
4,4,3623,completed,5454028
4,4,3624,completed,5448486
4,4,3625,completed,6451734
4,4,3626,completed,6453526
4,4,3627,completed,6454734
4,4,3628,completed,6455775
4,4,3629,completed,6007277
4,4,3630,completed,6017402
4,4,3631,completed,6024485
4,4,3632,completed,6030526
4,4,3633,completed,6010568
4,4,3634,completed,6020110
4,4,3635,completed,6015193
4,4,3636,completed,6009735
4,4,3637,completed,5974610
4,4,3638,completed,5967735
4,4,3639,completed,5960359
4,4,3640,completed,5961027
4,4,3641,completed,5985693
4,4,3642,completed,5981277
4,4,3643,completed,5987485
4,4,3644,completed,5994109
4,4,3645,completed,6006193
4,4,3646,completed,6041026
4,4,3647,completed,6037359
4,4,3648,completed,6032110
4,4,3649,completed,5970026
4,4,3650,completed,5951318
4,4,3651,completed,5952152
4,4,3652,completed,5954068
4,4,3653,completed,5933193
4,4,3654,completed,5925860
4,4,3655,completed,5926235
4,4,3656,completed,5926360
4,4,3657,completed,6016109
4,4,3658,completed,6039901
4,4,3659,completed,6043526
4,4,3660,completed,6045443
4,4,3661,completed,6020984
4,4,3662,completed,5983651
4,4,3663,completed,5984152
4,4,3664,completed,5985318
4,4,3665,completed,5915527
4,4,3666,completed,5921526
4,4,3667,completed,5926360
4,4,3668,completed,5931109
4,4,3669,completed,6115567
4,4,3670,completed,6115901
4,4,3671,completed,6112234
4,4,3672,completed,6107610
4,4,3673,completed,5671236
4,4,3674,completed,5673694
4,4,3675,completed,5674319
4,4,3676,completed,5674986
4,4,3677,completed,6149484
4,4,3678,completed,6163026
4,4,3679,completed,6169985
4,4,3680,completed,6175443
4,4,3681,completed,6020818
4,4,3682,completed,6017484
4,4,3683,completed,6013027
4,4,3684,completed,6009568
4,4,3685,completed,5972277
4,4,3686,completed,5979985
4,4,3687,completed,5986234
4,4,3688,completed,5992318
4,4,3689,completed,6021984
4,4,3690,completed,6061234
4,4,3691,completed,6059276
4,4,3692,completed,6054776
4,4,3693,completed,6048235
4,4,3694,completed,6034234
4,4,3695,completed,6040818
4,4,3696,completed,6048234
4,4,3697,completed,5427944
4,4,3698,completed,5427486
4,4,3699,completed,5421736
4,4,3700,completed,5413987
4,4,3701,completed,6406484
4,4,3702,completed,6435400
4,4,3703,completed,6439775
4,4,3704,completed,6441983
4,4,3705,completed,6036026
4,4,3706,completed,6044943
4,4,3707,completed,6056152
4,4,3708,completed,6067277
4,4,3709,completed,5939151
4,4,3710,completed,5927693
4,4,3711,completed,5915651
4,4,3712,completed,5904777
4,4,3713,completed,6006693
4,4,3714,completed,6006943
4,4,3715,completed,6007193
4,4,3716,completed,6007485
4,4,3717,completed,5939068
4,4,3718,completed,5940776
4,4,3719,completed,5946777
4,4,3720,completed,5953277
4,4,3721,completed,5981568
4,4,3722,completed,5984568
4,4,3723,completed,5984193
4,4,3724,completed,5983068
4,4,3725,completed,6056526
4,4,3726,completed,6053568
4,4,3727,completed,6049276
4,4,3728,completed,6044860
4,4,3729,completed,5924360
4,4,3730,completed,5935985
4,4,3731,completed,5943569
4,4,3732,completed,5950402
4,4,3733,completed,6017568
4,4,3734,completed,6026235
4,4,3735,completed,6020985
4,4,3736,completed,6015026
4,4,3737,completed,5980734
4,4,3738,completed,5973027
4,4,3739,completed,5979777
4,4,3740,completed,5999568
4,4,3741,completed,5966026
4,4,3742,completed,5968651
4,4,3743,completed,5955734
4,4,3744,completed,5953568
4,4,3745,completed,5995610
4,4,3746,completed,5993734
4,4,3747,completed,5989318
4,4,3748,completed,5984276
4,4,3749,completed,5993401
4,4,3750,completed,5983318
4,4,3751,completed,5983568
4,4,3752,completed,5983693
4,4,3753,completed,5995943
4,4,3754,completed,5990318
4,4,3755,completed,5991026
4,4,3756,completed,5991943
4,4,3757,completed,5982027
4,4,3758,completed,5990443
4,4,3759,completed,5994693
4,4,3760,completed,5999026
4,4,3761,completed,5990901
4,4,3762,completed,6000527
4,4,3763,completed,6020151
4,4,3764,completed,5996902
4,4,3765,completed,6024901
4,4,3766,completed,6031985
4,4,3767,completed,6000693
4,4,3768,completed,6007402
4,4,3769,completed,5993693
4,4,3770,completed,5993235
4,4,3771,completed,5988859
4,4,3772,completed,5983360
4,4,3773,completed,5625903
4,4,3774,completed,5637777
4,4,3775,completed,5645069
4,4,3776,completed,5651819
4,4,3777,completed,6260151
4,4,3778,completed,6254651
4,4,3779,completed,6248275
4,4,3780,completed,6243442
4,4,3781,completed,6094734
4,4,3782,completed,6097193
4,4,3783,completed,6097652
4,4,3784,completed,6098026
4,4,3785,completed,5922193
4,4,3786,completed,5925318
4,4,3787,completed,5926527
4,4,3788,completed,5927777
4,4,3789,completed,5943193
4,4,3790,completed,5956859
4,4,3791,completed,5967735
4,4,3792,completed,5991902
4,4,3793,completed,5967152
4,4,3794,completed,5970610
4,4,3795,completed,5965734
4,4,3796,completed,5931609
4,4,3797,completed,6010485
4,4,3798,completed,6017943
4,4,3799,completed,6022860
4,4,3800,completed,6042318
4,4,3801,completed,6007359
4,4,3802,completed,6005818
4,4,3803,completed,5996068
4,4,3804,completed,5958360
4,4,3805,completed,5977527
4,4,3806,completed,5972235
4,4,3807,completed,6017318
4,4,3808,completed,6019526
4,4,3809,completed,5933610
4,4,3810,completed,5947651
4,4,3811,completed,5973735
4,4,3812,completed,5985068
4,4,3813,completed,5881235
4,4,3814,completed,5871527
4,4,3815,completed,5868610
4,4,3816,completed,5865569
4,4,3817,completed,6043610
4,4,3818,completed,6056110
4,4,3819,completed,6059776
4,4,3820,completed,6062609
4,4,3821,completed,6078651
4,4,3822,completed,6070526
4,4,3823,completed,6061151
4,4,3824,completed,6052151
4,4,3825,completed,5948860
4,4,3826,completed,5973276
4,4,3827,completed,5980027
4,4,3828,completed,5987401
4,4,3829,completed,5962318
4,4,3830,completed,5956402
4,4,3831,completed,5949776
4,4,3832,completed,5942901
4,4,3833,completed,6004318
4,4,3834,completed,6014985
4,4,3835,completed,6023443
4,4,3836,completed,6031818
4,4,3837,completed,5990360
4,4,3838,completed,5992818
4,4,3839,completed,5991359
4,4,3840,completed,5988568
4,4,3841,completed,6009110
4,4,3842,completed,6004360
4,4,3843,completed,5999360
4,4,3844,completed,5994818
4,4,3845,completed,5895193
4,4,3846,completed,5901235
4,4,3847,completed,5905360
4,4,3848,completed,5909610
4,4,3849,completed,6005943
4,4,3850,completed,6023443
4,4,3851,completed,6029859
4,4,3852,completed,6050151
4,4,3853,completed,6171901
4,4,3854,completed,6181817
4,4,3855,completed,6181234
4,4,3856,completed,6166359
4,4,3857,completed,5862443
4,4,3858,completed,5883818
4,4,3859,completed,5881693
4,4,3860,completed,5879068
4,4,3861,completed,6027901
4,4,3862,completed,6036359
4,4,3863,completed,6037984
4,4,3864,completed,6039776
4,4,3865,completed,5895985
4,4,3866,completed,5907776
4,4,3867,completed,5900193
4,4,3868,completed,5891735
4,4,3869,completed,5985402
4,4,3870,completed,5993735
4,4,3871,completed,5995943
4,4,3872,completed,5997151
4,4,3873,completed,5948027
4,4,3874,completed,5921943
4,4,3875,completed,5926109
4,4,3876,completed,5929610
4,4,3877,completed,5487278
4,4,3878,completed,5486361
4,4,3879,completed,5483444
4,4,3880,completed,5481236
4,4,3881,completed,6498275
4,4,3882,completed,6504775
4,4,3883,completed,6505983
4,4,3884,completed,6507233
4,4,3885,completed,5790568
4,4,3886,completed,5782943
4,4,3887,completed,5783735
4,4,3888,completed,5771819
4,4,3889,completed,6184942
4,4,3890,completed,6222318
4,4,3891,completed,6224442
4,4,3892,completed,6226442
4,4,3893,completed,5998735
4,4,3894,completed,5998609
4,4,3895,completed,6006277
4,4,3896,completed,6013234
4,4,3897,completed,6038318
4,4,3898,completed,6055817
4,4,3899,completed,6050609
4,4,3900,completed,6045776
4,4,3901,completed,6978191
4,4,3902,completed,6980274
4,4,3903,completed,6981940
4,4,3904,completed,6983982
4,4,3905,completed,5836568
4,4,3906,completed,5838735
4,4,3907,completed,5839694
4,4,3908,completed,5840568
4,4,3909,completed,6007776
4,4,3910,completed,6042609
4,4,3911,completed,6054776
4,4,3912,completed,6066818
4,4,3913,completed,6098818
4,4,3914,completed,6092484
4,4,3915,completed,6081984
4,4,3916,completed,6071401
4,4,3917,completed,5829985
4,4,3918,completed,5846026
4,4,3919,completed,5866610
4,4,3920,completed,5868027
4,4,3921,completed,5938110
4,4,3922,completed,5897651
4,4,3923,completed,5900859
4,4,3924,completed,5904443
4,4,3925,completed,5976402
4,4,3926,completed,5977484
4,4,3927,completed,5973777
4,4,3928,completed,5970818
4,4,3929,completed,6035526
4,4,3930,completed,6046943
4,4,3931,completed,6058276
4,4,3932,completed,6085318
4,4,3933,completed,6035401
4,4,3934,completed,6041901
4,4,3935,completed,6024109
4,4,3936,completed,6020776
4,4,3937,completed,5931693
4,4,3938,completed,5937235
4,4,3939,completed,5934652
4,4,3940,completed,5933276
4,4,3941,completed,6024985
4,4,3942,completed,6039776
4,4,3943,completed,6034943
4,4,3944,completed,6031360
4,4,3945,completed,5924443
4,4,3946,completed,5936776
4,4,3947,completed,5947235
4,4,3948,completed,5957985
4,4,3949,completed,6022276
4,4,3950,completed,6051401
4,4,3951,completed,6052109
4,4,3952,completed,6040609
4,4,3953,completed,5993693
4,4,3954,completed,5999318
4,4,3955,completed,5999693
4,4,3956,completed,5998985
4,4,3957,completed,6029735
4,4,3958,completed,6048026
4,4,3959,completed,6047360
4,4,3960,completed,6046276
4,4,3961,completed,5909318
4,4,3962,completed,5931943
4,4,3963,completed,5931943
4,4,3964,completed,5931152
4,4,3965,completed,5936776
4,4,3966,completed,5937401
4,4,3967,completed,5939401
4,4,3968,completed,5939819
4,4,3969,completed,6041651
4,4,3970,completed,6050943
4,4,3971,completed,6051401
4,4,3972,completed,6039193
4,4,3973,completed,5936194
4,4,3974,completed,5940985
4,4,3975,completed,5939068
4,4,3976,completed,5953151
4,4,3977,completed,5996401
4,4,3978,completed,6005734
4,4,3979,completed,6008901
4,4,3980,completed,6008485
4,4,3981,completed,5876277
4,4,3982,completed,5855985
4,4,3983,completed,5844610
4,4,3984,completed,5834526
4,4,3985,completed,6079526
4,4,3986,completed,6073235
4,4,3987,completed,6076901
4,4,3988,completed,6081735
4,4,3989,completed,6011860
4,4,3990,completed,6011860
4,4,3991,completed,6008943
4,4,3992,completed,6006068
4,4,3993,completed,5970193
4,4,3994,completed,6005568
4,4,3995,completed,6079526
4,4,3996,completed,6090901
4,4,3997,completed,5974609
4,4,3998,completed,5930776
4,4,3999,completed,5929277
4,4,4000,completed,5929443
4,4,4001,completed,6003151
4,4,4002,completed,6002443
4,4,4003,completed,5992985
4,4,4004,completed,5983109
4,4,4005,completed,5941360
4,4,4006,completed,5948776
4,4,4007,completed,5959693
4,4,4008,completed,5970151
4,4,4009,completed,5935026
4,4,4010,completed,5935777
4,4,4011,completed,5934151
4,4,4012,completed,5947527
4,4,4013,completed,5710944
4,4,4014,completed,5704819
4,4,4015,completed,5694986
4,4,4016,completed,5671278
4,4,4017,completed,6259984
4,4,4018,completed,6281442
4,4,4019,completed,6292526
4,4,4020,completed,6319609
4,4,4021,completed,6023693
4,4,4022,completed,6038026
4,4,4023,completed,6019609
4,4,4024,completed,6016276
4,4,4025,completed,5986693
4,4,4026,completed,6001443
4,4,4027,completed,5996651
4,4,4028,completed,5995693
4,4,4029,completed,5939985
4,4,4030,completed,5949985
4,4,4031,completed,5967776
4,4,4032,completed,5976027
4,4,4033,completed,5973485
4,4,4034,completed,5977318
4,4,4035,completed,5963902
4,4,4036,completed,5962943
4,4,4037,completed,5875860
4,4,4038,completed,5886902
4,4,4039,completed,5888568
4,4,4040,completed,5857194
4,4,4041,completed,5800777
4,4,4042,completed,5790985
4,4,4043,completed,5781651
4,4,4044,completed,5772110
4,4,4045,completed,6306067
4,4,4046,completed,6312401
4,4,4047,completed,6313401
4,4,4048,completed,6314609
4,4,4049,completed,5937902
4,4,4050,completed,5948652
4,4,4051,completed,5953152
4,4,4052,completed,5958193
4,4,4053,completed,5981984
4,4,4054,completed,5994193
4,4,4055,completed,6000401
4,4,4056,completed,6006068
4,4,4057,completed,6015943
4,4,4058,completed,6006859
4,4,4059,completed,5994359
4,4,4060,completed,5991235
4,4,4061,completed,5925276
4,4,4062,completed,5926526
4,4,4063,completed,5927152
4,4,4064,completed,5927860
4,4,4065,completed,5931235
4,4,4066,completed,5942943
4,4,4067,completed,5948943
4,4,4068,completed,5954526
4,4,4069,completed,6143401
4,4,4070,completed,6138609
4,4,4071,completed,6133776
4,4,4072,completed,6128609
4,4,4073,completed,5956151
4,4,4074,completed,5953943
4,4,4075,completed,5953818
4,4,4076,completed,5953818
4,4,4077,completed,5978943
4,4,4078,completed,5988026
4,4,4079,completed,5999234
4,4,4080,completed,6019735
4,4,4081,completed,5602194
4,4,4082,completed,5596153
4,4,4083,completed,5552861
4,4,4084,completed,5553611
4,4,4085,completed,6343359
4,4,4086,completed,6345526
4,4,4087,completed,6346234
4,4,4088,completed,6347276
4,4,4089,completed,6052609
4,4,4090,completed,6080651
4,4,4091,completed,6091443
4,4,4092,completed,6099693
4,4,4093,completed,5961151
4,4,4094,completed,5963860
4,4,4095,completed,5966860
4,4,4096,completed,5969860
4,4,4097,completed,5977943
4,4,4098,completed,5998068
4,4,4099,completed,5988902
4,4,4100,completed,5978902
4,4,4101,completed,5916151
4,4,4102,completed,5926860
4,4,4103,completed,5930818
4,4,4104,completed,5934984
4,4,4105,completed,5998235
4,4,4106,completed,6011734
4,4,4107,completed,6018568
4,4,4108,completed,6038485
4,4,4109,completed,5701069
4,4,4110,completed,5711902
4,4,4111,completed,5703652
4,4,4112,completed,5666777
4,4,4113,completed,7375314
4,4,4114,completed,7373064
4,4,4115,completed,7373856
4,4,4116,completed,7373898
4,4,4117,completed,5874568
4,4,4118,completed,5893194
4,4,4119,completed,5905152
4,4,4120,completed,5917193
4,4,4121,completed,5947859
4,4,4122,completed,5949859
4,4,4123,completed,5946860
4,4,4124,completed,5954818
4,4,4125,completed,5610819
4,4,4126,completed,5603069
4,4,4127,completed,5594819
4,4,4128,completed,5574736
4,4,4129,completed,5807777
4,4,4130,completed,5802401
4,4,4131,completed,5806026
4,4,4132,completed,5809069
4,4,4133,completed,6504400
4,4,4134,completed,6524275
4,4,4135,completed,6537275
4,4,4136,completed,6549275
4,4,4137,completed,6028235
4,4,4138,completed,6027860
4,4,4139,completed,6020276
4,4,4140,completed,6025568
4,4,4141,completed,5996152
4,4,4142,completed,6024234
4,4,4143,completed,6011401
4,4,4144,completed,6006068
4,4,4145,completed,5994027
4,4,4146,completed,5973318
4,4,4147,completed,5974068
4,4,4148,completed,5974610
4,4,4149,completed,5938401
4,4,4150,completed,5957651
4,4,4151,completed,5982360
4,4,4152,completed,5985485
4,4,4153,completed,6050443
4,4,4154,completed,6057818
4,4,4155,completed,6028443
4,4,4156,completed,6036693
4,4,4157,completed,5923151
4,4,4158,completed,5915276
4,4,4159,completed,5907193
4,4,4160,completed,5899902
4,4,4161,completed,5514111
4,4,4162,completed,5516236
4,4,4163,completed,5517569
4,4,4164,completed,5518986
4,4,4165,completed,6172026
4,4,4166,completed,6181859
4,4,4167,completed,6186193
4,4,4168,completed,6186775
4,4,4169,completed,6313025
4,4,4170,completed,6309401
4,4,4171,completed,6316192
4,4,4172,completed,6323150
4,4,4173,completed,5947902
4,4,4174,completed,5942610
4,4,4175,completed,5936985
4,4,4176,completed,5931360
4,4,4177,completed,5983151
4,4,4178,completed,5988568
4,4,4179,completed,5989026
4,4,4180,completed,5989693
4,4,4181,completed,6001401
4,4,4182,completed,6005110
4,4,4183,completed,6006651
4,4,4184,completed,6007151
4,4,4185,completed,5979901
4,4,4186,completed,5967276
4,4,4187,completed,5987026
4,4,4188,completed,5988693
4,4,4189,completed,6005652
4,4,4190,completed,5994401
4,4,4191,completed,6005276
4,4,4192,completed,6015943
4,4,4193,completed,6092484
4,4,4194,completed,6084942
4,4,4195,completed,6074568
4,4,4196,completed,6065360
4,4,4197,completed,5881944
4,4,4198,completed,5901776
4,4,4199,completed,5913652
4,4,4200,completed,5924818
4,4,4201,completed,6110234
4,4,4202,completed,6118693
4,4,4203,completed,6115401
4,4,4204,completed,6111401
4,4,4205,completed,5805610
4,4,4206,completed,5815652
4,4,4207,completed,5833360
4,4,4208,completed,5829235
4,4,4209,completed,5994610
4,4,4210,completed,5995818
4,4,4211,completed,5981027
4,4,4212,completed,5981485
4,4,4213,completed,6087735
4,4,4214,completed,6082068
4,4,4215,completed,6068151
4,4,4216,completed,6073526
4,4,4217,completed,5860818
4,4,4218,completed,5853568
4,4,4219,completed,5847110
4,4,4220,completed,5840985
4,4,4221,completed,6033276
4,4,4222,completed,6060859
4,4,4223,completed,6072818
4,4,4224,completed,6076860
4,4,4225,completed,5997443
4,4,4226,completed,5991026
4,4,4227,completed,5981235
4,4,4228,completed,5972443
4,4,4229,completed,5949902
4,4,4230,completed,5952401
4,4,4231,completed,5953693
4,4,4232,completed,5954860
4,4,4233,completed,6012776
4,4,4234,completed,6021527
4,4,4235,completed,6022484
4,4,4236,completed,6023151
4,4,4237,completed,5923276
4,4,4238,completed,5954734
4,4,4239,completed,5967568
4,4,4240,completed,5978943
4,4,4241,completed,6023568
4,4,4242,completed,6000777
4,4,4243,completed,5989151
4,4,4244,completed,5978360
4,4,4245,completed,5989443
4,4,4246,completed,5998776
4,4,4247,completed,6000484
4,4,4248,completed,6002193
4,4,4249,completed,5863235
4,4,4250,completed,5849860
4,4,4251,completed,5855610
4,4,4252,completed,5861444
4,4,4253,completed,5633902
4,4,4254,completed,5637735
4,4,4255,completed,5637736
4,4,4256,completed,5636819
4,4,4257,completed,6395734
4,4,4258,completed,6393734
4,4,4259,completed,6388901
4,4,4260,completed,6384442
4,4,4261,completed,5667818
4,4,4262,completed,5666152
4,4,4263,completed,5667027
4,4,4264,completed,5667694
4,4,4265,completed,6325734
4,4,4266,completed,6332151
4,4,4267,completed,6333234
4,4,4268,completed,6333942
4,4,4269,completed,6075360
4,4,4270,completed,6062568
4,4,4271,completed,6063610
4,4,4272,completed,6063984
4,4,4273,completed,5874901
4,4,4274,completed,5872193
4,4,4275,completed,5878568
4,4,4276,completed,5884651
4,4,4277,completed,5993485
4,4,4278,completed,5999526
4,4,4279,completed,5998943
4,4,4280,completed,5997818
4,4,4281,completed,6045068
4,4,4282,completed,6063401
4,4,4283,completed,6069651
4,4,4284,completed,6076318
4,4,4285,completed,5945151
4,4,4286,completed,5933652
4,4,4287,completed,5922985
4,4,4288,completed,5912401
4,4,4289,completed,5996818
4,4,4290,completed,6024776
4,4,4291,completed,6026984
4,4,4292,completed,6029235
4,4,4293,completed,5935110
4,4,4294,completed,5930026
4,4,4295,completed,5930276
4,4,4296,completed,5930527
4,4,4297,completed,6023901
4,4,4298,completed,6025984
4,4,4299,completed,6026317
4,4,4300,completed,6026609
4,4,4301,completed,6031109
4,4,4302,completed,6035443
4,4,4303,completed,6037026
4,4,4304,completed,6038234
4,4,4305,completed,5872569
4,4,4306,completed,5881069
4,4,4307,completed,5881985
4,4,4308,completed,5881902
4,4,4309,completed,6025901
4,4,4310,completed,6038610
4,4,4311,completed,6045276
4,4,4312,completed,6050943
4,4,4313,completed,5985568
4,4,4314,completed,6000693
4,4,4315,completed,5997402
4,4,4316,completed,5992735
4,4,4317,completed,6072985
4,4,4318,completed,6043651
4,4,4319,completed,6044026
4,4,4320,completed,6044734
4,4,4321,completed,5485236
4,4,4322,completed,5488903
4,4,4323,completed,5489527
4,4,4324,completed,5490320
4,4,4325,completed,6516358
4,4,4326,completed,6529566
4,4,4327,completed,6531733
4,4,4328,completed,6532358
4,4,4329,completed,5872360
4,4,4330,completed,5858610
4,4,4331,completed,5858777
4,4,4332,completed,5859193
4,4,4333,completed,6021067
4,4,4334,completed,6022235
4,4,4335,completed,6032859
4,4,4336,completed,6043401
4,4,4337,completed,5947652
4,4,4338,completed,5937609
4,4,4339,completed,5928193
4,4,4340,completed,5918902
4,4,4341,completed,6049443
4,4,4342,completed,6052860
4,4,4343,completed,6053277
4,4,4344,completed,6053609
4,4,4345,completed,5902818
4,4,4346,completed,5906234
4,4,4347,completed,5907610
4,4,4348,completed,5909068
4,4,4349,completed,6077359
4,4,4350,completed,6091026
4,4,4351,completed,6097651
4,4,4352,completed,6103985
4,4,4353,completed,5851985
4,4,4354,completed,5857068
4,4,4355,completed,5855943
4,4,4356,completed,5854652
4,4,4357,completed,6009693
4,4,4358,completed,6008776
4,4,4359,completed,6004568
4,4,4360,completed,5999235
4,4,4361,completed,5937402
4,4,4362,completed,5928526
4,4,4363,completed,5934109
4,4,4364,completed,5940026
4,4,4365,completed,5980527
4,4,4366,completed,5989193
4,4,4367,completed,5984402
4,4,4368,completed,5979318
4,4,4369,completed,5875568
4,4,4370,completed,5876568
4,4,4371,completed,5878235
4,4,4372,completed,5878819
4,4,4373,completed,6096109
4,4,4374,completed,6089817
4,4,4375,completed,6093484
4,4,4376,completed,6097193
4,4,4377,completed,6001485
4,4,4378,completed,6009735
4,4,4379,completed,6007193
4,4,4380,completed,6003652
4,4,4381,completed,5977360
4,4,4382,completed,5978818
4,4,4383,completed,5979610
4,4,4384,completed,5980526
4,4,4385,completed,5991942
4,4,4386,completed,5992860
4,4,4387,completed,5993109
4,4,4388,completed,5993402
4,4,4389,completed,6055776
4,4,4390,completed,6071484
4,4,4391,completed,6082943
4,4,4392,completed,6094026
4,4,4393,completed,5935068
4,4,4394,completed,5925068
4,4,4395,completed,5915194
4,4,4396,completed,5904985
4,4,4397,completed,5946860
4,4,4398,completed,5917860
4,4,4399,completed,5918152
4,4,4400,completed,5917901
4,4,4401,completed,6005485
4,4,4402,completed,6000735
4,4,4403,completed,6001485
4,4,4404,completed,6002235
4,4,4405,completed,5960818
4,4,4406,completed,5969193
4,4,4407,completed,5975151
4,4,4408,completed,5981485
4,4,4409,completed,6022110
4,4,4410,completed,6034193
4,4,4411,completed,6034860
4,4,4412,completed,6048068
4,4,4413,completed,6030484
4,4,4414,completed,6044901
4,4,4415,completed,6044276
4,4,4416,completed,6028777
4,4,4417,completed,5882277
4,4,4418,completed,5894485
4,4,4419,completed,5894068
4,4,4420,completed,5879985
4,4,4421,completed,6045026
4,4,4422,completed,6055901
4,4,4423,completed,6077067
4,4,4424,completed,6075026
4,4,4425,completed,5788360
4,4,4426,completed,5775902
4,4,4427,completed,5756277
4,4,4428,completed,5761486
4,4,4429,completed,6200151
4,4,4430,completed,6199359
4,4,4431,completed,6194984
4,4,4432,completed,6190692
4,4,4433,completed,5965859
4,4,4434,completed,5993318
4,4,4435,completed,5995027
4,4,4436,completed,5996651
4,4,4437,completed,5862777
4,4,4438,completed,5865318
4,4,4439,completed,5866276
4,4,4440,completed,5867234
4,4,4441,completed,6036609
4,4,4442,completed,6052735
4,4,4443,completed,6063860
4,4,4444,completed,6090776
4,4,4445,completed,6011735
4,4,4446,completed,6027735
4,4,4447,completed,6028109
4,4,4448,completed,5996818
4,4,4449,completed,6063443
4,4,4450,completed,6041818
4,4,4451,completed,6031068
4,4,4452,completed,6021234
4,4,4453,completed,6014443
4,4,4454,completed,6018068
4,4,4455,completed,6019568
4,4,4456,completed,6020777
4,4,4457,completed,5904359
4,4,4458,completed,5913277
4,4,4459,completed,5914776
4,4,4460,completed,5916109
4,4,4461,completed,6071984
4,4,4462,completed,6066276
4,4,4463,completed,6066526
4,4,4464,completed,6066693
4,4,4465,completed,5856735
4,4,4466,completed,5890444
4,4,4467,completed,5901818
4,4,4468,completed,5912693
4,4,4469,completed,5946610
4,4,4470,completed,5935734
4,4,4471,completed,5925151
4,4,4472,completed,5914735
4,4,4473,completed,6073985
4,4,4474,completed,6088776
4,4,4475,completed,6100651
4,4,4476,completed,6111360
4,4,4477,completed,5894902
4,4,4478,completed,5896443
4,4,4479,completed,5895985
4,4,4480,completed,5896860
4,4,4481,completed,5998693
4,4,4482,completed,5993901
4,4,4483,completed,5985277
4,4,4484,completed,5963026
4,4,4485,completed,6093984
4,4,4486,completed,6092859
4,4,4487,completed,6092567
4,4,4488,completed,6092484
4,4,4489,completed,5901776
4,4,4490,completed,5946609
4,4,4491,completed,5958735
4,4,4492,completed,5970984
4,4,4493,completed,6039610
4,4,4494,completed,6029276
4,4,4495,completed,6018318
4,4,4496,completed,6008276
4,4,4497,completed,5890860
4,4,4498,completed,5890610
4,4,4499,completed,5891776
4,4,4500,completed,5892777
4,4,4501,completed,5979985
4,4,4502,completed,5982693
4,4,4503,completed,5983068
4,4,4504,completed,5983318
4,4,4505,completed,5904526
4,4,4506,completed,5921651
4,4,4507,completed,5932485
4,4,4508,completed,5943485
4,4,4509,completed,6079818
4,4,4510,completed,6071109
4,4,4511,completed,6061901
4,4,4512,completed,6052567
4,4,4513,completed,5943985
4,4,4514,completed,5938527
4,4,4515,completed,5938234
4,4,4516,completed,5937776
4,4,4517,completed,5972068
4,4,4518,completed,5978901
4,4,4519,completed,5986568
4,4,4520,completed,5994610
4,4,4521,completed,6075610
4,4,4522,completed,6087693
4,4,4523,completed,6086401
4,4,4524,completed,6085692
4,4,4525,completed,5915401
4,4,4526,completed,5925152
4,4,4527,completed,5937776
4,4,4528,completed,5938610
4,4,4529,completed,6005609
4,4,4530,completed,6023818
4,4,4531,completed,6006610
4,4,4532,completed,6000776
4,4,4533,completed,5920485
4,4,4534,completed,5924985
4,4,4535,completed,5925485
4,4,4536,completed,5926068
4,4,4537,completed,5994693
4,4,4538,completed,6009276
4,4,4539,completed,6034235
4,4,4540,completed,6054735
4,4,4541,completed,6079568
4,4,4542,completed,6070526
4,4,4543,completed,6045693
4,4,4544,completed,6026276
4,4,4545,completed,5621527
4,4,4546,completed,5626944
4,4,4547,completed,5628527
4,4,4548,completed,5630111
4,4,4549,completed,6213942
4,4,4550,completed,6213609
4,4,4551,completed,6220734
4,4,4552,completed,6227775
4,4,4553,completed,6066318
4,4,4554,completed,6074318
4,4,4555,completed,6072901
4,4,4556,completed,6071693
4,4,4557,completed,5989234
4,4,4558,completed,5987402
4,4,4559,completed,5982610
4,4,4560,completed,5977235
4,4,4561,completed,5936068
4,4,4562,completed,5950068
4,4,4563,completed,5974068
4,4,4564,completed,5986235
4,4,4565,completed,5361403
4,4,4566,completed,5357778
4,4,4567,completed,5335987
4,4,4568,completed,5328111
4,4,4569,completed,6591192
4,4,4570,completed,6610317
4,4,4571,completed,6613900
4,4,4572,completed,6616941
4,4,4573,completed,5770610
4,4,4574,completed,5765151
4,4,4575,completed,5759402
4,4,4576,completed,5754026
4,4,4577,completed,6246609
4,4,4578,completed,6264151
4,4,4579,completed,6264984
4,4,4580,completed,6265693
4,4,4581,completed,5986109
4,4,4582,completed,6007193
4,4,4583,completed,6018735
4,4,4584,completed,6029943
4,4,4585,completed,5899527
4,4,4586,completed,5892359
4,4,4587,completed,5884527
4,4,4588,completed,5876818
4,4,4589,completed,6014485
4,4,4590,completed,6011776
4,4,4591,completed,6008609
4,4,4592,completed,6005235
4,4,4593,completed,6144693
4,4,4594,completed,6149526
4,4,4595,completed,6151276
4,4,4596,completed,6153026
4,4,4597,completed,5855360
4,4,4598,completed,5858026
4,4,4599,completed,5858985
4,4,4600,completed,5859943
4,4,4601,completed,5996902
4,4,4602,completed,6038526
4,4,4603,completed,6037026
4,4,4604,completed,6048151
4,4,4605,completed,5684319
4,4,4606,completed,5676027
4,4,4607,completed,5665319
4,4,4608,completed,5654486
4,4,4609,completed,6210192
4,4,4610,completed,6225317
4,4,4611,completed,6236317
4,4,4612,completed,6246609
4,4,4613,completed,6003818
4,4,4614,completed,6003234
4,4,4615,completed,5998859
4,4,4616,completed,5994402
4,4,4617,completed,6023943
4,4,4618,completed,6039026
4,4,4619,completed,6034860
4,4,4620,completed,6030860
4,4,4621,completed,6000777
4,4,4622,completed,6019818
4,4,4623,completed,6022568
4,4,4624,completed,6023068
4,4,4625,completed,5941859
4,4,4626,completed,5946276
4,4,4627,completed,5950984
4,4,4628,completed,5954984
4,4,4629,completed,5906735
4,4,4630,completed,5908068
4,4,4631,completed,5908151
4,4,4632,completed,5907526
4,4,4633,completed,6037151
4,4,4634,completed,6036818
4,4,4635,completed,6034485
4,4,4636,completed,6032693
4,4,4637,completed,5986193
4,4,4638,completed,6000359
4,4,4639,completed,6010943
4,4,4640,completed,6034776
4,4,4641,completed,5767777
4,4,4642,completed,5760694
4,4,4643,completed,5738319
4,4,4644,completed,5728402
4,4,4645,completed,6109943
4,4,4646,completed,6116317
4,4,4647,completed,6117442
4,4,4648,completed,6118693
4,4,4649,completed,6080401
4,4,4650,completed,6098067
4,4,4651,completed,6119901
4,4,4652,completed,6121360
4,4,4653,completed,5970152
4,4,4654,completed,5935151
4,4,4655,completed,5944693
4,4,4656,completed,5954318
4,4,4657,completed,6017985
4,4,4658,completed,6043193
4,4,4659,completed,6044193
4,4,4660,completed,6031568
4,4,4661,completed,5948110
4,4,4662,completed,5951943
4,4,4663,completed,5941818
4,4,4664,completed,5930693
4,4,4665,completed,6065109
4,4,4666,completed,6073693
4,4,4667,completed,6076442
4,4,4668,completed,6063776
4,4,4669,completed,5929985
4,4,4670,completed,5920943
4,4,4671,completed,5921027
4,4,4672,completed,5921319
4,4,4673,completed,6048651
4,4,4674,completed,6054984
4,4,4675,completed,6056359
4,4,4676,completed,6058067
4,4,4677,completed,5526777
4,4,4678,completed,5529319
4,4,4679,completed,5530069
4,4,4680,completed,5531069
4,4,4681,completed,6315026
4,4,4682,completed,6343234
4,4,4683,completed,6365984
4,4,4684,completed,6368233
4,4,4685,completed,5986318
4,4,4686,completed,5953610
4,4,4687,completed,5977652
4,4,4688,completed,5987902
4,4,4689,completed,6059151
4,4,4690,completed,6039276
4,4,4691,completed,6029151
4,4,4692,completed,6020359
4,4,4693,completed,5916026
4,4,4694,completed,5953152
4,4,4695,completed,5956235
4,4,4696,completed,5957484
4,4,4697,completed,5656152
4,4,4698,completed,5616069
4,4,4699,completed,5616152
4,4,4700,completed,5617027
4,4,4701,completed,6316233
4,4,4702,completed,6322984
4,4,4703,completed,6333358
4,4,4704,completed,6334776
4,4,4705,completed,5923151
4,4,4706,completed,5934235
4,4,4707,completed,5938568
4,4,4708,completed,5943109
4,4,4709,completed,6063443
4,4,4710,completed,6062985
4,4,4711,completed,6059818
4,4,4712,completed,6055693
4,4,4713,completed,5639277
4,4,4714,completed,5654027
4,4,4715,completed,5664902
4,4,4716,completed,5675444
4,4,4717,completed,6246443
4,4,4718,completed,6249400
4,4,4719,completed,6248276
4,4,4720,completed,6247859
4,4,4721,completed,6000026
4,4,4722,completed,6003943
4,4,4723,completed,6003901
4,4,4724,completed,6004860
4,4,4725,completed,5996693
4,4,4726,completed,5997943
4,4,4727,completed,5987818
4,4,4728,completed,5976860
4,4,4729,completed,5846443
4,4,4730,completed,5859568
4,4,4731,completed,5872818
4,4,4732,completed,5885693
4,4,4733,completed,6143192
4,4,4734,completed,6135443
4,4,4735,completed,6124609
4,4,4736,completed,6114193
4,4,4737,completed,5966443
4,4,4738,completed,5977276
4,4,4739,completed,5965276
4,4,4740,completed,5965777
4,4,4741,completed,6046318
4,4,4742,completed,6040943
4,4,4743,completed,6042443
4,4,4744,completed,6044276
4,4,4745,completed,5922777
4,4,4746,completed,5922152
4,4,4747,completed,5922484
4,4,4748,completed,5922652
4,4,4749,completed,5525945
4,4,4750,completed,5530986
4,4,4751,completed,5532028
4,4,4752,completed,5533361
4,4,4753,completed,6411734
4,4,4754,completed,6415484
4,4,4755,completed,6416734
4,4,4756,completed,6417858
4,4,4757,completed,6165318
4,4,4758,completed,6185817
4,4,4759,completed,6197317
4,4,4760,completed,6207734
4,4,4761,completed,5818819
4,4,4762,completed,5808069
4,4,4763,completed,5797444
4,4,4764,completed,5787777
4,4,4765,completed,6002443
4,4,4766,completed,6008610
4,4,4767,completed,6010443
4,4,4768,completed,6012192
4,4,4769,completed,6032860
4,4,4770,completed,6037152
4,4,4771,completed,6023360
4,4,4772,completed,6023984
4,4,4773,completed,5976860
4,4,4774,completed,5976818
4,4,4775,completed,5977776
4,4,4776,completed,5979402
4,4,4777,completed,5975652
4,4,4778,completed,5971860
4,4,4779,completed,5976235
4,4,4780,completed,5980984
4,4,4781,completed,5898485
4,4,4782,completed,5945985
4,4,4783,completed,5948485
4,4,4784,completed,5961526
4,4,4785,completed,6117567
4,4,4786,completed,6098567
4,4,4787,completed,6111109
4,4,4788,completed,6122901
4,4,4789,completed,5735485
4,4,4790,completed,5730319
4,4,4791,completed,5719235
4,4,4792,completed,5709486
4,4,4793,completed,6271901
4,4,4794,completed,6276984
4,4,4795,completed,6279108
4,4,4796,completed,6281109
4,4,4797,completed,5802694
4,4,4798,completed,5816152
4,4,4799,completed,5817402
4,4,4800,completed,5817902
4,4,4801,completed,6015151
4,4,4802,completed,6006693
4,4,4803,completed,6015026
4,4,4804,completed,6021901
4,4,4805,completed,5720402
4,4,4806,completed,5711986
4,4,4807,completed,5705610
4,4,4808,completed,5699569
4,4,4809,completed,6168692
4,4,4810,completed,6181276
4,4,4811,completed,6188068
4,4,4812,completed,6194567
4,4,4813,completed,6003276
4,4,4814,completed,5999109
4,4,4815,completed,5993401
4,4,4816,completed,5988110
4,4,4817,completed,5994276
4,4,4818,completed,5996068
4,4,4819,completed,5997527
4,4,4820,completed,5998985
4,4,4821,completed,5992568
4,4,4822,completed,5996401
4,4,4823,completed,5997402
4,4,4824,completed,5998360
4,4,4825,completed,5992901
4,4,4826,completed,6011860
4,4,4827,completed,6038776
4,4,4828,completed,6049901
4,4,4829,completed,5971735
4,4,4830,completed,5960526
4,4,4831,completed,5959651
4,4,4832,completed,5973610
4,4,4833,completed,5549361
4,4,4834,completed,5553986
4,4,4835,completed,5537444
4,4,4836,completed,5533985
4,4,4837,completed,6412609
4,4,4838,completed,6409275
4,4,4839,completed,6403025
4,4,4840,completed,6396733
4,4,4841,completed,6027776
4,4,4842,completed,6055401
4,4,4843,completed,6066568
4,4,4844,completed,6077610
4,4,4845,completed,5956152
4,4,4846,completed,5947234
4,4,4847,completed,5937235
4,4,4848,completed,5927901
4,4,4849,completed,5422612
4,4,4850,completed,5430944
4,4,4851,completed,5422695
4,4,4852,completed,5427861
4,4,4853,completed,6508609
4,4,4854,completed,6506484
4,4,4855,completed,6502608
4,4,4856,completed,6498692
4,4,4857,completed,6034110
4,4,4858,completed,6038193
4,4,4859,completed,6038943
4,4,4860,completed,6039443
4,4,4861,completed,5890151
4,4,4862,completed,5895985
4,4,4863,completed,5897485
4,4,4864,completed,5898735
4,4,4865,completed,6040068
4,4,4866,completed,6052610
4,4,4867,completed,6085735
4,4,4868,completed,6087818
4,4,4869,completed,6006901
4,4,4870,completed,5978818
4,4,4871,completed,5945110
4,4,4872,completed,5944151
4,4,4873,completed,5964193
4,4,4874,completed,5951860
4,4,4875,completed,5961860
4,4,4876,completed,5987985
4,4,4877,completed,6039526
4,4,4878,completed,6046734
4,4,4879,completed,6031818
4,4,4880,completed,6012735
4,4,4881,completed,5954569
4,4,4882,completed,5949402
4,4,4883,completed,5942693
4,4,4884,completed,5934984
4,4,4885,completed,5960776
4,4,4886,completed,5953485
4,4,4887,completed,5969735
4,4,4888,completed,5970777
4,4,4889,completed,5728694
4,4,4890,completed,5697694
4,4,4891,completed,5697819
4,4,4892,completed,5698027
4,4,4893,completed,6228318
4,4,4894,completed,6230609
4,4,4895,completed,6232442
4,4,4896,completed,6234234
4,4,4897,completed,6011401
4,4,4898,completed,6029568
4,4,4899,completed,6035318
4,4,4900,completed,6040818
4,4,4901,completed,6027526
4,4,4902,completed,6033109
4,4,4903,completed,6029067
4,4,4904,completed,6025943
4,4,4905,completed,5678736
4,4,4906,completed,5689111
4,4,4907,completed,5695944
4,4,4908,completed,5702777
4,4,4909,completed,5710985
4,4,4910,completed,5714111
4,4,4911,completed,5711777
4,4,4912,completed,5711027
4,4,4913,completed,6442400
4,4,4914,completed,6439067
4,4,4915,completed,6434025
4,4,4916,completed,6429234
4,4,4917,completed,6016693
4,4,4918,completed,6017985
4,4,4919,completed,6024193
4,4,4920,completed,6029985
4,4,4921,completed,5553277
4,4,4922,completed,5562527
4,4,4923,completed,5558819
4,4,4924,completed,5554569
4,4,4925,completed,6407108
4,4,4926,completed,6406525
4,4,4927,completed,6412859
4,4,4928,completed,6418109
4,4,4929,completed,6010818
4,4,4930,completed,6005984
4,4,4931,completed,6000776
4,4,4932,completed,5996318
4,4,4933,completed,5999109
4,4,4934,completed,6000568
4,4,4935,completed,6001235
4,4,4936,completed,6002068
4,4,4937,completed,5979193
4,4,4938,completed,5964318
4,4,4939,completed,5989818
4,4,4940,completed,6001860
4,4,4941,completed,5591777
4,4,4942,completed,5567486
4,4,4943,completed,5555361
4,4,4944,completed,5544735
4,4,4945,completed,6350109
4,4,4946,completed,6355109
4,4,4947,completed,6356442
4,4,4948,completed,6358067
4,4,4949,completed,6025485
4,4,4950,completed,6042402
4,4,4951,completed,6043068
4,4,4952,completed,6043484
4,4,4953,completed,5505944
4,4,4954,completed,5517278
4,4,4955,completed,5523527
4,4,4956,completed,5529444
4,4,4957,completed,6433608
4,4,4958,completed,6432651
4,4,4959,completed,6428358
4,4,4960,completed,6424025
4,4,4961,completed,6066942
4,4,4962,completed,6049901
4,4,4963,completed,6050234
4,4,4964,completed,6050318
4,4,4965,completed,6073859
4,4,4966,completed,6080609
4,4,4967,completed,6081443
4,4,4968,completed,6082609
4,4,4969,completed,5850902
4,4,4970,completed,5840110
4,4,4971,completed,5840360
4,4,4972,completed,5841026
4,4,4973,completed,6088609
4,4,4974,completed,6090943
4,4,4975,completed,6091568
4,4,4976,completed,6092485
4,4,4977,completed,5816360
4,4,4978,completed,5825985
4,4,4979,completed,5826818
4,4,4980,completed,5827485
4,4,4981,completed,5984651
4,4,4982,completed,5997235
4,4,4983,completed,6005068
4,4,4984,completed,6011651
4,4,4985,completed,5777860
4,4,4986,completed,5784152
4,4,4987,completed,5784319
4,4,4988,completed,5784568
4,4,4989,completed,6227734
4,4,4990,completed,6256026
4,4,4991,completed,6252484
4,4,4992,completed,6248025
4,4,4993,completed,5941110
4,4,4994,completed,5935610
4,4,4995,completed,5936151
4,4,4996,completed,5936902
4,4,4997,completed,5966235
4,4,4998,completed,5971693
4,4,4999,completed,5971818
4,4,5000,completed,5972276
4,4,5001,completed,5994235
4,4,5002,completed,6025985
4,4,5003,completed,6027526
4,4,5004,completed,6029318
4,4,5005,completed,7052607
4,4,5006,completed,7050148
4,4,5007,completed,7050399
4,4,5008,completed,7050398
4,4,5009,completed,5894527
4,4,5010,completed,5909819
4,4,5011,completed,5912235
4,4,5012,completed,5923152
4,4,5013,completed,5909777
4,4,5014,completed,5906652
4,4,5015,completed,5900943
4,4,5016,completed,5894527
4,4,5017,completed,5995442
4,4,5018,completed,6001234
4,4,5019,completed,6003193
4,4,5020,completed,6005026
4,4,5021,completed,5979234
4,4,5022,completed,5989443
4,4,5023,completed,5984818
4,4,5024,completed,5968943
4,4,5025,completed,5996776
4,4,5026,completed,5985859
4,4,5027,completed,5986651
4,4,5028,completed,5988026
4,4,5029,completed,6003485
4,4,5030,completed,6024026
4,4,5031,completed,6030068
4,4,5032,completed,6036443
4,4,5033,completed,5963735
4,4,5034,completed,5962359
4,4,5035,completed,5956818
4,4,5036,completed,5951193
4,4,5037,completed,5970359
4,4,5038,completed,5937984
4,4,5039,completed,5937610
4,4,5040,completed,5939110
4,4,5041,completed,6015859
4,4,5042,completed,6036860
4,4,5043,completed,6042443
4,4,5044,completed,6053151
4,4,5045,completed,5949776
4,4,5046,completed,5955360
4,4,5047,completed,5954651
4,4,5048,completed,5941443
4,4,5049,completed,5979943
4,4,5050,completed,5987693
4,4,5051,completed,5990110
4,4,5052,completed,5992151
4,4,5053,completed,6164692
4,4,5054,completed,6162192
4,4,5055,completed,6156359
4,4,5056,completed,6150776
4,4,5057,completed,5815943
4,4,5058,completed,5823777
4,4,5059,completed,5824276
4,4,5060,completed,5824401
4,4,5061,completed,5967110
4,4,5062,completed,5966276
4,4,5063,completed,5972693
4,4,5064,completed,5978277
4,4,5065,completed,5998318
4,4,5066,completed,6001651
4,4,5067,completed,5995860
4,4,5068,completed,5991110
4,4,5069,completed,5983943
4,4,5070,completed,5999609
4,4,5071,completed,6007568
4,4,5072,completed,6014068
4,4,5073,completed,6047443
4,4,5074,completed,6037485
4,4,5075,completed,6031109
4,4,5076,completed,6015068
4,4,5077,completed,5529694
4,4,5078,completed,5548985
4,4,5079,completed,5550278
4,4,5080,completed,5550778
4,4,5081,completed,6420400
4,4,5082,completed,6434900
4,4,5083,completed,6445275
4,4,5084,completed,6457358
4,4,5085,completed,6117026
4,4,5086,completed,6107526
4,4,5087,completed,6096026
4,4,5088,completed,6085235
4,4,5089,completed,6685275
4,4,5090,completed,6688775
4,4,5091,completed,6690858
4,4,5092,completed,6692192
4,4,5093,completed,5272403
4,4,5094,completed,5290361
4,4,5095,completed,5297778
4,4,5096,completed,5304028
4,4,5097,completed,6557191
4,4,5098,completed,6554858
4,4,5099,completed,6549400
4,4,5100,completed,6543609
4,4,5101,completed,5948193
4,4,5102,completed,5934652
4,4,5103,completed,5935569
4,4,5104,completed,5935985
4,4,5105,completed,6003609
4,4,5106,completed,5990818
4,4,5107,completed,5991276
4,4,5108,completed,5991777
4,4,5109,completed,5946694
4,4,5110,completed,5950777
4,4,5111,completed,5951818
4,4,5112,completed,5952235
4,4,5113,completed,6102818
4,4,5114,completed,6107610
4,4,5115,completed,6108568
4,4,5116,completed,6108526
4,4,5117,completed,5851818
4,4,5118,completed,5857776
4,4,5119,completed,5860235
4,4,5120,completed,5860026
4,4,5121,completed,5985193
4,4,5122,completed,5972776
4,4,5123,completed,5972860
4,4,5124,completed,5973859
4,4,5125,completed,5982484
4,4,5126,completed,5983943
4,4,5127,completed,5984860
4,4,5128,completed,5985901
4,4,5129,completed,5976526
4,4,5130,completed,5978068
4,4,5131,completed,5978818
4,4,5132,completed,5979568
4,4,5133,completed,6080567
4,4,5134,completed,6090901
4,4,5135,completed,6092610
4,4,5136,completed,6094235
4,4,5137,completed,5458611
4,4,5138,completed,5448152
4,4,5139,completed,5448277
4,4,5140,completed,5448320
4,4,5141,completed,6336026
4,4,5142,completed,6340650
4,4,5143,completed,6344484
4,4,5144,completed,6348275
4,4,5145,completed,6063902
4,4,5146,completed,6072068
4,4,5147,completed,6073443
4,4,5148,completed,6074901
4,4,5149,completed,5911568
4,4,5150,completed,5909818
4,4,5151,completed,5905234
4,4,5152,completed,5901151
4,4,5153,completed,7494647
4,4,5154,completed,7512022
4,4,5155,completed,7521022
4,4,5156,completed,7533314
4,4,5157,completed,5836610
4,4,5158,completed,5834110
4,4,5159,completed,5826443
4,4,5160,completed,5816902
4,4,5161,completed,5923568
4,4,5162,completed,5928151
4,4,5163,completed,5938359
4,4,5164,completed,5962235
4,4,5165,completed,6040110
4,4,5166,completed,6054860
4,4,5167,completed,6057609
4,4,5168,completed,6045068
4,4,5169,completed,5944568
4,4,5170,completed,5945193
4,4,5171,completed,5958485
4,4,5172,completed,5959360
4,4,5173,completed,6054152
4,4,5174,completed,6054110
4,4,5175,completed,6054192
4,4,5176,completed,6054026
4,4,5177,completed,5953901
4,4,5178,completed,5975568
4,4,5179,completed,5967568
4,4,5180,completed,5958110
4,4,5181,completed,5677194
4,4,5182,completed,5671235
4,4,5183,completed,5683527
4,4,5184,completed,5694819
4,4,5185,completed,6137776
4,4,5186,completed,6126568
4,4,5187,completed,6115443
4,4,5188,completed,6105276
4,4,5189,completed,6081360
4,4,5190,completed,6084235
4,4,5191,completed,6084360
4,4,5192,completed,6084901
4,4,5193,completed,6031901
4,4,5194,completed,6035276
4,4,5195,completed,6036735
4,4,5196,completed,6038568
4,4,5197,completed,5952443
4,4,5198,completed,5980318
4,4,5199,completed,5988610
4,4,5200,completed,5997401
4,4,5201,completed,5542319
4,4,5202,completed,5537236
4,4,5203,completed,5529736
4,4,5204,completed,5521528
4,4,5205,completed,6442401
4,4,5206,completed,6449275
4,4,5207,completed,6450859
4,4,5208,completed,6453400
4,4,5209,completed,6001485
4,4,5210,completed,6009817
4,4,5211,completed,6011317
4,4,5212,completed,6013484
4,4,5213,completed,5906151
4,4,5214,completed,5926193
4,4,5215,completed,5938110
4,4,5216,completed,5949026
4,4,5217,completed,5979652
4,4,5218,completed,5992401
4,4,5219,completed,5989318
4,4,5220,completed,5986568
4,4,5221,completed,6001943
4,4,5222,completed,5999985
4,4,5223,completed,5992443
4,4,5224,completed,5985068
4,4,5225,completed,5928735
4,4,5226,completed,5929527
4,4,5227,completed,5930652
4,4,5228,completed,5931735
4,4,5229,completed,5974735
4,4,5230,completed,5975693
4,4,5231,completed,5976693
4,4,5232,completed,5964568
4,4,5233,completed,5988568
4,4,5234,completed,5989901
4,4,5235,completed,5990067
4,4,5236,completed,5990609
4,4,5237,completed,5997735
4,4,5238,completed,6020818
4,4,5239,completed,6022735
4,4,5240,completed,6025026
4,4,5241,completed,7085065
4,4,5242,completed,7085273
4,4,5243,completed,7086565
4,4,5244,completed,7086982
4,4,5245,completed,5850110
4,4,5246,completed,5873776
4,4,5247,completed,5886902
4,4,5248,completed,5899277
4,4,5249,completed,5952068
4,4,5250,completed,5972276
4,4,5251,completed,5961651
4,4,5252,completed,5950443
4,4,5253,completed,5996610
4,4,5254,completed,5972443
4,4,5255,completed,5972526
4,4,5256,completed,5973484
4,4,5257,completed,5435778
4,4,5258,completed,5455736
4,4,5259,completed,5468403
4,4,5260,completed,5480694
4,4,5261,completed,6473608
4,4,5262,completed,6463359
4,4,5263,completed,6451733
4,4,5264,completed,6440400
4,4,5265,completed,6050735
4,4,5266,completed,6083651
4,4,5267,completed,6098235
4,4,5268,completed,6110943
4,4,5269,completed,5652611
4,4,5270,completed,5641444
4,4,5271,completed,5629736
4,4,5272,completed,5619152
4,4,5273,completed,6226817
4,4,5274,completed,6227734
4,4,5275,completed,6229109
4,4,5276,completed,6230193
4,4,5277,completed,6001193
4,4,5278,completed,6003152
4,4,5279,completed,6003568
4,4,5280,completed,6003693
4,4,5281,completed,6033859
4,4,5282,completed,6055609
4,4,5283,completed,6067817
4,4,5284,completed,6080151
4,4,5285,completed,6038068
4,4,5286,completed,6029526
4,4,5287,completed,6025693
4,4,5288,completed,6014943
4,4,5289,completed,5891526
4,4,5290,completed,5914651
4,4,5291,completed,5921860
4,4,5292,completed,5927651
4,4,5293,completed,6079317
4,4,5294,completed,6081359
4,4,5295,completed,6086484
4,4,5296,completed,6091359
4,4,5297,completed,5896276
4,4,5298,completed,5913944
4,4,5299,completed,5905818
4,4,5300,completed,5896693
4,4,5301,completed,5978402
4,4,5302,completed,5945818
4,4,5303,completed,5946651
4,4,5304,completed,5947443
4,4,5305,completed,5983193
4,4,5306,completed,5945485
4,4,5307,completed,5945776
4,4,5308,completed,5946776
4,4,5309,completed,5692193
4,4,5310,completed,5724360
4,4,5311,completed,5736777
4,4,5312,completed,5734235
4,4,5313,completed,6259693
4,4,5314,completed,6248984
4,4,5315,completed,6238818
4,4,5316,completed,6229609
4,4,5317,completed,5964818
4,4,5318,completed,5964443
4,4,5319,completed,5965152
4,4,5320,completed,5966068
4,4,5321,completed,6001735
4,4,5322,completed,6004151
4,4,5323,completed,6004193
4,4,5324,completed,6004235
4,4,5325,completed,5960110
4,4,5326,completed,5979318
4,4,5327,completed,5990818
4,4,5328,completed,6001318
4,4,5329,completed,6019401
4,4,5330,completed,6021776
4,4,5331,completed,6036110
4,4,5332,completed,6036401
4,4,5333,completed,5971360
4,4,5334,completed,5958943
4,4,5335,completed,5952485
4,4,5336,completed,5946360
4,4,5337,completed,5996193
4,4,5338,completed,6005234
4,4,5339,completed,6010860
4,4,5340,completed,6031734
4,4,5341,completed,5596069
4,4,5342,completed,5602028
4,4,5343,completed,5586902
4,4,5344,completed,5583027
4,4,5345,completed,6012693
4,4,5346,completed,6019109
4,4,5347,completed,6012152
4,4,5348,completed,6004610
4,4,5349,completed,6293067
4,4,5350,completed,6284692
4,4,5351,completed,6288359
4,4,5352,completed,6292234
4,4,5353,completed,6061652
4,4,5354,completed,6060527
4,4,5355,completed,6057902
4,4,5356,completed,6055151
4,4,5357,completed,6052776
4,4,5358,completed,6069026
4,4,5359,completed,6079860
4,4,5360,completed,6076610
4,4,5361,completed,5955776
4,4,5362,completed,5963943
4,4,5363,completed,5964943
4,4,5364,completed,5965902
4,4,5365,completed,5988526
4,4,5366,completed,5984276
4,4,5367,completed,5974568
4,4,5368,completed,5965193
4,4,5369,completed,6072192
4,4,5370,completed,6062985
4,4,5371,completed,6064526
4,4,5372,completed,6064651
4,4,5373,completed,5699194
4,4,5374,completed,5709777
4,4,5375,completed,5712360
4,4,5376,completed,5713694
4,4,5377,completed,5860444
4,4,5378,completed,5878193
4,4,5379,completed,5878527
4,4,5380,completed,5878776
4,4,5381,completed,5949859
4,4,5382,completed,5962777
4,4,5383,completed,5962985
4,4,5384,completed,5963152
4,4,5385,completed,5930235
4,4,5386,completed,5958943
4,4,5387,completed,5960527
4,4,5388,completed,5961485
4,4,5389,completed,5919610
4,4,5390,completed,5925068
4,4,5391,completed,5932860
4,4,5392,completed,5933235
4,4,5393,completed,5941610
4,4,5394,completed,5943026
4,4,5395,completed,5943693
4,4,5396,completed,5943943
4,4,5397,completed,6926899
4,4,5398,completed,6950857
4,4,5399,completed,6961232
4,4,5400,completed,6969399
4,4,5401,completed,6126151
4,4,5402,completed,6133276
4,4,5403,completed,6134443
4,4,5404,completed,6142193
4,4,5405,completed,5869985
4,4,5406,completed,5862568
4,4,5407,completed,5848110
4,4,5408,completed,5840943
4,4,5409,completed,6030943
4,4,5410,completed,6033235
4,4,5411,completed,6033860
4,4,5412,completed,6034109
4,4,5413,completed,5830693
4,4,5414,completed,5833110
4,4,5415,completed,5833318
4,4,5416,completed,5833693
4,4,5417,completed,6223443
4,4,5418,completed,6231817
4,4,5419,completed,6233234
4,4,5420,completed,6234067
4,4,5421,completed,5827319
4,4,5422,completed,5833068
4,4,5423,completed,5833735
4,4,5424,completed,5834402
4,4,5425,completed,6020027
4,4,5426,completed,6029651
4,4,5427,completed,6038777
4,4,5428,completed,5986526
4,4,5429,completed,5950151
4,4,5430,completed,5942609
4,4,5431,completed,5934360
4,4,5432,completed,5926568
4,4,5433,completed,5997443
4,4,5434,completed,6010776
4,4,5435,completed,6023818
4,4,5436,completed,6024402
4,4,5437,completed,5990610
4,4,5438,completed,5977401
4,4,5439,completed,5987651
4,4,5440,completed,5988484
4,4,5441,completed,5961651
4,4,5442,completed,5965401
4,4,5443,completed,5971526
4,4,5444,completed,5986985
4,4,5445,completed,5999109
4,4,5446,completed,5991026
4,4,5447,completed,5986026
4,4,5448,completed,5971485
4,4,5449,completed,5973276
4,4,5450,completed,5973068
4,4,5451,completed,5961110
4,4,5452,completed,5962027
4,4,5453,completed,5994151
4,4,5454,completed,5996234
4,4,5455,completed,5996692
4,4,5456,completed,5996901
4,4,5457,completed,5975152
4,4,5458,completed,5990026
4,4,5459,completed,6001110
4,4,5460,completed,6026610
4,4,5461,completed,5977109
4,4,5462,completed,5980277
4,4,5463,completed,5980193
4,4,5464,completed,5950610
4,4,5465,completed,6026026
4,4,5466,completed,6038235
4,4,5467,completed,6029610
4,4,5468,completed,6019818
4,4,5469,completed,5971568
4,4,5470,completed,5947485
4,4,5471,completed,5948068
4,4,5472,completed,5948984
4,4,5473,completed,5982359
4,4,5474,completed,5994943
4,4,5475,completed,6002026
4,4,5476,completed,6009526
4,4,5477,completed,5981693
4,4,5478,completed,5989152
4,4,5479,completed,5988318
4,4,5480,completed,5976276
4,4,5481,completed,5987276
4,4,5482,completed,5993152
4,4,5483,completed,5996193
4,4,5484,completed,6000734
4,4,5485,completed,5996609
4,4,5486,completed,5999402
4,4,5487,completed,6000026
4,4,5488,completed,6035318
4,4,5489,completed,5974609
4,4,5490,completed,5968234
4,4,5491,completed,5943110
4,4,5492,completed,5870818
4,4,5493,completed,6012359
4,4,5494,completed,6016484
4,4,5495,completed,6017776
4,4,5496,completed,6018776
4,4,5497,completed,5697652
4,4,5498,completed,5704902
4,4,5499,completed,5691402
4,4,5500,completed,5692610
4,4,5501,completed,6232692
4,4,5502,completed,6247609
4,4,5503,completed,6257484
4,4,5504,completed,6266651
4,4,5505,completed,6010527
4,4,5506,completed,6013568
4,4,5507,completed,6027193
4,4,5508,completed,6028027
4,4,5509,completed,6077192
4,4,5510,completed,6068943
4,4,5511,completed,6045151
4,4,5512,completed,6034526
4,4,5513,completed,5399778
4,4,5514,completed,5409028
4,4,5515,completed,5410194
4,4,5516,completed,5411111
4,4,5517,completed,6555733
4,4,5518,completed,6558816
4,4,5519,completed,6559233
4,4,5520,completed,6559775
4,4,5521,completed,6925691
4,4,5522,completed,6920899
4,4,5523,completed,6921524
4,4,5524,completed,6923232
4,4,5525,completed,5791485
4,4,5526,completed,5790402
4,4,5527,completed,5790694
4,4,5528,completed,5791277
4,4,5529,completed,6077276
4,4,5530,completed,6080818
4,4,5531,completed,6082277
4,4,5532,completed,6083902
4,4,5533,completed,5445903
4,4,5534,completed,5430986
4,4,5535,completed,5431278
4,4,5536,completed,5432320
4,4,5537,completed,6477816
4,4,5538,completed,6483025
4,4,5539,completed,6484358
4,4,5540,completed,6485859
4,4,5541,completed,5775068
4,4,5542,completed,5804526
4,4,5543,completed,5815443
4,4,5544,completed,5827318
4,4,5545,completed,6179526
4,4,5546,completed,6170692
4,4,5547,completed,6160609
4,4,5548,completed,6150443
4,4,5549,completed,6014693
4,4,5550,completed,6051776
4,4,5551,completed,6062568
4,4,5552,completed,6071360
4,4,5553,completed,5989568
4,4,5554,completed,5983193
4,4,5555,completed,5974693
4,4,5556,completed,5966568
4,4,5557,completed,5930402
4,4,5558,completed,5945818
4,4,5559,completed,5953943
4,4,5560,completed,5966527
4,4,5561,completed,5904235
4,4,5562,completed,5930152
4,4,5563,completed,5920943
4,4,5564,completed,5916734
4,4,5565,completed,6076234
4,4,5566,completed,6070735
4,4,5567,completed,6071234
4,4,5568,completed,6072276
4,4,5569,completed,5985027
4,4,5570,completed,5998026
4,4,5571,completed,6005026
4,4,5572,completed,6012317
4,4,5573,completed,5601152
4,4,5574,completed,5600236
4,4,5575,completed,5594194
4,4,5576,completed,5588777
4,4,5577,completed,6306693
4,4,5578,completed,6302151
4,4,5579,completed,6303068
4,4,5580,completed,6304151
4,4,5581,completed,6141776
4,4,5582,completed,6142651
4,4,5583,completed,6143567
4,4,5584,completed,6144734
4,4,5585,completed,5904485
4,4,5586,completed,5932527
4,4,5587,completed,5945610
4,4,5588,completed,5958235
4,4,5589,completed,5973901
4,4,5590,completed,5965401
4,4,5591,completed,5955359
4,4,5592,completed,5946526
4,4,5593,completed,5904652
4,4,5594,completed,5910485
4,4,5595,completed,5911693
4,4,5596,completed,5911943
4,4,5597,completed,6001485
4,4,5598,completed,6004818
4,4,5599,completed,6012193
4,4,5600,completed,6018735
4,4,5601,completed,5994943
4,4,5602,completed,5999693
4,4,5603,completed,5999359
4,4,5604,completed,5998234
4,4,5605,completed,5482194
4,4,5606,completed,5484070
4,4,5607,completed,5483569
4,4,5608,completed,5482819
4,4,5609,completed,6152109
4,4,5610,completed,6158817
4,4,5611,completed,6159818
4,4,5612,completed,6213192
4,4,5613,completed,6297359
4,4,5614,completed,6301484
4,4,5615,completed,6301484
4,4,5616,completed,6228026
4,4,5617,completed,6050652
4,4,5618,completed,6052485
4,4,5619,completed,6048401
4,4,5620,completed,6059484
4,4,5621,completed,5830110
4,4,5622,completed,5842568
4,4,5623,completed,5848235
4,4,5624,completed,5853943
4,4,5625,completed,6104776
4,4,5626,completed,6099401
4,4,5627,completed,6093860
4,4,5628,completed,6088401
4,4,5629,completed,5593110
4,4,5630,completed,5620986
4,4,5631,completed,5625152
4,4,5632,completed,5627569
4,4,5633,completed,6335776
4,4,5634,completed,6310234
4,4,5635,completed,6309776
4,4,5636,completed,6310442
4,4,5637,completed,6014359
4,4,5638,completed,6026443
4,4,5639,completed,6029818
4,4,5640,completed,6033693
4,4,5641,completed,5999277
4,4,5642,completed,5999276
4,4,5643,completed,5997151
4,4,5644,completed,5994110
4,4,5645,completed,5909568
4,4,5646,completed,5922902
4,4,5647,completed,5930359
4,4,5648,completed,5937151
4,4,5649,completed,5754693
4,4,5650,completed,5748485
4,4,5651,completed,5742360
4,4,5652,completed,5737444
4,4,5653,completed,6283651
4,4,5654,completed,6285401
4,4,5655,completed,6286401
4,4,5656,completed,6287359
4,4,5657,completed,6109234
4,4,5658,completed,6104068
4,4,5659,completed,6104401
4,4,5660,completed,6104651
4,4,5661,completed,5793402
4,4,5662,completed,5799860
4,4,5663,completed,5800526
4,4,5664,completed,5801610
4,4,5665,completed,6052235
4,4,5666,completed,6054110
4,4,5667,completed,6060651
4,4,5668,completed,6066942
4,4,5669,completed,6083401
4,4,5670,completed,6077901
4,4,5671,completed,6072485
4,4,5672,completed,6066777
4,4,5673,completed,5897193
4,4,5674,completed,5915109
4,4,5675,completed,5916610
4,4,5676,completed,5918610
4,4,5677,completed,5478653
4,4,5678,completed,5475820
4,4,5679,completed,5482486
4,4,5680,completed,5488444
4,4,5681,completed,6468191
4,4,5682,completed,6461733
4,4,5683,completed,6456400
4,4,5684,completed,6450775
4,4,5685,completed,5642444
4,4,5686,completed,5648652
4,4,5687,completed,5650153
4,4,5688,completed,5651694
4,4,5689,completed,6113901
4,4,5690,completed,6132942
4,4,5691,completed,6144609
4,4,5692,completed,6155817
4,4,5693,completed,5931194
4,4,5694,completed,5928901
4,4,5695,completed,5919443
4,4,5696,completed,5908610
4,4,5697,completed,5914568
4,4,5698,completed,5904234
4,4,5699,completed,5904485
4,4,5700,completed,5905777
4,4,5701,completed,6319442
4,4,5702,completed,6322026
4,4,5703,completed,6322609
4,4,5704,completed,6323567
4,4,5705,completed,5456278
4,4,5706,completed,5458319
4,4,5707,completed,5459236
4,4,5708,completed,5459903
4,4,5709,completed,6502317
4,4,5710,completed,6513192
4,4,5711,completed,6520400
4,4,5712,completed,6527066
4,4,5713,completed,6019026
4,4,5714,completed,6020026
4,4,5715,completed,6018526
4,4,5716,completed,6016193
4,4,5717,completed,6026776
4,4,5718,completed,6032651
4,4,5719,completed,6029443
4,4,5720,completed,6026360
4,4,5721,completed,5968527
4,4,5722,completed,5969693
4,4,5723,completed,5975985
4,4,5724,completed,5982026
4,4,5725,completed,5997443
4,4,5726,completed,6008027
4,4,5727,completed,6019276
4,4,5728,completed,5996692
4,4,5729,completed,5999443
4,4,5730,completed,6004610
4,4,5731,completed,5999609
4,4,5732,completed,5995734
4,4,5733,completed,5932401
4,4,5734,completed,5949526
4,4,5735,completed,5972734
4,4,5736,completed,5985443
4,4,5737,completed,5975859
4,4,5738,completed,5965985
4,4,5739,completed,5942444
4,4,5740,completed,5931151
4,4,5741,completed,6000401
4,4,5742,completed,6005026
4,4,5743,completed,6006443
4,4,5744,completed,6008526
4,4,5745,completed,5914526
4,4,5746,completed,5927235
4,4,5747,completed,5934401
4,4,5748,completed,5941152
4,4,5749,completed,6032359
4,4,5750,completed,6027151
4,4,5751,completed,6021692
4,4,5752,completed,6016317
4,4,5753,completed,6024984
4,4,5754,completed,6026985
4,4,5755,completed,6027401
4,4,5756,completed,6028110
4,4,5757,completed,5950235
4,4,5758,completed,5922735
4,4,5759,completed,5923568
4,4,5760,completed,5924943
4,4,5761,completed,6006401
4,4,5762,completed,6016527
4,4,5763,completed,6023401
4,4,5764,completed,6029693
4,4,5765,completed,5987859
4,4,5766,completed,5996443
4,4,5767,completed,5996068
4,4,5768,completed,5997317
4,4,5769,completed,6003068
4,4,5770,completed,6024442
4,4,5771,completed,6029943
4,4,5772,completed,6022901
4,4,5773,completed,5955860
4,4,5774,completed,5944818
4,4,5775,completed,5944276
4,4,5776,completed,5944026
4,4,5777,completed,5981943
4,4,5778,completed,5982776
4,4,5779,completed,5978110
4,4,5780,completed,5973526
4,4,5781,completed,6035776
4,4,5782,completed,6033568
4,4,5783,completed,6029610
4,4,5784,completed,6039151
4,4,5785,completed,5969027
4,4,5786,completed,5984485
4,4,5787,completed,5985818
4,4,5788,completed,5987527
4,4,5789,completed,6019443
4,4,5790,completed,5999527
4,4,5791,completed,6000776
4,4,5792,completed,6001985
4,4,5793,completed,5927818
4,4,5794,completed,5945694
4,4,5795,completed,5946860
4,4,5796,completed,5948485
4,4,5797,completed,5965610
4,4,5798,completed,6008693
4,4,5799,completed,6020526
4,4,5800,completed,6032609
4,4,5801,completed,5940069
4,4,5802,completed,5928902
4,4,5803,completed,5918735
4,4,5804,completed,5908027
4,4,5805,completed,5966734
4,4,5806,completed,5968193
4,4,5807,completed,5969193
4,4,5808,completed,5970360
4,4,5809,completed,6111026
4,4,5810,completed,6132317
4,4,5811,completed,6144234
4,4,5812,completed,6155109
4,4,5813,completed,5890735
4,4,5814,completed,5900484
4,4,5815,completed,5891485
4,4,5816,completed,5882444
4,4,5817,completed,5942818
4,4,5818,completed,5959318
4,4,5819,completed,5983443
4,4,5820,completed,5995276
4,4,5821,completed,6021860
4,4,5822,completed,6011651
4,4,5823,completed,6005902
4,4,5824,completed,6000068
4,4,5825,completed,6076359
4,4,5826,completed,6087401
4,4,5827,completed,6093318
4,4,5828,completed,6098067
4,4,5829,completed,5988984
4,4,5830,completed,5980902
4,4,5831,completed,5970818
4,4,5832,completed,5961527
4,4,5833,completed,5873402
4,4,5834,completed,5877568
4,4,5835,completed,5892443
4,4,5836,completed,5894485
4,4,5837,completed,5936777
4,4,5838,completed,5952860
4,4,5839,completed,5963818
4,4,5840,completed,5988901
4,4,5841,completed,6012943
4,4,5842,completed,6008151
4,4,5843,completed,5998984
4,4,5844,completed,5988776
4,4,5845,completed,5892860
4,4,5846,completed,5912360
4,4,5847,completed,5924110
4,4,5848,completed,5936068
4,4,5849,completed,6035443
4,4,5850,completed,6037443
4,4,5851,completed,6049693
4,4,5852,completed,6041068
4,4,5853,completed,5994943
4,4,5854,completed,5976110
4,4,5855,completed,6031235
4,4,5856,completed,6032109
4,4,5857,completed,5875110
4,4,5858,completed,5891401
4,4,5859,completed,5903109
4,4,5860,completed,5928110
4,4,5861,completed,6013193
4,4,5862,completed,6034235
4,4,5863,completed,6021735
4,4,5864,completed,6020443
4,4,5865,completed,5963235
4,4,5866,completed,5963860
4,4,5867,completed,5971735
4,4,5868,completed,5967776
4,4,5869,completed,6024402
4,4,5870,completed,6025818
4,4,5871,completed,6030860
4,4,5872,completed,6035193
4,4,5873,completed,5956152
4,4,5874,completed,5981402
4,4,5875,completed,5979235
4,4,5876,completed,5976818
4,4,5877,completed,5945776
4,4,5878,completed,5948526
4,4,5879,completed,5941277
4,4,5880,completed,5932943
4,4,5881,completed,6121901
4,4,5882,completed,6128068
4,4,5883,completed,6140817
4,4,5884,completed,6152817
4,4,5885,completed,5899943
4,4,5886,completed,5897652
4,4,5887,completed,5888068
4,4,5888,completed,5878985
4,4,5889,completed,5713277
4,4,5890,completed,5705652
4,4,5891,completed,5706152
4,4,5892,completed,5706944
4,4,5893,completed,6287901
4,4,5894,completed,6288776
4,4,5895,completed,6289609
4,4,5896,completed,6290775
4,4,5897,completed,5926651
4,4,5898,completed,5948443
4,4,5899,completed,5960693
4,4,5900,completed,5971943
4,4,5901,completed,5652235
4,4,5902,completed,5650444
4,4,5903,completed,5647068
4,4,5904,completed,5644318
4,4,5905,completed,5774236
4,4,5906,completed,5786319
4,4,5907,completed,5789027
4,4,5908,completed,5792319
4,4,5909,completed,6492609
4,4,5910,completed,6482316
4,4,5911,completed,6471441
4,4,5912,completed,6461567
4,4,5913,completed,5986109
4,4,5914,completed,5996984
4,4,5915,completed,6003276
4,4,5916,completed,6020443
4,4,5917,completed,6102734
4,4,5918,completed,6103068
4,4,5919,completed,6098026
4,4,5920,completed,6072442
4,4,5921,completed,7101690
4,4,5922,completed,7106024
4,4,5923,completed,7109523
4,4,5924,completed,7113857
4,4,5925,completed,5294695
4,4,5926,completed,5301611
4,4,5927,completed,5301819
4,4,5928,completed,5301862
4,4,5929,completed,6416150
4,4,5930,completed,6415109
4,4,5931,completed,6411483
4,4,5932,completed,6408317
4,4,5933,completed,6079318
4,4,5934,completed,6087068
4,4,5935,completed,6088234
4,4,5936,completed,6088734
4,4,5937,completed,5954401
4,4,5938,completed,5947151
4,4,5939,completed,5947402
4,4,5940,completed,5948068
4,4,5941,completed,6027110
4,4,5942,completed,6039818
4,4,5943,completed,6041193
4,4,5944,completed,6042235
4,4,5945,completed,6003026
4,4,5946,completed,6002860
4,4,5947,completed,6006151
4,4,5948,completed,6010151
4,4,5949,completed,6008860
4,4,5950,completed,6009068
4,4,5951,completed,6005985
4,4,5952,completed,6002777
4,4,5953,completed,5985110
4,4,5954,completed,5995193
4,4,5955,completed,5996443
4,4,5956,completed,5997151
4,4,5957,completed,5968985
4,4,5958,completed,5972735
4,4,5959,completed,5976735
4,4,5960,completed,5981068
4,4,5961,completed,6021068
4,4,5962,completed,6019401
4,4,5963,completed,6015985
4,4,5964,completed,6012485
4,4,5965,completed,6015735
4,4,5966,completed,6014734
4,4,5967,completed,6015276
4,4,5968,completed,6015776
4,4,5969,completed,6105360
4,4,5970,completed,6107859
4,4,5971,completed,6108609
4,4,5972,completed,6109443
4,4,5973,completed,5717818
4,4,5974,completed,5730402
4,4,5975,completed,5742277
4,4,5976,completed,5767402
4,4,5977,completed,5668527
4,4,5978,completed,5660527
4,4,5979,completed,5650568
4,4,5980,completed,5626361
4,4,5981,completed,6240901
4,4,5982,completed,6248443
4,4,5983,completed,6252484
4,4,5984,completed,6255609
4,4,5985,completed,5936527
4,4,5986,completed,5945485
4,4,5987,completed,5946859
4,4,5988,completed,5947859
4,4,5989,completed,5957318
4,4,5990,completed,5962901
4,4,5991,completed,5960026
4,4,5992,completed,5956485
4,4,5993,completed,6192067
4,4,5994,completed,6192442
4,4,5995,completed,6196984
4,4,5996,completed,6201901
4,4,5997,completed,5472944
4,4,5998,completed,5475986
4,4,5999,completed,5475777
4,4,6000,completed,5475402
4,4,6001,completed,5925610
4,4,6002,completed,5923318
4,4,6003,completed,5919359
4,4,6004,completed,5915735
4,4,6005,completed,6492900
4,4,6006,completed,6505067
4,4,6007,completed,6506233
4,4,6008,completed,6507400
4,4,6009,completed,6032152
4,4,6010,completed,6039401
4,4,6011,completed,6066234
4,4,6012,completed,6068984
4,4,6013,completed,5997984
4,4,6014,completed,5988235
4,4,6015,completed,5946985
4,4,6016,completed,5946402
4,4,6017,completed,5970610
4,4,6018,completed,5995610
4,4,6019,completed,5997817
4,4,6020,completed,5999401
4,4,6021,completed,5806027
4,4,6022,completed,5775318
4,4,6023,completed,5786402
4,4,6024,completed,5797527
4,4,6025,completed,5812360
4,4,6026,completed,5804319
4,4,6027,completed,5793318
4,4,6028,completed,5782277
4,4,6029,completed,6340442
4,4,6030,completed,6362942
4,4,6031,completed,6374025
4,4,6032,completed,6395817
4,4,6033,completed,5986026
4,4,6034,completed,5989359
4,4,6035,completed,5952276
4,4,6036,completed,5974860
4,4,6037,completed,6004068
4,4,6038,completed,6007735
4,4,6039,completed,6006318
4,4,6040,completed,5984277
4,4,6041,completed,5969984
4,4,6042,completed,5929068
4,4,6043,completed,5929652
4,4,6044,completed,5930652
4,4,6045,completed,5965443
4,4,6046,completed,5970027
4,4,6047,completed,5973485
4,4,6048,completed,5976901
4,4,6049,completed,6082360
4,4,6050,completed,6087068
4,4,6051,completed,6084984
4,4,6052,completed,6082943
4,4,6053,completed,5908360
4,4,6054,completed,5920776
4,4,6055,completed,5931860
4,4,6056,completed,5942568
4,4,6057,completed,6000193
4,4,6058,completed,5995860
4,4,6059,completed,5989152
4,4,6060,completed,5951776
4,4,6061,completed,6041860
4,4,6062,completed,6047776
4,4,6063,completed,6045443
4,4,6064,completed,6043068
4,4,6065,completed,5915443
4,4,6066,completed,5927693
4,4,6067,completed,5940026
4,4,6068,completed,5962401
4,4,6069,completed,6028943
4,4,6070,completed,6056026
4,4,6071,completed,6057359
4,4,6072,completed,6045402
4,4,6073,completed,5988651
4,4,6074,completed,5983943
4,4,6075,completed,5973776
4,4,6076,completed,5963360
4,4,6077,completed,5932485
4,4,6078,completed,5931943
4,4,6079,completed,5933277
4,4,6080,completed,5934443
4,4,6081,completed,5975568
4,4,6082,completed,5977860
4,4,6083,completed,5965735
4,4,6084,completed,5967193
4,4,6085,completed,5960693
4,4,6086,completed,5974610
4,4,6087,completed,5985818
4,4,6088,completed,5996610
4,4,6089,completed,6002901
4,4,6090,completed,6009151
4,4,6091,completed,6009734
4,4,6092,completed,6023318
4,4,6093,completed,5866777
4,4,6094,completed,5859527
4,4,6095,completed,5837277
4,4,6096,completed,5826569
4,4,6097,completed,6107818
4,4,6098,completed,6110027
4,4,6099,completed,6111568
4,4,6100,completed,6112776
4,4,6101,completed,5977651
4,4,6102,completed,5990943
4,4,6103,completed,6001734
4,4,6104,completed,6025360
4,4,6105,completed,5848902
4,4,6106,completed,5844443
4,4,6107,completed,5837943
4,4,6108,completed,5804693
4,4,6109,completed,6132109
4,4,6110,completed,6132318
4,4,6111,completed,6129526
4,4,6112,completed,6126942
4,4,6113,completed,6005151
4,4,6114,completed,6008443
4,4,6115,completed,6009693
4,4,6116,completed,6011234
4,4,6117,completed,5794568
4,4,6118,completed,5790443
4,4,6119,completed,5809527
4,4,6120,completed,5818443
4,4,6121,completed,6111026
4,4,6122,completed,6121526
4,4,6123,completed,6112026
4,4,6124,completed,6114109
4,4,6125,completed,6012526
4,4,6126,completed,6014818
4,4,6127,completed,6014985
4,4,6128,completed,6028276
4,4,6129,completed,5962027
4,4,6130,completed,5959443
4,4,6131,completed,5941026
4,4,6132,completed,5933194
4,4,6133,completed,6009443
4,4,6134,completed,6019068
4,4,6135,completed,6024984
4,4,6136,completed,6030776
4,4,6137,completed,6026193
4,4,6138,completed,6033026
4,4,6139,completed,6024485
4,4,6140,completed,6003360
4,4,6141,completed,5960235
4,4,6142,completed,5986360
4,4,6143,completed,5991068
4,4,6144,completed,5996735
4,4,6145,completed,5975443
4,4,6146,completed,5972902
4,4,6147,completed,5968818
4,4,6148,completed,5964652
4,4,6149,completed,5934735
4,4,6150,completed,5952693
4,4,6151,completed,5964151
4,4,6152,completed,5989693
4,4,6153,completed,5991277
4,4,6154,completed,5991443
4,4,6155,completed,5973318
4,4,6156,completed,5950735
4,4,6157,completed,6050860
4,4,6158,completed,6046485
4,4,6159,completed,6041026
4,4,6160,completed,6036068
4,4,6161,completed,5887318
4,4,6162,completed,5893319
4,4,6163,completed,5894693
4,4,6164,completed,5896110
4,4,6165,completed,6018734
4,4,6166,completed,6021526
4,4,6167,completed,6012527
4,4,6168,completed,6014068
4,4,6169,completed,6045026
4,4,6170,completed,6045901
4,4,6171,completed,6046901
4,4,6172,completed,6048109
4,4,6173,completed,5909569
4,4,6174,completed,5922318
4,4,6175,completed,5932735
4,4,6176,completed,5943027
4,4,6177,completed,6001110
4,4,6178,completed,6006526
4,4,6179,completed,6006985
4,4,6180,completed,5989818
4,4,6181,completed,5992693
4,4,6182,completed,5985526
4,4,6183,completed,5963151
4,4,6184,completed,5952860
4,4,6185,completed,6005734
4,4,6186,completed,6042485
4,4,6187,completed,6053901
4,4,6188,completed,6066193
4,4,6189,completed,5695985
4,4,6190,completed,5728985
4,4,6191,completed,5729194
4,4,6192,completed,5728485
4,4,6193,completed,6196359
4,4,6194,completed,6197734
4,4,6195,completed,6197484
4,4,6196,completed,6210401
4,4,6197,completed,5937943
4,4,6198,completed,5936652
4,4,6199,completed,5932484
4,4,6200,completed,5899026
4,4,6201,completed,6069943
4,4,6202,completed,6095193
4,4,6203,completed,6100026
4,4,6204,completed,6104651
4,4,6205,completed,5750318
4,4,6206,completed,5741736
4,4,6207,completed,5731944
4,4,6208,completed,5722402
4,4,6209,completed,5895235
4,4,6210,completed,5889277
4,4,6211,completed,5893485
4,4,6212,completed,5897735
4,4,6213,completed,6245900
4,4,6214,completed,6248442
4,4,6215,completed,6248401
4,4,6216,completed,6247567
4,4,6217,completed,6127734
4,4,6218,completed,6130984
4,4,6219,completed,6127401
4,4,6220,completed,6124485
4,4,6221,completed,5860902
4,4,6222,completed,5886277
4,4,6223,completed,5914735
4,4,6224,completed,5926443
4,4,6225,completed,5990901
4,4,6226,completed,5962776
4,4,6227,completed,5951652
4,4,6228,completed,5940860
4,4,6229,completed,5984734
4,4,6230,completed,6001901
4,4,6231,completed,6003610
4,4,6232,completed,6013984
4,4,6233,completed,5973359
4,4,6234,completed,5971359
4,4,6235,completed,5998859
4,4,6236,completed,6002234
4,4,6237,completed,6012859
4,4,6238,completed,6010276
4,4,6239,completed,5967318
4,4,6240,completed,5967401
4,4,6241,completed,5966276
4,4,6242,completed,5995734
4,4,6243,completed,6003818
4,4,6244,completed,6011151
4,4,6245,completed,5938443
4,4,6246,completed,5930485
4,4,6247,completed,5924068
4,4,6248,completed,5918152
4,4,6249,completed,6077151
4,4,6250,completed,6084485
4,4,6251,completed,6085734
4,4,6252,completed,6086984
4,4,6253,completed,5907026
4,4,6254,completed,5907693
4,4,6255,completed,5915401
4,4,6256,completed,5932652
4,4,6257,completed,5411611
4,4,6258,completed,5413612
4,4,6259,completed,5413570
4,4,6260,completed,5391903
4,4,6261,completed,6548733
4,4,6262,completed,6550567
4,4,6263,completed,6545691
4,4,6264,completed,6540692
4,4,6265,completed,5965651
4,4,6266,completed,5968859
4,4,6267,completed,5973068
4,4,6268,completed,5978610
4,4,6269,completed,6062110
4,4,6270,completed,6071526
4,4,6271,completed,6074026
4,4,6272,completed,6076193
4,4,6273,completed,5662027
4,4,6274,completed,5661777
4,4,6275,completed,5656693
4,4,6276,completed,5651652
4,4,6277,completed,5399569
4,4,6278,completed,5422778
4,4,6279,completed,5425820
4,4,6280,completed,5427778
4,4,6281,completed,6813732
4,4,6282,completed,6789274
4,4,6283,completed,6789232
4,4,6284,completed,6789525
4,4,6285,completed,5617152
4,4,6286,completed,5619944
4,4,6287,completed,5621278
4,4,6288,completed,5623028
4,4,6289,completed,6332900
4,4,6290,completed,6333692
4,4,6291,completed,6333900
4,4,6292,completed,6333817
4,4,6293,completed,6028402
4,4,6294,completed,6039901
4,4,6295,completed,6044734
4,4,6296,completed,6050276
4,4,6297,completed,5990276
4,4,6298,completed,5999193
4,4,6299,completed,6001027
4,4,6300,completed,6002693
4,4,6301,completed,5998693
4,4,6302,completed,6003985
4,4,6303,completed,6004109
4,4,6304,completed,6013485
4,4,6305,completed,5954152
4,4,6306,completed,5968693
4,4,6307,completed,5968901
4,4,6308,completed,5957818
4,4,6309,completed,6061735
4,4,6310,completed,6073985
4,4,6311,completed,6079818
4,4,6312,completed,6086442
4,4,6313,completed,5938652
4,4,6314,completed,5927943
4,4,6315,completed,5916901
4,4,6316,completed,5906152
4,4,6317,completed,5977151
4,4,6318,completed,5996568
4,4,6319,completed,5998568
4,4,6320,completed,6000109
4,4,6321,completed,5999860
4,4,6322,completed,5988901
4,4,6323,completed,5990568
4,4,6324,completed,5992651
4,4,6325,completed,5990526
4,4,6326,completed,5992026
4,4,6327,completed,5992401
4,4,6328,completed,5992693
4,4,6329,completed,5972735
4,4,6330,completed,5989193
4,4,6331,completed,6003777
4,4,6332,completed,6016859
4,4,6333,completed,5994484
4,4,6334,completed,5996318
4,4,6335,completed,5988068
4,4,6336,completed,5982110
4,4,6337,completed,5977526
4,4,6338,completed,5972901
4,4,6339,completed,5957818
4,4,6340,completed,5953068
4,4,6341,completed,5997652
4,4,6342,completed,5999818
4,4,6343,completed,6000777
4,4,6344,completed,6001735
4,4,6345,completed,5956360
4,4,6346,completed,5940526
4,4,6347,completed,5946860
4,4,6348,completed,5954193
4,4,6349,completed,6079318
4,4,6350,completed,6079568
4,4,6351,completed,6073652
4,4,6352,completed,6068234
4,4,6353,completed,5931819
4,4,6354,completed,5950360
4,4,6355,completed,5952860
4,4,6356,completed,5953693
4,4,6357,completed,5966151
4,4,6358,completed,5951193
4,4,6359,completed,5956902
4,4,6360,completed,5963318
4,4,6361,completed,5974359
4,4,6362,completed,5989693
4,4,6363,completed,5985110
4,4,6364,completed,5969527
4,4,6365,completed,6007110
4,4,6366,completed,5996318
4,4,6367,completed,5997902
4,4,6368,completed,6000152
4,4,6369,completed,5975735
4,4,6370,completed,5950984
4,4,6371,completed,5956359
4,4,6372,completed,5971776
4,4,6373,completed,5998860
4,4,6374,completed,6032943
4,4,6375,completed,6030109
4,4,6376,completed,6015277
4,4,6377,completed,5951859
4,4,6378,completed,5925026
4,4,6379,completed,5925568
4,4,6380,completed,5926735
4,4,6381,completed,5446945
4,4,6382,completed,5449694
4,4,6383,completed,5450153
4,4,6384,completed,5451444
4,4,6385,completed,6495400
4,4,6386,completed,6518525
4,4,6387,completed,6530650
4,4,6388,completed,6542191
4,4,6389,completed,6022526
4,4,6390,completed,6038610
4,4,6391,completed,6029318
4,4,6392,completed,6004818
4,4,6393,completed,6110901
4,4,6394,completed,6117734
4,4,6395,completed,6136609
4,4,6396,completed,6138192
4,4,6397,completed,5908068
4,4,6398,completed,5845610
4,4,6399,completed,5854818
4,4,6400,completed,5865152
4,4,6401,completed,5888152
4,4,6402,completed,5892235
4,4,6403,completed,5881901
4,4,6404,completed,5842068
4,4,6405,completed,6603692
4,4,6406,completed,6620024
4,4,6407,completed,6627316
4,4,6408,completed,6632441
4,4,6409,completed,5836610
4,4,6410,completed,5848943
4,4,6411,completed,5854818
4,4,6412,completed,5861735
4,4,6413,completed,6650149
4,4,6414,completed,6651899
4,4,6415,completed,6646441
4,4,6416,completed,6639858
4,4,6417,completed,5885526
4,4,6418,completed,5901735
4,4,6419,completed,5908151
4,4,6420,completed,5911735
4,4,6421,completed,5939526
4,4,6422,completed,5943276
4,4,6423,completed,5939568
4,4,6424,completed,5943610
4,4,6425,completed,5985651
4,4,6426,completed,5959068
4,4,6427,completed,5982860
4,4,6428,completed,5995735
4,4,6429,completed,6008943
4,4,6430,completed,6000318
4,4,6431,completed,5989026
4,4,6432,completed,5977902
4,4,6433,completed,5730985
4,4,6434,completed,5747485
4,4,6435,completed,5758735
4,4,6436,completed,5770068
4,4,6437,completed,6184067
4,4,6438,completed,6185151
4,4,6439,completed,6182317
4,4,6440,completed,6178984
4,4,6441,completed,5985693
4,4,6442,completed,5987443
4,4,6443,completed,5985484
4,4,6444,completed,5984401
4,4,6445,completed,6010068
4,4,6446,completed,6006276
4,4,6447,completed,6001193
4,4,6448,completed,5996610
4,4,6449,completed,5892319
4,4,6450,completed,5896152
4,4,6451,completed,5897360
4,4,6452,completed,5898360
4,4,6453,completed,6060651
4,4,6454,completed,6064485
4,4,6455,completed,6065568
4,4,6456,completed,6066193
4,4,6457,completed,5998276
4,4,6458,completed,5999985
4,4,6459,completed,6000901
4,4,6460,completed,6001651
4,4,6461,completed,6076568
4,4,6462,completed,6105401
4,4,6463,completed,6114901
4,4,6464,completed,6122485
4,4,6465,completed,5899651
4,4,6466,completed,5923402
4,4,6467,completed,5926818
4,4,6468,completed,5930152
4,4,6469,completed,5944401
4,4,6470,completed,5933151
4,4,6471,completed,5922693
4,4,6472,completed,5912943
4,4,6473,completed,6099443
4,4,6474,completed,6102985
4,4,6475,completed,6104192
4,4,6476,completed,6105276
4,4,6477,completed,5866527
4,4,6478,completed,5880860
4,4,6479,completed,5891777
4,4,6480,completed,5915943
4,4,6481,completed,6040735
4,4,6482,completed,6045193
4,4,6483,completed,6044317
4,4,6484,completed,6016026
4,4,6485,completed,5993360
4,4,6486,completed,6000651
4,4,6487,completed,5996609
4,4,6488,completed,5992652
4,4,6489,completed,5527944
4,4,6490,completed,5535069
4,4,6491,completed,5530195
4,4,6492,completed,5525111
4,4,6493,completed,6288901
4,4,6494,completed,6300026
4,4,6495,completed,6300776
4,4,6496,completed,6301401
4,4,6497,completed,6479192
4,4,6498,completed,6479650
4,4,6499,completed,6480233
4,4,6500,completed,6481025
4,4,6501,completed,6454650
4,4,6502,completed,6471900
4,4,6503,completed,6483109
4,4,6504,completed,6494775
4,4,6505,completed,6135693
4,4,6506,completed,6149859
4,4,6507,completed,6150901
4,4,6508,completed,6148567
4,4,6509,completed,5863194
4,4,6510,completed,5865235
4,4,6511,completed,5866194
4,4,6512,completed,5878193
4,4,6513,completed,5986026
4,4,6514,completed,5989151
4,4,6515,completed,5955152
4,4,6516,completed,5978151
4,4,6517,completed,6036277
4,4,6518,completed,6041818
4,4,6519,completed,6028777
4,4,6520,completed,6014485
4,4,6521,completed,5940193
4,4,6522,completed,5949651
4,4,6523,completed,5950860
4,4,6524,completed,5964985
4,4,6525,completed,5901777
4,4,6526,completed,5893360
4,4,6527,completed,5870151
4,4,6528,completed,5860110
4,4,6529,completed,5896693
4,4,6530,completed,5900985
4,4,6531,completed,5901443
4,4,6532,completed,5902277
4,4,6533,completed,6138068
4,4,6534,completed,6138859
4,4,6535,completed,6139110
4,4,6536,completed,6140192
4,4,6537,completed,6049609
4,4,6538,completed,6079401
4,4,6539,completed,6088901
4,4,6540,completed,6099193
4,4,6541,completed,5507902
4,4,6542,completed,5509486
4,4,6543,completed,5506528
4,4,6544,completed,5504736
4,4,6545,completed,6383775
4,4,6546,completed,6378901
4,4,6547,completed,6373192
4,4,6548,completed,6367525
4,4,6549,completed,5531653
4,4,6550,completed,5540069
4,4,6551,completed,5541235
4,4,6552,completed,5542319
4,4,6553,completed,6380275
4,4,6554,completed,6374734
4,4,6555,completed,6379442
4,4,6556,completed,6383608
4,4,6557,completed,5547986
4,4,6558,completed,5545319
4,4,6559,completed,5541652
4,4,6560,completed,5539361
4,4,6561,completed,6479317
4,4,6562,completed,6485275
4,4,6563,completed,6486483
4,4,6564,completed,6487650
4,4,6565,completed,5993901
4,4,6566,completed,5997484
4,4,6567,completed,6022443
4,4,6568,completed,6023818
4,4,6569,completed,5977860
4,4,6570,completed,5968484
4,4,6571,completed,5931693
4,4,6572,completed,5932151
4,4,6573,completed,6016276
4,4,6574,completed,6047610
4,4,6575,completed,6058734
4,4,6576,completed,6070026
4,4,6577,completed,6011609
4,4,6578,completed,6002401
4,4,6579,completed,5994651
4,4,6580,completed,5983651
4,4,6581,completed,5932402
4,4,6582,completed,5945527
4,4,6583,completed,5968235
4,4,6584,completed,5976193
4,4,6585,completed,5960151
4,4,6586,completed,5947527
4,4,6587,completed,5942776
4,4,6588,completed,5938610
4,4,6589,completed,5964485
4,4,6590,completed,5964776
4,4,6591,completed,5964860
4,4,6592,completed,5965277
4,4,6593,completed,6036651
4,4,6594,completed,6036651
4,4,6595,completed,6033110
4,4,6596,completed,6030651
4,4,6597,completed,5980110
4,4,6598,completed,5994776
4,4,6599,completed,6005943
4,4,6600,completed,6029609
4,4,6601,completed,6003318
4,4,6602,completed,6005152
4,4,6603,completed,6018151
4,4,6604,completed,5981734
4,4,6605,completed,6002735
4,4,6606,completed,6016193
4,4,6607,completed,5986443
4,4,6608,completed,5986776
4,4,6609,completed,5905652
4,4,6610,completed,5910568
4,4,6611,completed,5914734
4,4,6612,completed,5923777
4,4,6613,completed,6041610
4,4,6614,completed,6074401
4,4,6615,completed,6078067
4,4,6616,completed,6084984
4,4,6617,completed,5976818
4,4,6618,completed,6004985
4,4,6619,completed,6005693
4,4,6620,completed,6005610
4,4,6621,completed,5929235
4,4,6622,completed,5931235
4,4,6623,completed,5922027
4,4,6624,completed,5911610
4,4,6625,completed,5988110
4,4,6626,completed,5983568
4,4,6627,completed,5993277
4,4,6628,completed,6003026
4,4,6629,completed,6002568
4,4,6630,completed,6006609
4,4,6631,completed,6003109
4,4,6632,completed,5996943
4,4,6633,completed,5984651
4,4,6634,completed,5991609
4,4,6635,completed,5969026
4,4,6636,completed,5988193
4,4,6637,completed,6060943
4,4,6638,completed,6065318
4,4,6639,completed,6031318
4,4,6640,completed,6037776
4,4,6641,completed,5917901
4,4,6642,completed,5934109
4,4,6643,completed,5974735
4,4,6644,completed,5974152
4,4,6645,completed,5994401
4,4,6646,completed,5971776
4,4,6647,completed,5974068
4,4,6648,completed,5978276
4,4,6649,completed,5951901
4,4,6650,completed,5933610
4,4,6651,completed,5926734
4,4,6652,completed,5919734
4,4,6653,completed,6007943
4,4,6654,completed,6019776
4,4,6655,completed,6027318
4,4,6656,completed,6046735
4,4,6657,completed,5995985
4,4,6658,completed,5997610
4,4,6659,completed,5992401
4,4,6660,completed,5973610
4,4,6661,completed,6009193
4,4,6662,completed,6025484
4,4,6663,completed,6021651
4,4,6664,completed,6008776
4,4,6665,completed,5952693
4,4,6666,completed,5984193
4,4,6667,completed,5987526
4,4,6668,completed,5988818
4,4,6669,completed,5960860
4,4,6670,completed,5943151
4,4,6671,completed,5945860
4,4,6672,completed,5949068
4,4,6673,completed,6011485
4,4,6674,completed,6045402
4,4,6675,completed,6053984
4,4,6676,completed,6053443
4,4,6677,completed,5904193
4,4,6678,completed,5889985
4,4,6679,completed,5879193
4,4,6680,completed,5868235
4,4,6681,completed,5944026
4,4,6682,completed,5958818
4,4,6683,completed,5970235
4,4,6684,completed,5981360
4,4,6685,completed,6064943
4,4,6686,completed,6068942
4,4,6687,completed,6069110
4,4,6688,completed,6083026
4,4,6689,completed,5986902
4,4,6690,completed,5992276
4,4,6691,completed,5992901
4,4,6692,completed,5992151
4,4,6693,completed,5993485
4,4,6694,completed,5996860
4,4,6695,completed,5993943
4,4,6696,completed,5977609
4,4,6697,completed,6244692
4,4,6698,completed,6240067
4,4,6699,completed,6232400
4,4,6700,completed,6212650
4,4,6701,completed,5744069
4,4,6702,completed,5723902
4,4,6703,completed,5732402
4,4,6704,completed,5743527
4,4,6705,completed,5641110
4,4,6706,completed,5619236
4,4,6707,completed,5608319
4,4,6708,completed,5598111
4,4,6709,completed,6307484
4,4,6710,completed,6325025
4,4,6711,completed,6335858
4,4,6712,completed,6359859
4,4,6713,completed,6045109
4,4,6714,completed,6052151
4,4,6715,completed,6052526
4,4,6716,completed,6038068
4,4,6717,completed,5781152
4,4,6718,completed,5781401
4,4,6719,completed,5771735
4,4,6720,completed,5763944
4,4,6721,completed,6115609
4,4,6722,completed,6121234
4,4,6723,completed,6121942
4,4,6724,completed,6121776
4,4,6725,completed,6025151
4,4,6726,completed,6032235
4,4,6727,completed,6023026
4,4,6728,completed,6030442
4,4,6729,completed,6004110
4,4,6730,completed,6010776
4,4,6731,completed,6004568
4,4,6732,completed,5997318
4,4,6733,completed,5922818
4,4,6734,completed,5920652
4,4,6735,completed,5931443
4,4,6736,completed,5954360
4,4,6737,completed,6004401
4,4,6738,completed,6008193
4,4,6739,completed,6001317
4,4,6740,completed,5982193
4,4,6741,completed,6185901
4,4,6742,completed,6191567
4,4,6743,completed,6187610
4,4,6744,completed,6182693
4,4,6745,completed,5787526
4,4,6746,completed,5794277
4,4,6747,completed,5796485
4,4,6748,completed,5797152
4,4,6749,completed,6019568
4,4,6750,completed,5996485
4,4,6751,completed,6005401
4,4,6752,completed,6013860
4,4,6753,completed,5955359
4,4,6754,completed,5969902
4,4,6755,completed,5961651
4,4,6756,completed,5954276
4,4,6757,completed,5949818
4,4,6758,completed,5941360
4,4,6759,completed,5942443
4,4,6760,completed,5943401
4,4,6761,completed,5988568
4,4,6762,completed,6017859
4,4,6763,completed,6030443
4,4,6764,completed,6042318
4,4,6765,completed,5935693
4,4,6766,completed,5922943
4,4,6767,completed,5910902
4,4,6768,completed,5899235
4,4,6769,completed,5991527
4,4,6770,completed,5990401
4,4,6771,completed,5991776
4,4,6772,completed,5992777
4,4,6773,completed,5989318
4,4,6774,completed,5991027
4,4,6775,completed,5991359
4,4,6776,completed,5991818
4,4,6777,completed,5968777
4,4,6778,completed,5983609
4,4,6779,completed,5994443
4,4,6780,completed,6018484
4,4,6781,completed,5996443
4,4,6782,completed,6004942
4,4,6783,completed,6020734
4,4,6784,completed,5998735
4,4,6785,completed,5978610
4,4,6786,completed,5968276
4,4,6787,completed,5927401
4,4,6788,completed,5926777
4,4,6789,completed,5992734
4,4,6790,completed,5993860
4,4,6791,completed,5995235
4,4,6792,completed,5997360
4,4,6793,completed,5995401
4,4,6794,completed,5995943
4,4,6795,completed,5996026
4,4,6796,completed,5996068
4,4,6797,completed,5981443
4,4,6798,completed,5986152
4,4,6799,completed,5987193
4,4,6800,completed,5988526
4,4,6801,completed,6045984
4,4,6802,completed,6049360
4,4,6803,completed,6050318
4,4,6804,completed,6051485
4,4,6805,completed,5563069
4,4,6806,completed,5583403
4,4,6807,completed,5585486
4,4,6808,completed,5586319
4,4,6809,completed,6468733
4,4,6810,completed,6453276
4,4,6811,completed,6454192
4,4,6812,completed,6455650
4,4,6813,completed,5839235
4,4,6814,completed,5853527
4,4,6815,completed,5864943
4,4,6816,completed,5889068
4,4,6817,completed,6004652
4,4,6818,completed,6012735
4,4,6819,completed,6028151
4,4,6820,completed,6014235
4,4,6821,completed,5967443
4,4,6822,completed,5956651
4,4,6823,completed,5956526
4,4,6824,completed,5968526
4,4,6825,completed,6026360
4,4,6826,completed,6048859
4,4,6827,completed,6049776
4,4,6828,completed,6037276
4,4,6829,completed,5920443
4,4,6830,completed,5916568
4,4,6831,completed,5905860
4,4,6832,completed,5894485
4,4,6833,completed,5983318
4,4,6834,completed,5995360
4,4,6835,completed,6006443
4,4,6836,completed,6016609
4,4,6837,completed,6116401
4,4,6838,completed,6120109
4,4,6839,completed,6120776
4,4,6840,completed,6120984
4,4,6841,completed,5886485
4,4,6842,completed,5895110
4,4,6843,completed,5911777
4,4,6844,completed,5912735
4,4,6845,completed,5994902
4,4,6846,completed,5970985
4,4,6847,completed,5960026
4,4,6848,completed,5949985
4,4,6849,completed,5996276
4,4,6850,completed,6011235
4,4,6851,completed,5997985
4,4,6852,completed,5998984
4,4,6853,completed,5949651
4,4,6854,completed,5967276
4,4,6855,completed,5993068
4,4,6856,completed,6004693
4,4,6857,completed,5973610
4,4,6858,completed,5949152
4,4,6859,completed,5938694
4,4,6860,completed,5928568
4,4,6861,completed,5990651
4,4,6862,completed,5993277
4,4,6863,completed,5994110
4,4,6864,completed,5995110
4,4,6865,completed,5993026
4,4,6866,completed,6007943
4,4,6867,completed,6032526
4,4,6868,completed,6042818
4,4,6869,completed,5983235
4,4,6870,completed,5975402
4,4,6871,completed,5987818
4,4,6872,completed,5980193
4,4,6873,completed,6000068
4,4,6874,completed,6022984
4,4,6875,completed,5989068
4,4,6876,completed,5989485
4,4,6877,completed,5954402
4,4,6878,completed,5930610
4,4,6879,completed,5931193
4,4,6880,completed,5931902
4,4,6881,completed,6014776
4,4,6882,completed,6044735
4,4,6883,completed,6053693
4,4,6884,completed,6062026
4,4,6885,completed,5949359
4,4,6886,completed,5955360
4,4,6887,completed,5949151
4,4,6888,completed,5941193
4,4,6889,completed,5965193
4,4,6890,completed,5948443
4,4,6891,completed,5954984
4,4,6892,completed,5961943
4,4,6893,completed,5985360
4,4,6894,completed,5989360
4,4,6895,completed,5983318
4,4,6896,completed,5978026
4,4,6897,completed,6009068
4,4,6898,completed,5994276
4,4,6899,completed,5995443
4,4,6900,completed,5996943
4,4,6901,completed,6000401
4,4,6902,completed,5993109
4,4,6903,completed,5992443
4,4,6904,completed,5991818
4,4,6905,completed,6012735
4,4,6906,completed,6019235
4,4,6907,completed,6020943
4,4,6908,completed,6022318
4,4,6909,completed,5928276
4,4,6910,completed,5961193
4,4,6911,completed,5973818
4,4,6912,completed,5983985
4,4,6913,completed,5951902
4,4,6914,completed,5941151
4,4,6915,completed,5929984
4,4,6916,completed,5920068
4,4,6917,completed,5992735
4,4,6918,completed,6007652
4,4,6919,completed,6009818
4,4,6920,completed,6011235
4,4,6921,completed,5901318
4,4,6922,completed,5911984
4,4,6923,completed,5918360
4,4,6924,completed,5925068
4,4,6925,completed,6020943
4,4,6926,completed,6017235
4,4,6927,completed,6010360
4,4,6928,completed,6004526
4,4,6929,completed,5988402
4,4,6930,completed,5989818
4,4,6931,completed,5990360
4,4,6932,completed,5990777
4,4,6933,completed,5971735
4,4,6934,completed,5982235
4,4,6935,completed,5988360
4,4,6936,completed,5994318
4,4,6937,completed,6074234
4,4,6938,completed,6089359
4,4,6939,completed,6084110
4,4,6940,completed,6079068
4,4,6941,completed,5911527
4,4,6942,completed,5910818
4,4,6943,completed,5917901
4,4,6944,completed,5924193
4,4,6945,completed,5992568
4,4,6946,completed,5986526
4,4,6947,completed,5980734
4,4,6948,completed,5963860
4,4,6949,completed,6053568
4,4,6950,completed,6084276
4,4,6951,completed,6088985
4,4,6952,completed,6090818
4,4,6953,completed,5416820
4,4,6954,completed,5395194
4,4,6955,completed,5395986
4,4,6956,completed,5396861
4,4,6957,completed,6458192
4,4,6958,completed,6456858
4,4,6959,completed,6456817
4,4,6960,completed,6456733
4,4,6961,completed,6093443
4,4,6962,completed,6113318
4,4,6963,completed,6124984
4,4,6964,completed,6135567
4,4,6965,completed,5897652
4,4,6966,completed,5887943
4,4,6967,completed,5877985
4,4,6968,completed,5868318
4,4,6969,completed,5951818
4,4,6970,completed,5960443
4,4,6971,completed,5951860
4,4,6972,completed,5956985
4,4,6973,completed,6014526
4,4,6974,completed,6012443
4,4,6975,completed,6008318
4,4,6976,completed,6004693
4,4,6977,completed,5969443
4,4,6978,completed,5978610
4,4,6979,completed,5984360
4,4,6980,completed,5989777
4,4,6981,completed,6107692
4,4,6982,completed,6116526
4,4,6983,completed,6116276
4,4,6984,completed,6115818
4,4,6985,completed,5880985
4,4,6986,completed,5889609
4,4,6987,completed,5891902
4,4,6988,completed,5893401
4,4,6989,completed,6126026
4,4,6990,completed,6132401
4,4,6991,completed,6132693
4,4,6992,completed,6122110
4,4,6993,completed,5901360
4,4,6994,completed,5910776
4,4,6995,completed,5904443
4,4,6996,completed,5899152
4,4,6997,completed,5611027
4,4,6998,completed,5608652
4,4,6999,completed,5614860
4,4,7000,completed,5620610
4,4,7001,completed,6301650
4,4,7002,completed,6296567
4,4,7003,completed,6290859
4,4,7004,completed,6285401
4,4,7005,completed,6020984
4,4,7006,completed,6040318
4,4,7007,completed,6042026
4,4,7008,completed,6044151
4,4,7009,completed,5927277
4,4,7010,completed,5921610
4,4,7011,completed,5921901
4,4,7012,completed,5922110
4,4,7013,completed,5999651
4,4,7014,completed,6011609
4,4,7015,completed,6030860
4,4,7016,completed,6037484
4,4,7017,completed,6000859
4,4,7018,completed,6001443
4,4,7019,completed,5995860
4,4,7020,completed,5990943
4,4,7021,completed,5945443
4,4,7022,completed,5956859
4,4,7023,completed,5971401
4,4,7024,completed,5978318
4,4,7025,completed,5598694
4,4,7026,completed,5595611
4,4,7027,completed,5581111
4,4,7028,completed,5574861
4,4,7029,completed,6319484
4,4,7030,completed,6330275
4,4,7031,completed,6336608
4,4,7032,completed,6342901
4,4,7033,completed,6016026
4,4,7034,completed,6019860
4,4,7035,completed,6019985
4,4,7036,completed,6020277
4,4,7037,completed,6012193
4,4,7038,completed,6024734
4,4,7039,completed,6024026
4,4,7040,completed,6022234
4,4,7041,completed,5936943
4,4,7042,completed,5934359
4,4,7043,completed,5931277
4,4,7044,completed,5921068
4,4,7045,completed,6042860
4,4,7046,completed,6043151
4,4,7047,completed,6043193
4,4,7048,completed,6043735
4,4,7049,completed,6092818
4,4,7050,completed,6099193
4,4,7051,completed,6100193
4,4,7052,completed,6100901
4,4,7053,completed,5950860
4,4,7054,completed,5948443
4,4,7055,completed,5949068
4,4,7056,completed,5949818
4,4,7057,completed,5919026
4,4,7058,completed,5909818
4,4,7059,completed,5909943
4,4,7060,completed,5910276
4,4,7061,completed,6019235
4,4,7062,completed,6038152
4,4,7063,completed,6052360
4,4,7064,completed,6064151
4,4,7065,completed,5907693
4,4,7066,completed,5894734
4,4,7067,completed,5884776
4,4,7068,completed,5874777
4,4,7069,completed,6033485
4,4,7070,completed,6047860
4,4,7071,completed,6048943
4,4,7072,completed,6048901
4,4,7073,completed,5981651
4,4,7074,completed,5971985
4,4,7075,completed,5973485
4,4,7076,completed,5974776
4,4,7077,completed,5856735
4,4,7078,completed,5865902
4,4,7079,completed,5871777
4,4,7080,completed,5877443
4,4,7081,completed,6064276
4,4,7082,completed,6063360
4,4,7083,completed,6057860
4,4,7084,completed,6052152
4,4,7085,completed,6010609
4,4,7086,completed,6014068
4,4,7087,completed,6014984
4,4,7088,completed,6015693
4,4,7089,completed,5929985
4,4,7090,completed,5948610
4,4,7091,completed,5960402
4,4,7092,completed,5971277
4,4,7093,completed,5974818
4,4,7094,completed,5973485
4,4,7095,completed,5970568
4,4,7096,completed,5933694
4,4,7097,completed,6073026
4,4,7098,completed,6092484
4,4,7099,completed,6099193
4,4,7100,completed,6102734
4,4,7101,completed,5921943
4,4,7102,completed,5909610
4,4,7103,completed,5898777
4,4,7104,completed,5889568
4,4,7105,completed,5678402
4,4,7106,completed,5701236
4,4,7107,completed,5712944
4,4,7108,completed,5723985
4,4,7109,completed,6276234
4,4,7110,completed,6279775
4,4,7111,completed,6278026
4,4,7112,completed,6277650
4,4,7113,completed,5991610
4,4,7114,completed,5993943
4,4,7115,completed,5994860
4,4,7116,completed,5962735
4,4,7117,completed,6013943
4,4,7118,completed,6008568
4,4,7119,completed,5998901
4,4,7120,completed,5977109
4,4,7121,completed,5967443
4,4,7122,completed,6010943
4,4,7123,completed,6016067
4,4,7124,completed,6019568
4,4,7125,completed,5951610
4,4,7126,completed,5961485
4,4,7127,completed,5977693
4,4,7128,completed,5975901
4,4,7129,completed,5986484
4,4,7130,completed,5960109
4,4,7131,completed,5971609
4,4,7132,completed,5971568
4,4,7133,completed,5967526
4,4,7134,completed,5954152
4,4,7135,completed,5964735
4,4,7136,completed,5988110
4,4,7137,completed,5977734
4,4,7138,completed,5970277
4,4,7139,completed,5960610
4,4,7140,completed,5937485
4,4,7141,completed,6024901
4,4,7142,completed,6050818
4,4,7143,completed,6052443
4,4,7144,completed,6053901
4,4,7145,completed,5950026
4,4,7146,completed,5934818
4,4,7147,completed,5935193
4,4,7148,completed,5935568
4,4,7149,completed,5973943
4,4,7150,completed,5980901
4,4,7151,completed,5981943
4,4,7152,completed,5982526
4,4,7153,completed,5923568
4,4,7154,completed,5934359
4,4,7155,completed,5939026
4,4,7156,completed,5943276
4,4,7157,completed,6022943
4,4,7158,completed,6036943
4,4,7159,completed,6057443
4,4,7160,completed,6063485
4,4,7161,completed,5978776
4,4,7162,completed,5956776
4,4,7163,completed,5946776
4,4,7164,completed,5937443
4,4,7165,completed,5979609
4,4,7166,completed,5981943
4,4,7167,completed,5983027
4,4,7168,completed,5983777
4,4,7169,completed,6018276
4,4,7170,completed,6050776
4,4,7171,completed,6062109
4,4,7172,completed,6073276
4,4,7173,completed,5962985
4,4,7174,completed,5957818
4,4,7175,completed,5960484
4,4,7176,completed,5951402
4,4,7177,completed,5934235
4,4,7178,completed,5951276
4,4,7179,completed,5962318
4,4,7180,completed,5982152
4,4,7181,completed,5976318
4,4,7182,completed,5977693
4,4,7183,completed,5943151
4,4,7184,completed,5952151
4,4,7185,completed,5983151
4,4,7186,completed,5982609
4,4,7187,completed,5973151
4,4,7188,completed,5963110
4,4,7189,completed,6001568
4,4,7190,completed,5992318
4,4,7191,completed,5992943
4,4,7192,completed,5994026
4,4,7193,completed,5994235
4,4,7194,completed,6009943
4,4,7195,completed,6018276
4,4,7196,completed,6047110
4,4,7197,completed,5980193
4,4,7198,completed,5986693
4,4,7199,completed,5968485
4,4,7200,completed,5964985
4,4,7201,completed,6020484
4,4,7202,completed,6036442
4,4,7203,completed,6027942
4,4,7204,completed,6004901
4,4,7205,completed,5940152
4,4,7206,completed,5946443
4,4,7207,completed,5947318
4,4,7208,completed,5948402
4,4,7209,completed,5977527
4,4,7210,completed,5957235
4,4,7211,completed,5982152
4,4,7212,completed,5984193
4,4,7213,completed,5999234
4,4,7214,completed,6014777
4,4,7215,completed,5976401
4,4,7216,completed,5976402
4,4,7217,completed,6029943
4,4,7218,completed,6027443
4,4,7219,completed,6039276
4,4,7220,completed,6050484
4,4,7221,completed,5911651
4,4,7222,completed,5901735
4,4,7223,completed,5890985
4,4,7224,completed,5880360
4,4,7225,completed,5994526
4,4,7226,completed,6003485
4,4,7227,completed,6010068
4,4,7228,completed,6016443
4,4,7229,completed,5775360
4,4,7230,completed,5774277
4,4,7231,completed,5768235
4,4,7232,completed,5742568
4,4,7233,completed,5805068
4,4,7234,completed,5832569
4,4,7235,completed,5842735
4,4,7236,completed,5851568
4,4,7237,completed,6464858
4,4,7238,completed,6460108
4,4,7239,completed,6452192
4,4,7240,completed,6451275
4,4,7241,completed,5938027
4,4,7242,completed,5961068
4,4,7243,completed,5973984
4,4,7244,completed,5987068
4,4,7245,completed,5946110
4,4,7246,completed,5964777
4,4,7247,completed,5964110
4,4,7248,completed,5962360
4,4,7249,completed,5964443
4,4,7250,completed,5956360
4,4,7251,completed,5946401
4,4,7252,completed,5937568
4,4,7253,completed,5550861
4,4,7254,completed,5532611
4,4,7255,completed,5533027
4,4,7256,completed,5533902
4,4,7257,completed,6350109
4,4,7258,completed,6351693
4,4,7259,completed,6352734
4,4,7260,completed,6353692
4,4,7261,completed,6066568
4,4,7262,completed,6070526
4,4,7263,completed,6071401
4,4,7264,completed,6072693
4,4,7265,completed,5916818
4,4,7266,completed,5932318
4,4,7267,completed,5943735
4,4,7268,completed,5969318
4,4,7269,completed,5992026
4,4,7270,completed,5991652
4,4,7271,completed,5969026
4,4,7272,completed,5956943
4,4,7273,completed,6068443
4,4,7274,completed,6065067
4,4,7275,completed,6066401
4,4,7276,completed,6067943
4,4,7277,completed,5872735
4,4,7278,completed,5876526
4,4,7279,completed,5881735
4,4,7280,completed,5885319
4,4,7281,completed,5999568
4,4,7282,completed,6006360
4,4,7283,completed,6012901
4,4,7284,completed,6019568
4,4,7285,completed,6018318
4,4,7286,completed,6011818
4,4,7287,completed,6002485
4,4,7288,completed,5993943
4,4,7289,completed,5974318
4,4,7290,completed,5975693
4,4,7291,completed,5976610
4,4,7292,completed,5977610
4,4,7293,completed,6044609
4,4,7294,completed,6050443
4,4,7295,completed,6051110
4,4,7296,completed,6051860
4,4,7297,completed,5637486
4,4,7298,completed,5655319
4,4,7299,completed,5665027
4,4,7300,completed,5677319
4,4,7301,completed,6247192
4,4,7302,completed,6251359
4,4,7303,completed,6249901
4,4,7304,completed,6248693
4,4,7305,completed,6111860
4,4,7306,completed,6114318
4,4,7307,completed,6114276
4,4,7308,completed,6100901
4,4,7309,completed,5884860
4,4,7310,completed,5888735
4,4,7311,completed,5888277
4,4,7312,completed,5896944
4,4,7313,completed,6002193
4,4,7314,completed,6024068
4,4,7315,completed,5984818
4,4,7316,completed,5985610
4,4,7317,completed,6037026
4,4,7318,completed,6009485
4,4,7319,completed,6010027
4,4,7320,completed,6011110
4,4,7321,completed,5514528
4,4,7322,completed,5520320
4,4,7323,completed,5530903
4,4,7324,completed,5540528
4,4,7325,completed,6512567
4,4,7326,completed,6504150
4,4,7327,completed,6494817
4,4,7328,completed,6485609
4,4,7329,completed,5845776
4,4,7330,completed,5846069
4,4,7331,completed,5846069
4,4,7332,completed,5846027
4,4,7333,completed,5997484
4,4,7334,completed,6012193
4,4,7335,completed,6035401
4,4,7336,completed,6037985
4,4,7337,completed,6028610
4,4,7338,completed,6029151
4,4,7339,completed,5993943
4,4,7340,completed,5993527
4,4,7341,completed,5929193
4,4,7342,completed,5940068
4,4,7343,completed,5945068
4,4,7344,completed,5949193
4,4,7345,completed,6004818
4,4,7346,completed,6012276
4,4,7347,completed,6027235
4,4,7348,completed,6025359
4,4,7349,completed,5966360
4,4,7350,completed,5938110
4,4,7351,completed,5948110
4,4,7352,completed,5957318
4,4,7353,completed,5983485
4,4,7354,completed,5989276
4,4,7355,completed,5989068
4,4,7356,completed,5976693
4,4,7357,completed,6009777
4,4,7358,completed,6003402
4,4,7359,completed,5994068
4,4,7360,completed,5985109
4,4,7361,completed,6053234
4,4,7362,completed,6076276
4,4,7363,completed,6078609
4,4,7364,completed,6079859
4,4,7365,completed,5904651
4,4,7366,completed,5899193
4,4,7367,completed,5924027
4,4,7368,completed,5925902
4,4,7369,completed,5421528
4,4,7370,completed,5429153
4,4,7371,completed,5400778
4,4,7372,completed,5411528
4,4,7373,completed,6663775
4,4,7374,completed,6655233
4,4,7375,completed,6644941
4,4,7376,completed,6634941
4,4,7377,completed,5841527
4,4,7378,completed,5847151
4,4,7379,completed,5851569
4,4,7380,completed,5855152
4,4,7381,completed,6074026
4,4,7382,completed,6088735
4,4,7383,completed,6095735
4,4,7384,completed,6103276
4,4,7385,completed,5918443
4,4,7386,completed,5918068
4,4,7387,completed,5909068
4,4,7388,completed,5898526
4,4,7389,completed,6029068
4,4,7390,completed,6038485
4,4,7391,completed,6039860
4,4,7392,completed,6041277
4,4,7393,completed,6030401
4,4,7394,completed,6042484
4,4,7395,completed,6047985
4,4,7396,completed,6052609
4,4,7397,completed,5879193
4,4,7398,completed,5884902
4,4,7399,completed,5885027
4,4,7400,completed,5884776
4,4,7401,completed,5480236
4,4,7402,completed,5474611
4,4,7403,completed,5470152
4,4,7404,completed,5465361
4,4,7405,completed,6464566
4,4,7406,completed,6485567
4,4,7407,completed,6491233
4,4,7408,completed,6495609
4,4,7409,completed,6245068
4,4,7410,completed,6242609
4,4,7411,completed,6239984
4,4,7412,completed,6237109
4,4,7413,completed,5757985
4,4,7414,completed,5770735
4,4,7415,completed,5781318
4,4,7416,completed,5806151
4,4,7417,completed,6006401
4,4,7418,completed,5996193
4,4,7419,completed,5972359
4,4,7420,completed,5961151
4,4,7421,completed,5970818
4,4,7422,completed,5987776
4,4,7423,completed,5999443
4,4,7424,completed,6020234
4,4,7425,completed,6049610
4,4,7426,completed,6041443
4,4,7427,completed,5997985
4,4,7428,completed,5998652
4,4,7429,completed,5901818
4,4,7430,completed,5903026
4,4,7431,completed,5902901
4,4,7432,completed,5902652
4,4,7433,completed,5999484
4,4,7434,completed,6009484
4,4,7435,completed,6022027
4,4,7436,completed,6048026
4,4,7437,completed,5702985
4,4,7438,completed,5706527
4,4,7439,completed,5692194
4,4,7440,completed,5674777
4,4,7441,completed,6293776
4,4,7442,completed,6286193
4,4,7443,completed,6275359
4,4,7444,completed,6265067
4,4,7445,completed,5990860
4,4,7446,completed,5993859
4,4,7447,completed,5987485
4,4,7448,completed,5988943
4,4,7449,completed,5972402
4,4,7450,completed,5976235
4,4,7451,completed,5987485
4,4,7452,completed,5988068
4,4,7453,completed,5945360
4,4,7454,completed,5948026
4,4,7455,completed,5949277
4,4,7456,completed,5950318
4,4,7457,completed,5981151
4,4,7458,completed,6000527
4,4,7459,completed,6028026
4,4,7460,completed,6026693
4,4,7461,completed,5961943
4,4,7462,completed,5945110
4,4,7463,completed,5934068
4,4,7464,completed,5923277
4,4,7465,completed,5979151
4,4,7466,completed,5975235
4,4,7467,completed,5979651
4,4,7468,completed,5985151
4,4,7469,completed,6029402
4,4,7470,completed,6029360
4,4,7471,completed,6025984
4,4,7472,completed,6022485
4,4,7473,completed,5983193
4,4,7474,completed,5958818
4,4,7475,completed,5962985
4,4,7476,completed,5977151
4,4,7477,completed,5963026
4,4,7478,completed,5972151
4,4,7479,completed,5968193
4,4,7480,completed,5973735
4,4,7481,completed,5984652
4,4,7482,completed,5986234
4,4,7483,completed,5986360
4,4,7484,completed,5985985
4,4,7485,completed,5885943
4,4,7486,completed,5903985
4,4,7487,completed,5908734
4,4,7488,completed,5910152
4,4,7489,completed,6099234
4,4,7490,completed,6099026
4,4,7491,completed,6098692
4,4,7492,completed,6114067
4,4,7493,completed,6022068
4,4,7494,completed,6041026
4,4,7495,completed,6024151
4,4,7496,completed,6020568
4,4,7497,completed,5946859
4,4,7498,completed,5944401
4,4,7499,completed,5938110
4,4,7500,completed,5931152
4,4,7501,completed,5956235
4,4,7502,completed,5969360
4,4,7503,completed,5964193
4,4,7504,completed,5971734
4,4,7505,completed,6021943
4,4,7506,completed,6045109
4,4,7507,completed,6039193
4,4,7508,completed,6032901
4,4,7509,completed,5984985
4,4,7510,completed,5950443
4,4,7511,completed,5950693
4,4,7512,completed,5951443
4,4,7513,completed,5980234
4,4,7514,completed,6016068
4,4,7515,completed,6028234
4,4,7516,completed,6038984
4,4,7517,completed,6038401
4,4,7518,completed,6054484
4,4,7519,completed,6046610
4,4,7520,completed,6037652
4,4,7521,completed,5992485
4,4,7522,completed,5967401
4,4,7523,completed,5968109
4,4,7524,completed,5969235
4,4,7525,completed,5845569
4,4,7526,completed,5852027
4,4,7527,completed,5856651
4,4,7528,completed,5860485
4,4,7529,completed,6077526
4,4,7530,completed,6080192
4,4,7531,completed,6077234
4,4,7532,completed,6074401
4,4,7533,completed,5960443
4,4,7534,completed,5970360
4,4,7535,completed,5981693
4,4,7536,completed,5992193
4,4,7537,completed,5957485
4,4,7538,completed,5947651
4,4,7539,completed,5937901
4,4,7540,completed,5928152
4,4,7541,completed,6043442
4,4,7542,completed,6060234
4,4,7543,completed,6070860
4,4,7544,completed,6081568
4,4,7545,completed,5927526
4,4,7546,completed,5916068
4,4,7547,completed,5905526
4,4,7548,completed,5895068
4,4,7549,completed,6055318
4,4,7550,completed,6066068
4,4,7551,completed,6073860
4,4,7552,completed,6079860
4,4,7553,completed,5912818
4,4,7554,completed,5926609
4,4,7555,completed,5922776
4,4,7556,completed,5917943
4,4,7557,completed,5964109
4,4,7558,completed,5968068
4,4,7559,completed,5975401
4,4,7560,completed,5983443
4,4,7561,completed,6047402
4,4,7562,completed,6049443
4,4,7563,completed,6042693
4,4,7564,completed,6034776
4,4,7565,completed,5920984
4,4,7566,completed,5914610
4,4,7567,completed,5925193
4,4,7568,completed,5935902
4,4,7569,completed,5941235
4,4,7570,completed,5932318
4,4,7571,completed,5921652
4,4,7572,completed,5910734
4,4,7573,completed,6004735
4,4,7574,completed,6033402
4,4,7575,completed,6040777
4,4,7576,completed,6049318
4,4,7577,completed,6070484
4,4,7578,completed,6079276
4,4,7579,completed,6079526
4,4,7580,completed,6077985
4,4,7581,completed,5873235
4,4,7582,completed,5876860
4,4,7583,completed,5871235
4,4,7584,completed,5865568
4,4,7585,completed,5993443
4,4,7586,completed,6007027
4,4,7587,completed,6008568
4,4,7588,completed,6009568
4,4,7589,completed,5985610
4,4,7590,completed,5964860
4,4,7591,completed,5979901
4,4,7592,completed,5985568
4,4,7593,completed,6072692
4,4,7594,completed,6065943
4,4,7595,completed,6061193
4,4,7596,completed,6056318
4,4,7597,completed,5968193
4,4,7598,completed,5977401
4,4,7599,completed,5987193
4,4,7600,completed,5997693
4,4,7601,completed,5961235
4,4,7602,completed,5956651
4,4,7603,completed,5946609
4,4,7604,completed,5937735
4,4,7605,completed,5908026
4,4,7606,completed,5921735
4,4,7607,completed,5923318
4,4,7608,completed,5924902
4,4,7609,completed,5759402
4,4,7610,completed,5760902
4,4,7611,completed,5761860
4,4,7612,completed,5762652
4,4,7613,completed,7102732
4,4,7614,completed,7112815
4,4,7615,completed,7114274
4,4,7616,completed,7114648
4,4,7617,completed,6147192
4,4,7618,completed,6133400
4,4,7619,completed,6133901
4,4,7620,completed,6134984
4,4,7621,completed,5831360
4,4,7622,completed,5838735
4,4,7623,completed,5843235
4,4,7624,completed,5847610
4,4,7625,completed,6074860
4,4,7626,completed,6101235
4,4,7627,completed,6108901
4,4,7628,completed,6117859
4,4,7629,completed,5914485
4,4,7630,completed,5911069
4,4,7631,completed,5899943
4,4,7632,completed,5888985
4,4,7633,completed,5971277
4,4,7634,completed,5972985
4,4,7635,completed,5973568
4,4,7636,completed,5974401
4,4,7637,completed,5998027
4,4,7638,completed,6017568
4,4,7639,completed,6018484
4,4,7640,completed,6019526
4,4,7641,completed,5432445
4,4,7642,completed,5426903
4,4,7643,completed,5438945
4,4,7644,completed,5451527
4,4,7645,completed,6506192
4,4,7646,completed,6496484
4,4,7647,completed,6484567
4,4,7648,completed,6473650
4,4,7649,completed,6064318
4,4,7650,completed,6072235
4,4,7651,completed,6073734
4,4,7652,completed,6076610
4,4,7653,completed,5362028
4,4,7654,completed,5362986
4,4,7655,completed,5364195
4,4,7656,completed,5365236
4,4,7657,completed,5958026
4,4,7658,completed,5959902
4,4,7659,completed,5960568
4,4,7660,completed,5961193
4,4,7661,completed,6578525
4,4,7662,completed,6582066
4,4,7663,completed,6583108
4,4,7664,completed,6529191
4,4,7665,completed,5938485
4,4,7666,completed,5915360
4,4,7667,completed,5919318
4,4,7668,completed,5923443
4,4,7669,completed,6100735
4,4,7670,completed,6104984
4,4,7671,completed,6101568
4,4,7672,completed,6098776
4,4,7673,completed,5912818
4,4,7674,completed,5913776
4,4,7675,completed,5914819
4,4,7676,completed,5924943
4,4,7677,completed,5984651
4,4,7678,completed,5970651
4,4,7679,completed,5977360
4,4,7680,completed,5995568
4,4,7681,completed,5824318
4,4,7682,completed,5828360
4,4,7683,completed,5811902
4,4,7684,completed,5807068
4,4,7685,completed,6131943
4,4,7686,completed,6142276
4,4,7687,completed,6143859
4,4,7688,completed,6146068
4,4,7689,completed,5959985
4,4,7690,completed,5962401
4,4,7691,completed,5962610
4,4,7692,completed,5963526
4,4,7693,completed,5964985
4,4,7694,completed,5980568
4,4,7695,completed,5986443
4,4,7696,completed,5991443
4,4,7697,completed,6005567
4,4,7698,completed,6015526
4,4,7699,completed,6035735
4,4,7700,completed,6042193
4,4,7701,completed,5976318
4,4,7702,completed,5954235
4,4,7703,completed,5943026
4,4,7704,completed,5932568
4,4,7705,completed,5977234
4,4,7706,completed,5986193
4,4,7707,completed,5991985
4,4,7708,completed,5996818
4,4,7709,completed,5976568
4,4,7710,completed,5981276
4,4,7711,completed,5982068
4,4,7712,completed,5983276
4,4,7713,completed,5989151
4,4,7714,completed,5992568
4,4,7715,completed,5991610
4,4,7716,completed,5990693
4,4,7717,completed,6027109
4,4,7718,completed,6025902
4,4,7719,completed,6021485
4,4,7720,completed,6016901
4,4,7721,completed,5966526
4,4,7722,completed,5976610
4,4,7723,completed,5983735
4,4,7724,completed,5990568
4,4,7725,completed,6020860
4,4,7726,completed,6040276
4,4,7727,completed,6040984
4,4,7728,completed,6041193
4,4,7729,completed,5984069
4,4,7730,completed,6007985
4,4,7731,completed,6005526
4,4,7732,completed,6001610
4,4,7733,completed,5981943
4,4,7734,completed,5935943
4,4,7735,completed,5935193
4,4,7736,completed,5936360
4,4,7737,completed,5966234
4,4,7738,completed,5994776
4,4,7739,completed,5997693
4,4,7740,completed,5999235
4,4,7741,completed,6043901
4,4,7742,completed,6033693
4,4,7743,completed,6045568
4,4,7744,completed,6057360
4,4,7745,completed,5939318
4,4,7746,completed,5933402
4,4,7747,completed,5922860
4,4,7748,completed,5912902
4,4,7749,completed,5824027
4,4,7750,completed,5851610
4,4,7751,completed,5864694
4,4,7752,completed,5876277
4,4,7753,completed,5954610
4,4,7754,completed,5942984
4,4,7755,completed,5933026
4,4,7756,completed,5923318
4,4,7757,completed,6071985
4,4,7758,completed,6075567
4,4,7759,completed,6079526
4,4,7760,completed,6082776
4,4,7761,completed,6054443
4,4,7762,completed,6053193
4,4,7763,completed,6049818
4,4,7764,completed,6046735
4,4,7765,completed,5976235
4,4,7766,completed,5979985
4,4,7767,completed,5981234
4,4,7768,completed,5983110
4,4,7769,completed,5991693
4,4,7770,completed,6004109
4,4,7771,completed,6012276
4,4,7772,completed,6031568
4,4,7773,completed,5987360
4,4,7774,completed,5998609
4,4,7775,completed,6001776
4,4,7776,completed,6008901
4,4,7777,completed,6035693
4,4,7778,completed,6027568
4,4,7779,completed,6002651
4,4,7780,completed,5991693
4,4,7781,completed,5908735
4,4,7782,completed,5925110
4,4,7783,completed,5927484
4,4,7784,completed,5930359
4,4,7785,completed,5976068
4,4,7786,completed,5983235
4,4,7787,completed,5988777
4,4,7788,completed,5995068
4,4,7789,completed,6034026
4,4,7790,completed,6032985
4,4,7791,completed,6042276
4,4,7792,completed,6038485
4,4,7793,completed,6053692
4,4,7794,completed,6082860
4,4,7795,completed,6090735
4,4,7796,completed,6098484
4,4,7797,completed,5871402
4,4,7798,completed,5893152
4,4,7799,completed,5898860
4,4,7800,completed,5903485
4,4,7801,completed,5962443
4,4,7802,completed,5950527
4,4,7803,completed,5949693
4,4,7804,completed,5948068
4,4,7805,completed,6004151
4,4,7806,completed,5995235
4,4,7807,completed,5985109
4,4,7808,completed,5962485
4,4,7809,completed,5930443
4,4,7810,completed,5932984
4,4,7811,completed,5934443
4,4,7812,completed,5936526
4,4,7813,completed,5748444
4,4,7814,completed,5751693
4,4,7815,completed,5752652
4,4,7816,completed,5753902
4,4,7817,completed,6265567
4,4,7818,completed,6281151
4,4,7819,completed,6292109
4,4,7820,completed,6317817
4,4,7821,completed,6116734
4,4,7822,completed,6120151
4,4,7823,completed,6106109
4,4,7824,completed,6104401
4,4,7825,completed,5883943
4,4,7826,completed,5877068
4,4,7827,completed,5868235
4,4,7828,completed,5858735
4,4,7829,completed,5980109
4,4,7830,completed,6002318
4,4,7831,completed,6014068
4,4,7832,completed,6025609
4,4,7833,completed,5941860
4,4,7834,completed,5931693
4,4,7835,completed,5921443
4,4,7836,completed,5911318
4,4,7837,completed,6191234
4,4,7838,completed,6202151
4,4,7839,completed,6203275
4,4,7840,completed,6205276
4,4,7841,completed,5782319
4,4,7842,completed,5803943
4,4,7843,completed,5813568
4,4,7844,completed,5823485
4,4,7845,completed,5955068
4,4,7846,completed,5956568
4,4,7847,completed,5958568
4,4,7848,completed,5973109
4,4,7849,completed,6013609
4,4,7850,completed,6021610
4,4,7851,completed,5997443
4,4,7852,completed,5987901
4,4,7853,completed,5935443
4,4,7854,completed,5952276
4,4,7855,completed,5977443
4,4,7856,completed,5989776
4,4,7857,completed,5996985
4,4,7858,completed,5989110
4,4,7859,completed,5964568
4,4,7860,completed,5954151
4,4,7861,completed,5995901
4,4,7862,completed,5986818
4,4,7863,completed,5992818
4,4,7864,completed,5999568
4,4,7865,completed,5927610
4,4,7866,completed,5925109
4,4,7867,completed,5922234
4,4,7868,completed,5920109
4,4,7869,completed,5859694
4,4,7870,completed,5875235
4,4,7871,completed,5880360
4,4,7872,completed,5884069
4,4,7873,completed,6224776
4,4,7874,completed,6221609
4,4,7875,completed,6214484
4,4,7876,completed,6207650
4,4,7877,completed,5900902
4,4,7878,completed,5901860
4,4,7879,completed,5903068
4,4,7880,completed,5904777
4,4,7881,completed,5614985
4,4,7882,completed,5620527
4,4,7883,completed,5621485
4,4,7884,completed,5622652
4,4,7885,completed,6354442
4,4,7886,completed,6360109
4,4,7887,completed,6361942
4,4,7888,completed,6364067
4,4,7889,completed,5995026
4,4,7890,completed,6013943
4,4,7891,completed,6025152
4,4,7892,completed,6037026
4,4,7893,completed,5608694
4,4,7894,completed,5606861
4,4,7895,completed,5596652
4,4,7896,completed,5587610
4,4,7897,completed,6268193
4,4,7898,completed,6255859
4,4,7899,completed,6256651
4,4,7900,completed,6257734
4,4,7901,completed,5985360
4,4,7902,completed,5997485
4,4,7903,completed,6132609
4,4,7904,completed,6140067
4,4,7905,completed,6088610
4,4,7906,completed,5988818
4,4,7907,completed,5995193
4,4,7908,completed,5999360
4,4,7909,completed,5904735
4,4,7910,completed,5905068
4,4,7911,completed,5913776
4,4,7912,completed,5911193
4,4,7913,completed,5987818
4,4,7914,completed,5995526
4,4,7915,completed,5999151
4,4,7916,completed,6002651
4,4,7917,completed,5998360
4,4,7918,completed,5979151
4,4,7919,completed,5968277
4,4,7920,completed,5958277
4,4,7921,completed,5372778
4,4,7922,completed,5382362
4,4,7923,completed,5394403
4,4,7924,completed,5406445
4,4,7925,completed,6527108
4,4,7926,completed,6517192
4,4,7927,completed,6506442
4,4,7928,completed,6495525
4,4,7929,completed,6024734
4,4,7930,completed,6040734
4,4,7931,completed,6050734
4,4,7932,completed,6070943
4,4,7933,completed,6012526
4,4,7934,completed,6029193
4,4,7935,completed,5986610
4,4,7936,completed,5987526
4,4,7937,completed,6001318
4,4,7938,completed,6005193
4,4,7939,completed,6005610
4,4,7940,completed,6006443
4,4,7941,completed,5970193
4,4,7942,completed,5967360
4,4,7943,completed,5968693
4,4,7944,completed,5969985
4,4,7945,completed,5939152
4,4,7946,completed,5940651
4,4,7947,completed,5941609
4,4,7948,completed,5942693
4,4,7949,completed,5966235
4,4,7950,completed,5939444
4,4,7951,completed,5948027
4,4,7952,completed,5972110
4,4,7953,completed,5774652
4,4,7954,completed,5780985
4,4,7955,completed,5769110
4,4,7956,completed,5768194
4,4,7957,completed,6256276
4,4,7958,completed,6249318
4,4,7959,completed,6239484
4,4,7960,completed,6230442
4,4,7961,completed,5976860
4,4,7962,completed,5998693
4,4,7963,completed,6007735
4,4,7964,completed,6015693
4,4,7965,completed,5439236
4,4,7966,completed,5444569
4,4,7967,completed,5446945
4,4,7968,completed,5450069
4,4,7969,completed,6464817
4,4,7970,completed,6459359
4,4,7971,completed,6450276
4,4,7972,completed,6441025
4,4,7973,completed,5997651
4,4,7974,completed,5998818
4,4,7975,completed,5999277
4,4,7976,completed,5999568
4,4,7977,completed,5973818
4,4,7978,completed,5987235
4,4,7979,completed,5998068
4,4,7980,completed,6009318
4,4,7981,completed,6003860
4,4,7982,completed,6005818
4,4,7983,completed,6002859
4,4,7984,completed,5999359
4,4,7985,completed,6001068
4,4,7986,completed,6025568
4,4,7987,completed,6030193
4,4,7988,completed,6010568
4,4,7989,completed,5961110
4,4,7990,completed,5950985
4,4,7991,completed,5950443
4,4,7992,completed,5950944
4,4,7993,completed,5989359
4,4,7994,completed,5980360
4,4,7995,completed,5969735
4,4,7996,completed,5946193
4,4,7997,completed,5990318
4,4,7998,completed,5993610
4,4,7999,completed,5994651
4,4,8000,completed,5996193
4,4,8001,completed,6002484
4,4,8002,completed,6033026
4,4,8003,completed,6035318
4,4,8004,completed,6036942
4,4,8005,completed,5988193
4,4,8006,completed,5956527
4,4,8007,completed,5956151
4,4,8008,completed,5956985
4,4,8009,completed,5949985
4,4,8010,completed,5954234
4,4,8011,completed,5965985
4,4,8012,completed,5986610
4,4,8013,completed,5992401
4,4,8014,completed,6000151
4,4,8015,completed,5984985
4,4,8016,completed,5986401
4,4,8017,completed,6004360
4,4,8018,completed,5980859
4,4,8019,completed,5953443
4,4,8020,completed,5966401
4,4,8021,completed,5961027
4,4,8022,completed,5999443
4,4,8023,completed,6002693
4,4,8024,completed,6004026
4,4,8025,completed,6005651
4,4,8026,completed,5994484
4,4,8027,completed,6005652
4,4,8028,completed,6017526
4,4,8029,completed,5936652
4,4,8030,completed,5936985
4,4,8031,completed,5932110
4,4,8032,completed,5936776
4,4,8033,completed,5972652
4,4,8034,completed,5981152
4,4,8035,completed,5975818
4,4,8036,completed,5991902
4,4,8037,completed,5988735
4,4,8038,completed,5991443
4,4,8039,completed,5991734
4,4,8040,completed,5991151
4,4,8041,completed,5948651
4,4,8042,completed,5943818
4,4,8043,completed,5933985
4,4,8044,completed,5911402
4,4,8045,completed,6047609
4,4,8046,completed,6050735
4,4,8047,completed,6051943
4,4,8048,completed,6053526
4,4,8049,completed,6025484
4,4,8050,completed,6035901
4,4,8051,completed,6037485
4,4,8052,completed,6039318
4,4,8053,completed,5897276
4,4,8054,completed,5916235
4,4,8055,completed,5943444
4,4,8056,completed,5954610
4,4,8057,completed,5969902
4,4,8058,completed,5953527
4,4,8059,completed,5946651
4,4,8060,completed,5939693
4,4,8061,completed,6045652
4,4,8062,completed,6069276
4,4,8063,completed,6077234
4,4,8064,completed,6084235
4,4,8065,completed,6055651
4,4,8066,completed,6062484
4,4,8067,completed,6063151
4,4,8068,completed,6062651
4,4,8069,completed,5853235
4,4,8070,completed,5851735
4,4,8071,completed,5848235
4,4,8072,completed,5845527
4,4,8073,completed,5947401
4,4,8074,completed,5955277
4,4,8075,completed,5949651
4,4,8076,completed,5931526
4,4,8077,completed,6023735
4,4,8078,completed,6021859
4,4,8079,completed,6032609
4,4,8080,completed,6056817
4,4,8081,completed,6024443
4,4,8082,completed,6026734
4,4,8083,completed,6020568
4,4,8084,completed,5999027
4,4,8085,completed,5770735
4,4,8086,completed,5783861
4,4,8087,completed,5790569
4,4,8088,completed,5797193
4,4,8089,completed,6163442
4,4,8090,completed,6155276
4,4,8091,completed,6169526
4,4,8092,completed,6160192
4,4,8093,completed,5671569
4,4,8094,completed,5688777
4,4,8095,completed,5682694
4,4,8096,completed,5690985
4,4,8097,completed,6328651
4,4,8098,completed,6321318
4,4,8099,completed,6313193
4,4,8100,completed,6305150
4,4,8101,completed,5605444
4,4,8102,completed,5622360
4,4,8103,completed,5634360
4,4,8104,completed,5646235
4,4,8105,completed,6308317
4,4,8106,completed,6299651
4,4,8107,completed,6289817
4,4,8108,completed,6280318
4,4,8109,completed,5992860
4,4,8110,completed,5995026
4,4,8111,completed,5996276
4,4,8112,completed,5997485
4,4,8113,completed,6019776
4,4,8114,completed,6038443
4,4,8115,completed,6039526
4,4,8116,completed,6041151
4,4,8117,completed,5935527
4,4,8118,completed,5950193
4,4,8119,completed,5957110
4,4,8120,completed,5975277
4,4,8121,completed,5985985
4,4,8122,completed,5994152
4,4,8123,completed,5987693
4,4,8124,completed,5995193
4,4,8125,completed,5972568
4,4,8126,completed,5975484
4,4,8127,completed,5962443
4,4,8128,completed,5959777
4,4,8129,completed,5934402
4,4,8130,completed,5927277
4,4,8131,completed,5916235
4,4,8132,completed,5906443
4,4,8133,completed,6069026
4,4,8134,completed,6102193
4,4,8135,completed,6105484
4,4,8136,completed,6107234
4,4,8137,completed,5873694
4,4,8138,completed,5835568
4,4,8139,completed,5835568
4,4,8140,completed,5836235
4,4,8141,completed,6050651
4,4,8142,completed,6061234
4,4,8143,completed,6067693
4,4,8144,completed,6073401
4,4,8145,completed,6009735
4,4,8146,completed,6007068
4,4,8147,completed,6002943
4,4,8148,completed,5998859
4,4,8149,completed,5827194
4,4,8150,completed,5836110
4,4,8151,completed,5841776
4,4,8152,completed,5847360
4,4,8153,completed,6167568
4,4,8154,completed,6166234
4,4,8155,completed,6162193
4,4,8156,completed,6158026
4,4,8157,completed,5991609
4,4,8158,completed,5954026
4,4,8159,completed,5967443
4,4,8160,completed,5968943
4,4,8161,completed,6013776
4,4,8162,completed,6037818
4,4,8163,completed,6045860
4,4,8164,completed,6053651
4,4,8165,completed,5909901
4,4,8166,completed,5899943
4,4,8167,completed,5892901
4,4,8168,completed,5885652
4,4,8169,completed,5879485
4,4,8170,completed,5885151
4,4,8171,completed,5896027
4,4,8172,completed,5908152
4,4,8173,completed,6213734
4,4,8174,completed,6207276
4,4,8175,completed,6198276
4,4,8176,completed,6188442
4,4,8177,completed,5881694
4,4,8178,completed,5883693
4,4,8179,completed,5884693
4,4,8180,completed,5885985
4,4,8181,completed,5882860
4,4,8182,completed,5893068
4,4,8183,completed,5893360
4,4,8184,completed,5893943
4,4,8185,completed,7152565
4,4,8186,completed,7149107
4,4,8187,completed,7151023
4,4,8188,completed,7152607
4,4,8189,completed,5861776
4,4,8190,completed,5880152
4,4,8191,completed,5881569
4,4,8192,completed,5882652
4,4,8193,completed,5986110
4,4,8194,completed,6006401
4,4,8195,completed,6018651
4,4,8196,completed,6030651
4,4,8197,completed,5706486
4,4,8198,completed,5697360
4,4,8199,completed,5686444
4,4,8200,completed,5675694
4,4,8201,completed,6092234
4,4,8202,completed,6095610
4,4,8203,completed,6097110
4,4,8204,completed,6098318
4,4,8205,completed,6091484
4,4,8206,completed,6106609
4,4,8207,completed,6109318
4,4,8208,completed,6109484
4,4,8209,completed,5961109
4,4,8210,completed,5953069
4,4,8211,completed,5956527
4,4,8212,completed,5960693
4,4,8213,completed,6155318
4,4,8214,completed,6160942
4,4,8215,completed,6158359
4,4,8216,completed,6155192
4,4,8217,completed,5868568
4,4,8218,completed,5868444
4,4,8219,completed,5874943
4,4,8220,completed,5881902
4,4,8221,completed,5938151
4,4,8222,completed,5931735
4,4,8223,completed,5924985
4,4,8224,completed,5918526
4,4,8225,completed,6029193
4,4,8226,completed,6054776
4,4,8227,completed,6061152
4,4,8228,completed,6066151
4,4,8229,completed,5962318
4,4,8230,completed,5960943
4,4,8231,completed,5957360
4,4,8232,completed,5954359
4,4,8233,completed,6009484
4,4,8234,completed,5989443
4,4,8235,completed,5989318
4,4,8236,completed,5989735
4,4,8237,completed,5972568
4,4,8238,completed,5983943
4,4,8239,completed,5986943
4,4,8240,completed,5988485
4,4,8241,completed,5939569
4,4,8242,completed,5940485
4,4,8243,completed,5955443
4,4,8244,completed,5956693
4,4,8245,completed,5947777
4,4,8246,completed,5958859
4,4,8247,completed,5974318
4,4,8248,completed,5975902
4,4,8249,completed,6010942
4,4,8250,completed,6044818
4,4,8251,completed,6034277
4,4,8252,completed,6046151
4,4,8253,completed,5938026
4,4,8254,completed,5925234
4,4,8255,completed,5912901
4,4,8256,completed,5902568
4,4,8257,completed,6026318
4,4,8258,completed,6041318
4,4,8259,completed,6047902
4,4,8260,completed,6053693
4,4,8261,completed,6019151
4,4,8262,completed,6016110
4,4,8263,completed,6010776
4,4,8264,completed,6006985
4,4,8265,completed,5861609
4,4,8266,completed,5869734
4,4,8267,completed,5873568
4,4,8268,completed,5877693
4,4,8269,completed,6079068
4,4,8270,completed,6100318
4,4,8271,completed,6097276
4,4,8272,completed,6094151
4,4,8273,completed,5651902
4,4,8274,completed,5645027
4,4,8275,completed,5646027
4,4,8276,completed,5646777
4,4,8277,completed,6245650
4,4,8278,completed,6246568
4,4,8279,completed,6247400
4,4,8280,completed,6247693
4,4,8281,completed,5729152
4,4,8282,completed,5734068
4,4,8283,completed,5735027
4,4,8284,completed,5735569
4,4,8285,completed,6253734
4,4,8286,completed,6244109
4,4,8287,completed,6245567
4,4,8288,completed,6246776
4,4,8289,completed,5983151
4,4,8290,completed,5997110
4,4,8291,completed,6004234
4,4,8292,completed,6010443
4,4,8293,completed,6016777
4,4,8294,completed,6043943
4,4,8295,completed,6048693
4,4,8296,completed,6027193
4,4,8297,completed,5952318
4,4,8298,completed,5952443
4,4,8299,completed,5943193
4,4,8300,completed,5934151
4,4,8301,completed,6067193
4,4,8302,completed,6079276
4,4,8303,completed,6086151
4,4,8304,completed,6092234
4,4,8305,completed,5886276
4,4,8306,completed,5883568
4,4,8307,completed,5878026
4,4,8308,completed,5872401
4,4,8309,completed,5931234
4,4,8310,completed,5931277
4,4,8311,completed,5931443
4,4,8312,completed,5931652
4,4,8313,completed,6013360
4,4,8314,completed,6019985
4,4,8315,completed,6021151
4,4,8316,completed,6022193
4,4,8317,completed,5978609
4,4,8318,completed,5990068
4,4,8319,completed,5997318
4,4,8320,completed,6006276
4,4,8321,completed,5970776
4,4,8322,completed,5975651
4,4,8323,completed,5964819
4,4,8324,completed,5964526
4,4,8325,completed,5957193
4,4,8326,completed,5957818
4,4,8327,completed,5952359
4,4,8328,completed,5946484
4,4,8329,completed,6067901
4,4,8330,completed,6061776
4,4,8331,completed,6063318
4,4,8332,completed,6064692
4,4,8333,completed,5772027
4,4,8334,completed,5773027
4,4,8335,completed,5773527
4,4,8336,completed,5773694
4,4,8337,completed,6164442
4,4,8338,completed,6210609
4,4,8339,completed,6223109
4,4,8340,completed,6235068
4,4,8341,completed,5945068
4,4,8342,completed,5946276
4,4,8343,completed,5943943
4,4,8344,completed,5955984
4,4,8345,completed,5997526
4,4,8346,completed,5989651
4,4,8347,completed,5967151
4,4,8348,completed,5956318
4,4,8349,completed,5985359
4,4,8350,completed,6003985
4,4,8351,completed,6028109
4,4,8352,completed,6030609
4,4,8353,completed,5960151
4,4,8354,completed,5945859
4,4,8355,completed,5921776
4,4,8356,completed,5921235
4,4,8357,completed,6005777
4,4,8358,completed,6007609
4,4,8359,completed,6008860
4,4,8360,completed,6009234
4,4,8361,completed,5991860
4,4,8362,completed,5981818
4,4,8363,completed,5982943
4,4,8364,completed,5983610
4,4,8365,completed,6019235
4,4,8366,completed,6045484
4,4,8367,completed,6054485
4,4,8368,completed,6063360
4,4,8369,completed,5616277
4,4,8370,completed,5624360
4,4,8371,completed,5621944
4,4,8372,completed,5618236
4,4,8373,completed,6324733
4,4,8374,completed,6321650
4,4,8375,completed,6316151
4,4,8376,completed,6310858
4,4,8377,completed,5994485
4,4,8378,completed,5994401
4,4,8379,completed,5995651
4,4,8380,completed,5995651
4,4,8381,completed,6034360
4,4,8382,completed,6048235
4,4,8383,completed,6062526
4,4,8384,completed,6074192
4,4,8385,completed,5927693
4,4,8386,completed,5943651
4,4,8387,completed,5934152
4,4,8388,completed,5925068
4,4,8389,completed,5975610
4,4,8390,completed,5936652
4,4,8391,completed,5936319
4,4,8392,completed,5936360
4,4,8393,completed,6038735
4,4,8394,completed,6043609
4,4,8395,completed,6045360
4,4,8396,completed,6047026
4,4,8397,completed,5939444
4,4,8398,completed,5976610
4,4,8399,completed,5988818
4,4,8400,completed,5999651
4,4,8401,completed,5776444
4,4,8402,completed,5765944
4,4,8403,completed,5755235
4,4,8404,completed,5744443
4,4,8405,completed,6152651
4,4,8406,completed,6157192
4,4,8407,completed,6158818
4,4,8408,completed,6160567
4,4,8409,completed,5970652
4,4,8410,completed,5979568
4,4,8411,completed,5986068
4,4,8412,completed,5992110
4,4,8413,completed,6010442
4,4,8414,completed,6041359
4,4,8415,completed,6043318
4,4,8416,completed,6043276
4,4,8417,completed,5975276
4,4,8418,completed,5961568
4,4,8419,completed,5956401
4,4,8420,completed,5951360
4,4,8421,completed,5608902
4,4,8422,completed,5609027
4,4,8423,completed,5610194
4,4,8424,completed,5611486
4,4,8425,completed,7437356
4,4,8426,completed,7438314
4,4,8427,completed,7443939
4,4,8428,completed,7448730
4,4,8429,completed,5933110
4,4,8430,completed,5948610
4,4,8431,completed,5953318
4,4,8432,completed,5958860
4,4,8433,completed,5942068
4,4,8434,completed,5944776
4,4,8435,completed,5954985
4,4,8436,completed,5955110
4,4,8437,completed,5838860
4,4,8438,completed,5838277
4,4,8439,completed,5818819
4,4,8440,completed,5811277
4,4,8441,completed,5877068
4,4,8442,completed,5888485
4,4,8443,completed,5894860
4,4,8444,completed,5901902
4,4,8445,completed,5945026
4,4,8446,completed,5939443
4,4,8447,completed,5932734
4,4,8448,completed,5926068
4,4,8449,completed,6261442
4,4,8450,completed,6275776
4,4,8451,completed,6282442
4,4,8452,completed,6288692
4,4,8453,completed,6000568
4,4,8454,completed,5996443
4,4,8455,completed,5991860
4,4,8456,completed,5986860
4,4,8457,completed,6014109
4,4,8458,completed,6031109
4,4,8459,completed,6032235
4,4,8460,completed,6033734
4,4,8461,completed,5918735
4,4,8462,completed,5929568
4,4,8463,completed,5936485
4,4,8464,completed,5943110
4,4,8465,completed,6016943
4,4,8466,completed,6027068
4,4,8467,completed,6045943
4,4,8468,completed,6049693
4,4,8469,completed,5968776
4,4,8470,completed,5958234
4,4,8471,completed,5955610
4,4,8472,completed,5955818
4,4,8473,completed,5998110
4,4,8474,completed,6006735
4,4,8475,completed,6007193
4,4,8476,completed,6004693
4,4,8477,completed,5984777
4,4,8478,completed,5975985
4,4,8479,completed,5933026
4,4,8480,completed,5933776
4,4,8481,completed,6031318
4,4,8482,completed,6054734
4,4,8483,completed,6064359
4,4,8484,completed,6073276
4,4,8485,completed,5997943
4,4,8486,completed,5989402
4,4,8487,completed,5981485
4,4,8488,completed,5972860
4,4,8489,completed,5955901
4,4,8490,completed,5986110
4,4,8491,completed,5998276
4,4,8492,completed,6010484
4,4,8493,completed,5945110
4,4,8494,completed,5936235
4,4,8495,completed,5925651
4,4,8496,completed,5915901
4,4,8497,completed,6001360
4,4,8498,completed,6027110
4,4,8499,completed,6029026
4,4,8500,completed,6031276
4,4,8501,completed,5933693
4,4,8502,completed,5936443
4,4,8503,completed,5937276
4,4,8504,completed,5938402
4,4,8505,completed,5998693
4,4,8506,completed,6038109
4,4,8507,completed,6050068
4,4,8508,completed,6061901
4,4,8509,completed,5965776
4,4,8510,completed,5980109
4,4,8511,completed,5981901
4,4,8512,completed,5980693
4,4,8513,completed,5977443
4,4,8514,completed,5970401
4,4,8515,completed,5983818
4,4,8516,completed,5984109
4,4,8517,completed,5970068
4,4,8518,completed,5962485
4,4,8519,completed,5961401
4,4,8520,completed,5973943
4,4,8521,completed,6016360
4,4,8522,completed,6009110
4,4,8523,completed,6000027
4,4,8524,completed,5977943
4,4,8525,completed,5962943
4,4,8526,completed,5968235
4,4,8527,completed,5968943
4,4,8528,completed,5980568
4,4,8529,completed,5967776
4,4,8530,completed,6001776
4,4,8531,completed,6013860
4,4,8532,completed,6026943
4,4,8533,completed,5993485
4,4,8534,completed,5985734
4,4,8535,completed,5975610
4,4,8536,completed,5964901
4,4,8537,completed,6077818
4,4,8538,completed,6082110
4,4,8539,completed,6084068
4,4,8540,completed,6085943
4,4,8541,completed,5962151
4,4,8542,completed,5955110
4,4,8543,completed,5955901
4,4,8544,completed,5956651
4,4,8545,completed,5876610
4,4,8546,completed,5906151
4,4,8547,completed,5914652
4,4,8548,completed,5922902
4,4,8549,completed,5927276
4,4,8550,completed,5933027
4,4,8551,completed,5931360
4,4,8552,completed,5929318
4,4,8553,completed,6008235
4,4,8554,completed,6012526
4,4,8555,completed,6012402
4,4,8556,completed,6024693
4,4,8557,completed,5827110
4,4,8558,completed,5842318
4,4,8559,completed,5836902
4,4,8560,completed,5807568
4,4,8561,completed,6109484
4,4,8562,completed,6122776
4,4,8563,completed,6130942
4,4,8564,completed,6137693
4,4,8565,completed,5765111
4,4,8566,completed,5769193
4,4,8567,completed,5770819
4,4,8568,completed,5773068
4,4,8569,completed,6226735
4,4,8570,completed,6227109
4,4,8571,completed,6220859
4,4,8572,completed,6214318
4,4,8573,completed,5598028
4,4,8574,completed,5606402
4,4,8575,completed,5618778
4,4,8576,completed,5630110
4,4,8577,completed,6334276
4,4,8578,completed,6324859
4,4,8579,completed,6314400
4,4,8580,completed,6303651
4,4,8581,completed,6001985
4,4,8582,completed,6004402
4,4,8583,completed,6005318
4,4,8584,completed,6006609
4,4,8585,completed,5993859
4,4,8586,completed,6008276
4,4,8587,completed,6031984
4,4,8588,completed,6043193
4,4,8589,completed,5986359
4,4,8590,completed,5991360
4,4,8591,completed,5992234
4,4,8592,completed,5993068
4,4,8593,completed,5978068
4,4,8594,completed,5969151
4,4,8595,completed,5944610
4,4,8596,completed,5933651
4,4,8597,completed,6000735
4,4,8598,completed,6010359
4,4,8599,completed,6012152
4,4,8600,completed,6014193
4,4,8601,completed,5974609
4,4,8602,completed,5973860
4,4,8603,completed,5982276
4,4,8604,completed,6000943
4,4,8605,completed,5933402
4,4,8606,completed,5946401
4,4,8607,completed,5930277
4,4,8608,completed,5922526
4,4,8609,completed,6040234
4,4,8610,completed,6044026
4,4,8611,completed,6071484
4,4,8612,completed,6083110
4,4,8613,completed,5965610
4,4,8614,completed,5952151
4,4,8615,completed,5950568
4,4,8616,completed,5950818
4,4,8617,completed,6023484
4,4,8618,completed,6037234
4,4,8619,completed,6028234
4,4,8620,completed,5987151
4,4,8621,completed,5940610
4,4,8622,completed,5942902
4,4,8623,completed,5943693
4,4,8624,completed,5944943
4,4,8625,completed,6115776
4,4,8626,completed,6121484
4,4,8627,completed,6122568
4,4,8628,completed,6123818
4,4,8629,completed,5869860
4,4,8630,completed,5887152
4,4,8631,completed,5888569
4,4,8632,completed,5890277
4,4,8633,completed,5762777
4,4,8634,completed,5780152
4,4,8635,completed,5793402
4,4,8636,completed,5804985
4,4,8637,completed,6166567
4,4,8638,completed,6155901
4,4,8639,completed,6145151
4,4,8640,completed,6134859
4,4,8641,completed,6036026
4,4,8642,completed,6052317
4,4,8643,completed,6062443
4,4,8644,completed,6072401
4,4,8645,completed,5968401
4,4,8646,completed,5963443
4,4,8647,completed,5954901
4,4,8648,completed,5945318
4,4,8649,completed,5961276
4,4,8650,completed,5963777
4,4,8651,completed,5964151
4,4,8652,completed,5976443
4,4,8653,completed,5970110
4,4,8654,completed,5972860
4,4,8655,completed,5987068
4,4,8656,completed,5989110
4,4,8657,completed,5950152
4,4,8658,completed,5985776
4,4,8659,completed,5998401
4,4,8660,completed,6009859
4,4,8661,completed,5950901
4,4,8662,completed,5933276
4,4,8663,completed,5928068
4,4,8664,completed,5922776
4,4,8665,completed,6006568
4,4,8666,completed,6014568
4,4,8667,completed,6019026
4,4,8668,completed,6036734
4,4,8669,completed,5997776
4,4,8670,completed,6024860
4,4,8671,completed,6024443
4,4,8672,completed,6009401
4,4,8673,completed,5978526
4,4,8674,completed,5968234
4,4,8675,completed,5962818
4,4,8676,completed,5958277
4,4,8677,completed,5983484
4,4,8678,completed,5982235
4,4,8679,completed,5979318
4,4,8680,completed,5976276
4,4,8681,completed,5583777
4,4,8682,completed,5586486
4,4,8683,completed,5587819
4,4,8684,completed,5588902
4,4,8685,completed,6289109
4,4,8686,completed,6291817
4,4,8687,completed,6292775
4,4,8688,completed,6294025
4,4,8689,completed,6098943
4,4,8690,completed,6102609
4,4,8691,completed,6104026
4,4,8692,completed,6105276
4,4,8693,completed,6027735
4,4,8694,completed,6033527
4,4,8695,completed,6034860
4,4,8696,completed,6036943
4,4,8697,completed,5619902
4,4,8698,completed,5634777
4,4,8699,completed,5646402
4,4,8700,completed,5657193
4,4,8701,completed,6230734
4,4,8702,completed,6231567
4,4,8703,completed,6230650
4,4,8704,completed,6230068
4,4,8705,completed,6005526
4,4,8706,completed,6008193
4,4,8707,completed,6003360
4,4,8708,completed,5999568
4,4,8709,completed,6003527
4,4,8710,completed,6000485
4,4,8711,completed,5995277
4,4,8712,completed,5990485
4,4,8713,completed,5824860
4,4,8714,completed,5841152
4,4,8715,completed,5850193
4,4,8716,completed,5858735
4,4,8717,completed,6141234
4,4,8718,completed,6143901
4,4,8719,completed,6141567
4,4,8720,completed,6139568
4,4,8721,completed,6021276
4,4,8722,completed,6039317
4,4,8723,completed,6035318
4,4,8724,completed,6030651
4,4,8725,completed,5890485
4,4,8726,completed,5895860
4,4,8727,completed,5896152
4,4,8728,completed,5896693
4,4,8729,completed,6022026
4,4,8730,completed,6039693
4,4,8731,completed,6051068
4,4,8732,completed,6076568
4,4,8733,completed,6003901
4,4,8734,completed,6007943
4,4,8735,completed,6003527
4,4,8736,completed,6000735
4,4,8737,completed,6026776
4,4,8738,completed,6035401
4,4,8739,completed,6029193
4,4,8740,completed,6022318
4,4,8741,completed,5935734
4,4,8742,completed,5920026
4,4,8743,completed,5919235
4,4,8744,completed,5919568
4,4,8745,completed,6066734
4,4,8746,completed,6046901
4,4,8747,completed,6050235
4,4,8748,completed,6054901
4,4,8749,completed,5957027
4,4,8750,completed,5959902
4,4,8751,completed,5956819
4,4,8752,completed,5955027
4,4,8753,completed,5920902
4,4,8754,completed,5930569
4,4,8755,completed,5931902
4,4,8756,completed,5933777
4,4,8757,completed,6052609
4,4,8758,completed,6056359
4,4,8759,completed,6057651
4,4,8760,completed,6059443
4,4,8761,completed,5895527
4,4,8762,completed,5906735
4,4,8763,completed,5913319
4,4,8764,completed,5919610
4,4,8765,completed,5992651
4,4,8766,completed,5998151
4,4,8767,completed,6002359
4,4,8768,completed,6006151
4,4,8769,completed,5988776
4,4,8770,completed,5993359
4,4,8771,completed,5993943
4,4,8772,completed,5980193
4,4,8773,completed,5559277
4,4,8774,completed,5571195
4,4,8775,completed,5574111
4,4,8776,completed,5562527
4,4,8777,completed,6421275
4,4,8778,completed,6422775
4,4,8779,completed,6422567
4,4,8780,completed,6437067
4,4,8781,completed,6006818
4,4,8782,completed,6048234
4,4,8783,completed,6039277
4,4,8784,completed,6039651
4,4,8785,completed,5952193
4,4,8786,completed,5935693
4,4,8787,completed,5924860
4,4,8788,completed,5915527
4,4,8789,completed,6035818
4,4,8790,completed,6004484
4,4,8791,completed,6004942
4,4,8792,completed,6006151
4,4,8793,completed,6030527
4,4,8794,completed,6034610
4,4,8795,completed,6034901
4,4,8796,completed,6035651
4,4,8797,completed,5853818
4,4,8798,completed,5849027
4,4,8799,completed,5853360
4,4,8800,completed,5856026
4,4,8801,completed,6017193
4,4,8802,completed,6017860
4,4,8803,completed,6007610
4,4,8804,completed,6009443
4,4,8805,completed,5965318
4,4,8806,completed,5967319
4,4,8807,completed,5967610
4,4,8808,completed,5967902
4,4,8809,completed,5988943
4,4,8810,completed,5985735
4,4,8811,completed,5986818
4,4,8812,completed,5988068
4,4,8813,completed,5987609
4,4,8814,completed,5993110
4,4,8815,completed,5994693
4,4,8816,completed,5996109
4,4,8817,completed,5989443
4,4,8818,completed,5992360
4,4,8819,completed,5992776
4,4,8820,completed,5993526
4,4,8821,completed,6024318
4,4,8822,completed,6028193
4,4,8823,completed,6029777
4,4,8824,completed,6031526
4,4,8825,completed,5939693
4,4,8826,completed,5956693
4,4,8827,completed,5968276
4,4,8828,completed,5969068
4,4,8829,completed,5980401
4,4,8830,completed,5972651
4,4,8831,completed,5997943
4,4,8832,completed,6009276
4,4,8833,completed,5978485
4,4,8834,completed,5970402
4,4,8835,completed,5969027
4,4,8836,completed,5982360
4,4,8837,completed,6036609
4,4,8838,completed,6042735
4,4,8839,completed,6029943
4,4,8840,completed,6028943
4,4,8841,completed,5943151
4,4,8842,completed,5938276
4,4,8843,completed,5929485
4,4,8844,completed,5920652
4,4,8845,completed,5982526
4,4,8846,completed,5984609
4,4,8847,completed,5972235
4,4,8848,completed,5973568
4,4,8849,completed,5991943
4,4,8850,completed,5997193
4,4,8851,completed,5998151
4,4,8852,completed,5999943
4,4,8853,completed,5939151
4,4,8854,completed,5954943
4,4,8855,completed,5966151
4,4,8856,completed,5986693
4,4,8857,completed,5997485
4,4,8858,completed,5989734
4,4,8859,completed,5946234
4,4,8860,completed,5947027
4,4,8861,completed,5992110
4,4,8862,completed,5996026
4,4,8863,completed,5996943
4,4,8864,completed,5998485
4,4,8865,completed,5973318
4,4,8866,completed,5978193
4,4,8867,completed,5979401
4,4,8868,completed,5994235
4,4,8869,completed,5497069
4,4,8870,completed,5514444
4,4,8871,completed,5523027
4,4,8872,completed,5531527
4,4,8873,completed,6397192
4,4,8874,completed,6403733
4,4,8875,completed,6406817
4,4,8876,completed,6409150
4,4,8877,completed,6045943
4,4,8878,completed,6054984
4,4,8879,completed,6045734
4,4,8880,completed,6036818
4,4,8881,completed,5985902
4,4,8882,completed,6013318
4,4,8883,completed,6024526
4,4,8884,completed,6036985
4,4,8885,completed,5931401
4,4,8886,completed,5920651
4,4,8887,completed,5910193
4,4,8888,completed,5899777
4,4,8889,completed,5732361
4,4,8890,completed,5743068
4,4,8891,completed,5749152
4,4,8892,completed,5754694
4,4,8893,completed,6231567
4,4,8894,completed,6230068
4,4,8895,completed,6225651
4,4,8896,completed,6221943
4,4,8897,completed,5753777
4,4,8898,completed,5761402
4,4,8899,completed,5767027
4,4,8900,completed,5773068
4,4,8901,completed,6299859
4,4,8902,completed,6301484
4,4,8903,completed,6295858
4,4,8904,completed,6290817
4,4,8905,completed,5903527
4,4,8906,completed,5907818
4,4,8907,completed,5915402
4,4,8908,completed,5934027
4,4,8909,completed,5977402
4,4,8910,completed,5978818
4,4,8911,completed,5967277
4,4,8912,completed,5953318
4,4,8913,completed,6077859
4,4,8914,completed,6098818
4,4,8915,completed,6103901
4,4,8916,completed,6108818
4,4,8917,completed,5510027
4,4,8918,completed,5511736
4,4,8919,completed,5502486
4,4,8920,completed,5491986
4,4,8921,completed,6380192
4,4,8922,completed,6373983
4,4,8923,completed,6386358
4,4,8924,completed,6402567
4,4,8925,completed,6040984
4,4,8926,completed,6056860
4,4,8927,completed,6053151
4,4,8928,completed,6035402
4,4,8929,completed,5869818
4,4,8930,completed,5864485
4,4,8931,completed,5857527
4,4,8932,completed,5851069
4,4,8933,completed,6041985
4,4,8934,completed,6042484
4,4,8935,completed,6042943
4,4,8936,completed,6043693
4,4,8937,completed,5964860
4,4,8938,completed,5979652
4,4,8939,completed,6007276
4,4,8940,completed,6020901
4,4,8941,completed,5904152
4,4,8942,completed,5902735
4,4,8943,completed,5882068
4,4,8944,completed,5877277
4,4,8945,completed,6056359
4,4,8946,completed,6059401
4,4,8947,completed,6058693
4,4,8948,completed,6057443
4,4,8949,completed,5990068
4,4,8950,completed,5997360
4,4,8951,completed,5999360
4,4,8952,completed,6000276
4,4,8953,completed,5392111
4,4,8954,completed,5391319
4,4,8955,completed,5388820
4,4,8956,completed,5387153
4,4,8957,completed,6573608
4,4,8958,completed,6586109
4,4,8959,completed,6583733
4,4,8960,completed,6580817
4,4,8961,completed,6047109
4,4,8962,completed,6036526
4,4,8963,completed,6047818
4,4,8964,completed,6049026
4,4,8965,completed,6029484
4,4,8966,completed,6031901
4,4,8967,completed,6032943
4,4,8968,completed,6033985
4,4,8969,completed,5911151
4,4,8970,completed,5941568
4,4,8971,completed,5944234
4,4,8972,completed,5945527
4,4,8973,completed,5980860
4,4,8974,completed,5983068
4,4,8975,completed,5995318
4,4,8976,completed,6006902
4,4,8977,completed,5986026
4,4,8978,completed,5964652
4,4,8979,completed,5953193
4,4,8980,completed,5942401
4,4,8981,completed,5984859
4,4,8982,completed,5992151
4,4,8983,completed,5994276
4,4,8984,completed,5996151
4,4,8985,completed,5948152
4,4,8986,completed,5967318
4,4,8987,completed,5991568
4,4,8988,completed,6004484
4,4,8989,completed,6065817
4,4,8990,completed,6066901
4,4,8991,completed,6046401
4,4,8992,completed,6039901
4,4,8993,completed,5923027
4,4,8994,completed,5921777
4,4,8995,completed,5917818
4,4,8996,completed,5913068
4,4,8997,completed,5916443
4,4,8998,completed,5903527
4,4,8999,completed,5905818
4,4,9000,completed,5909193
4,4,9001,completed,6102776
4,4,9002,completed,6111651
4,4,9003,completed,6109484
4,4,9004,completed,6106859
4,4,9005,completed,5350819
4,4,9006,completed,5343237
4,4,9007,completed,5347611
4,4,9008,completed,5352527
4,4,9009,completed,6481358
4,4,9010,completed,6488109
4,4,9011,completed,6490567
4,4,9012,completed,6491442
4,4,9013,completed,6042151
4,4,9014,completed,6053110
4,4,9015,completed,6047776
4,4,9016,completed,6042568
4,4,9017,completed,6004318
4,4,9018,completed,5983401
4,4,9019,completed,5985151
4,4,9020,completed,5999610
4,4,9021,completed,5948693
4,4,9022,completed,5958402
4,4,9023,completed,5962651
4,4,9024,completed,5966068
4,4,9025,completed,5991901
4,4,9026,completed,6032193
4,4,9027,completed,6032234
4,4,9028,completed,6022984
4,4,9029,completed,5980651
4,4,9030,completed,5939943
4,4,9031,completed,5940151
4,4,9032,completed,5941568
4,4,9033,completed,5949902
4,4,9034,completed,5963651
4,4,9035,completed,5965568
4,4,9036,completed,5966443
4,4,9037,completed,5677986
4,4,9038,completed,5681152
4,4,9039,completed,5680902
4,4,9040,completed,5690361
4,4,9041,completed,6212401
4,4,9042,completed,6203109
4,4,9043,completed,6194734
4,4,9044,completed,6185609
4,4,9045,completed,6221192
4,4,9046,completed,6223775
4,4,9047,completed,6223943
4,4,9048,completed,6224818
4,4,9049,completed,5858902
4,4,9050,completed,5878110
4,4,9051,completed,5879735
4,4,9052,completed,5881276
4,4,9053,completed,5918527
4,4,9054,completed,5931526
4,4,9055,completed,5939527
4,4,9056,completed,5947985
4,4,9057,completed,6189401
4,4,9058,completed,6186651
4,4,9059,completed,6178568
4,4,9060,completed,6171610
4,4,9061,completed,5858152
4,4,9062,completed,5867360
4,4,9063,completed,5868984
4,4,9064,completed,5870651
4,4,9065,completed,5910944
4,4,9066,completed,5923527
4,4,9067,completed,5930485
4,4,9068,completed,5937318
4,4,9069,completed,6015443
4,4,9070,completed,6039276
4,4,9071,completed,6033943
4,4,9072,completed,6029318
4,4,9073,completed,5706610
4,4,9074,completed,5700569
4,4,9075,completed,5712944
4,4,9076,completed,5724611
4,4,9077,completed,6379942
4,4,9078,completed,6376192
4,4,9079,completed,6369733
4,4,9080,completed,6363650
4,4,9081,completed,5505527
4,4,9082,completed,5507736
4,4,9083,completed,5505028
4,4,9084,completed,5501569
4,4,9085,completed,6274609
4,4,9086,completed,6279776
4,4,9087,completed,6284859
4,4,9088,completed,6288818
4,4,9089,completed,6036859
4,4,9090,completed,6052776
4,4,9091,completed,6050318
4,4,9092,completed,6048276
4,4,9093,completed,7109273
4,4,9094,completed,7104440
4,4,9095,completed,7104773
4,4,9096,completed,7105232
4,4,9097,completed,5834694
4,4,9098,completed,5830277
4,4,9099,completed,5831818
4,4,9100,completed,5832860
4,4,9101,completed,5598278
4,4,9102,completed,5574902
4,4,9103,completed,5576277
4,4,9104,completed,5576278
4,4,9105,completed,6401442
4,4,9106,completed,6398567
4,4,9107,completed,6406526
4,4,9108,completed,6415775
4,4,9109,completed,5604736
4,4,9110,completed,5600236
4,4,9111,completed,5594194
4,4,9112,completed,5586860
4,4,9113,completed,6294567
4,4,9114,completed,6334234
4,4,9115,completed,6336359
4,4,9116,completed,6337442
4,4,9117,completed,6005776
4,4,9118,completed,5955234
4,4,9119,completed,5967193
4,4,9120,completed,5992568
4,4,9121,completed,6019027
4,4,9122,completed,6032610
4,4,9123,completed,6022942
4,4,9124,completed,5984568
4,4,9125,completed,5961193
4,4,9126,completed,5993068
4,4,9127,completed,6005693
4,4,9128,completed,6017568
4,4,9129,completed,5943485
4,4,9130,completed,5932484
4,4,9131,completed,5920318
4,4,9132,completed,5907360
4,4,9133,completed,5992277
4,4,9134,completed,6007943
4,4,9135,completed,6032443
4,4,9136,completed,6042943
4,4,9137,completed,5971318
4,4,9138,completed,5949443
4,4,9139,completed,5938860
4,4,9140,completed,5928651
4,4,9141,completed,5989693
4,4,9142,completed,5992151
4,4,9143,completed,5993568
4,4,9144,completed,5994985
4,4,9145,completed,5986402
4,4,9146,completed,5997359
4,4,9147,completed,6005443
4,4,9148,completed,6024901
4,4,9149,completed,5887068
4,4,9150,completed,5893526
4,4,9151,completed,5892777
4,4,9152,completed,5868194
4,4,9153,completed,6078318
4,4,9154,completed,6089776
4,4,9155,completed,6094359
4,4,9156,completed,6113526
4,4,9157,completed,5883735
4,4,9158,completed,5888943
4,4,9159,completed,5889193
4,4,9160,completed,5872985
4,4,9161,completed,6102234
4,4,9162,completed,6094526
4,4,9163,completed,6085068
4,4,9164,completed,6075443
4,4,9165,completed,6133025
4,4,9166,completed,6135942
4,4,9167,completed,6137067
4,4,9168,completed,6138359
4,4,9169,completed,5922777
4,4,9170,completed,5932194
4,4,9171,completed,5933693
4,4,9172,completed,5934527
4,4,9173,completed,5886401
4,4,9174,completed,5866069
4,4,9175,completed,5867443
4,4,9176,completed,5868860
4,4,9177,completed,5968901
4,4,9178,completed,5984527
4,4,9179,completed,5995610
4,4,9180,completed,6020151
4,4,9181,completed,5932277
4,4,9182,completed,5939610
4,4,9183,completed,5927151
4,4,9184,completed,5910693
4,4,9185,completed,5599444
4,4,9186,completed,5603985
4,4,9187,completed,5602611
4,4,9188,completed,5600944
4,4,9189,completed,6508609
4,4,9190,completed,6502192
4,4,9191,completed,6493275
4,4,9192,completed,6483734
4,4,9193,completed,5896985
4,4,9194,completed,5899443
4,4,9195,completed,5900360
4,4,9196,completed,5900819
4,4,9197,completed,5981526
4,4,9198,completed,5982943
4,4,9199,completed,5983443
4,4,9200,completed,5984152
4,4,9201,completed,6150443
4,4,9202,completed,6155109
4,4,9203,completed,6155609
4,4,9204,completed,6156109
4,4,9205,completed,5941194
4,4,9206,completed,6608525
4,4,9207,completed,6610192
4,4,9208,completed,6612442
4,4,9209,completed,5266570
4,4,9210,completed,5279445
4,4,9211,completed,5291570
4,4,9212,completed,5305695
4,4,9213,completed,5916860
4,4,9214,completed,5918818
4,4,9215,completed,5916443
4,4,9216,completed,5915151
4,4,9217,completed,6000359
4,4,9218,completed,6006360
4,4,9219,completed,6006526
4,4,9220,completed,6006693
4,4,9221,completed,5851651
4,4,9222,completed,5858027
4,4,9223,completed,5845152
4,4,9224,completed,5844068
4,4,9225,completed,6327234
4,4,9226,completed,6345942
4,4,9227,completed,6350025
4,4,9228,completed,6352192
4,4,9229,completed,5774527
4,4,9230,completed,5774736
4,4,9231,completed,5787777
4,4,9232,completed,5787819
4,4,9233,completed,5982735
4,4,9234,completed,5986402
4,4,9235,completed,5972693
4,4,9236,completed,5985568
4,4,9237,completed,6015859
4,4,9238,completed,6037651
4,4,9239,completed,6024151
4,4,9240,completed,6024193
4,4,9241,completed,5401736
4,4,9242,completed,5409195
4,4,9243,completed,5410153
4,4,9244,completed,5410861
4,4,9245,completed,6490817
4,4,9246,completed,6497734
4,4,9247,completed,6497650
4,4,9248,completed,6497358
4,4,9249,completed,6052985
4,4,9250,completed,6073984
4,4,9251,completed,6069693
4,4,9252,completed,6064526
4,4,9253,completed,5937318
4,4,9254,completed,5944443
4,4,9255,completed,5948735
4,4,9256,completed,5968359
4,4,9257,completed,5977943
4,4,9258,completed,5980401
4,4,9259,completed,5966818
4,4,9260,completed,5965651
4,4,9261,completed,6001234
4,4,9262,completed,6007651
4,4,9263,completed,6007901
4,4,9264,completed,6008860
4,4,9265,completed,5989235
4,4,9266,completed,5994152
4,4,9267,completed,5995235
4,4,9268,completed,5995860
4,4,9269,completed,5986860
4,4,9270,completed,5991110
4,4,9271,completed,5974443
4,4,9272,completed,5985443
4,4,9273,completed,5977859
4,4,9274,completed,5985901
4,4,9275,completed,5976068
4,4,9276,completed,5991651
4,4,9277,completed,5985777
4,4,9278,completed,5987693
4,4,9279,completed,5974318
4,4,9280,completed,5972985
4,4,9281,completed,6021235
4,4,9282,completed,6049317
4,4,9283,completed,6050609
4,4,9284,completed,6037776
4,4,9285,completed,5947693
4,4,9286,completed,5947443
4,4,9287,completed,5967443
4,4,9288,completed,5969193
4,4,9289,completed,6012985
4,4,9290,completed,6019693
4,4,9291,completed,5989818
4,4,9292,completed,5979818
4,4,9293,completed,5852610
4,4,9294,completed,5877027
4,4,9295,completed,5889652
4,4,9296,completed,5901443
4,4,9297,completed,6058484
4,4,9298,completed,6045401
4,4,9299,completed,6034984
4,4,9300,completed,6023734
4,4,9301,completed,5985985
4,4,9302,completed,6002027
4,4,9303,completed,6013818
4,4,9304,completed,6033568
4,4,9305,completed,6071901
4,4,9306,completed,6071651
4,4,9307,completed,6033776
4,4,9308,completed,6038943
4,4,9309,completed,5908735
4,4,9310,completed,5904193
4,4,9311,completed,5899110
4,4,9312,completed,5894402
4,4,9313,completed,6004735
4,4,9314,completed,6010484
4,4,9315,completed,6062734
4,4,9316,completed,6065693
4,4,9317,completed,5910902
4,4,9318,completed,5943734
4,4,9319,completed,5956860
4,4,9320,completed,5968610
4,4,9321,completed,5974693
4,4,9322,completed,5961527
4,4,9323,completed,5974735
4,4,9324,completed,5975735
4,4,9325,completed,5991068
4,4,9326,completed,5995902
4,4,9327,completed,5997943
4,4,9328,completed,5989777
4,4,9329,completed,5983318
4,4,9330,completed,5989026
4,4,9331,completed,5973318
4,4,9332,completed,5984318
4,4,9333,completed,5986068
4,4,9334,completed,5989943
4,4,9335,completed,5976943
4,4,9336,completed,5990693
4,4,9337,completed,6141067
4,4,9338,completed,6137693
4,4,9339,completed,6115443
4,4,9340,completed,6105443
4,4,9341,completed,5380236
4,4,9342,completed,5382861
4,4,9343,completed,5384069
4,4,9344,completed,5385069
4,4,9345,completed,6330193
4,4,9346,completed,6333067
4,4,9347,completed,6334109
4,4,9348,completed,6335109
4,4,9349,completed,6050693
4,4,9350,completed,6061359
4,4,9351,completed,6067901
4,4,9352,completed,6074192
4,4,9353,completed,5995193
4,4,9354,completed,5991027
4,4,9355,completed,5985985
4,4,9356,completed,5980901
4,4,9357,completed,5921943
4,4,9358,completed,5926277
4,4,9359,completed,5927985
4,4,9360,completed,5929068
4,4,9361,completed,6052818
4,4,9362,completed,6057235
4,4,9363,completed,6058568
4,4,9364,completed,6059318
4,4,9365,completed,5977277
4,4,9366,completed,5991527
4,4,9367,completed,6002776
4,4,9368,completed,6026610
4,4,9369,completed,5990277
4,4,9370,completed,5994318
4,4,9371,completed,5994860
4,4,9372,completed,5992777
4,4,9373,completed,5827485
4,4,9374,completed,5836110
4,4,9375,completed,5837443
4,4,9376,completed,5823943
4,4,9377,completed,5725069
4,4,9378,completed,5717527
4,4,9379,completed,5707485
4,4,9380,completed,5697152
4,4,9381,completed,6514150
4,4,9382,completed,6523066
4,4,9383,completed,6525441
4,4,9384,completed,6527108
4,4,9385,completed,5866526
4,4,9386,completed,5879485
4,4,9387,completed,5889360
4,4,9388,completed,5913777
4,4,9389,completed,5997902
4,4,9390,completed,6001318
4,4,9391,completed,5997402
4,4,9392,completed,5993818
4,4,9393,completed,5994027
4,4,9394,completed,6005942
4,4,9395,completed,6000401
4,4,9396,completed,5994068
4,4,9397,completed,5994568
4,4,9398,completed,5958152
4,4,9399,completed,5972568
4,4,9400,completed,5973360
4,4,9401,completed,5988109
4,4,9402,completed,6011484
4,4,9403,completed,6020984
4,4,9404,completed,6029985
4,4,9405,completed,5950360
4,4,9406,completed,5962568
4,4,9407,completed,5954693
4,4,9408,completed,5947776
4,4,9409,completed,5972651
4,4,9410,completed,5954568
4,4,9411,completed,5958359
4,4,9412,completed,5962235
4,4,9413,completed,5984984
4,4,9414,completed,5994110
4,4,9415,completed,6000651
4,4,9416,completed,6020110
4,4,9417,completed,6018360
4,4,9418,completed,6043318
4,4,9419,completed,6043526
4,4,9420,completed,6031026
4,4,9421,completed,5952943
4,4,9422,completed,5945527
4,4,9423,completed,5934693
4,4,9424,completed,5925069
4,4,9425,completed,6075026
4,4,9426,completed,6105526
4,4,9427,completed,6108443
4,4,9428,completed,6110193
4,4,9429,completed,5884568
4,4,9430,completed,5875402
4,4,9431,completed,5900568
4,4,9432,completed,5911652
4,4,9433,completed,6021734
4,4,9434,completed,6011068
4,4,9435,completed,6009734
4,4,9436,completed,6009151
4,4,9437,completed,6064609
4,4,9438,completed,6062860
4,4,9439,completed,6056110
4,4,9440,completed,6049318
4,4,9441,completed,5994026
4,4,9442,completed,6007151
4,4,9443,completed,6015235
4,4,9444,completed,6023068
4,4,9445,completed,6025318
4,4,9446,completed,6033860
4,4,9447,completed,6033443
4,4,9448,completed,6035193
4,4,9449,completed,5824318
4,4,9450,completed,5824818
4,4,9451,completed,5814902
4,4,9452,completed,5803318
4,4,9453,completed,5959360
4,4,9454,completed,5949401
4,4,9455,completed,5942943
4,4,9456,completed,5946693
4,4,9457,completed,6018776
4,4,9458,completed,6031568
4,4,9459,completed,6038360
4,4,9460,completed,6059901
4,4,9461,completed,6003485
4,4,9462,completed,6005776
4,4,9463,completed,5982277
4,4,9464,completed,5984152
4,4,9465,completed,5999151
4,4,9466,completed,6004151
4,4,9467,completed,6005776
4,4,9468,completed,6006943
4,4,9469,completed,5896443
4,4,9470,completed,5915818
4,4,9471,completed,5916652
4,4,9472,completed,5917068
4,4,9473,completed,7028899
4,4,9474,completed,7040149
4,4,9475,completed,7047190
4,4,9476,completed,7054940
4,4,9477,completed,5899860
4,4,9478,completed,5894944
4,4,9479,completed,5899776
4,4,9480,completed,5894819
4,4,9481,completed,5929985
4,4,9482,completed,5943610
4,4,9483,completed,5951235
4,4,9484,completed,5958651
4,4,9485,completed,5968277
4,4,9486,completed,5969193
4,4,9487,completed,5966568
4,4,9488,completed,5964068
4,4,9489,completed,5982026
4,4,9490,completed,5983401
4,4,9491,completed,5983026
4,4,9492,completed,5982943
4,4,9493,completed,6046943
4,4,9494,completed,6046567
4,4,9495,completed,6043109
4,4,9496,completed,6039443
4,4,9497,completed,5978860
4,4,9498,completed,5958359
4,4,9499,completed,5964152
4,4,9500,completed,5970401
4,4,9501,completed,5560611
4,4,9502,completed,5581611
4,4,9503,completed,5585278
4,4,9504,completed,5581319
4,4,9505,completed,6406942
4,4,9506,completed,6370442
4,4,9507,completed,6370817
4,4,9508,completed,6372401
4,4,9509,completed,5948693
4,4,9510,completed,5953026
4,4,9511,completed,5956943
4,4,9512,completed,5960984
4,4,9513,completed,6020985
4,4,9514,completed,6032110
4,4,9515,completed,6038235
4,4,9516,completed,6057360
4,4,9517,completed,6008318
4,4,9518,completed,6033068
4,4,9519,completed,6034651
4,4,9520,completed,6022609
4,4,9521,completed,5940526
4,4,9522,completed,5914151
4,4,9523,completed,5902777
4,4,9524,completed,5891902
4,4,9525,completed,6078568
4,4,9526,completed,6106776
4,4,9527,completed,6119692
4,4,9528,completed,6131484
4,4,9529,completed,5647360
4,4,9530,completed,5649652
4,4,9531,completed,5647735
4,4,9532,completed,5648319
4,4,9533,completed,6240359
4,4,9534,completed,6243025
4,4,9535,completed,6241900
4,4,9536,completed,6241068
4,4,9537,completed,6003609
4,4,9538,completed,5996901
4,4,9539,completed,5987068
4,4,9540,completed,5977152
4,4,9541,completed,6016484
4,4,9542,completed,6019818
4,4,9543,completed,6021276
4,4,9544,completed,6036026
4,4,9545,completed,6046526
4,4,9546,completed,6077443
4,4,9547,completed,6085651
4,4,9548,completed,6094192
4,4,9549,completed,5888777
4,4,9550,completed,5907193
4,4,9551,completed,5901444
4,4,9552,completed,5894902
4,4,9553,completed,5978568
4,4,9554,completed,5940651
4,4,9555,completed,5940568
4,4,9556,completed,5941109
4,4,9557,completed,5981526
4,4,9558,completed,6023651
4,4,9559,completed,6036693
4,4,9560,completed,6049318
4,4,9561,completed,6110442
4,4,9562,completed,6098193
4,4,9563,completed,6092109
4,4,9564,completed,6085860
4,4,9565,completed,5864860
4,4,9566,completed,5867984
4,4,9567,completed,5877276
4,4,9568,completed,5871943
4,4,9569,completed,6062068
4,4,9570,completed,6079276
4,4,9571,completed,6062818
4,4,9572,completed,6069901
4,4,9573,completed,5816818
4,4,9574,completed,5821860
4,4,9575,completed,5821943
4,4,9576,completed,5822610
4,4,9577,completed,5565152
4,4,9578,completed,5560403
4,4,9579,completed,5554111
4,4,9580,completed,5547944
4,4,9581,completed,6460858
4,4,9582,completed,6466400
4,4,9583,completed,6467983
4,4,9584,completed,6469483
4,4,9585,completed,6003276
4,4,9586,completed,6012235
4,4,9587,completed,6017360
4,4,9588,completed,6022568
4,4,9589,completed,5432611
4,4,9590,completed,5434403
4,4,9591,completed,5429778
4,4,9592,completed,5424819
4,4,9593,completed,6551691
4,4,9594,completed,6546317
4,4,9595,completed,6552317
4,4,9596,completed,6567608
4,4,9597,completed,5971651
4,4,9598,completed,5975276
4,4,9599,completed,5975276
4,4,9600,completed,5956360
4,4,9601,completed,5621069
4,4,9602,completed,5638903
4,4,9603,completed,5639444
4,4,9604,completed,5639402
4,4,9605,completed,6061443
4,4,9606,completed,6071234
4,4,9607,completed,6077360
4,4,9608,completed,6083984
4,4,9609,completed,5971902
4,4,9610,completed,5969193
4,4,9611,completed,5963485
4,4,9612,completed,5958485
4,4,9613,completed,6318233
4,4,9614,completed,6320401
4,4,9615,completed,6316733
4,4,9616,completed,6313109
4,4,9617,completed,5409070
4,4,9618,completed,5407820
4,4,9619,completed,5418777
4,4,9620,completed,5429361
4,4,9621,completed,6485484
4,4,9622,completed,6474817
4,4,9623,completed,6464025
4,4,9624,completed,6453608
4,4,9625,completed,6026609
4,4,9626,completed,6031901
4,4,9627,completed,6033776
4,4,9628,completed,6036068
4,4,9629,completed,5960193
4,4,9630,completed,5964693
4,4,9631,completed,5968068
4,4,9632,completed,5972568
4,4,9633,completed,6085610
4,4,9634,completed,6088942
4,4,9635,completed,6084776
4,4,9636,completed,6082276
4,4,9637,completed,5939568
4,4,9638,completed,5966110
4,4,9639,completed,5972318
4,4,9640,completed,5979693
4,4,9641,completed,5932194
4,4,9642,completed,5937860
4,4,9643,completed,5937193
4,4,9644,completed,5937151
4,4,9645,completed,5993360
4,4,9646,completed,6003818
4,4,9647,completed,6001527
4,4,9648,completed,5999693
4,4,9649,completed,6005234
4,4,9650,completed,6032817
4,4,9651,completed,6040818
4,4,9652,completed,6048401
4,4,9653,completed,6032735
4,4,9654,completed,6020027
4,4,9655,completed,6015193
4,4,9656,completed,6009110
4,4,9657,completed,6060359
4,4,9658,completed,6063901
4,4,9659,completed,6059692
4,4,9660,completed,6055568
4,4,9661,completed,5775902
4,4,9662,completed,5792819
4,4,9663,completed,5804235
4,4,9664,completed,5814402
4,4,9665,completed,6062401
4,4,9666,completed,6054359
4,4,9667,completed,6044276
4,4,9668,completed,6042901
4,4,9669,completed,5380653
4,4,9670,completed,5383778
4,4,9671,completed,5385194
4,4,9672,completed,5386195
4,4,9673,completed,6503525
4,4,9674,completed,6505233
4,4,9675,completed,6505900
4,4,9676,completed,6506608
4,4,9677,completed,6021943
4,4,9678,completed,6021526
4,4,9679,completed,6021985
4,4,9680,completed,6022318
4,4,9681,completed,6006318
4,4,9682,completed,6009110
4,4,9683,completed,6010318
4,4,9684,completed,6011568
4,4,9685,completed,5961943
4,4,9686,completed,5969734
4,4,9687,completed,5975818
4,4,9688,completed,5981610
4,4,9689,completed,6002234
4,4,9690,completed,6008193
4,4,9691,completed,6004109
4,4,9692,completed,6009609
4,4,9693,completed,5991402
4,4,9694,completed,5980402
4,4,9695,completed,5986276
4,4,9696,completed,5992318
4,4,9697,completed,5965943
4,4,9698,completed,5972776
4,4,9699,completed,5972943
4,4,9700,completed,5973360
4,4,9701,completed,6067027
4,4,9702,completed,6078151
4,4,9703,completed,6077693
4,4,9704,completed,6073193
4,4,9705,completed,5937318
4,4,9706,completed,5923152
4,4,9707,completed,5924360
4,4,9708,completed,5926610
4,4,9709,completed,5990068
4,4,9710,completed,5991984
4,4,9711,completed,5992276
4,4,9712,completed,5992651
4,4,9713,completed,6009235
4,4,9714,completed,6047443
4,4,9715,completed,6058901
4,4,9716,completed,6070567
4,4,9717,completed,5962776
4,4,9718,completed,5980318
4,4,9719,completed,5979860
4,4,9720,completed,5980443
4,4,9721,completed,5964402
4,4,9722,completed,5954151
4,4,9723,completed,5943693
4,4,9724,completed,5932485
4,4,9725,completed,5995193
4,4,9726,completed,6009193
4,4,9727,completed,6011193
4,4,9728,completed,6013193
4,4,9729,completed,5700319
4,4,9730,completed,5709693
4,4,9731,completed,5714735
4,4,9732,completed,5719818
4,4,9733,completed,6233525
4,4,9734,completed,6232984
4,4,9735,completed,6228442
4,4,9736,completed,6223609
4,4,9737,completed,5980277
4,4,9738,completed,5962734
4,4,9739,completed,5958693
4,4,9740,completed,5977277
4,4,9741,completed,5968985
4,4,9742,completed,5963859
4,4,9743,completed,5947401
4,4,9744,completed,5940818
4,4,9745,completed,6167693
4,4,9746,completed,6175776
4,4,9747,completed,6176901
4,4,9748,completed,6178484
4,4,9749,completed,5817860
4,4,9750,completed,5812235
4,4,9751,completed,5812694
4,4,9752,completed,5813527
4,4,9753,completed,6009776
4,4,9754,completed,6025567
4,4,9755,completed,6030651
4,4,9756,completed,6035484
4,4,9757,completed,5927110
4,4,9758,completed,5926902
4,4,9759,completed,5922360
4,4,9760,completed,5918610
4,4,9761,completed,6046776
4,4,9762,completed,6090901
4,4,9763,completed,6104401
4,4,9764,completed,6116401
4,4,9765,completed,5956901
4,4,9766,completed,5944152
4,4,9767,completed,5944485
4,4,9768,completed,5934068
4,4,9769,completed,6012526
4,4,9770,completed,6042568
4,4,9771,completed,6056109
4,4,9772,completed,6068360
4,4,9773,completed,5586236
4,4,9774,completed,5574444
4,4,9775,completed,5564069
4,4,9776,completed,5553528
4,4,9777,completed,6146192
4,4,9778,completed,6147317
4,4,9779,completed,6148526
4,4,9780,completed,6149734
4,4,9781,completed,6134234
4,4,9782,completed,6136359
4,4,9783,completed,6136401
4,4,9784,completed,6137068
4,4,9785,completed,5976734
4,4,9786,completed,5979610
4,4,9787,completed,5980818
4,4,9788,completed,5982401
4,4,9789,completed,6053068
4,4,9790,completed,6072193
4,4,9791,completed,6083068
4,4,9792,completed,6093943
4,4,9793,completed,6016485
4,4,9794,completed,6017818
4,4,9795,completed,6013402
4,4,9796,completed,6008527
4,4,9797,completed,5446361
4,4,9798,completed,5442153
4,4,9799,completed,5437444
4,4,9800,completed,5432236
4,4,9801,completed,6439567
4,4,9802,completed,6452817
4,4,9803,completed,6463441
4,4,9804,completed,6474108
4,4,9805,completed,6013943
4,4,9806,completed,6037234
4,4,9807,completed,6029568
4,4,9808,completed,6006193
4,4,9809,completed,5964485
4,4,9810,completed,5939985
4,4,9811,completed,5948901
4,4,9812,completed,5971776
4,4,9813,completed,6011568
4,4,9814,completed,6032193
4,4,9815,completed,6024651
4,4,9816,completed,5988443
4,4,9817,completed,5983443
4,4,9818,completed,5945234
4,4,9819,completed,5945735
4,4,9820,completed,5946693
4,4,9821,completed,5976151
4,4,9822,completed,5946193
4,4,9823,completed,5946443
4,4,9824,completed,5947568
4,4,9825,completed,6083651
4,4,9826,completed,6095942
4,4,9827,completed,6097401
4,4,9828,completed,6099693
4,4,9829,completed,5913318
4,4,9830,completed,5896401
4,4,9831,completed,5897193
4,4,9832,completed,5897027
4,4,9833,completed,5942443
4,4,9834,completed,5947485
4,4,9835,completed,5958652
4,4,9836,completed,5977776
4,4,9837,completed,5991777
4,4,9838,completed,5996193
4,4,9839,completed,5960151
4,4,9840,completed,5977068
4,4,9841,completed,5995735
4,4,9842,completed,5992859
4,4,9843,completed,5976902
4,4,9844,completed,5971068
4,4,9845,completed,5959610
4,4,9846,completed,5964401
4,4,9847,completed,5972443
4,4,9848,completed,5980693
4,4,9849,completed,5940610
4,4,9850,completed,5955943
4,4,9851,completed,5959819
4,4,9852,completed,5949693
4,4,9853,completed,5870610
4,4,9854,completed,5859526
4,4,9855,completed,5848444
4,4,9856,completed,5837443
4,4,9857,completed,6116234
4,4,9858,completed,6120193
4,4,9859,completed,6121276
4,4,9860,completed,6122692
4,4,9861,completed,6019443
4,4,9862,completed,6024609
4,4,9863,completed,6026318
4,4,9864,completed,6027610
4,4,9865,completed,5973193
4,4,9866,completed,5974401
4,4,9867,completed,5975402
4,4,9868,completed,5976568
4,4,9869,completed,6103901
4,4,9870,completed,6125651
4,4,9871,completed,6130360
4,4,9872,completed,6135067
4,4,9873,completed,5855652
4,4,9874,completed,5868360
4,4,9875,completed,5878610
4,4,9876,completed,5874443
4,4,9877,completed,7120648
4,4,9878,completed,7064482
4,4,9879,completed,7057982
4,4,9880,completed,7059940
4,4,9881,completed,5866610
4,4,9882,completed,5892527
4,4,9883,completed,5902109
4,4,9884,completed,5909901
4,4,9885,completed,5969402
4,4,9886,completed,5966694
4,4,9887,completed,5970443
4,4,9888,completed,5988943
4,4,9889,completed,6073984
4,4,9890,completed,6072359
4,4,9891,completed,6048235
4,4,9892,completed,6036484
4,4,9893,completed,5937235
4,4,9894,completed,5959693
4,4,9895,completed,5972859
4,4,9896,completed,5985902
4,4,9897,completed,5528153
4,4,9898,completed,5517986
4,4,9899,completed,5506861
4,4,9900,completed,5494902
4,4,9901,completed,6522609
4,4,9902,completed,6529817
4,4,9903,completed,6531400
4,4,9904,completed,6532775
4,4,9905,completed,5646194
4,4,9906,completed,5638194
4,4,9907,completed,5638819
4,4,9908,completed,5639194
4,4,9909,completed,5720652
4,4,9910,completed,5698402
4,4,9911,completed,5698735
4,4,9912,completed,5699319
4,4,9913,completed,6389776
4,4,9914,completed,6391817
4,4,9915,completed,6392192
4,4,9916,completed,6391984
4,4,9917,completed,6020985
4,4,9918,completed,6038735
4,4,9919,completed,6051027
4,4,9920,completed,6077318
4,4,9921,completed,6003484
4,4,9922,completed,6007609
4,4,9923,completed,6022276
4,4,9924,completed,5992193
4,4,9925,completed,6020610
4,4,9926,completed,5998568
4,4,9927,completed,5987068
4,4,9928,completed,5976777
4,4,9929,completed,5990985
4,4,9930,completed,6004401
4,4,9931,completed,6016818
4,4,9932,completed,6029026
4,4,9933,completed,5770152
4,4,9934,completed,5758985
4,4,9935,completed,5747902
4,4,9936,completed,5737027
4,4,9937,completed,6116692
4,4,9938,completed,6130484
4,4,9939,completed,6137359
4,4,9940,completed,6144151
4,4,9941,completed,6154776
4,4,9942,completed,6149860
4,4,9943,completed,6144359
4,4,9944,completed,6139401
4,4,9945,completed,5608778
4,4,9946,completed,5612403
4,4,9947,completed,5613444
4,4,9948,completed,5614444
4,4,9949,completed,6202942
4,4,9950,completed,6223651
4,4,9951,completed,6235609
4,4,9952,completed,6246318
4,4,9953,completed,6059151
4,4,9954,completed,6049609
4,4,9955,completed,6039359
4,4,9956,completed,6014818
4,4,9957,completed,5977610
4,4,9958,completed,6009484
4,4,9959,completed,6013360
4,4,9960,completed,6015277
4,4,9961,completed,5666444
4,4,9962,completed,5653236
4,4,9963,completed,5664486
4,4,9964,completed,5675610
4,4,9965,completed,6189692
4,4,9966,completed,6181943
4,4,9967,completed,6175026
4,4,9968,completed,6167568
4,4,9969,completed,6068943
4,4,9970,completed,6095526
4,4,9971,completed,6094026
4,4,9972,completed,6092235
4,4,9973,completed,5375194
4,4,9974,completed,5387028
4,4,9975,completed,5398236
4,4,9976,completed,5408820
4,4,9977,completed,6508317
4,4,9978,completed,6503316
4,4,9979,completed,6494650
4,4,9980,completed,6485317
4,4,9981,completed,6003526
4,4,9982,completed,6016109
4,4,9983,completed,6023610
4,4,9984,completed,6029610
4,4,9985,completed,5974985
4,4,9986,completed,5974151
4,4,9987,completed,5967776
4,4,9988,completed,5961485
4,4,9989,completed,6003485
4,4,9990,completed,6006235
4,4,9991,completed,6008110
4,4,9992,completed,6010235
4,4,9993,completed,5990901
4,4,9994,completed,5994693
4,4,9995,completed,5995443
4,4,9996,completed,5996359
4,4,9997,completed,5996193
4,4,9998,completed,5998984
4,4,9999,completed,5999693
4,4,10000,completed,6000318
