limit,round,id,result,latency_ns
4,2,1,completed,7313106
4,2,2,completed,7369814
4,2,3,completed,7371356
4,2,4,completed,7372731
4,2,5,completed,5981026
4,2,6,completed,5981735
4,2,7,completed,5981984
4,2,8,completed,5982526
4,2,9,completed,5954860
4,2,10,completed,5962318
4,2,11,completed,5964151
4,2,12,completed,5965276
4,2,13,completed,5858068
4,2,14,completed,5869151
4,2,15,completed,5870902
4,2,16,completed,5872526
4,2,17,completed,6041318
4,2,18,completed,6037985
4,2,19,completed,6037610
4,2,20,completed,6037443
4,2,21,completed,6013568
4,2,22,completed,6036360
4,2,23,completed,6038776
4,2,24,completed,6040360
4,2,25,completed,5902152
4,2,26,completed,5910110
4,2,27,completed,5911485
4,2,28,completed,5912693
4,2,29,completed,5920027
4,2,30,completed,5920401
4,2,31,completed,5921359
4,2,32,completed,5922776
4,2,33,completed,5945277
4,2,34,completed,5944610
4,2,35,completed,5944734
4,2,36,completed,5944776
4,2,37,completed,5782277
4,2,38,completed,5786985
4,2,39,completed,5787194
4,2,40,completed,5758069
4,2,41,completed,5941901
4,2,42,completed,5943985
4,2,43,completed,5944819
4,2,44,completed,5945276
4,2,45,completed,6140317
4,2,46,completed,6144359
4,2,47,completed,6145234
4,2,48,completed,6146234
4,2,49,completed,5982359
4,2,50,completed,5982985
4,2,51,completed,5983526
4,2,52,completed,5984235
4,2,53,completed,5671569
4,2,54,completed,5680985
4,2,55,completed,5663818
4,2,56,completed,5664152
4,2,57,completed,6245442
4,2,58,completed,6258276
4,2,59,completed,6232567
4,2,60,completed,6234192
4,2,61,completed,5965359
4,2,62,completed,5966444
4,2,63,completed,5966485
4,2,64,completed,5966652
4,2,65,completed,5997443
4,2,66,completed,6015818
4,2,67,completed,6017109
4,2,68,completed,6018568
4,2,69,completed,5906026
4,2,70,completed,5908235
4,2,71,completed,5909110
4,2,72,completed,5910027
4,2,73,completed,5527153
4,2,74,completed,5526944
4,2,75,completed,5527736
4,2,76,completed,5528652
4,2,77,completed,6331484
4,2,78,completed,6337276
4,2,79,completed,6338109
4,2,80,completed,6338942
4,2,81,completed,5936193
4,2,82,completed,5930027
4,2,83,completed,5929651
4,2,84,completed,5929318
4,2,85,completed,5997568
4,2,86,completed,6008193
4,2,87,completed,6008984
4,2,88,completed,6009943
4,2,89,completed,5981193
4,2,90,completed,5990110
4,2,91,completed,5991277
4,2,92,completed,5992318
4,2,93,completed,5909901
4,2,94,completed,5904193
4,2,95,completed,5903943
4,2,96,completed,5903568
4,2,97,completed,5984318
4,2,98,completed,5992110
4,2,99,completed,5993693
4,2,100,completed,5995318
4,2,101,completed,5965652
4,2,102,completed,5970069
4,2,103,completed,5970985
4,2,104,completed,5972152
4,2,105,completed,5941776
4,2,106,completed,5941360
4,2,107,completed,5941985
4,2,108,completed,5942901
4,2,109,completed,5932443
4,2,110,completed,5930401
4,2,111,completed,5930610
4,2,112,completed,5930860
4,2,113,completed,5980818
4,2,114,completed,5987777
4,2,115,completed,5988901
4,2,116,completed,5989985
4,2,117,completed,6056068
4,2,118,completed,6053734
4,2,119,completed,6053151
4,2,120,completed,6052860
4,2,121,completed,5911026
4,2,122,completed,5928151
4,2,123,completed,5929860
4,2,124,completed,5931319
4,2,125,completed,5930068
4,2,126,completed,5941401
4,2,127,completed,5942277
4,2,128,completed,5943318
4,2,129,completed,5934443
4,2,130,completed,5939277
4,2,131,completed,5940069
4,2,132,completed,5940443
4,2,133,completed,5961943
4,2,134,completed,5979859
4,2,135,completed,5981901
4,2,136,completed,5983068
4,2,137,completed,5899860
4,2,138,completed,5906277
4,2,139,completed,5906610
4,2,140,completed,5906652
4,2,141,completed,5825860
4,2,142,completed,5833610
4,2,143,completed,5834610
4,2,144,completed,5835110
4,2,145,completed,6131193
4,2,146,completed,6152234
4,2,147,completed,6153359
4,2,148,completed,6154484
4,2,149,completed,5922943
4,2,150,completed,5946693
4,2,151,completed,5949235
4,2,152,completed,5950526
4,2,153,completed,7179107
4,2,154,completed,7178898
4,2,155,completed,7180232
4,2,156,completed,7181732
4,2,157,completed,5719319
4,2,158,completed,5692360
4,2,159,completed,5700318
4,2,160,completed,5705944
4,2,161,completed,5985943
4,2,162,completed,5982443
4,2,163,completed,5977318
4,2,164,completed,5973359
4,2,165,completed,5959193
4,2,166,completed,5975985
4,2,167,completed,5982068
4,2,168,completed,5987443
4,2,169,completed,5990485
4,2,170,completed,6003902
4,2,171,completed,6005443
4,2,172,completed,6005401
4,2,173,completed,5961401
4,2,174,completed,5959193
4,2,175,completed,5954402
4,2,176,completed,5950026
4,2,177,completed,5984068
4,2,178,completed,5997693
4,2,179,completed,6002943
4,2,180,completed,6007818
4,2,181,completed,6094068
4,2,182,completed,6103776
4,2,183,completed,6104609
4,2,184,completed,6105735
4,2,185,completed,5921234
4,2,186,completed,5922401
4,2,187,completed,5917776
4,2,188,completed,5913068
4,2,189,completed,5704986
4,2,190,completed,5712111
4,2,191,completed,5718610
4,2,192,completed,5723902
4,2,193,completed,6157401
4,2,194,completed,6160609
4,2,195,completed,6160151
4,2,196,completed,6159942
4,2,197,completed,6045235
4,2,198,completed,6045318
4,2,199,completed,6041318
4,2,200,completed,6037942
4,2,201,completed,5760027
4,2,202,completed,5768569
4,2,203,completed,5769611
4,2,204,completed,5769860
4,2,205,completed,6378484
4,2,206,completed,6376067
4,2,207,completed,6376567
4,2,208,completed,6377442
4,2,209,completed,5915943
4,2,210,completed,5922568
4,2,211,completed,5923527
4,2,212,completed,5924235
4,2,213,completed,5866735
4,2,214,completed,5861110
4,2,215,completed,5865151
4,2,216,completed,5870193
4,2,217,completed,5973443
4,2,218,completed,5971026
4,2,219,completed,5966318
4,2,220,completed,5962318
4,2,221,completed,6009193
4,2,222,completed,6005193
4,2,223,completed,6027901
4,2,224,completed,6029068
4,2,225,completed,5937526
4,2,226,completed,5952276
4,2,227,completed,5958318
4,2,228,completed,5963026
4,2,229,completed,6052692
4,2,230,completed,6078067
4,2,231,completed,6081734
4,2,232,completed,6086443
4,2,233,completed,5984902
4,2,234,completed,5975985
4,2,235,completed,5967526
4,2,236,completed,5959901
4,2,237,completed,5880068
4,2,238,completed,5879360
4,2,239,completed,5880527
4,2,240,completed,5881901
4,2,241,completed,6015360
4,2,242,completed,6008818
4,2,243,completed,6014817
4,2,244,completed,6021193
4,2,245,completed,5533320
4,2,246,completed,5541861
4,2,247,completed,5537278
4,2,248,completed,5532195
4,2,249,completed,6441608
4,2,250,completed,6426942
4,2,251,completed,6427275
4,2,252,completed,6427900
4,2,253,completed,4786696
4,2,254,completed,4798779
4,2,255,completed,4799237
4,2,256,completed,4800571
4,2,257,completed,5744860
4,2,258,completed,5967943
4,2,259,completed,5976652
4,2,260,completed,5978068
4,2,261,completed,7297273
4,2,262,completed,7230190
4,2,263,completed,7224982
4,2,264,completed,7226148
4,2,265,completed,6298526
4,2,266,completed,6299317
4,2,267,completed,6300359
4,2,268,completed,6301234
4,2,269,completed,6398609
4,2,270,completed,6405525
4,2,271,completed,6412233
4,2,272,completed,6417109
4,2,273,completed,6075068
4,2,274,completed,6084235
4,2,275,completed,6083318
4,2,276,completed,6082651
4,2,277,completed,5898610
4,2,278,completed,5918443
4,2,279,completed,5916443
4,2,280,completed,5913318
4,2,281,completed,6042526
4,2,282,completed,6044860
4,2,283,completed,6049693
4,2,284,completed,6055276
4,2,285,completed,5626569
4,2,286,completed,5629943
4,2,287,completed,5625277
4,2,288,completed,5620194
4,2,289,completed,6313859
4,2,290,completed,6347151
4,2,291,completed,6353526
4,2,292,completed,6358526
4,2,293,completed,6077068
4,2,294,completed,6090776
4,2,295,completed,6090568
4,2,296,completed,6090693
4,2,297,completed,18119204
4,2,298,completed,18129203
4,2,299,completed,18124953
4,2,300,completed,18120537
4,2,301,completed,4482614
4,2,302,completed,4490447
4,2,303,completed,4495489
4,2,304,completed,4498863
4,2,305,completed,5764652
4,2,306,completed,5768568
4,2,307,completed,5768235
4,2,308,completed,5768485
4,2,309,completed,5971110
4,2,310,completed,5968318
4,2,311,completed,5964110
4,2,312,completed,5961443
4,2,313,completed,6005902
4,2,314,completed,6016693
4,2,315,completed,6024068
4,2,316,completed,6030818
4,2,317,completed,6059610
4,2,318,completed,6097859
4,2,319,completed,6091860
4,2,320,completed,6085901
4,2,321,completed,7012357
4,2,322,completed,6985774
4,2,323,completed,6985899
4,2,324,completed,6985898
4,2,325,completed,5774194
4,2,326,completed,5759694
4,2,327,completed,5752610
4,2,328,completed,5746485
4,2,329,completed,10653181
4,2,330,completed,10660722
4,2,331,completed,10666181
4,2,332,completed,10671015
4,2,333,completed,6924066
4,2,334,completed,6926483
4,2,335,completed,6922691
4,2,336,completed,6918858
4,2,337,completed,5952443
4,2,338,completed,5941818
4,2,339,completed,5938318
4,2,340,completed,5942943
4,2,341,completed,6020818
4,2,342,completed,6023652
4,2,343,completed,6019193
4,2,344,completed,6015735
4,2,345,completed,5848235
4,2,346,completed,5853151
4,2,347,completed,5854818
4,2,348,completed,5855526
4,2,349,completed,6152401
4,2,350,completed,6171318
4,2,351,completed,6177109
4,2,352,completed,6182526
4,2,353,completed,5970527
4,2,354,completed,5986110
4,2,355,completed,5986859
4,2,356,completed,5986359
4,2,357,completed,5902485
4,2,358,completed,5920401
4,2,359,completed,5917402
4,2,360,completed,5913610
4,2,361,completed,5446403
4,2,362,completed,5450278
4,2,363,completed,5455403
4,2,364,completed,5461194
4,2,365,completed,7004899
4,2,366,completed,7010982
4,2,367,completed,7006274
4,2,368,completed,7002107
4,2,369,completed,6952232
4,2,370,completed,6967899
4,2,371,completed,6969482
4,2,372,completed,6970316
4,2,373,completed,7543189
4,2,374,completed,7627355
4,2,375,completed,7629522
4,2,376,completed,7631022
4,2,377,completed,5926152
4,2,378,completed,5902235
4,2,379,completed,5897318
4,2,380,completed,5893318
4,2,381,completed,6365901
4,2,382,completed,6367275
4,2,383,completed,6362984
4,2,384,completed,6359317
4,2,385,completed,5696152
4,2,386,completed,5706402
4,2,387,completed,5707360
4,2,388,completed,5708069
4,2,389,completed,5830027
4,2,390,completed,5831319
4,2,391,completed,5832318
4,2,392,completed,5832985
4,2,393,completed,7426773
4,2,394,completed,7461315
4,2,395,completed,7467522
4,2,396,completed,7473690
4,2,397,completed,7695064
4,2,398,completed,7705313
4,2,399,completed,7705272
4,2,400,completed,7706647
4,2,401,completed,5500486
4,2,402,completed,5509152
4,2,403,completed,5506236
4,2,404,completed,5505777
4,2,405,completed,6247692
4,2,406,completed,6268401
4,2,407,completed,6269359
4,2,408,completed,6272984
4,2,409,completed,5964652
4,2,410,completed,5986401
4,2,411,completed,5983943
4,2,412,completed,5983734
4,2,413,completed,5878027
4,2,414,completed,5888694
4,2,415,completed,5887651
4,2,416,completed,5887318
4,2,417,completed,6036652
4,2,418,completed,6047401
4,2,419,completed,6047359
4,2,420,completed,6047026
4,2,421,completed,5991401
4,2,422,completed,6000193
4,2,423,completed,6000276
4,2,424,completed,6000776
4,2,425,completed,6074277
4,2,426,completed,6078568
4,2,427,completed,6074985
4,2,428,completed,6070860
4,2,429,completed,5947485
4,2,430,completed,5937277
4,2,431,completed,5938443
4,2,432,completed,5938693
4,2,433,completed,5951026
4,2,434,completed,5953610
4,2,435,completed,5954693
4,2,436,completed,5954651
4,2,437,completed,6030068
4,2,438,completed,6031984
4,2,439,completed,6032443
4,2,440,completed,6033234
4,2,441,completed,5645069
4,2,442,completed,5648736
4,2,443,completed,5653194
4,2,444,completed,5657403
4,2,445,completed,6302026
4,2,446,completed,6325608
4,2,447,completed,6325859
4,2,448,completed,6321817
4,2,449,completed,6025526
4,2,450,completed,6032276
4,2,451,completed,6044360
4,2,452,completed,6056359
4,2,453,completed,5891527
4,2,454,completed,5895943
4,2,455,completed,5889401
4,2,456,completed,5889443
4,2,457,completed,5987359
4,2,458,completed,5990693
4,2,459,completed,5987651
4,2,460,completed,5978318
4,2,461,completed,6042526
4,2,462,completed,6051443
4,2,463,completed,6051985
4,2,464,completed,6052651
4,2,465,completed,5905276
4,2,466,completed,5905444
4,2,467,completed,5906569
4,2,468,completed,5907193
4,2,469,completed,5995443
4,2,470,completed,6004610
4,2,471,completed,6009318
4,2,472,completed,6013443
4,2,473,completed,5997110
4,2,474,completed,6001818
4,2,475,completed,5999193
4,2,476,completed,5996235
4,2,477,completed,6147901
4,2,478,completed,6160775
4,2,479,completed,6162192
4,2,480,completed,6163068
4,2,481,completed,5822693
4,2,482,completed,5810152
4,2,483,completed,5810610
4,2,484,completed,5810818
4,2,485,completed,5909318
4,2,486,completed,5927693
4,2,487,completed,5931776
4,2,488,completed,5936151
4,2,489,completed,5657485
4,2,490,completed,5660610
4,2,491,completed,5657361
4,2,492,completed,5653569
4,2,493,completed,6286567
4,2,494,completed,6293526
4,2,495,completed,6295192
4,2,496,completed,6297651
4,2,497,completed,6014359
4,2,498,completed,6005985
4,2,499,completed,6016943
4,2,500,completed,6027068
4,2,501,completed,5744819
4,2,502,completed,5758319
4,2,503,completed,5749110
4,2,504,completed,5738819
4,2,505,completed,6219984
4,2,506,completed,6229734
4,2,507,completed,6236693
4,2,508,completed,6242401
4,2,509,completed,5993485
4,2,510,completed,6000735
4,2,511,completed,5995526
4,2,512,completed,5990651
4,2,513,completed,6023151
4,2,514,completed,6033651
4,2,515,completed,6038276
4,2,516,completed,6042610
4,2,517,completed,5929693
4,2,518,completed,5944610
4,2,519,completed,5947527
4,2,520,completed,5950110
4,2,521,completed,5961276
4,2,522,completed,5965526
4,2,523,completed,5962693
4,2,524,completed,5960651
4,2,525,completed,6059359
4,2,526,completed,6065526
4,2,527,completed,6062651
4,2,528,completed,6060276
4,2,529,completed,5925485
4,2,530,completed,5939943
4,2,531,completed,5945609
4,2,532,completed,5950110
4,2,533,completed,5994943
4,2,534,completed,5995651
4,2,535,completed,5991151
4,2,536,completed,5986984
4,2,537,completed,5968026
4,2,538,completed,5978234
4,2,539,completed,5979235
4,2,540,completed,5979943
4,2,541,completed,5979693
4,2,542,completed,5982443
4,2,543,completed,5993818
4,2,544,completed,6004985
4,2,545,completed,6040901
4,2,546,completed,6035776
4,2,547,completed,6024401
4,2,548,completed,6013485
4,2,549,completed,5935402
4,2,550,completed,5950985
4,2,551,completed,5961110
4,2,552,completed,5970943
4,2,553,completed,5984068
4,2,554,completed,5980693
4,2,555,completed,5971776
4,2,556,completed,5962943
4,2,557,completed,6014485
4,2,558,completed,6014943
4,2,559,completed,6015901
4,2,560,completed,6016735
4,2,561,completed,5533611
4,2,562,completed,5537111
4,2,563,completed,5538152
4,2,564,completed,5538736
4,2,565,completed,6292234
4,2,566,completed,6287817
4,2,567,completed,6291401
4,2,568,completed,6296026
4,2,569,completed,6203568
4,2,570,completed,6210442
4,2,571,completed,6208401
4,2,572,completed,6205400
4,2,573,completed,5828610
4,2,574,completed,5841901
4,2,575,completed,5849068
4,2,576,completed,5854651
4,2,577,completed,5851277
4,2,578,completed,5847194
4,2,579,completed,5841235
4,2,580,completed,5835819
4,2,581,completed,6326609
4,2,582,completed,6339026
4,2,583,completed,6340526
4,2,584,completed,6342442
4,2,585,completed,5810943
4,2,586,completed,5816110
4,2,587,completed,5817527
4,2,588,completed,5818694
4,2,589,completed,5904235
4,2,590,completed,5905693
4,2,591,completed,5905235
4,2,592,completed,5905194
4,2,593,completed,5990318
4,2,594,completed,6013068
4,2,595,completed,6025527
4,2,596,completed,6036485
4,2,597,completed,5941652
4,2,598,completed,5935985
4,2,599,completed,5928985
4,2,600,completed,5922110
4,2,601,completed,5837152
4,2,602,completed,5835152
4,2,603,completed,5831193
4,2,604,completed,5827360
4,2,605,completed,6173984
4,2,606,completed,6180443
4,2,607,completed,6181443
4,2,608,completed,6183317
4,2,609,completed,5656694
4,2,610,completed,5667485
4,2,611,completed,5672111
4,2,612,completed,5676528
4,2,613,completed,6277026
4,2,614,completed,6281234
4,2,615,completed,6280484
4,2,616,completed,6279776
4,2,617,completed,6025818
4,2,618,completed,6027443
4,2,619,completed,6024318
4,2,620,completed,6020859
4,2,621,completed,5954693
4,2,622,completed,5964901
4,2,623,completed,5970234
4,2,624,completed,5974859
4,2,625,completed,6180901
4,2,626,completed,6203984
4,2,627,completed,6211484
4,2,628,completed,6218359
4,2,629,completed,5897443
4,2,630,completed,5898693
4,2,631,completed,5891235
4,2,632,completed,5884652
4,2,633,completed,6601275
4,2,634,completed,6616858
4,2,635,completed,6770066
4,2,636,completed,6768316
4,2,637,completed,5726444
4,2,638,completed,5681568
4,2,639,completed,5586778
4,2,640,completed,5573652
4,2,641,completed,5567486
4,2,642,completed,5562569
4,2,643,completed,5555110
4,2,644,completed,5560861
4,2,645,completed,5968985
4,2,646,completed,5989276
4,2,647,completed,5991443
4,2,648,completed,5993277
4,2,649,completed,6034110
4,2,650,completed,6034484
4,2,651,completed,6026567
4,2,652,completed,6018068
4,2,653,completed,5930443
4,2,654,completed,5939151
4,2,655,completed,5940735
4,2,656,completed,5941610
4,2,657,completed,5882777
4,2,658,completed,5876194
4,2,659,completed,5880319
4,2,660,completed,5885318
4,2,661,completed,6011110
4,2,662,completed,6014443
4,2,663,completed,6009985
4,2,664,completed,6005485
4,2,665,completed,5970235
4,2,666,completed,5973360
4,2,667,completed,5973735
4,2,668,completed,5974776
4,2,669,completed,6022610
4,2,670,completed,6028568
4,2,671,completed,6028776
4,2,672,completed,6029360
4,2,673,completed,5916777
4,2,674,completed,5929818
4,2,675,completed,5936819
4,2,676,completed,5944026
4,2,677,completed,6050401
4,2,678,completed,6050776
4,2,679,completed,6044276
4,2,680,completed,6038484
4,2,681,completed,6005943
4,2,682,completed,6010901
4,2,683,completed,6011652
4,2,684,completed,6012693
4,2,685,completed,5941943
4,2,686,completed,5933526
4,2,687,completed,5934818
4,2,688,completed,5936235
4,2,689,completed,5963193
4,2,690,completed,5967943
4,2,691,completed,5967985
4,2,692,completed,5968110
4,2,693,completed,5969110
4,2,694,completed,5993193
4,2,695,completed,6006276
4,2,696,completed,6018234
4,2,697,completed,5940318
4,2,698,completed,5932901
4,2,699,completed,5921860
4,2,700,completed,5910943
4,2,701,completed,6051026
4,2,702,completed,6048693
4,2,703,completed,6049151
4,2,704,completed,6049651
4,2,705,completed,6023318
4,2,706,completed,6032067
4,2,707,completed,6033901
4,2,708,completed,6035818
4,2,709,completed,5560486
4,2,710,completed,5559528
4,2,711,completed,5559444
4,2,712,completed,5559444
4,2,713,completed,6326567
4,2,714,completed,6320359
4,2,715,completed,6321025
4,2,716,completed,6321359
4,2,717,completed,5986568
4,2,718,completed,5995693
4,2,719,completed,6002026
4,2,720,completed,6008651
4,2,721,completed,5968818
4,2,722,completed,5974110
4,2,723,completed,5969193
4,2,724,completed,5963068
4,2,725,completed,6010276
4,2,726,completed,6013276
4,2,727,completed,6017401
4,2,728,completed,6021609
4,2,729,completed,5988235
4,2,730,completed,5989193
4,2,731,completed,5985860
4,2,732,completed,5982359
4,2,733,completed,5964443
4,2,734,completed,5964985
4,2,735,completed,5965485
4,2,736,completed,5965901
4,2,737,completed,5977985
4,2,738,completed,5989318
4,2,739,completed,5991318
4,2,740,completed,5993235
4,2,741,completed,5691777
4,2,742,completed,5707986
4,2,743,completed,5717652
4,2,744,completed,5728486
4,2,745,completed,6271526
4,2,746,completed,6263275
4,2,747,completed,6252817
4,2,748,completed,6242067
4,2,749,completed,6010776
4,2,750,completed,6024776
4,2,751,completed,6036026
4,2,752,completed,6047068
4,2,753,completed,5698152
4,2,754,completed,5692527
4,2,755,completed,5683527
4,2,756,completed,5673986
4,2,757,completed,6238150
4,2,758,completed,6244776
4,2,759,completed,6244859
4,2,760,completed,6244818
4,2,761,completed,6095651
4,2,762,completed,6091359
4,2,763,completed,6092068
4,2,764,completed,6092526
4,2,765,completed,5396278
4,2,766,completed,5397903
4,2,767,completed,5402778
4,2,768,completed,5407694
4,2,769,completed,6575234
4,2,770,completed,6583025
4,2,771,completed,6580233
4,2,772,completed,6577275
4,2,773,completed,5993818
4,2,774,completed,6001443
4,2,775,completed,6001942
4,2,776,completed,6002568
4,2,777,completed,5937818
4,2,778,completed,5951985
4,2,779,completed,5957277
4,2,780,completed,5962027
4,2,781,completed,6017817
4,2,782,completed,6022442
4,2,783,completed,6019734
4,2,784,completed,6017151
4,2,785,completed,6011068
4,2,786,completed,6022984
4,2,787,completed,6024943
4,2,788,completed,6026443
4,2,789,completed,5868277
4,2,790,completed,5867401
4,2,791,completed,5867485
4,2,792,completed,5867485
4,2,793,completed,5965193
4,2,794,completed,5968860
4,2,795,completed,5970651
4,2,796,completed,5971944
4,2,797,completed,5995984
4,2,798,completed,6019693
4,2,799,completed,6031235
4,2,800,completed,6041943
4,2,801,completed,5989943
4,2,802,completed,5992276
4,2,803,completed,5981902
4,2,804,completed,5970234
4,2,805,completed,5957234
4,2,806,completed,5972151
4,2,807,completed,5983776
4,2,808,completed,5994568
4,2,809,completed,5959818
4,2,810,completed,5954026
4,2,811,completed,5943526
4,2,812,completed,5933068
4,2,813,completed,6091317
4,2,814,completed,6092068
4,2,815,completed,6092817
4,2,816,completed,6093317
4,2,817,completed,5875402
4,2,818,completed,5896443
4,2,819,completed,5904652
4,2,820,completed,5911735
4,2,821,completed,5933151
4,2,822,completed,5939943
4,2,823,completed,5938526
4,2,824,completed,5936860
4,2,825,completed,5996277
4,2,826,completed,6015943
4,2,827,completed,6022527
4,2,828,completed,6028734
4,2,829,completed,5998276
4,2,830,completed,6001693
4,2,831,completed,5998693
4,2,832,completed,5994860
4,2,833,completed,5999860
4,2,834,completed,5994443
4,2,835,completed,5987818
4,2,836,completed,5981776
4,2,837,completed,6023067
4,2,838,completed,6050484
4,2,839,completed,6053942
4,2,840,completed,6055192
4,2,841,completed,5997276
4,2,842,completed,5993027
4,2,843,completed,6003610
4,2,844,completed,6014860
4,2,845,completed,5867485
4,2,846,completed,5859526
4,2,847,completed,5848735
4,2,848,completed,5838777
4,2,849,completed,6139443
4,2,850,completed,6154984
4,2,851,completed,6157026
4,2,852,completed,6157818
4,2,853,completed,5863319
4,2,854,completed,5863443
4,2,855,completed,5867693
4,2,856,completed,5872194
4,2,857,completed,5798819
4,2,858,completed,5805569
4,2,859,completed,5801319
4,2,860,completed,5797444
4,2,861,completed,6244734
4,2,862,completed,6261442
4,2,863,completed,6266734
4,2,864,completed,6271693
4,2,865,completed,5935860
4,2,866,completed,5942026
4,2,867,completed,5947652
4,2,868,completed,5947068
4,2,869,completed,5467194
4,2,870,completed,5468277
4,2,871,completed,5459236
4,2,872,completed,5455694
4,2,873,completed,6441108
4,2,874,completed,6457816
4,2,875,completed,6464692
4,2,876,completed,6470525
4,2,877,completed,6060818
4,2,878,completed,6077110
4,2,879,completed,6078026
4,2,880,completed,6078068
4,2,881,completed,6068193
4,2,882,completed,6067193
4,2,883,completed,6062234
4,2,884,completed,6057943
4,2,885,completed,5898443
4,2,886,completed,5917610
4,2,887,completed,5929777
4,2,888,completed,5940694
4,2,889,completed,15629501
4,2,890,completed,18795452
4,2,891,completed,18790451
4,2,892,completed,18784535
4,2,893,completed,7198523
4,2,894,completed,7193440
4,2,895,completed,7192690
4,2,896,completed,7192606
4,2,897,completed,5961902
4,2,898,completed,5970568
4,2,899,completed,5970985
4,2,900,completed,5971151
4,2,901,completed,5959193
4,2,902,completed,5968318
4,2,903,completed,5968985
4,2,904,completed,5969068
4,2,905,completed,5521194
4,2,906,completed,5542986
4,2,907,completed,5544028
4,2,908,completed,5545569
4,2,909,completed,6486692
4,2,910,completed,6505150
4,2,911,completed,6511941
4,2,912,completed,6515858
4,2,913,completed,6006193
4,2,914,completed,6022234
4,2,915,completed,6016734
4,2,916,completed,6012068
4,2,917,completed,5756027
4,2,918,completed,5789318
4,2,919,completed,5789318
4,2,920,completed,5787277
4,2,921,completed,5895568
4,2,922,completed,5905985
4,2,923,completed,5933943
4,2,924,completed,5932651
4,2,925,completed,6159609
4,2,926,completed,6141359
4,2,927,completed,6141776
4,2,928,completed,6142443
4,2,929,completed,5541569
4,2,930,completed,5565402
4,2,931,completed,5567444
4,2,932,completed,5569861
4,2,933,completed,6382817
4,2,934,completed,6388233
4,2,935,completed,6385442
4,2,936,completed,6382733
4,2,937,completed,6080484
4,2,938,completed,6099026
4,2,939,completed,6106526
4,2,940,completed,6113734
4,2,941,completed,5978151
4,2,942,completed,5980234
4,2,943,completed,5973901
4,2,944,completed,5967526
4,2,945,completed,5996943
4,2,946,completed,6019027
4,2,947,completed,6019984
4,2,948,completed,6019235
4,2,949,completed,6081276
4,2,950,completed,6104193
4,2,951,completed,6111443
4,2,952,completed,6119734
4,2,953,completed,5881985
4,2,954,completed,5873860
4,2,955,completed,5863485
4,2,956,completed,5852902
4,2,957,completed,5963776
4,2,958,completed,5972401
4,2,959,completed,5977860
4,2,960,completed,5981651
4,2,961,completed,6055068
4,2,962,completed,6059693
4,2,963,completed,6057359
4,2,964,completed,6054651
4,2,965,completed,6034610
4,2,966,completed,6039068
4,2,967,completed,6039735
4,2,968,completed,6040109
4,2,969,completed,5804402
4,2,970,completed,5820819
4,2,971,completed,5825485
4,2,972,completed,5830360
4,2,973,completed,5940193
4,2,974,completed,5968693
4,2,975,completed,5967568
4,2,976,completed,5963527
4,2,977,completed,5915943
4,2,978,completed,5913943
4,2,979,completed,5925402
4,2,980,completed,5936610
4,2,981,completed,6062651
4,2,982,completed,6062401
4,2,983,completed,6051692
4,2,984,completed,6041067
4,2,985,completed,6002484
4,2,986,completed,6008360
4,2,987,completed,6013193
4,2,988,completed,6017443
4,2,989,completed,6042360
4,2,990,completed,6050693
4,2,991,completed,6047943
4,2,992,completed,6046235
4,2,993,completed,6080609
4,2,994,completed,6082902
4,2,995,completed,6084443
4,2,996,completed,6085485
4,2,997,completed,5898943
4,2,998,completed,5895193
4,2,999,completed,5900985
4,2,1000,completed,5901776
4,2,1001,completed,5976568
4,2,1002,completed,5960818
4,2,1003,completed,5961110
4,2,1004,completed,5961234
4,2,1005,completed,6008109
4,2,1006,completed,6019401
4,2,1007,completed,6021818
4,2,1008,completed,6023985
4,2,1009,completed,5710069
4,2,1010,completed,5730152
4,2,1011,completed,5737694
4,2,1012,completed,5743110
4,2,1013,completed,5989443
4,2,1014,completed,6004860
4,2,1015,completed,6011735
4,2,1016,completed,6017402
4,2,1017,completed,6125567
4,2,1018,completed,6137943
4,2,1019,completed,6131692
4,2,1020,completed,6126818
4,2,1021,completed,6057860
4,2,1022,completed,6070485
4,2,1023,completed,6069609
4,2,1024,completed,6067401
4,2,1025,completed,5530111
4,2,1026,completed,5529236
4,2,1027,completed,5524777
4,2,1028,completed,5520277
4,2,1029,completed,6396150
4,2,1030,completed,6400442
4,2,1031,completed,6402109
4,2,1032,completed,6403817
4,2,1033,completed,5930777
4,2,1034,completed,5921151
4,2,1035,completed,5920860
4,2,1036,completed,5920360
4,2,1037,completed,5993693
4,2,1038,completed,6014818
4,2,1039,completed,6017901
4,2,1040,completed,6019192
4,2,1041,completed,5996234
4,2,1042,completed,5999735
4,2,1043,completed,6001609
4,2,1044,completed,6002193
4,2,1045,completed,6003235
4,2,1046,completed,5990984
4,2,1047,completed,5990443
4,2,1048,completed,5990901
4,2,1049,completed,5959402
4,2,1050,completed,5964943
4,2,1051,completed,5965818
4,2,1052,completed,5966985
4,2,1053,completed,5982360
4,2,1054,completed,5990360
4,2,1055,completed,5991026
4,2,1056,completed,5992485
4,2,1057,completed,5916943
4,2,1058,completed,5905859
4,2,1059,completed,5906318
4,2,1060,completed,5906693
4,2,1061,completed,6040609
4,2,1062,completed,6055318
4,2,1063,completed,6057277
4,2,1064,completed,6059193
4,2,1065,completed,5939902
4,2,1066,completed,5958026
4,2,1067,completed,5968693
4,2,1068,completed,5977943
4,2,1069,completed,6056901
4,2,1070,completed,6052484
4,2,1071,completed,6043235
4,2,1072,completed,6034693
4,2,1073,completed,6085609
4,2,1074,completed,6126193
4,2,1075,completed,6141901
4,2,1076,completed,6197442
4,2,1077,completed,5775194
4,2,1078,completed,5700527
4,2,1079,completed,5712694
4,2,1080,completed,5726485
4,2,1081,completed,5965276
4,2,1082,completed,5977485
4,2,1083,completed,5980235
4,2,1084,completed,5978026
4,2,1085,completed,6055360
4,2,1086,completed,6066234
4,2,1087,completed,6066692
4,2,1088,completed,6066443
4,2,1089,completed,5966985
4,2,1090,completed,5968651
4,2,1091,completed,5959027
4,2,1092,completed,5948110
4,2,1093,completed,5406278
4,2,1094,completed,5408195
4,2,1095,completed,5409153
4,2,1096,completed,5409653
4,2,1097,completed,6433276
4,2,1098,completed,6448483
4,2,1099,completed,6466109
4,2,1100,completed,6473733
4,2,1101,completed,5997110
4,2,1102,completed,6003443
4,2,1103,completed,5997068
4,2,1104,completed,5990901
4,2,1105,completed,6029276
4,2,1106,completed,6025443
4,2,1107,completed,6027276
4,2,1108,completed,6028860
4,2,1109,completed,5911693
4,2,1110,completed,5925193
4,2,1111,completed,5931819
4,2,1112,completed,5938068
4,2,1113,completed,6001693
4,2,1114,completed,5998568
4,2,1115,completed,5992485
4,2,1116,completed,5986360
4,2,1117,completed,6262942
4,2,1118,completed,6276275
4,2,1119,completed,6277484
4,2,1120,completed,6278859
4,2,1121,completed,5748693
4,2,1122,completed,5695569
4,2,1123,completed,5687152
4,2,1124,completed,5686986
4,2,1125,completed,6018859
4,2,1126,completed,6036943
4,2,1127,completed,6041943
4,2,1128,completed,6047235
4,2,1129,completed,5912485
4,2,1130,completed,5912526
4,2,1131,completed,5908985
4,2,1132,completed,5904818
4,2,1133,completed,5884943
4,2,1134,completed,5896276
4,2,1135,completed,5901401
4,2,1136,completed,5905234
4,2,1137,completed,6124859
4,2,1138,completed,6132692
4,2,1139,completed,6130692
4,2,1140,completed,6128651
4,2,1141,completed,5865152
4,2,1142,completed,5881610
4,2,1143,completed,5884652
4,2,1144,completed,5885235
4,2,1145,completed,5999734
4,2,1146,completed,6008859
4,2,1147,completed,6014402
4,2,1148,completed,6019193
4,2,1149,completed,6003693
4,2,1150,completed,6002817
4,2,1151,completed,5999818
4,2,1152,completed,5996735
4,2,1153,completed,5906193
4,2,1154,completed,5922902
4,2,1155,completed,5924944
4,2,1156,completed,5925360
4,2,1157,completed,5979818
4,2,1158,completed,5975443
4,2,1159,completed,5979485
4,2,1160,completed,5983568
4,2,1161,completed,5972777
4,2,1162,completed,5989318
4,2,1163,completed,5986901
4,2,1164,completed,5983360
4,2,1165,completed,6007027
4,2,1166,completed,6000693
4,2,1167,completed,6001818
4,2,1168,completed,6003693
4,2,1169,completed,5991943
4,2,1170,completed,5994734
4,2,1171,completed,5994859
4,2,1172,completed,5994901
4,2,1173,completed,6053610
4,2,1174,completed,6075984
4,2,1175,completed,6086401
4,2,1176,completed,6096360
4,2,1177,completed,5958651
4,2,1178,completed,5960151
4,2,1179,completed,5951776
4,2,1180,completed,5943443
4,2,1181,completed,5997068
4,2,1182,completed,6003526
4,2,1183,completed,6004693
4,2,1184,completed,6005360
4,2,1185,completed,5984193
4,2,1186,completed,5980318
4,2,1187,completed,5983068
4,2,1188,completed,5984609
4,2,1189,completed,5903277
4,2,1190,completed,5909776
4,2,1191,completed,5910234
4,2,1192,completed,5910735
4,2,1193,completed,6017277
4,2,1194,completed,6053068
4,2,1195,completed,6056693
4,2,1196,completed,6057818
4,2,1197,completed,5907902
4,2,1198,completed,5884818
4,2,1199,completed,5884984
4,2,1200,completed,5886151
4,2,1201,completed,5936902
4,2,1202,completed,5938193
4,2,1203,completed,5938902
4,2,1204,completed,5939318
4,2,1205,completed,6033318
4,2,1206,completed,6038110
4,2,1207,completed,6038818
4,2,1208,completed,6038734
4,2,1209,completed,5944235
4,2,1210,completed,5945401
4,2,1211,completed,5947026
4,2,1212,completed,5948818
4,2,1213,completed,5732860
4,2,1214,completed,5734027
4,2,1215,completed,5733944
4,2,1216,completed,5734068
4,2,1217,completed,6273276
4,2,1218,completed,6289692
4,2,1219,completed,6291401
4,2,1220,completed,6292067
4,2,1221,completed,6038401
4,2,1222,completed,6042610
4,2,1223,completed,6044360
4,2,1224,completed,6046277
4,2,1225,completed,5898027
4,2,1226,completed,5905735
4,2,1227,completed,5906443
4,2,1228,completed,5906526
4,2,1229,completed,6020568
4,2,1230,completed,6052734
4,2,1231,completed,6055234
4,2,1232,completed,6057485
4,2,1233,completed,5818818
4,2,1234,completed,5832568
4,2,1235,completed,5838735
4,2,1236,completed,5843860
4,2,1237,completed,5775318
4,2,1238,completed,5774110
4,2,1239,completed,5769568
4,2,1240,completed,5765193
4,2,1241,completed,6256651
4,2,1242,completed,6269109
4,2,1243,completed,6271193
4,2,1244,completed,6273109
4,2,1245,completed,5906651
4,2,1246,completed,5911818
4,2,1247,completed,5917026
4,2,1248,completed,5922443
4,2,1249,completed,5589777
4,2,1250,completed,5589652
4,2,1251,completed,5584528
4,2,1252,completed,5578653
4,2,1253,completed,6346525
4,2,1254,completed,6359693
4,2,1255,completed,6366942
4,2,1256,completed,6373400
4,2,1257,completed,6055026
4,2,1258,completed,6051777
4,2,1259,completed,6046110
4,2,1260,completed,6040110
4,2,1261,completed,6027652
4,2,1262,completed,6036109
4,2,1263,completed,6037401
4,2,1264,completed,6038317
4,2,1265,completed,5812568
4,2,1266,completed,5814277
4,2,1267,completed,5826194
4,2,1268,completed,5837152
4,2,1269,completed,6061693
4,2,1270,completed,6054526
4,2,1271,completed,6044026
4,2,1272,completed,6033568
4,2,1273,completed,5636861
4,2,1274,completed,5659777
4,2,1275,completed,5664652
4,2,1276,completed,5669110
4,2,1277,completed,5792277
4,2,1278,completed,5815194
4,2,1279,completed,5823194
4,2,1280,completed,5828901
4,2,1281,completed,6499983
4,2,1282,completed,6490192
4,2,1283,completed,6480233
4,2,1284,completed,6470859
4,2,1285,completed,5632361
4,2,1286,completed,5631444
4,2,1287,completed,5632069
4,2,1288,completed,5633027
4,2,1289,completed,6019401
4,2,1290,completed,5991443
4,2,1291,completed,5980776
4,2,1292,completed,5980610
4,2,1293,completed,6335525
4,2,1294,completed,6368275
4,2,1295,completed,6381775
4,2,1296,completed,6393859
4,2,1297,completed,6001109
4,2,1298,completed,6005818
4,2,1299,completed,5999026
4,2,1300,completed,5992402
4,2,1301,completed,5990943
4,2,1302,completed,5996485
4,2,1303,completed,5992193
4,2,1304,completed,5987776
4,2,1305,completed,5966609
4,2,1306,completed,5973860
4,2,1307,completed,5974860
4,2,1308,completed,5975318
4,2,1309,completed,5759360
4,2,1310,completed,5772236
4,2,1311,completed,5773444
4,2,1312,completed,5774277
4,2,1313,completed,5946526
4,2,1314,completed,5962610
4,2,1315,completed,5963235
4,2,1316,completed,5963777
4,2,1317,completed,5884152
4,2,1318,completed,5903485
4,2,1319,completed,5904068
4,2,1320,completed,5904610
4,2,1321,completed,5910443
4,2,1322,completed,5921776
4,2,1323,completed,5923068
4,2,1324,completed,5923276
4,2,1325,completed,6012943
4,2,1326,completed,6050401
4,2,1327,completed,6051859
4,2,1328,completed,6053318
4,2,1329,completed,5960151
4,2,1330,completed,5970652
4,2,1331,completed,5971901
4,2,1332,completed,5973026
4,2,1333,completed,5888068
4,2,1334,completed,5887568
4,2,1335,completed,5887152
4,2,1336,completed,5886777
4,2,1337,completed,5918735
4,2,1338,completed,5939110
4,2,1339,completed,5940819
4,2,1340,completed,5942568
4,2,1341,completed,5932860
4,2,1342,completed,5940068
4,2,1343,completed,5940734
4,2,1344,completed,5941984
4,2,1345,completed,5878694
4,2,1346,completed,5880152
4,2,1347,completed,5879819
4,2,1348,completed,5879819
4,2,1349,completed,6020943
4,2,1350,completed,6036401
4,2,1351,completed,6037276
4,2,1352,completed,6038026
4,2,1353,completed,6033859
4,2,1354,completed,6066526
4,2,1355,completed,6067567
4,2,1356,completed,6068526
4,2,1357,completed,5453527
4,2,1358,completed,5457028
4,2,1359,completed,5457611
4,2,1360,completed,5458111
4,2,1361,completed,5962859
4,2,1362,completed,5972318
4,2,1363,completed,5973026
4,2,1364,completed,5973693
4,2,1365,completed,5753735
4,2,1366,completed,5762818
4,2,1367,completed,5763319
4,2,1368,completed,5763902
4,2,1369,completed,6014317
4,2,1370,completed,6035776
4,2,1371,completed,6037567
4,2,1372,completed,6038526
4,2,1373,completed,5892402
4,2,1374,completed,5925068
4,2,1375,completed,5927026
4,2,1376,completed,5927943
4,2,1377,completed,5743319
4,2,1378,completed,5762735
4,2,1379,completed,5763819
4,2,1380,completed,5765110
4,2,1381,completed,6022235
4,2,1382,completed,6028318
4,2,1383,completed,6028276
4,2,1384,completed,6028609
4,2,1385,completed,6056068
4,2,1386,completed,6079610
4,2,1387,completed,6081484
4,2,1388,completed,6083359
4,2,1389,completed,5541527
4,2,1390,completed,5549569
4,2,1391,completed,5550361
4,2,1392,completed,5551361
4,2,1393,completed,5850944
4,2,1394,completed,5895693
4,2,1395,completed,5901027
4,2,1396,completed,5902318
4,2,1397,completed,6381525
4,2,1398,completed,6387692
4,2,1399,completed,6388192
4,2,1400,completed,6389234
4,2,1401,completed,5880985
4,2,1402,completed,5883984
4,2,1403,completed,5884401
4,2,1404,completed,5885152
4,2,1405,completed,5907735
4,2,1406,completed,5925569
4,2,1407,completed,5927069
4,2,1408,completed,5928651
4,2,1409,completed,5893194
4,2,1410,completed,5900318
4,2,1411,completed,5900860
4,2,1412,completed,5901652
4,2,1413,completed,6022234
4,2,1414,completed,6023693
4,2,1415,completed,6024318
4,2,1416,completed,6025026
4,2,1417,completed,5795819
4,2,1418,completed,5805068
4,2,1419,completed,5806360
4,2,1420,completed,5807193
4,2,1421,completed,6025276
4,2,1422,completed,6042151
4,2,1423,completed,6043985
4,2,1424,completed,6045526
4,2,1425,completed,5960860
4,2,1426,completed,5961985
4,2,1427,completed,5962068
4,2,1428,completed,5962193
4,2,1429,completed,5910444
4,2,1430,completed,5921819
4,2,1431,completed,5922569
4,2,1432,completed,5923360
4,2,1433,completed,5945360
4,2,1434,completed,5947901
4,2,1435,completed,5948901
4,2,1436,completed,5949360
4,2,1437,completed,6014359
4,2,1438,completed,6025318
4,2,1439,completed,6026152
4,2,1440,completed,6026568
4,2,1441,completed,5979526
4,2,1442,completed,5992485
4,2,1443,completed,5993943
4,2,1444,completed,5994943
4,2,1445,completed,5344986
4,2,1446,completed,5348527
4,2,1447,completed,5348819
4,2,1448,completed,5349028
4,2,1449,completed,5978984
4,2,1450,completed,6011985
4,2,1451,completed,6013818
4,2,1452,completed,6014526
4,2,1453,completed,6469942
4,2,1454,completed,6479066
4,2,1455,completed,6480025
4,2,1456,completed,6480650
4,2,1457,completed,5973151
4,2,1458,completed,5981985
4,2,1459,completed,5982485
4,2,1460,completed,5982568
4,2,1461,completed,5953819
4,2,1462,completed,5963735
4,2,1463,completed,5965401
4,2,1464,completed,5966777
4,2,1465,completed,5789360
4,2,1466,completed,5801735
4,2,1467,completed,5802401
4,2,1468,completed,5803194
4,2,1469,completed,6283651
4,2,1470,completed,6301234
4,2,1471,completed,6303150
4,2,1472,completed,6304526
4,2,1473,completed,5775568
4,2,1474,completed,5714194
4,2,1475,completed,5712277
4,2,1476,completed,5712236
4,2,1477,completed,5875360
4,2,1478,completed,5916193
4,2,1479,completed,5918360
4,2,1480,completed,5919776
4,2,1481,completed,5811735
4,2,1482,completed,5810401
4,2,1483,completed,5810776
4,2,1484,completed,5810610
4,2,1485,completed,6064068
4,2,1486,completed,6095818
4,2,1487,completed,6097985
4,2,1488,completed,6099776
4,2,1489,completed,5814151
4,2,1490,completed,5802318
4,2,1491,completed,5801902
4,2,1492,completed,5801819
4,2,1493,completed,6784149
4,2,1494,completed,6793316
4,2,1495,completed,6795025
4,2,1496,completed,6796774
4,2,1497,completed,5703568
4,2,1498,completed,5728069
4,2,1499,completed,5741360
4,2,1500,completed,5775194
4,2,1501,completed,5894902
4,2,1502,completed,5893568
4,2,1503,completed,5867235
4,2,1504,completed,5860569
4,2,1505,completed,6304817
4,2,1506,completed,6316442
4,2,1507,completed,6315525
4,2,1508,completed,6313942
4,2,1509,completed,5553319
4,2,1510,completed,5555277
4,2,1511,completed,5551819
4,2,1512,completed,5548986
4,2,1513,completed,5857319
4,2,1514,completed,5859902
4,2,1515,completed,5860194
4,2,1516,completed,5860526
4,2,1517,completed,6504859
4,2,1518,completed,6518817
4,2,1519,completed,6522775
4,2,1520,completed,6527359
4,2,1521,completed,6016818
4,2,1522,completed,6033068
4,2,1523,completed,6039776
4,2,1524,completed,6045734
4,2,1525,completed,6009317
4,2,1526,completed,6002276
4,2,1527,completed,5991901
4,2,1528,completed,5981735
4,2,1529,completed,5933776
4,2,1530,completed,5947651
4,2,1531,completed,5952943
4,2,1532,completed,5957318
4,2,1533,completed,5998817
4,2,1534,completed,6005151
4,2,1535,completed,6005860
4,2,1536,completed,6005776
4,2,1537,completed,5950569
4,2,1538,completed,5960901
4,2,1539,completed,5958943
4,2,1540,completed,5956776
4,2,1541,completed,7106732
4,2,1542,completed,7117774
4,2,1543,completed,7119482
4,2,1544,completed,7120607
4,2,1545,completed,5949527
4,2,1546,completed,5952776
4,2,1547,completed,5953776
4,2,1548,completed,5954610
4,2,1549,completed,5988776
4,2,1550,completed,5995068
4,2,1551,completed,5995401
4,2,1552,completed,5995610
4,2,1553,completed,5806527
4,2,1554,completed,5809401
4,2,1555,completed,5810069
4,2,1556,completed,5810652
4,2,1557,completed,6024526
4,2,1558,completed,6040235
4,2,1559,completed,6041401
4,2,1560,completed,6041984
4,2,1561,completed,5987818
4,2,1562,completed,6007359
4,2,1563,completed,6009776
4,2,1564,completed,6010360
4,2,1565,completed,5831735
4,2,1566,completed,5834110
4,2,1567,completed,5834610
4,2,1568,completed,5835152
4,2,1569,completed,5985402
4,2,1570,completed,5994651
4,2,1571,completed,5995985
4,2,1572,completed,5997109
4,2,1573,completed,5994860
4,2,1574,completed,5995902
4,2,1575,completed,5996193
4,2,1576,completed,5996568
4,2,1577,completed,5895193
4,2,1578,completed,5904485
4,2,1579,completed,5905943
4,2,1580,completed,5907152
4,2,1581,completed,5901735
4,2,1582,completed,5910235
4,2,1583,completed,5912152
4,2,1584,completed,5913527
4,2,1585,completed,5846443
4,2,1586,completed,5841985
4,2,1587,completed,5841985
4,2,1588,completed,5841985
4,2,1589,completed,6128984
4,2,1590,completed,6133401
4,2,1591,completed,6134110
4,2,1592,completed,6134651
4,2,1593,completed,5978485
4,2,1594,completed,5984193
4,2,1595,completed,5985151
4,2,1596,completed,5985818
4,2,1597,completed,5991693
4,2,1598,completed,5998526
4,2,1599,completed,5999277
4,2,1600,completed,5999734
4,2,1601,completed,6050735
4,2,1602,completed,6057568
4,2,1603,completed,6058693
4,2,1604,completed,6059485
4,2,1605,completed,5940693
4,2,1606,completed,5946527
4,2,1607,completed,5947026
4,2,1608,completed,5974443
4,2,1609,completed,5930068
4,2,1610,completed,5950443
4,2,1611,completed,5952860
4,2,1612,completed,5940151
4,2,1613,completed,5928943
4,2,1614,completed,5930276
4,2,1615,completed,5930152
4,2,1616,completed,5930151
4,2,1617,completed,5958776
4,2,1618,completed,5975068
4,2,1619,completed,5977318
4,2,1620,completed,5979485
4,2,1621,completed,5918276
4,2,1622,completed,5913068
4,2,1623,completed,5912985
4,2,1624,completed,5912860
4,2,1625,completed,6067484
4,2,1626,completed,6084985
4,2,1627,completed,6087026
4,2,1628,completed,6089068
4,2,1629,completed,5819319
4,2,1630,completed,5817694
4,2,1631,completed,5818402
4,2,1632,completed,5819027
4,2,1633,completed,5921526
4,2,1634,completed,5922526
4,2,1635,completed,5922818
4,2,1636,completed,5923193
4,2,1637,completed,6005193
4,2,1638,completed,6017859
4,2,1639,completed,6020027
4,2,1640,completed,6021735
4,2,1641,completed,5961401
4,2,1642,completed,5956318
4,2,1643,completed,5956568
4,2,1644,completed,5956651
4,2,1645,completed,5973110
4,2,1646,completed,5976610
4,2,1647,completed,5977359
4,2,1648,completed,5977902
4,2,1649,completed,5357237
4,2,1650,completed,5367903
4,2,1651,completed,5369194
4,2,1652,completed,5370320
4,2,1653,completed,6527900
4,2,1654,completed,6533275
4,2,1655,completed,6533733
4,2,1656,completed,6534108
4,2,1657,completed,5986193
4,2,1658,completed,5992776
4,2,1659,completed,5993443
4,2,1660,completed,5993902
4,2,1661,completed,5967235
4,2,1662,completed,5972568
4,2,1663,completed,5973109
4,2,1664,completed,5973526
4,2,1665,completed,5994402
4,2,1666,completed,6014443
4,2,1667,completed,6016693
4,2,1668,completed,6018443
4,2,1669,completed,5908943
4,2,1670,completed,5912318
4,2,1671,completed,5913068
4,2,1672,completed,5913735
4,2,1673,completed,5885402
4,2,1674,completed,5902443
4,2,1675,completed,5903860
4,2,1676,completed,5904860
4,2,1677,completed,6081651
4,2,1678,completed,6086859
4,2,1679,completed,6087609
4,2,1680,completed,6088234
4,2,1681,completed,5947902
4,2,1682,completed,5956318
4,2,1683,completed,5957193
4,2,1684,completed,5957651
4,2,1685,completed,5871485
4,2,1686,completed,5875693
4,2,1687,completed,5876568
4,2,1688,completed,5877068
4,2,1689,completed,6053901
4,2,1690,completed,6071443
4,2,1691,completed,6073235
4,2,1692,completed,6074318
4,2,1693,completed,5825027
4,2,1694,completed,5824944
4,2,1695,completed,5825610
4,2,1696,completed,5825943
4,2,1697,completed,6027443
4,2,1698,completed,6044402
4,2,1699,completed,6046735
4,2,1700,completed,6048526
4,2,1701,completed,5928943
4,2,1702,completed,5932776
4,2,1703,completed,5932818
4,2,1704,completed,5932693
4,2,1705,completed,5476819
4,2,1706,completed,5489778
4,2,1707,completed,5492028
4,2,1708,completed,5493653
4,2,1709,completed,6378817
4,2,1710,completed,6375776
4,2,1711,completed,6375776
4,2,1712,completed,6375984
4,2,1713,completed,6009151
4,2,1714,completed,6016485
4,2,1715,completed,6017609
4,2,1716,completed,6018442
4,2,1717,completed,6003234
4,2,1718,completed,6013318
4,2,1719,completed,6014610
4,2,1720,completed,6015693
4,2,1721,completed,5848360
4,2,1722,completed,5850444
4,2,1723,completed,5850527
4,2,1724,completed,5850402
4,2,1725,completed,5943777
4,2,1726,completed,5950693
4,2,1727,completed,5951860
4,2,1728,completed,5952818
4,2,1729,completed,6089359
4,2,1730,completed,6094318
4,2,1731,completed,6095776
4,2,1732,completed,6097401
4,2,1733,completed,5822694
4,2,1734,completed,5818693
4,2,1735,completed,5818693
4,2,1736,completed,5818693
4,2,1737,completed,5994026
4,2,1738,completed,6011193
4,2,1739,completed,6013652
4,2,1740,completed,6015234
4,2,1741,completed,5909610
4,2,1742,completed,5911151
4,2,1743,completed,5912026
4,2,1744,completed,5912943
4,2,1745,completed,5981818
4,2,1746,completed,5988984
4,2,1747,completed,5990068
4,2,1748,completed,5990277
4,2,1749,completed,7545939
4,2,1750,completed,7554481
4,2,1751,completed,7556272
4,2,1752,completed,7558439
4,2,1753,completed,5636152
4,2,1754,completed,5636903
4,2,1755,completed,5638069
4,2,1756,completed,5639527
4,2,1757,completed,5686610
4,2,1758,completed,5688944
4,2,1759,completed,5689736
4,2,1760,completed,5690444
4,2,1761,completed,5924152
4,2,1762,completed,5928693
4,2,1763,completed,5929610
4,2,1764,completed,5930568
4,2,1765,completed,6441067
4,2,1766,completed,6447900
4,2,1767,completed,6449192
4,2,1768,completed,6450442
4,2,1769,completed,5943859
4,2,1770,completed,5946693
4,2,1771,completed,5947485
4,2,1772,completed,5948401
4,2,1773,completed,5958693
4,2,1774,completed,5962693
4,2,1775,completed,5963401
4,2,1776,completed,5964610
4,2,1777,completed,5966609
4,2,1778,completed,5967152
4,2,1779,completed,5967318
4,2,1780,completed,5967485
4,2,1781,completed,5955652
4,2,1782,completed,5965360
4,2,1783,completed,5966527
4,2,1784,completed,5967652
4,2,1785,completed,5956360
4,2,1786,completed,5957443
4,2,1787,completed,5958609
4,2,1788,completed,5959610
4,2,1789,completed,5957443
4,2,1790,completed,5961234
4,2,1791,completed,5962068
4,2,1792,completed,5962776
4,2,1793,completed,5984984
4,2,1794,completed,5990276
4,2,1795,completed,5991193
4,2,1796,completed,5992151
4,2,1797,completed,6009568
4,2,1798,completed,6015276
4,2,1799,completed,6016193
4,2,1800,completed,6017568
4,2,1801,completed,6060485
4,2,1802,completed,6064359
4,2,1803,completed,6065193
4,2,1804,completed,6066068
4,2,1805,completed,5866194
4,2,1806,completed,5879902
4,2,1807,completed,5881193
4,2,1808,completed,5882652
4,2,1809,completed,5868776
4,2,1810,completed,5875943
4,2,1811,completed,5876735
4,2,1812,completed,5877360
4,2,1813,completed,5535986
4,2,1814,completed,5537111
4,2,1815,completed,5537903
4,2,1816,completed,5538986
4,2,1817,completed,6395317
4,2,1818,completed,6412775
4,2,1819,completed,6414567
4,2,1820,completed,6416109
4,2,1821,completed,6024984
4,2,1822,completed,6030193
4,2,1823,completed,6030776
4,2,1824,completed,6031693
4,2,1825,completed,5981026
4,2,1826,completed,5990901
4,2,1827,completed,5991693
4,2,1828,completed,5992526
4,2,1829,completed,5873610
4,2,1830,completed,5889027
4,2,1831,completed,5891235
4,2,1832,completed,5893485
4,2,1833,completed,5889193
4,2,1834,completed,5883693
4,2,1835,completed,5883569
4,2,1836,completed,5883735
4,2,1837,completed,5834068
4,2,1838,completed,5852902
4,2,1839,completed,5854777
4,2,1840,completed,5856902
4,2,1841,completed,6011026
4,2,1842,completed,6006276
4,2,1843,completed,6006234
4,2,1844,completed,6006526
4,2,1845,completed,5980984
4,2,1846,completed,5985943
4,2,1847,completed,5986402
4,2,1848,completed,5987485
4,2,1849,completed,6075985
4,2,1850,completed,6089984
4,2,1851,completed,6091901
4,2,1852,completed,6093984
4,2,1853,completed,5845819
4,2,1854,completed,5843693
4,2,1855,completed,5843902
4,2,1856,completed,5844319
4,2,1857,completed,5939194
4,2,1858,completed,5950360
4,2,1859,completed,5952360
4,2,1860,completed,5954485
4,2,1861,completed,5987068
4,2,1862,completed,5986068
4,2,1863,completed,5986401
4,2,1864,completed,5986735
4,2,1865,completed,5947734
4,2,1866,completed,5961318
4,2,1867,completed,5963110
4,2,1868,completed,5965152
4,2,1869,completed,5978902
4,2,1870,completed,5981026
4,2,1871,completed,5981068
4,2,1872,completed,5982109
4,2,1873,completed,5911943
4,2,1874,completed,5918151
4,2,1875,completed,5919402
4,2,1876,completed,5920485
4,2,1877,completed,5993277
4,2,1878,completed,5995484
4,2,1879,completed,5995485
4,2,1880,completed,5996152
4,2,1881,completed,5954110
4,2,1882,completed,5958652
4,2,1883,completed,5959485
4,2,1884,completed,5960152
4,2,1885,completed,6091985
4,2,1886,completed,6103526
4,2,1887,completed,6105401
4,2,1888,completed,6107360
4,2,1889,completed,5824444
4,2,1890,completed,5822527
4,2,1891,completed,5822360
4,2,1892,completed,5823319
4,2,1893,completed,6022693
4,2,1894,completed,6038651
4,2,1895,completed,6040818
4,2,1896,completed,6042734
4,2,1897,completed,5840443
4,2,1898,completed,5841901
4,2,1899,completed,5842943
4,2,1900,completed,5844444
4,2,1901,completed,5976735
4,2,1902,completed,5978818
4,2,1903,completed,5979109
4,2,1904,completed,5980193
4,2,1905,completed,6011735
4,2,1906,completed,6022901
4,2,1907,completed,6024317
4,2,1908,completed,6025109
4,2,1909,completed,5874193
4,2,1910,completed,5882360
4,2,1911,completed,5882735
4,2,1912,completed,5883277
4,2,1913,completed,5952985
4,2,1914,completed,5960693
4,2,1915,completed,5962068
4,2,1916,completed,5963484
4,2,1917,completed,5970318
4,2,1918,completed,5978235
4,2,1919,completed,5979485
4,2,1920,completed,5980985
4,2,1921,completed,5752652
4,2,1922,completed,5760735
4,2,1923,completed,5761527
4,2,1924,completed,5762902
4,2,1925,completed,6118068
4,2,1926,completed,6128901
4,2,1927,completed,6130318
4,2,1928,completed,6132193
4,2,1929,completed,5952860
4,2,1930,completed,5953818
4,2,1931,completed,5954652
4,2,1932,completed,5955444
4,2,1933,completed,6009484
4,2,1934,completed,6018651
4,2,1935,completed,6019484
4,2,1936,completed,6020693
4,2,1937,completed,5898776
4,2,1938,completed,5906609
4,2,1939,completed,5907943
4,2,1940,completed,5909110
4,2,1941,completed,5976484
4,2,1942,completed,5985193
4,2,1943,completed,5986109
4,2,1944,completed,5986901
4,2,1945,completed,6015610
4,2,1946,completed,6025609
4,2,1947,completed,6026901
4,2,1948,completed,6028110
4,2,1949,completed,5935859
4,2,1950,completed,5948859
4,2,1951,completed,5949526
4,2,1952,completed,5950985
4,2,1953,completed,5964777
4,2,1954,completed,5990610
4,2,1955,completed,5992401
4,2,1956,completed,5993693
4,2,1957,completed,5864110
4,2,1958,completed,5871526
4,2,1959,completed,5872276
4,2,1960,completed,5873360
4,2,1961,completed,5946777
4,2,1962,completed,5957943
4,2,1963,completed,5959277
4,2,1964,completed,5960526
4,2,1965,completed,6019985
4,2,1966,completed,6023235
4,2,1967,completed,6023943
4,2,1968,completed,6024818
4,2,1969,completed,5890985
4,2,1970,completed,5894276
4,2,1971,completed,5895360
4,2,1972,completed,5895902
4,2,1973,completed,5953610
4,2,1974,completed,5962068
4,2,1975,completed,5963068
4,2,1976,completed,5964276
4,2,1977,completed,5472278
4,2,1978,completed,5478320
4,2,1979,completed,5479361
4,2,1980,completed,5480319
4,2,1981,completed,5016029
4,2,1982,completed,5033154
4,2,1983,completed,5034821
4,2,1984,completed,5052320
4,2,1985,completed,5815610
4,2,1986,completed,5815194
4,2,1987,completed,5815860
4,2,1988,completed,5816277
4,2,1989,completed,5974318
4,2,1990,completed,5971193
4,2,1991,completed,5970902
4,2,1992,completed,5971235
4,2,1993,completed,5983443
4,2,1994,completed,6005568
4,2,1995,completed,6006818
4,2,1996,completed,6008360
4,2,1997,completed,5868319
4,2,1998,completed,5872651
4,2,1999,completed,5873609
4,2,2000,completed,5874735
4,2,2001,completed,6066901
4,2,2002,completed,6074901
4,2,2003,completed,6075817
4,2,2004,completed,6077276
4,2,2005,completed,5940401
4,2,2006,completed,5952193
4,2,2007,completed,5953360
4,2,2008,completed,5954152
4,2,2009,completed,5873901
4,2,2010,completed,5883485
4,2,2011,completed,5884527
4,2,2012,completed,5885360
4,2,2013,completed,5973610
4,2,2014,completed,5991193
4,2,2015,completed,5992401
4,2,2016,completed,5993901
4,2,2017,completed,5846443
4,2,2018,completed,5855276
4,2,2019,completed,5856235
4,2,2020,completed,5856818
4,2,2021,completed,5991818
4,2,2022,completed,5995402
4,2,2023,completed,5995859
4,2,2024,completed,5996526
4,2,2025,completed,6045985
4,2,2026,completed,6057068
4,2,2027,completed,6058485
4,2,2028,completed,6059234
4,2,2029,completed,5859485
4,2,2030,completed,5879443
4,2,2031,completed,5880443
4,2,2032,completed,5827193
4,2,2033,completed,5888027
4,2,2034,completed,5891651
4,2,2035,completed,5892360
4,2,2036,completed,5893526
4,2,2037,completed,6061568
4,2,2038,completed,6081776
4,2,2039,completed,6082484
4,2,2040,completed,6083318
4,2,2041,completed,5824110
4,2,2042,completed,5829651
4,2,2043,completed,5830776
4,2,2044,completed,5831943
4,2,2045,completed,5964109
4,2,2046,completed,5963735
4,2,2047,completed,5963985
4,2,2048,completed,5964359
4,2,2049,completed,6093609
4,2,2050,completed,6112151
4,2,2051,completed,6113735
4,2,2052,completed,6115067
4,2,2053,completed,5928984
4,2,2054,completed,5949235
4,2,2055,completed,5950193
4,2,2056,completed,5951610
4,2,2057,completed,5584527
4,2,2058,completed,5618736
4,2,2059,completed,5619777
4,2,2060,completed,5620319
4,2,2061,completed,6210567
4,2,2062,completed,6232192
4,2,2063,completed,6233734
4,2,2064,completed,6235984
4,2,2065,completed,5738610
4,2,2066,completed,5741819
4,2,2067,completed,5742819
4,2,2068,completed,5743819
4,2,2069,completed,6045110
4,2,2070,completed,6048818
4,2,2071,completed,6049610
4,2,2072,completed,6050151
4,2,2073,completed,6106943
4,2,2074,completed,6114192
4,2,2075,completed,6114943
4,2,2076,completed,6115860
4,2,2077,completed,5793027
4,2,2078,completed,5797110
4,2,2079,completed,5797652
4,2,2080,completed,5798693
4,2,2081,completed,5971818
4,2,2082,completed,5988985
4,2,2083,completed,5990193
4,2,2084,completed,5991193
4,2,2085,completed,6010943
4,2,2086,completed,6021193
4,2,2087,completed,6021984
4,2,2088,completed,6022777
4,2,2089,completed,5915776
4,2,2090,completed,5918027
4,2,2091,completed,5918526
4,2,2092,completed,5919068
4,2,2093,completed,5999068
4,2,2094,completed,6014360
4,2,2095,completed,6015401
4,2,2096,completed,6016651
4,2,2097,completed,5831777
4,2,2098,completed,5840277
4,2,2099,completed,5842277
4,2,2100,completed,5843694
4,2,2101,completed,6111193
4,2,2102,completed,6111567
4,2,2103,completed,6111568
4,2,2104,completed,6111568
4,2,2105,completed,5695819
4,2,2106,completed,5703318
4,2,2107,completed,5704652
4,2,2108,completed,5705986
4,2,2109,completed,6099234
4,2,2110,completed,6113067
4,2,2111,completed,6114859
4,2,2112,completed,6116693
4,2,2113,completed,5620777
4,2,2114,completed,5624694
4,2,2115,completed,5624777
4,2,2116,completed,5625194
4,2,2117,completed,6349692
4,2,2118,completed,6371775
4,2,2119,completed,6372900
4,2,2120,completed,6374859
4,2,2121,completed,5905360
4,2,2122,completed,5910735
4,2,2123,completed,5911610
4,2,2124,completed,5912068
4,2,2125,completed,5994443
4,2,2126,completed,6020026
4,2,2127,completed,6021234
4,2,2128,completed,6023109
4,2,2129,completed,5872985
4,2,2130,completed,5875443
4,2,2131,completed,5876443
4,2,2132,completed,5877610
4,2,2133,completed,5931318
4,2,2134,completed,5937818
4,2,2135,completed,5938568
4,2,2136,completed,5939526
4,2,2137,completed,5957318
4,2,2138,completed,5976610
4,2,2139,completed,5978193
4,2,2140,completed,5979610
4,2,2141,completed,5980193
4,2,2142,completed,6000026
4,2,2143,completed,6001734
4,2,2144,completed,6003318
4,2,2145,completed,5899610
4,2,2146,completed,5899568
4,2,2147,completed,5899693
4,2,2148,completed,5899610
4,2,2149,completed,5957693
4,2,2150,completed,5966277
4,2,2151,completed,5968068
4,2,2152,completed,5969860
4,2,2153,completed,5967360
4,2,2154,completed,5967402
4,2,2155,completed,5968401
4,2,2156,completed,5969485
4,2,2157,completed,5938360
4,2,2158,completed,5940818
4,2,2159,completed,5941443
4,2,2160,completed,5942234
4,2,2161,completed,5433444
4,2,2162,completed,5441361
4,2,2163,completed,5442277
4,2,2164,completed,5443236
4,2,2165,completed,6436442
4,2,2166,completed,6442109
4,2,2167,completed,6443275
4,2,2168,completed,6444525
4,2,2169,completed,5543569
4,2,2170,completed,5545652
4,2,2171,completed,5545986
4,2,2172,completed,5546361
4,2,2173,completed,6414817
4,2,2174,completed,6431401
4,2,2175,completed,6432609
4,2,2176,completed,6434234
4,2,2177,completed,5972735
4,2,2178,completed,6004360
4,2,2179,completed,6005401
4,2,2180,completed,6005860
4,2,2181,completed,6042443
4,2,2182,completed,6048443
4,2,2183,completed,6048735
4,2,2184,completed,6049859
4,2,2185,completed,5558277
4,2,2186,completed,5560819
4,2,2187,completed,5561902
4,2,2188,completed,5562736
4,2,2189,completed,6201401
4,2,2190,completed,6189318
4,2,2191,completed,6190484
4,2,2192,completed,6191693
4,2,2193,completed,5923860
4,2,2194,completed,5921610
4,2,2195,completed,5921526
4,2,2196,completed,5921443
4,2,2197,completed,5983485
4,2,2198,completed,5999151
4,2,2199,completed,6000568
4,2,2200,completed,6001984
4,2,2201,completed,5954235
4,2,2202,completed,5952151
4,2,2203,completed,5952318
4,2,2204,completed,5952193
4,2,2205,completed,5476236
4,2,2206,completed,5491070
4,2,2207,completed,5493528
4,2,2208,completed,5496069
4,2,2209,completed,6336401
4,2,2210,completed,6337359
4,2,2211,completed,6338609
4,2,2212,completed,6340234
4,2,2213,completed,5916318
4,2,2214,completed,5910985
4,2,2215,completed,5910610
4,2,2216,completed,5910318
4,2,2217,completed,5710985
4,2,2218,completed,5713569
4,2,2219,completed,5714235
4,2,2220,completed,5714902
4,2,2221,completed,6274026
4,2,2222,completed,6279568
4,2,2223,completed,6280359
4,2,2224,completed,6281151
4,2,2225,completed,5606944
4,2,2226,completed,5607277
4,2,2227,completed,5607777
4,2,2228,completed,5608194
4,2,2229,completed,6345483
4,2,2230,completed,6352025
4,2,2231,completed,6352942
4,2,2232,completed,6354026
4,2,2233,completed,5905859
4,2,2234,completed,5910402
4,2,2235,completed,5911443
4,2,2236,completed,5912484
4,2,2237,completed,5583444
4,2,2238,completed,5583944
4,2,2239,completed,5584944
4,2,2240,completed,5585819
4,2,2241,completed,6518692
4,2,2242,completed,6519900
4,2,2243,completed,6520441
4,2,2244,completed,6520566
4,2,2245,completed,6021943
4,2,2246,completed,6029318
4,2,2247,completed,6030026
4,2,2248,completed,6031652
4,2,2249,completed,5809569
4,2,2250,completed,5817443
4,2,2251,completed,5818777
4,2,2252,completed,5819777
4,2,2253,completed,5953693
4,2,2254,completed,5956318
4,2,2255,completed,5957235
4,2,2256,completed,5958193
4,2,2257,completed,6084026
4,2,2258,completed,6091193
4,2,2259,completed,6092192
4,2,2260,completed,6093485
4,2,2261,completed,6001443
4,2,2262,completed,6016276
4,2,2263,completed,6018693
4,2,2264,completed,6020985
4,2,2265,completed,5791402
4,2,2266,completed,5798027
4,2,2267,completed,5799236
4,2,2268,completed,5799985
4,2,2269,completed,5984943
4,2,2270,completed,5987901
4,2,2271,completed,6037860
4,2,2272,completed,6039276
4,2,2273,completed,5921276
4,2,2274,completed,5936401
4,2,2275,completed,5938443
4,2,2276,completed,5940776
4,2,2277,completed,5875235
4,2,2278,completed,5874985
4,2,2279,completed,5875526
4,2,2280,completed,5876277
4,2,2281,completed,5941152
4,2,2282,completed,5943526
4,2,2283,completed,5944110
4,2,2284,completed,5944693
4,2,2285,completed,5932110
4,2,2286,completed,5934110
4,2,2287,completed,5934984
4,2,2288,completed,5936109
4,2,2289,completed,5979109
4,2,2290,completed,5983026
4,2,2291,completed,5984152
4,2,2292,completed,5984818
4,2,2293,completed,5943318
4,2,2294,completed,5945276
4,2,2295,completed,5945943
4,2,2296,completed,5946485
4,2,2297,completed,6027984
4,2,2298,completed,6036984
4,2,2299,completed,6038776
4,2,2300,completed,6040734
4,2,2301,completed,5968693
4,2,2302,completed,5967443
4,2,2303,completed,5967609
4,2,2304,completed,5968235
4,2,2305,completed,5922235
4,2,2306,completed,5930318
4,2,2307,completed,5932068
4,2,2308,completed,5933610
4,2,2309,completed,5836527
4,2,2310,completed,5842027
4,2,2311,completed,5843652
4,2,2312,completed,5845485
4,2,2313,completed,6164651
4,2,2314,completed,6166151
4,2,2315,completed,6167151
4,2,2316,completed,6168859
4,2,2317,completed,5369028
4,2,2318,completed,5370611
4,2,2319,completed,5371569
4,2,2320,completed,5372611
4,2,2321,completed,6476108
4,2,2322,completed,6474650
4,2,2323,completed,6475150
4,2,2324,completed,6475650
4,2,2325,completed,6003318
4,2,2326,completed,6000068
4,2,2327,completed,6000443
4,2,2328,completed,6000776
4,2,2329,completed,5998777
4,2,2330,completed,6005651
4,2,2331,completed,6007193
4,2,2332,completed,6008485
4,2,2333,completed,5638819
4,2,2334,completed,5641652
4,2,2335,completed,5642486
4,2,2336,completed,5643486
4,2,2337,completed,6315567
4,2,2338,completed,6325650
4,2,2339,completed,6327276
4,2,2340,completed,6328567
4,2,2341,completed,5954276
4,2,2342,completed,5952943
4,2,2343,completed,5953068
4,2,2344,completed,5954068
4,2,2345,completed,5957235
4,2,2346,completed,5956234
4,2,2347,completed,5956985
4,2,2348,completed,5957984
4,2,2349,completed,6059568
4,2,2350,completed,6064693
4,2,2351,completed,6066693
4,2,2352,completed,6068818
4,2,2353,completed,5925277
4,2,2354,completed,5925610
4,2,2355,completed,5927277
4,2,2356,completed,5928694
4,2,2357,completed,5945109
4,2,2358,completed,5942777
4,2,2359,completed,5943110
4,2,2360,completed,5943860
4,2,2361,completed,6010234
4,2,2362,completed,6025942
4,2,2363,completed,6028360
4,2,2364,completed,6030276
4,2,2365,completed,5925026
4,2,2366,completed,5926776
4,2,2367,completed,5927693
4,2,2368,completed,5929484
4,2,2369,completed,5915776
4,2,2370,completed,5918402
4,2,2371,completed,5919360
4,2,2372,completed,5920235
4,2,2373,completed,6138651
4,2,2374,completed,6150026
4,2,2375,completed,6151610
4,2,2376,completed,6152859
4,2,2377,completed,5787611
4,2,2378,completed,5788735
4,2,2379,completed,5789318
4,2,2380,completed,5789735
4,2,2381,completed,6062193
4,2,2382,completed,6068985
4,2,2383,completed,6070318
4,2,2384,completed,6071402
4,2,2385,completed,5922651
4,2,2386,completed,5914402
4,2,2387,completed,5915818
4,2,2388,completed,5917276
4,2,2389,completed,5773527
4,2,2390,completed,5775526
4,2,2391,completed,5776068
4,2,2392,completed,5776901
4,2,2393,completed,5875402
4,2,2394,completed,5889485
4,2,2395,completed,5890860
4,2,2396,completed,5892235
4,2,2397,completed,5906860
4,2,2398,completed,5910610
4,2,2399,completed,5911485
4,2,2400,completed,5912651
4,2,2401,completed,6229150
4,2,2402,completed,6230650
4,2,2403,completed,6231067
4,2,2404,completed,6231442
4,2,2405,completed,6039443
4,2,2406,completed,6048485
4,2,2407,completed,6050235
4,2,2408,completed,6052026
4,2,2409,completed,5941902
4,2,2410,completed,5943235
4,2,2411,completed,5944444
4,2,2412,completed,5945735
4,2,2413,completed,5931735
4,2,2414,completed,5927277
4,2,2415,completed,5927068
4,2,2416,completed,5926818
4,2,2417,completed,6015818
4,2,2418,completed,6024610
4,2,2419,completed,6026235
4,2,2420,completed,6027901
4,2,2421,completed,5916527
4,2,2422,completed,5912319
4,2,2423,completed,5912235
4,2,2424,completed,5912110
4,2,2425,completed,5559861
4,2,2426,completed,5560527
4,2,2427,completed,5561319
4,2,2428,completed,5561694
4,2,2429,completed,6353525
4,2,2430,completed,6357942
4,2,2431,completed,6358817
4,2,2432,completed,6359775
4,2,2433,completed,5991484
4,2,2434,completed,5992734
4,2,2435,completed,5993568
4,2,2436,completed,5994026
4,2,2437,completed,5993735
4,2,2438,completed,6000026
4,2,2439,completed,6001068
4,2,2440,completed,6002151
4,2,2441,completed,5756485
4,2,2442,completed,5763443
4,2,2443,completed,5764318
4,2,2444,completed,5765568
4,2,2445,completed,6202734
4,2,2446,completed,6209693
4,2,2447,completed,6210859
4,2,2448,completed,6212234
4,2,2449,completed,6021152
4,2,2450,completed,6028610
4,2,2451,completed,6030193
4,2,2452,completed,6031151
4,2,2453,completed,5836068
4,2,2454,completed,5836027
4,2,2455,completed,5836318
4,2,2456,completed,5836777
4,2,2457,completed,5538069
4,2,2458,completed,5544194
4,2,2459,completed,5544902
4,2,2460,completed,5545611
4,2,2461,completed,5960485
4,2,2462,completed,5964901
4,2,2463,completed,5965610
4,2,2464,completed,5966276
4,2,2465,completed,5891527
4,2,2466,completed,5895609
4,2,2467,completed,5896484
4,2,2468,completed,5897359
4,2,2469,completed,6469317
4,2,2470,completed,6471733
4,2,2471,completed,6472650
4,2,2472,completed,6473400
4,2,2473,completed,6032568
4,2,2474,completed,6036234
4,2,2475,completed,6037027
4,2,2476,completed,6037860
4,2,2477,completed,5976068
4,2,2478,completed,5981777
4,2,2479,completed,5982610
4,2,2480,completed,5983610
4,2,2481,completed,5979110
4,2,2482,completed,5986110
4,2,2483,completed,5987568
4,2,2484,completed,5988943
4,2,2485,completed,5990318
4,2,2486,completed,5993110
4,2,2487,completed,5993360
4,2,2488,completed,5994443
4,2,2489,completed,5983818
4,2,2490,completed,5987526
4,2,2491,completed,5989068
4,2,2492,completed,5990360
4,2,2493,completed,5998610
4,2,2494,completed,6005818
4,2,2495,completed,6007026
4,2,2496,completed,6007943
4,2,2497,completed,5968693
4,2,2498,completed,5973777
4,2,2499,completed,5975110
4,2,2500,completed,5976318
4,2,2501,completed,5999401
4,2,2502,completed,6007276
4,2,2503,completed,6008860
4,2,2504,completed,6010318
4,2,2505,completed,5787527
4,2,2506,completed,5790568
4,2,2507,completed,5791526
4,2,2508,completed,5792652
4,2,2509,completed,6039984
4,2,2510,completed,6046901
4,2,2511,completed,6048360
4,2,2512,completed,6049818
4,2,2513,completed,5877568
4,2,2514,completed,5872401
4,2,2515,completed,5872485
4,2,2516,completed,5873069
4,2,2517,completed,5948110
4,2,2518,completed,5948234
4,2,2519,completed,5948526
4,2,2520,completed,5948735
4,2,2521,completed,5991651
4,2,2522,completed,5998485
4,2,2523,completed,5999568
4,2,2524,completed,6000818
4,2,2525,completed,5999235
4,2,2526,completed,6003610
4,2,2527,completed,6004609
4,2,2528,completed,6005735
4,2,2529,completed,5610527
4,2,2530,completed,5619777
4,2,2531,completed,5613194
4,2,2532,completed,5615069
4,2,2533,completed,6304525
4,2,2534,completed,6304942
4,2,2535,completed,6306067
4,2,2536,completed,6307192
4,2,2537,completed,5975276
4,2,2538,completed,5975901
4,2,2539,completed,5976860
4,2,2540,completed,5977610
4,2,2541,completed,5918902
4,2,2542,completed,5915026
4,2,2543,completed,5914860
4,2,2544,completed,5914735
4,2,2545,completed,5481444
4,2,2546,completed,5487736
4,2,2547,completed,5488694
4,2,2548,completed,5489486
4,2,2549,completed,6452442
4,2,2550,completed,6459275
4,2,2551,completed,6460650
4,2,2552,completed,6461858
4,2,2553,completed,6004276
4,2,2554,completed,6007943
4,2,2555,completed,6009610
4,2,2556,completed,6011610
4,2,2557,completed,5945652
4,2,2558,completed,5945776
4,2,2559,completed,5946401
4,2,2560,completed,5947110
4,2,2561,completed,6021484
4,2,2562,completed,6026276
4,2,2563,completed,6027692
4,2,2564,completed,6028693
4,2,2565,completed,5902693
4,2,2566,completed,5907152
4,2,2567,completed,5908027
4,2,2568,completed,5909152
4,2,2569,completed,5946026
4,2,2570,completed,5945527
4,2,2571,completed,5946526
4,2,2572,completed,5947527
4,2,2573,completed,6109901
4,2,2574,completed,6114443
4,2,2575,completed,6115276
4,2,2576,completed,6116360
4,2,2577,completed,5788610
4,2,2578,completed,5782443
4,2,2579,completed,5782318
4,2,2580,completed,5782194
4,2,2581,completed,6005276
4,2,2582,completed,6012818
4,2,2583,completed,6014359
4,2,2584,completed,6015735
4,2,2585,completed,5939068
4,2,2586,completed,5932943
4,2,2587,completed,5933235
4,2,2588,completed,5933318
4,2,2589,completed,5991235
4,2,2590,completed,5992985
4,2,2591,completed,5993735
4,2,2592,completed,5994527
4,2,2593,completed,5968484
4,2,2594,completed,5976859
4,2,2595,completed,5978235
4,2,2596,completed,5979484
4,2,2597,completed,6023235
4,2,2598,completed,6026734
4,2,2599,completed,6028151
4,2,2600,completed,6029902
4,2,2601,completed,5887027
4,2,2602,completed,5885485
4,2,2603,completed,5886443
4,2,2604,completed,5886985
4,2,2605,completed,6071860
4,2,2606,completed,6075985
4,2,2607,completed,6076776
4,2,2608,completed,6077609
4,2,2609,completed,5939901
4,2,2610,completed,5941318
4,2,2611,completed,5942152
4,2,2612,completed,5943152
4,2,2613,completed,5796318
4,2,2614,completed,5795944
4,2,2615,completed,5796443
4,2,2616,completed,5797027
4,2,2617,completed,5565694
4,2,2618,completed,5579319
4,2,2619,completed,5581611
4,2,2620,completed,5583444
4,2,2621,completed,6389442
4,2,2622,completed,6386026
4,2,2623,completed,6386317
4,2,2624,completed,6386900
4,2,2625,completed,5975110
4,2,2626,completed,5979527
4,2,2627,completed,5981193
4,2,2628,completed,5982693
4,2,2629,completed,5962651
4,2,2630,completed,5966651
4,2,2631,completed,5967859
4,2,2632,completed,5968984
4,2,2633,completed,5872943
4,2,2634,completed,5867235
4,2,2635,completed,5866693
4,2,2636,completed,5866318
4,2,2637,completed,5871193
4,2,2638,completed,5880110
4,2,2639,completed,5881860
4,2,2640,completed,5882985
4,2,2641,completed,6098985
4,2,2642,completed,6100401
4,2,2643,completed,6100901
4,2,2644,completed,6101526
4,2,2645,completed,5982610
4,2,2646,completed,5976485
4,2,2647,completed,5976485
4,2,2648,completed,5976901
4,2,2649,completed,6001068
4,2,2650,completed,6015276
4,2,2651,completed,6017526
4,2,2652,completed,6019276
4,2,2653,completed,5910110
4,2,2654,completed,5911235
4,2,2655,completed,5912277
4,2,2656,completed,5913485
4,2,2657,completed,5672569
4,2,2658,completed,5672818
4,2,2659,completed,5673569
4,2,2660,completed,5674486
4,2,2661,completed,5754652
4,2,2662,completed,5753819
4,2,2663,completed,5755027
4,2,2664,completed,5755777
4,2,2665,completed,6371483
4,2,2666,completed,6375692
4,2,2667,completed,6376608
4,2,2668,completed,6377525
4,2,2669,completed,5971734
4,2,2670,completed,5965818
4,2,2671,completed,5966193
4,2,2672,completed,5967734
4,2,2673,completed,6091068
4,2,2674,completed,6098442
4,2,2675,completed,6099443
4,2,2676,completed,6100193
4,2,2677,completed,5790985
4,2,2678,completed,5790901
4,2,2679,completed,5791152
4,2,2680,completed,5791902
4,2,2681,completed,5983277
4,2,2682,completed,5993276
4,2,2683,completed,5994693
4,2,2684,completed,5996193
4,2,2685,completed,5882985
4,2,2686,completed,5882985
4,2,2687,completed,5883527
4,2,2688,completed,5883944
4,2,2689,completed,6028860
4,2,2690,completed,6029568
4,2,2691,completed,6030443
4,2,2692,completed,6031193
4,2,2693,completed,6014902
4,2,2694,completed,6023151
4,2,2695,completed,6024359
4,2,2696,completed,6025818
4,2,2697,completed,5972610
4,2,2698,completed,5975610
4,2,2699,completed,5976985
4,2,2700,completed,5978193
4,2,2701,completed,5914735
4,2,2702,completed,5915860
4,2,2703,completed,5916693
4,2,2704,completed,5917276
4,2,2705,completed,5473695
4,2,2706,completed,5485194
4,2,2707,completed,5487069
4,2,2708,completed,5488777
4,2,2709,completed,5839610
4,2,2710,completed,5842694
4,2,2711,completed,5844110
4,2,2712,completed,5845569
4,2,2713,completed,6479442
4,2,2714,completed,6480191
4,2,2715,completed,6480734
4,2,2716,completed,6481525
4,2,2717,completed,6069067
4,2,2718,completed,6082235
4,2,2719,completed,6084109
4,2,2720,completed,6086318
4,2,2721,completed,5869360
4,2,2722,completed,5867360
4,2,2723,completed,5868110
4,2,2724,completed,5868818
4,2,2725,completed,5960527
4,2,2726,completed,5963443
4,2,2727,completed,5964652
4,2,2728,completed,5966109
4,2,2729,completed,5914985
4,2,2730,completed,5919651
4,2,2731,completed,5920277
4,2,2732,completed,5920735
4,2,2733,completed,6060110
4,2,2734,completed,6072151
4,2,2735,completed,6072985
4,2,2736,completed,6074818
4,2,2737,completed,5780111
4,2,2738,completed,5755485
4,2,2739,completed,5756360
4,2,2740,completed,5756610
4,2,2741,completed,5926026
4,2,2742,completed,5943776
4,2,2743,completed,5945735
4,2,2744,completed,5947901
4,2,2745,completed,6078984
4,2,2746,completed,6078484
4,2,2747,completed,6079568
4,2,2748,completed,6080526
4,2,2749,completed,5987985
4,2,2750,completed,5996776
4,2,2751,completed,5997610
4,2,2752,completed,5998610
4,2,2753,completed,5929235
4,2,2754,completed,5935527
4,2,2755,completed,5937027
4,2,2756,completed,5939152
4,2,2757,completed,5996901
4,2,2758,completed,5997443
4,2,2759,completed,5998360
4,2,2760,completed,5999568
4,2,2761,completed,5925276
4,2,2762,completed,5927485
4,2,2763,completed,5928359
4,2,2764,completed,5929360
4,2,2765,completed,5913277
4,2,2766,completed,5915443
4,2,2767,completed,5916526
4,2,2768,completed,5917818
4,2,2769,completed,5760527
4,2,2770,completed,5763777
4,2,2771,completed,5764652
4,2,2772,completed,5765777
4,2,2773,completed,6169234
4,2,2774,completed,6172318
4,2,2775,completed,6173276
4,2,2776,completed,6173859
4,2,2777,completed,5863027
4,2,2778,completed,5869527
4,2,2779,completed,5870527
4,2,2780,completed,5871485
4,2,2781,completed,6002401
4,2,2782,completed,6010693
4,2,2783,completed,6012109
4,2,2784,completed,6013443
4,2,2785,completed,5841235
4,2,2786,completed,5843652
4,2,2787,completed,5844194
4,2,2788,completed,5845110
4,2,2789,completed,6102026
4,2,2790,completed,6107818
4,2,2791,completed,6109068
4,2,2792,completed,6110526
4,2,2793,completed,5935652
4,2,2794,completed,5933109
4,2,2795,completed,5933276
4,2,2796,completed,5933651
4,2,2797,completed,5510902
4,2,2798,completed,5517194
4,2,2799,completed,5518486
4,2,2800,completed,5519694
4,2,2801,completed,6430317
4,2,2802,completed,6429359
4,2,2803,completed,6429775
4,2,2804,completed,6430192
4,2,2805,completed,5970943
4,2,2806,completed,5980484
4,2,2807,completed,5982152
4,2,2808,completed,5983818
4,2,2809,completed,5940401
4,2,2810,completed,5945068
4,2,2811,completed,5946276
4,2,2812,completed,5947193
4,2,2813,completed,5963526
4,2,2814,completed,5964151
4,2,2815,completed,5964859
4,2,2816,completed,5965651
4,2,2817,completed,5960568
4,2,2818,completed,5966318
4,2,2819,completed,5967026
4,2,2820,completed,5967776
4,2,2821,completed,5895359
4,2,2822,completed,5894985
4,2,2823,completed,5895360
4,2,2824,completed,5895776
4,2,2825,completed,5995277
4,2,2826,completed,6025693
4,2,2827,completed,6026609
4,2,2828,completed,6027151
4,2,2829,completed,6023318
4,2,2830,completed,6027401
4,2,2831,completed,6028276
4,2,2832,completed,6029360
4,2,2833,completed,5872652
4,2,2834,completed,5879360
4,2,2835,completed,5880776
4,2,2836,completed,5882235
4,2,2837,completed,5931360
4,2,2838,completed,5931110
4,2,2839,completed,5931444
4,2,2840,completed,5931818
4,2,2841,completed,5832777
4,2,2842,completed,5839401
4,2,2843,completed,5840818
4,2,2844,completed,5842110
4,2,2845,completed,6093776
4,2,2846,completed,6094277
4,2,2847,completed,6094985
4,2,2848,completed,6095526
4,2,2849,completed,6136901
4,2,2850,completed,6144109
4,2,2851,completed,6144776
4,2,2852,completed,6145610
4,2,2853,completed,5423902
4,2,2854,completed,5434611
4,2,2855,completed,5436236
4,2,2856,completed,5438319
4,2,2857,completed,5859985
4,2,2858,completed,5859235
4,2,2859,completed,5860276
4,2,2860,completed,5861193
4,2,2861,completed,6469067
4,2,2862,completed,6472233
4,2,2863,completed,6472900
4,2,2864,completed,6474108
4,2,2865,completed,5470986
4,2,2866,completed,5472986
4,2,2867,completed,5473861
4,2,2868,completed,5474944
4,2,2869,completed,6324401
4,2,2870,completed,6324859
4,2,2871,completed,6324983
4,2,2872,completed,6325609
4,2,2873,completed,6112234
4,2,2874,completed,6114317
4,2,2875,completed,6114818
4,2,2876,completed,6115151
4,2,2877,completed,5860902
4,2,2878,completed,5874319
4,2,2879,completed,5875693
4,2,2880,completed,5877402
4,2,2881,completed,5902652
4,2,2882,completed,5916068
4,2,2883,completed,5916776
4,2,2884,completed,5917860
4,2,2885,completed,5928360
4,2,2886,completed,5926110
4,2,2887,completed,5926443
4,2,2888,completed,5926984
4,2,2889,completed,6093193
4,2,2890,completed,6099818
4,2,2891,completed,6101360
4,2,2892,completed,6102734
4,2,2893,completed,5792777
4,2,2894,completed,5786111
4,2,2895,completed,5785694
4,2,2896,completed,5785152
4,2,2897,completed,5679527
4,2,2898,completed,5699069
4,2,2899,completed,5700694
4,2,2900,completed,5702778
4,2,2901,completed,6331442
4,2,2902,completed,6331984
4,2,2903,completed,6332567
4,2,2904,completed,6333484
4,2,2905,completed,6079402
4,2,2906,completed,6087442
4,2,2907,completed,6088776
4,2,2908,completed,6090360
4,2,2909,completed,5810818
4,2,2910,completed,5817819
4,2,2911,completed,5819402
4,2,2912,completed,5820360
4,2,2913,completed,5911068
4,2,2914,completed,5911652
4,2,2915,completed,5912485
4,2,2916,completed,5913860
4,2,2917,completed,6001985
4,2,2918,completed,6012860
4,2,2919,completed,6014235
4,2,2920,completed,6015276
4,2,2921,completed,5909110
4,2,2922,completed,5914152
4,2,2923,completed,5915401
4,2,2924,completed,5916859
4,2,2925,completed,5987985
4,2,2926,completed,5995985
4,2,2927,completed,5997318
4,2,2928,completed,5998693
4,2,2929,completed,5998860
4,2,2930,completed,6004234
4,2,2931,completed,6005151
4,2,2932,completed,6006193
4,2,2933,completed,5873193
4,2,2934,completed,5879110
4,2,2935,completed,5880027
4,2,2936,completed,5881235
4,2,2937,completed,5944151
4,2,2938,completed,5944235
4,2,2939,completed,5944943
4,2,2940,completed,5945610
4,2,2941,completed,5972276
4,2,2942,completed,5978860
4,2,2943,completed,5979901
4,2,2944,completed,5980651
4,2,2945,completed,5964652
4,2,2946,completed,5971235
4,2,2947,completed,5972027
4,2,2948,completed,5973277
4,2,2949,completed,6064109
4,2,2950,completed,6065735
4,2,2951,completed,6066484
4,2,2952,completed,6067277
4,2,2953,completed,5825402
4,2,2954,completed,5834485
4,2,2955,completed,5835277
4,2,2956,completed,5836486
4,2,2957,completed,5428070
4,2,2958,completed,5433237
4,2,2959,completed,5434195
4,2,2960,completed,5435361
4,2,2961,completed,6538025
4,2,2962,completed,6545900
4,2,2963,completed,6546734
4,2,2964,completed,6547441
4,2,2965,completed,5952568
4,2,2966,completed,5965152
4,2,2967,completed,5966985
4,2,2968,completed,5969318
4,2,2969,completed,5914818
4,2,2970,completed,5914235
4,2,2971,completed,5914609
4,2,2972,completed,5915110
4,2,2973,completed,6149943
4,2,2974,completed,6170901
4,2,2975,completed,6173401
4,2,2976,completed,6175942
4,2,2977,completed,5791569
4,2,2978,completed,5779693
4,2,2979,completed,5779610
4,2,2980,completed,5779736
4,2,2981,completed,6168067
4,2,2982,completed,6181276
4,2,2983,completed,6183443
4,2,2984,completed,6185734
4,2,2985,completed,5825194
4,2,2986,completed,5825901
4,2,2987,completed,5826693
4,2,2988,completed,5827527
4,2,2989,completed,5966151
4,2,2990,completed,5977485
4,2,2991,completed,5979318
4,2,2992,completed,5981068
4,2,2993,completed,5984443
4,2,2994,completed,6074359
4,2,2995,completed,6089151
4,2,2996,completed,6090359
4,2,2997,completed,5928568
4,2,2998,completed,5860110
4,2,2999,completed,5859318
4,2,3000,completed,5860694
4,2,3001,completed,5433611
4,2,3002,completed,5441903
4,2,3003,completed,5443820
4,2,3004,completed,5445236
4,2,3005,completed,5815486
4,2,3006,completed,5810110
4,2,3007,completed,5809944
4,2,3008,completed,5810194
4,2,3009,completed,6553775
4,2,3010,completed,6570025
4,2,3011,completed,6572608
4,2,3012,completed,6575066
4,2,3013,completed,5937609
4,2,3014,completed,5933901
4,2,3015,completed,5933609
4,2,3016,completed,5933901
4,2,3017,completed,5964610
4,2,3018,completed,5975693
4,2,3019,completed,5977234
4,2,3020,completed,5978984
4,2,3021,completed,5899860
4,2,3022,completed,5893485
4,2,3023,completed,5892985
4,2,3024,completed,5892693
4,2,3025,completed,6020985
4,2,3026,completed,6033526
4,2,3027,completed,6035527
4,2,3028,completed,6037485
4,2,3029,completed,5918235
4,2,3030,completed,5916818
4,2,3031,completed,5917276
4,2,3032,completed,5918110
4,2,3033,completed,5961235
4,2,3034,completed,5963651
4,2,3035,completed,5964318
4,2,3036,completed,5964527
4,2,3037,completed,5795401
4,2,3038,completed,5801110
4,2,3039,completed,5803443
4,2,3040,completed,5853151
4,2,3041,completed,5755986
4,2,3042,completed,5748943
4,2,3043,completed,5748819
4,2,3044,completed,5678069
4,2,3045,completed,6338734
4,2,3046,completed,6336442
4,2,3047,completed,6336609
4,2,3048,completed,6337401
4,2,3049,completed,6074693
4,2,3050,completed,6094985
4,2,3051,completed,6108026
4,2,3052,completed,6120567
4,2,3053,completed,5972568
4,2,3054,completed,5969193
4,2,3055,completed,5959193
4,2,3056,completed,5950985
4,2,3057,completed,5743361
4,2,3058,completed,5755527
4,2,3059,completed,5761777
4,2,3060,completed,5766736
4,2,3061,completed,6268984
4,2,3062,completed,6276192
4,2,3063,completed,6273651
4,2,3064,completed,6271693
4,2,3065,completed,5979360
4,2,3066,completed,5996859
4,2,3067,completed,5998943
4,2,3068,completed,6000068
4,2,3069,completed,6009818
4,2,3070,completed,6015735
4,2,3071,completed,6028193
4,2,3072,completed,6040401
4,2,3073,completed,5885776
4,2,3074,completed,5879651
4,2,3075,completed,5869318
4,2,3076,completed,5858860
4,2,3077,completed,6026818
4,2,3078,completed,6025193
4,2,3079,completed,6025360
4,2,3080,completed,6025610
4,2,3081,completed,5959652
4,2,3082,completed,5972693
4,2,3083,completed,5974984
4,2,3084,completed,5977359
4,2,3085,completed,5810069
4,2,3086,completed,5806277
4,2,3087,completed,5806360
4,2,3088,completed,5806735
4,2,3089,completed,5967693
4,2,3090,completed,5971943
4,2,3091,completed,5972735
4,2,3092,completed,5973193
4,2,3093,completed,6023568
4,2,3094,completed,6041943
4,2,3095,completed,6044068
4,2,3096,completed,6046651
4,2,3097,completed,5897902
4,2,3098,completed,5901860
4,2,3099,completed,5903069
4,2,3100,completed,5904694
4,2,3101,completed,5983776
4,2,3102,completed,5986068
4,2,3103,completed,5986027
4,2,3104,completed,5987359
4,2,3105,completed,5433653
4,2,3106,completed,5451903
4,2,3107,completed,5454278
4,2,3108,completed,5457278
4,2,3109,completed,6395233
4,2,3110,completed,6395484
4,2,3111,completed,6396692
4,2,3112,completed,6398401
4,2,3113,completed,5974152
4,2,3114,completed,5971818
4,2,3115,completed,5971818
4,2,3116,completed,5972277
4,2,3117,completed,5966568
4,2,3118,completed,5973402
4,2,3119,completed,5974527
4,2,3120,completed,5975859
4,2,3121,completed,5941318
4,2,3122,completed,5940568
4,2,3123,completed,5940943
4,2,3124,completed,5941527
4,2,3125,completed,5725069
4,2,3126,completed,5731026
4,2,3127,completed,5732194
4,2,3128,completed,5732860
4,2,3129,completed,5841527
4,2,3130,completed,5844277
4,2,3131,completed,5845277
4,2,3132,completed,5846026
4,2,3133,completed,6345693
4,2,3134,completed,6347609
4,2,3135,completed,6348025
4,2,3136,completed,6348443
4,2,3137,completed,5484361
4,2,3138,completed,5491444
4,2,3139,completed,5492277
4,2,3140,completed,5492861
4,2,3141,completed,6415691
4,2,3142,completed,6419983
4,2,3143,completed,6420817
4,2,3144,completed,6421609
4,2,3145,completed,6009902
4,2,3146,completed,6013901
4,2,3147,completed,6014609
4,2,3148,completed,6014943
4,2,3149,completed,6013568
4,2,3150,completed,6029401
4,2,3151,completed,6030776
4,2,3152,completed,6032109
4,2,3153,completed,5891193
4,2,3154,completed,5891818
4,2,3155,completed,5892277
4,2,3156,completed,5892694
4,2,3157,completed,5998276
4,2,3158,completed,5998526
4,2,3159,completed,5998985
4,2,3160,completed,5999568
4,2,3161,completed,5969402
4,2,3162,completed,5985235
4,2,3163,completed,5986777
4,2,3164,completed,5988485
4,2,3165,completed,5984318
4,2,3166,completed,5992484
4,2,3167,completed,5994318
4,2,3168,completed,5996234
4,2,3169,completed,5796568
4,2,3170,completed,5812943
4,2,3171,completed,5815151
4,2,3172,completed,5816735
4,2,3173,completed,6229693
4,2,3174,completed,6243443
4,2,3175,completed,6244817
4,2,3176,completed,6245984
4,2,3177,completed,5784443
4,2,3178,completed,5780819
4,2,3179,completed,5781527
4,2,3180,completed,5781694
4,2,3181,completed,6004276
4,2,3182,completed,6017901
4,2,3183,completed,6020026
4,2,3184,completed,6022484
4,2,3185,completed,5961901
4,2,3186,completed,5967193
4,2,3187,completed,5967860
4,2,3188,completed,5968734
4,2,3189,completed,6023817
4,2,3190,completed,6030401
4,2,3191,completed,6031568
4,2,3192,completed,6033193
4,2,3193,completed,5571235
4,2,3194,completed,5571902
4,2,3195,completed,5572569
4,2,3196,completed,5573403
4,2,3197,completed,6193234
4,2,3198,completed,6206567
4,2,3199,completed,6208026
4,2,3200,completed,6209567
4,2,3201,completed,5968985
4,2,3202,completed,5974984
4,2,3203,completed,5975985
4,2,3204,completed,5977234
4,2,3205,completed,5954860
4,2,3206,completed,5963901
4,2,3207,completed,5965402
4,2,3208,completed,5967068
4,2,3209,completed,5920484
4,2,3210,completed,5918277
4,2,3211,completed,5919652
4,2,3212,completed,5920651
4,2,3213,completed,5978860
4,2,3214,completed,5997693
4,2,3215,completed,6004735
4,2,3216,completed,6012735
4,2,3217,completed,5977401
4,2,3218,completed,5980109
4,2,3219,completed,5972609
4,2,3220,completed,5966943
4,2,3221,completed,5941193
4,2,3222,completed,5942693
4,2,3223,completed,5943651
4,2,3224,completed,5944277
4,2,3225,completed,5794735
4,2,3226,completed,5799735
4,2,3227,completed,5800526
4,2,3228,completed,5801277
4,2,3229,completed,6165734
4,2,3230,completed,6170901
4,2,3231,completed,6172234
4,2,3232,completed,6173651
4,2,3233,completed,5984360
4,2,3234,completed,5987484
4,2,3235,completed,5988651
4,2,3236,completed,5989318
4,2,3237,completed,5958193
4,2,3238,completed,5961276
4,2,3239,completed,5962110
4,2,3240,completed,5962943
4,2,3241,completed,5973318
4,2,3242,completed,5983651
4,2,3243,completed,5985526
4,2,3244,completed,5987235
4,2,3245,completed,5936859
4,2,3246,completed,5933652
4,2,3247,completed,5933776
4,2,3248,completed,5933860
4,2,3249,completed,6227901
4,2,3250,completed,6245942
4,2,3251,completed,6248317
4,2,3252,completed,6250318
4,2,3253,completed,5750236
4,2,3254,completed,5758360
4,2,3255,completed,5759777
4,2,3256,completed,5761610
4,2,3257,completed,5345028
4,2,3258,completed,5346778
4,2,3259,completed,5347403
4,2,3260,completed,5348153
4,2,3261,completed,6517400
4,2,3262,completed,6531566
4,2,3263,completed,6533858
4,2,3264,completed,6535983
4,2,3265,completed,6045193
4,2,3266,completed,6043318
4,2,3267,completed,6043443
4,2,3268,completed,6043901
4,2,3269,completed,5959777
4,2,3270,completed,5972068
4,2,3271,completed,5973443
4,2,3272,completed,5974693
4,2,3273,completed,5857235
4,2,3274,completed,5863194
4,2,3275,completed,5865027
4,2,3276,completed,5866526
4,2,3277,completed,5893277
4,2,3278,completed,5892652
4,2,3279,completed,5893068
4,2,3280,completed,5893485
4,2,3281,completed,5966859
4,2,3282,completed,5972318
4,2,3283,completed,5973359
4,2,3284,completed,5974485
4,2,3285,completed,5908943
4,2,3286,completed,5911402
4,2,3287,completed,5912026
4,2,3288,completed,5912527
4,2,3289,completed,5959860
4,2,3290,completed,5967319
4,2,3291,completed,5968318
4,2,3292,completed,5969152
4,2,3293,completed,5840944
4,2,3294,completed,5852027
4,2,3295,completed,5853194
4,2,3296,completed,5854777
4,2,3297,completed,5877818
4,2,3298,completed,5877693
4,2,3299,completed,5879151
4,2,3300,completed,5881402
4,2,3301,completed,6363984
4,2,3302,completed,6362525
4,2,3303,completed,6363400
4,2,3304,completed,6365859
4,2,3305,completed,5876152
4,2,3306,completed,5894026
4,2,3307,completed,5896068
4,2,3308,completed,5898652
4,2,3309,completed,5912984
4,2,3310,completed,5915652
4,2,3311,completed,5916693
4,2,3312,completed,5918777
4,2,3313,completed,5947401
4,2,3314,completed,5951693
4,2,3315,completed,5952902
4,2,3316,completed,5953527
4,2,3317,completed,5948568
4,2,3318,completed,5960693
4,2,3319,completed,5962568
4,2,3320,completed,5965068
4,2,3321,completed,5888693
4,2,3322,completed,5881443
4,2,3323,completed,5881360
4,2,3324,completed,5881693
4,2,3325,completed,5996110
4,2,3326,completed,6004943
4,2,3327,completed,6005818
4,2,3328,completed,6007652
4,2,3329,completed,5935568
4,2,3330,completed,5939651
4,2,3331,completed,5940151
4,2,3332,completed,5941652
4,2,3333,completed,5956568
4,2,3334,completed,5955943
4,2,3335,completed,5956568
4,2,3336,completed,5957318
4,2,3337,completed,5719319
4,2,3338,completed,5739152
4,2,3339,completed,5740777
4,2,3340,completed,5750444
4,2,3341,completed,6226859
4,2,3342,completed,6207776
4,2,3343,completed,6215526
4,2,3344,completed,6223943
4,2,3345,completed,6011943
4,2,3346,completed,6019693
4,2,3347,completed,6019276
4,2,3348,completed,6017985
4,2,3349,completed,5988193
4,2,3350,completed,6019068
4,2,3351,completed,6018443
4,2,3352,completed,6019068
4,2,3353,completed,5980443
4,2,3354,completed,5980526
4,2,3355,completed,5975151
4,2,3356,completed,5969984
4,2,3357,completed,5965359
4,2,3358,completed,5979485
4,2,3359,completed,5984485
4,2,3360,completed,5991193
4,2,3361,completed,6034360
4,2,3362,completed,6040776
4,2,3363,completed,6036068
4,2,3364,completed,6031610
4,2,3365,completed,5937735
4,2,3366,completed,5962651
4,2,3367,completed,5965401
4,2,3368,completed,5967151
4,2,3369,completed,6005277
4,2,3370,completed,5988901
4,2,3371,completed,5988901
4,2,3372,completed,5989610
4,2,3373,completed,6051359
4,2,3374,completed,6057526
4,2,3375,completed,6058818
4,2,3376,completed,6060985
4,2,3377,completed,5752361
4,2,3378,completed,5750527
4,2,3379,completed,5750861
4,2,3380,completed,5751735
4,2,3381,completed,6011984
4,2,3382,completed,6021109
4,2,3383,completed,6022193
4,2,3384,completed,6024193
4,2,3385,completed,5951652
4,2,3386,completed,5957193
4,2,3387,completed,5958485
4,2,3388,completed,5959943
4,2,3389,completed,5942776
4,2,3390,completed,5942777
4,2,3391,completed,5943194
4,2,3392,completed,5944235
4,2,3393,completed,5963776
4,2,3394,completed,5972360
4,2,3395,completed,5973318
4,2,3396,completed,5974860
4,2,3397,completed,5932402
4,2,3398,completed,5951110
4,2,3399,completed,5953609
4,2,3400,completed,5956985
4,2,3401,completed,5959234
4,2,3402,completed,5956068
4,2,3403,completed,5956401
4,2,3404,completed,5956651
4,2,3405,completed,6190776
4,2,3406,completed,6209650
4,2,3407,completed,6212109
4,2,3408,completed,6214859
4,2,3409,completed,5821860
4,2,3410,completed,5824360
4,2,3411,completed,5825485
4,2,3412,completed,5826652
4,2,3413,completed,5757444
4,2,3414,completed,5760985
4,2,3415,completed,5761943
4,2,3416,completed,5763193
4,2,3417,completed,5627527
4,2,3418,completed,5640777
4,2,3419,completed,5642486
4,2,3420,completed,5644861
4,2,3421,completed,6337900
4,2,3422,completed,6340900
4,2,3423,completed,6341650
4,2,3424,completed,6343109
4,2,3425,completed,5954068
4,2,3426,completed,5959902
4,2,3427,completed,5960735
4,2,3428,completed,5961651
4,2,3429,completed,5981026
4,2,3430,completed,5986860
4,2,3431,completed,5987901
4,2,3432,completed,5989360
4,2,3433,completed,5963276
4,2,3434,completed,5968610
4,2,3435,completed,5969735
4,2,3436,completed,5971110
4,2,3437,completed,5883735
4,2,3438,completed,5891277
4,2,3439,completed,5892401
4,2,3440,completed,5893693
4,2,3441,completed,5999359
4,2,3442,completed,6001651
4,2,3443,completed,6002235
4,2,3444,completed,6002818
4,2,3445,completed,6000652
4,2,3446,completed,6005526
4,2,3447,completed,6006234
4,2,3448,completed,6007860
4,2,3449,completed,6035109
4,2,3450,completed,6036568
4,2,3451,completed,6037359
4,2,3452,completed,6037692
4,2,3453,completed,5897444
4,2,3454,completed,5915527
4,2,3455,completed,5917901
4,2,3456,completed,5919735
4,2,3457,completed,5973651
4,2,3458,completed,5992276
4,2,3459,completed,5998817
4,2,3460,completed,6004318
4,2,3461,completed,6078442
4,2,3462,completed,6087026
4,2,3463,completed,6082943
4,2,3464,completed,6078276
4,2,3465,completed,5869860
4,2,3466,completed,5875318
4,2,3467,completed,5876569
4,2,3468,completed,5877360
4,2,3469,completed,6014651
4,2,3470,completed,6046652
4,2,3471,completed,6060484
4,2,3472,completed,6072110
4,2,3473,completed,6006152
4,2,3474,completed,6004860
4,2,3475,completed,5995026
4,2,3476,completed,5973735
4,2,3477,completed,5881527
4,2,3478,completed,5896444
4,2,3479,completed,5897402
4,2,3480,completed,5898110
4,2,3481,completed,5983901
4,2,3482,completed,6011443
4,2,3483,completed,6013985
4,2,3484,completed,6015818
4,2,3485,completed,5922068
4,2,3486,completed,5940734
4,2,3487,completed,5949276
4,2,3488,completed,5955401
4,2,3489,completed,5996027
4,2,3490,completed,6006359
4,2,3491,completed,6000984
4,2,3492,completed,5995484
4,2,3493,completed,5987318
4,2,3494,completed,5989943
4,2,3495,completed,5991193
4,2,3496,completed,5991777
4,2,3497,completed,6565150
4,2,3498,completed,6570817
4,2,3499,completed,6571359
4,2,3500,completed,6571692
4,2,3501,completed,5450694
4,2,3502,completed,5455028
4,2,3503,completed,5456194
4,2,3504,completed,5456986
4,2,3505,completed,5942651
4,2,3506,completed,5978068
4,2,3507,completed,5990901
4,2,3508,completed,6002735
4,2,3509,completed,5875318
4,2,3510,completed,5881777
4,2,3511,completed,5873860
4,2,3512,completed,5863235
4,2,3513,completed,5999359
4,2,3514,completed,5987902
4,2,3515,completed,5996859
4,2,3516,completed,6006652
4,2,3517,completed,5796444
4,2,3518,completed,5819610
4,2,3519,completed,5836694
4,2,3520,completed,5839735
4,2,3521,completed,6069818
4,2,3522,completed,6060277
4,2,3523,completed,6033568
4,2,3524,completed,6022401
4,2,3525,completed,6033484
4,2,3526,completed,6037067
4,2,3527,completed,6037860
4,2,3528,completed,6038359
4,2,3529,completed,5532653
4,2,3530,completed,5541778
4,2,3531,completed,5543569
4,2,3532,completed,5545027
4,2,3533,completed,6376984
4,2,3534,completed,6379275
4,2,3535,completed,6379526
4,2,3536,completed,6379609
4,2,3537,completed,5655694
4,2,3538,completed,5680277
4,2,3539,completed,5681319
4,2,3540,completed,5681610
4,2,3541,completed,6356526
4,2,3542,completed,6362692
4,2,3543,completed,6375026
4,2,3544,completed,6386984
4,2,3545,completed,5456236
4,2,3546,completed,5445445
4,2,3547,completed,5433445
4,2,3548,completed,5422194
4,2,3549,completed,6425358
4,2,3550,completed,6429650
4,2,3551,completed,6430317
4,2,3552,completed,6430358
4,2,3553,completed,6034402
4,2,3554,completed,6039068
4,2,3555,completed,6040109
4,2,3556,completed,6040776
4,2,3557,completed,5989276
4,2,3558,completed,5992485
4,2,3559,completed,5993026
4,2,3560,completed,5993402
4,2,3561,completed,6020776
4,2,3562,completed,6050985
4,2,3563,completed,6061943
4,2,3564,completed,6072318
4,2,3565,completed,5977151
4,2,3566,completed,5972818
4,2,3567,completed,5964026
4,2,3568,completed,5951859
4,2,3569,completed,5949318
4,2,3570,completed,5950859
4,2,3571,completed,5950943
4,2,3572,completed,5951068
4,2,3573,completed,5892943
4,2,3574,completed,5940318
4,2,3575,completed,5950276
4,2,3576,completed,5963068
4,2,3577,completed,6066151
4,2,3578,completed,6063985
4,2,3579,completed,6052443
4,2,3580,completed,6041402
4,2,3581,completed,5960110
4,2,3582,completed,5972110
4,2,3583,completed,5973151
4,2,3584,completed,5973735
4,2,3585,completed,6008235
4,2,3586,completed,6040151
4,2,3587,completed,6048943
4,2,3588,completed,6051484
4,2,3589,completed,5969443
4,2,3590,completed,5979318
4,2,3591,completed,5980193
4,2,3592,completed,5950443
4,2,3593,completed,5798443
4,2,3594,completed,5817026
4,2,3595,completed,5815902
4,2,3596,completed,5814277
4,2,3597,completed,6161359
4,2,3598,completed,6159318
4,2,3599,completed,6153068
4,2,3600,completed,6147443
4,2,3601,completed,5943152
4,2,3602,completed,5962401
4,2,3603,completed,5972235
4,2,3604,completed,5980818
4,2,3605,completed,6039527
4,2,3606,completed,6045192
4,2,3607,completed,6038443
4,2,3608,completed,6031318
4,2,3609,completed,5915068
4,2,3610,completed,5934401
4,2,3611,completed,5944735
4,2,3612,completed,5957235
4,2,3613,completed,5624986
4,2,3614,completed,5618819
4,2,3615,completed,5606694
4,2,3616,completed,5596111
4,2,3617,completed,6312984
4,2,3618,completed,6320359
4,2,3619,completed,6321276
4,2,3620,completed,6321443
4,2,3621,completed,6007526
4,2,3622,completed,6009235
4,2,3623,completed,6009776
4,2,3624,completed,6010193
4,2,3625,completed,5549736
4,2,3626,completed,5553278
4,2,3627,completed,5553736
4,2,3628,completed,5554236
4,2,3629,completed,6370567
4,2,3630,completed,6380150
4,2,3631,completed,6381650
4,2,3632,completed,6382859
4,2,3633,completed,5958527
4,2,3634,completed,5960694
4,2,3635,completed,5961485
4,2,3636,completed,5962152
4,2,3637,completed,5977110
4,2,3638,completed,5981568
4,2,3639,completed,5982068
4,2,3640,completed,5982234
4,2,3641,completed,6033776
4,2,3642,completed,6040193
4,2,3643,completed,6042235
4,2,3644,completed,6043693
4,2,3645,completed,5972693
4,2,3646,completed,5974401
4,2,3647,completed,5974484
4,2,3648,completed,5974234
4,2,3649,completed,5995526
4,2,3650,completed,6008027
4,2,3651,completed,6010109
4,2,3652,completed,6011568
4,2,3653,completed,5973026
4,2,3654,completed,5995901
4,2,3655,completed,5998360
4,2,3656,completed,5999401
4,2,3657,completed,5955277
4,2,3658,completed,5930985
4,2,3659,completed,5935526
4,2,3660,completed,5940526
4,2,3661,completed,5543444
4,2,3662,completed,5555319
4,2,3663,completed,5553986
4,2,3664,completed,5553194
4,2,3665,completed,6401525
4,2,3666,completed,6422983
4,2,3667,completed,6432192
4,2,3668,completed,6437858
4,2,3669,completed,5973943
4,2,3670,completed,5962485
4,2,3671,completed,5951568
4,2,3672,completed,5942235
4,2,3673,completed,6212401
4,2,3674,completed,6223609
4,2,3675,completed,6225859
4,2,3676,completed,6227442
4,2,3677,completed,5749401
4,2,3678,completed,5763236
4,2,3679,completed,5767944
4,2,3680,completed,5772111
4,2,3681,completed,6043068
4,2,3682,completed,6044193
4,2,3683,completed,6040860
4,2,3684,completed,6038027
4,2,3685,completed,5953860
4,2,3686,completed,5977109
4,2,3687,completed,5984610
4,2,3688,completed,5991735
4,2,3689,completed,6049151
4,2,3690,completed,6052901
4,2,3691,completed,6045984
4,2,3692,completed,6039401
4,2,3693,completed,5868110
4,2,3694,completed,5883235
4,2,3695,completed,5884693
4,2,3696,completed,5885194
4,2,3697,completed,5708902
4,2,3698,completed,5723569
4,2,3699,completed,5736152
4,2,3700,completed,5749027
4,2,3701,completed,5814319
4,2,3702,completed,5800693
4,2,3703,completed,5787527
4,2,3704,completed,5759027
4,2,3705,completed,6431317
4,2,3706,completed,6454484
4,2,3707,completed,6467733
4,2,3708,completed,6479150
4,2,3709,completed,6001735
4,2,3710,completed,6004277
4,2,3711,completed,6002651
4,2,3712,completed,6002943
4,2,3713,completed,6019610
4,2,3714,completed,6030235
4,2,3715,completed,6020068
4,2,3716,completed,6009443
4,2,3717,completed,5911527
4,2,3718,completed,5912860
4,2,3719,completed,5913902
4,2,3720,completed,5914526
4,2,3721,completed,5966734
4,2,3722,completed,5980276
4,2,3723,completed,5981151
4,2,3724,completed,5981401
4,2,3725,completed,6012985
4,2,3726,completed,6014902
4,2,3727,completed,6019484
4,2,3728,completed,6024276
4,2,3729,completed,5955068
4,2,3730,completed,5961485
4,2,3731,completed,5963693
4,2,3732,completed,5965402
4,2,3733,completed,6008860
4,2,3734,completed,6009234
4,2,3735,completed,6003234
4,2,3736,completed,5996402
4,2,3737,completed,5998734
4,2,3738,completed,6017776
4,2,3739,completed,6019360
4,2,3740,completed,6019984
4,2,3741,completed,6011735
4,2,3742,completed,6019068
4,2,3743,completed,6020735
4,2,3744,completed,6022359
4,2,3745,completed,5919235
4,2,3746,completed,5931735
4,2,3747,completed,5932360
4,2,3748,completed,5932402
4,2,3749,completed,6067526
4,2,3750,completed,6081651
4,2,3751,completed,6094609
4,2,3752,completed,6107526
4,2,3753,completed,5843693
4,2,3754,completed,5829902
4,2,3755,completed,5817111
4,2,3756,completed,5805527
4,2,3757,completed,6014193
4,2,3758,completed,6025985
4,2,3759,completed,6026734
4,2,3760,completed,6027401
4,2,3761,completed,5923610
4,2,3762,completed,5931818
4,2,3763,completed,5932068
4,2,3764,completed,5932152
4,2,3765,completed,6015610
4,2,3766,completed,6031859
4,2,3767,completed,6033110
4,2,3768,completed,6034859
4,2,3769,completed,7389398
4,2,3770,completed,7412648
4,2,3771,completed,7425314
4,2,3772,completed,7437439
4,2,3773,completed,6102943
4,2,3774,completed,6094901
4,2,3775,completed,6083735
4,2,3776,completed,6073026
4,2,3777,completed,5941151
4,2,3778,completed,5941401
4,2,3779,completed,5941527
4,2,3780,completed,5941485
4,2,3781,completed,5583611
4,2,3782,completed,5585111
4,2,3783,completed,5585277
4,2,3784,completed,5585403
4,2,3785,completed,6411192
4,2,3786,completed,6400150
4,2,3787,completed,6400525
4,2,3788,completed,6402317
4,2,3789,completed,5880110
4,2,3790,completed,5881068
4,2,3791,completed,5881110
4,2,3792,completed,5880860
4,2,3793,completed,5992610
4,2,3794,completed,5988568
4,2,3795,completed,5989777
4,2,3796,completed,5991568
4,2,3797,completed,5939318
4,2,3798,completed,5950068
4,2,3799,completed,5955734
4,2,3800,completed,5962401
4,2,3801,completed,5975068
4,2,3802,completed,5976526
4,2,3803,completed,5970443
4,2,3804,completed,5964735
4,2,3805,completed,5999776
4,2,3806,completed,6008360
4,2,3807,completed,6016402
4,2,3808,completed,6024026
4,2,3809,completed,5966651
4,2,3810,completed,5965901
4,2,3811,completed,5963693
4,2,3812,completed,5962152
4,2,3813,completed,6097859
4,2,3814,completed,6099859
4,2,3815,completed,6095026
4,2,3816,completed,6090610
4,2,3817,completed,6067151
4,2,3818,completed,6055526
4,2,3819,completed,6056859
4,2,3820,completed,6058985
4,2,3821,completed,5936068
4,2,3822,completed,5947568
4,2,3823,completed,5952693
4,2,3824,completed,5957902
4,2,3825,completed,5913318
4,2,3826,completed,5917818
4,2,3827,completed,5914235
4,2,3828,completed,5910776
4,2,3829,completed,5937026
4,2,3830,completed,5949818
4,2,3831,completed,5957860
4,2,3832,completed,5964276
4,2,3833,completed,5985735
4,2,3834,completed,5990318
4,2,3835,completed,5989402
4,2,3836,completed,5988818
4,2,3837,completed,5981901
4,2,3838,completed,5982443
4,2,3839,completed,5977610
4,2,3840,completed,5972735
4,2,3841,completed,5965776
4,2,3842,completed,5962901
4,2,3843,completed,5965443
4,2,3844,completed,5966193
4,2,3845,completed,6022276
4,2,3846,completed,6019985
4,2,3847,completed,6020985
4,2,3848,completed,6021568
4,2,3849,completed,5994610
4,2,3850,completed,5998402
4,2,3851,completed,5999734
4,2,3852,completed,6001526
4,2,3853,completed,5967152
4,2,3854,completed,5982401
4,2,3855,completed,5988943
4,2,3856,completed,5994026
4,2,3857,completed,5566402
4,2,3858,completed,5568736
4,2,3859,completed,5563611
4,2,3860,completed,5559028
4,2,3861,completed,6367692
4,2,3862,completed,6363442
4,2,3863,completed,6364151
4,2,3864,completed,6364567
4,2,3865,completed,5984110
4,2,3866,completed,5983277
4,2,3867,completed,5988193
4,2,3868,completed,5993485
4,2,3869,completed,6070360
4,2,3870,completed,6087318
4,2,3871,completed,6088860
4,2,3872,completed,6091276
4,2,3873,completed,5372778
4,2,3874,completed,5379111
4,2,3875,completed,5378569
4,2,3876,completed,5377362
4,2,3877,completed,6516150
4,2,3878,completed,6522525
4,2,3879,completed,6524275
4,2,3880,completed,6525066
4,2,3881,completed,6030151
4,2,3882,completed,6032985
4,2,3883,completed,6027610
4,2,3884,completed,6022402
4,2,3885,completed,5970818
4,2,3886,completed,5980609
4,2,3887,completed,5990901
4,2,3888,completed,6001443
4,2,3889,completed,5958526
4,2,3890,completed,5963234
4,2,3891,completed,5959318
4,2,3892,completed,5954527
4,2,3893,completed,6012485
4,2,3894,completed,6010651
4,2,3895,completed,6005609
4,2,3896,completed,6000776
4,2,3897,completed,6053359
4,2,3898,completed,6075360
4,2,3899,completed,6077568
4,2,3900,completed,6078985
4,2,3901,completed,6019568
4,2,3902,completed,6019651
4,2,3903,completed,6027859
4,2,3904,completed,6035943
4,2,3905,completed,5900235
4,2,3906,completed,5913318
4,2,3907,completed,5918110
4,2,3908,completed,5921401
4,2,3909,completed,5926609
4,2,3910,completed,5928943
4,2,3911,completed,5923818
4,2,3912,completed,5918485
4,2,3913,completed,6022485
4,2,3914,completed,6019152
4,2,3915,completed,6014110
4,2,3916,completed,6009109
4,2,3917,completed,6173901
4,2,3918,completed,6184567
4,2,3919,completed,6185817
4,2,3920,completed,6187484
4,2,3921,completed,5784486
4,2,3922,completed,5797318
4,2,3923,completed,5798568
4,2,3924,completed,5807194
4,2,3925,completed,6007609
4,2,3926,completed,6003443
4,2,3927,completed,5995609
4,2,3928,completed,5986860
4,2,3929,completed,5926193
4,2,3930,completed,5941068
4,2,3931,completed,5948485
4,2,3932,completed,5954443
4,2,3933,completed,5806693
4,2,3934,completed,5816235
4,2,3935,completed,5819443
4,2,3936,completed,5821610
4,2,3937,completed,6216442
4,2,3938,completed,6220734
4,2,3939,completed,6214609
4,2,3940,completed,6208734
4,2,3941,completed,5920984
4,2,3942,completed,5911735
4,2,3943,completed,5923985
4,2,3944,completed,5934610
4,2,3945,completed,5994152
4,2,3946,completed,5999609
4,2,3947,completed,5998693
4,2,3948,completed,5998693
4,2,3949,completed,6068943
4,2,3950,completed,6063026
4,2,3951,completed,6054026
4,2,3952,completed,6045068
4,2,3953,completed,5857901
4,2,3954,completed,5868818
4,2,3955,completed,5877735
4,2,3956,completed,5885694
4,2,3957,completed,5993777
4,2,3958,completed,5994527
4,2,3959,completed,5991609
4,2,3960,completed,5988943
4,2,3961,completed,6082943
4,2,3962,completed,6099526
4,2,3963,completed,6101942
4,2,3964,completed,6104318
4,2,3965,completed,5951443
4,2,3966,completed,5958527
4,2,3967,completed,5953526
4,2,3968,completed,5948985
4,2,3969,completed,5962943
4,2,3970,completed,5989235
4,2,3971,completed,5992860
4,2,3972,completed,5994277
4,2,3973,completed,5986360
4,2,3974,completed,5979818
4,2,3975,completed,5985568
4,2,3976,completed,5991359
4,2,3977,completed,6036818
4,2,3978,completed,6038860
4,2,3979,completed,6034526
4,2,3980,completed,6030068
4,2,3981,completed,5889985
4,2,3982,completed,5914652
4,2,3983,completed,5922152
4,2,3984,completed,5930652
4,2,3985,completed,5976984
4,2,3986,completed,5977360
4,2,3987,completed,5969985
4,2,3988,completed,5963068
4,2,3989,completed,5459361
4,2,3990,completed,5465861
4,2,3991,completed,5471902
4,2,3992,completed,5478611
4,2,3993,completed,6627358
4,2,3994,completed,6641233
4,2,3995,completed,6636442
4,2,3996,completed,6630108
4,2,3997,completed,5803693
4,2,3998,completed,5799235
4,2,3999,completed,5800360
4,2,4000,completed,5800694
4,2,4001,completed,5999818
4,2,4002,completed,6010235
4,2,4003,completed,6012360
4,2,4004,completed,6013359
4,2,4005,completed,6044984
4,2,4006,completed,6059359
4,2,4007,completed,6061526
4,2,4008,completed,6063568
4,2,4009,completed,5917901
4,2,4010,completed,5906485
4,2,4011,completed,5910401
4,2,4012,completed,5915110
4,2,4013,completed,5987234
4,2,4014,completed,6000610
4,2,4015,completed,5997651
4,2,4016,completed,5993318
4,2,4017,completed,5934526
4,2,4018,completed,5931610
4,2,4019,completed,5936610
4,2,4020,completed,5941693
4,2,4021,completed,6053568
4,2,4022,completed,6054818
4,2,4023,completed,6050276
4,2,4024,completed,6046026
4,2,4025,completed,6025693
4,2,4026,completed,6053068
4,2,4027,completed,6056568
4,2,4028,completed,6058776
4,2,4029,completed,6013234
4,2,4030,completed,6001068
4,2,4031,completed,6007901
4,2,4032,completed,6014193
4,2,4033,completed,5941902
4,2,4034,completed,5937693
4,2,4035,completed,5931234
4,2,4036,completed,5925110
4,2,4037,completed,5983027
4,2,4038,completed,5991777
4,2,4039,completed,5993609
4,2,4040,completed,5996276
4,2,4041,completed,6023110
4,2,4042,completed,6019401
4,2,4043,completed,6020152
4,2,4044,completed,6020818
4,2,4045,completed,5875776
4,2,4046,completed,5868777
4,2,4047,completed,5872818
4,2,4048,completed,5877276
4,2,4049,completed,5945693
4,2,4050,completed,5959401
4,2,4051,completed,5965860
4,2,4052,completed,5972652
4,2,4053,completed,6029110
4,2,4054,completed,6037110
4,2,4055,completed,6032026
4,2,4056,completed,6026568
4,2,4057,completed,5938734
4,2,4058,completed,5936901
4,2,4059,completed,5933068
4,2,4060,completed,5929277
4,2,4061,completed,6014527
4,2,4062,completed,6018776
4,2,4063,completed,6019151
4,2,4064,completed,6019609
4,2,4065,completed,5969068
4,2,4066,completed,5983443
4,2,4067,completed,5985235
4,2,4068,completed,5986026
4,2,4069,completed,5949443
4,2,4070,completed,5945277
4,2,4071,completed,5956401
4,2,4072,completed,5968318
4,2,4073,completed,5797610
4,2,4074,completed,5790485
4,2,4075,completed,5779693
4,2,4076,completed,5768985
4,2,4077,completed,5917943
4,2,4078,completed,5926277
4,2,4079,completed,5936985
4,2,4080,completed,5921527
4,2,4081,completed,5909777
4,2,4082,completed,5898693
4,2,4083,completed,5887735
4,2,4084,completed,5877359
4,2,4085,completed,5753027
4,2,4086,completed,5775110
4,2,4087,completed,5787569
4,2,4088,completed,5799152
4,2,4089,completed,5993026
4,2,4090,completed,5981985
4,2,4091,completed,5971318
4,2,4092,completed,5960777
4,2,4093,completed,6552567
4,2,4094,completed,6568191
4,2,4095,completed,6573733
4,2,4096,completed,6579441
4,2,4097,completed,5984443
4,2,4098,completed,6000860
4,2,4099,completed,6006152
4,2,4100,completed,6010901
4,2,4101,completed,6034068
4,2,4102,completed,6028526
4,2,4103,completed,6019443
4,2,4104,completed,6010651
4,2,4105,completed,6002610
4,2,4106,completed,6028651
4,2,4107,completed,6040151
4,2,4108,completed,6050984
4,2,4109,completed,5955485
4,2,4110,completed,5965443
4,2,4111,completed,5960693
4,2,4112,completed,5954776
4,2,4113,completed,6033860
4,2,4114,completed,6042734
4,2,4115,completed,6038568
4,2,4116,completed,6034068
4,2,4117,completed,5899443
4,2,4118,completed,5919777
4,2,4119,completed,5927276
4,2,4120,completed,5934693
4,2,4121,completed,6088776
4,2,4122,completed,6088318
4,2,4123,completed,6082735
4,2,4124,completed,6075901
4,2,4125,completed,6095192
4,2,4126,completed,6105068
4,2,4127,completed,6106776
4,2,4128,completed,6109360
4,2,4129,completed,5700819
4,2,4130,completed,5695943
4,2,4131,completed,5699444
4,2,4132,completed,5702902
4,2,4133,completed,6016401
4,2,4134,completed,6016193
4,2,4135,completed,6019110
4,2,4136,completed,6014985
4,2,4137,completed,5981443
4,2,4138,completed,5994359
4,2,4139,completed,5996818
4,2,4140,completed,5999193
4,2,4141,completed,5804902
4,2,4142,completed,5816360
4,2,4143,completed,5819985
4,2,4144,completed,5823943
4,2,4145,completed,6134859
4,2,4146,completed,6134817
4,2,4147,completed,6130693
4,2,4148,completed,6125442
4,2,4149,completed,5969443
4,2,4150,completed,5984860
4,2,4151,completed,5996360
4,2,4152,completed,6007568
4,2,4153,completed,6117401
4,2,4154,completed,6129276
4,2,4155,completed,6123359
4,2,4156,completed,6118151
4,2,4157,completed,5875444
4,2,4158,completed,5877943
4,2,4159,completed,5874360
4,2,4160,completed,5871027
4,2,4161,completed,6031609
4,2,4162,completed,6035276
4,2,4163,completed,6035693
4,2,4164,completed,6036193
4,2,4165,completed,5951735
4,2,4166,completed,5972651
4,2,4167,completed,5981360
4,2,4168,completed,5989776
4,2,4169,completed,5935443
4,2,4170,completed,5947276
4,2,4171,completed,5945527
4,2,4172,completed,5943318
4,2,4173,completed,5534319
4,2,4174,completed,5532028
4,2,4175,completed,5526611
4,2,4176,completed,5521403
4,2,4177,completed,6247234
4,2,4178,completed,6274276
4,2,4179,completed,6276026
4,2,4180,completed,6277276
4,2,4181,completed,6111442
4,2,4182,completed,6097109
4,2,4183,completed,6102235
4,2,4184,completed,6107360
4,2,4185,completed,6022818
4,2,4186,completed,6041610
4,2,4187,completed,6047735
4,2,4188,completed,6053818
4,2,4189,completed,5985860
4,2,4190,completed,5977526
4,2,4191,completed,5966693
4,2,4192,completed,5956193
4,2,4193,completed,5944693
4,2,4194,completed,5943651
4,2,4195,completed,5944360
4,2,4196,completed,5944777
4,2,4197,completed,6023277
4,2,4198,completed,6034401
4,2,4199,completed,6046817
4,2,4200,completed,6059026
4,2,4201,completed,5972777
4,2,4202,completed,5972527
4,2,4203,completed,5964943
4,2,4204,completed,5957693
4,2,4205,completed,6019359
4,2,4206,completed,6028151
4,2,4207,completed,6029526
4,2,4208,completed,6030818
4,2,4209,completed,5930818
4,2,4210,completed,5937152
4,2,4211,completed,5935568
4,2,4212,completed,5934526
4,2,4213,completed,6119318
4,2,4214,completed,6125276
4,2,4215,completed,6122985
4,2,4216,completed,6120317
4,2,4217,completed,5930360
4,2,4218,completed,5944360
4,2,4219,completed,5950735
4,2,4220,completed,5956693
4,2,4221,completed,5888776
4,2,4222,completed,5895943
4,2,4223,completed,5892026
4,2,4224,completed,5887027
4,2,4225,completed,6038068
4,2,4226,completed,6039901
4,2,4227,completed,6044652
4,2,4228,completed,6049110
4,2,4229,completed,5471195
4,2,4230,completed,5481736
4,2,4231,completed,5484902
4,2,4232,completed,5486111
4,2,4233,completed,6122776
4,2,4234,completed,6118235
4,2,4235,completed,6112192
4,2,4236,completed,6107360
4,2,4237,completed,5960360
4,2,4238,completed,5988526
4,2,4239,completed,5991818
4,2,4240,completed,5993693
4,2,4241,completed,6329400
4,2,4242,completed,6322526
4,2,4243,completed,6333359
4,2,4244,completed,6343734
4,2,4245,completed,5466569
4,2,4246,completed,5457902
4,2,4247,completed,5447861
4,2,4248,completed,5436903
4,2,4249,completed,6519525
4,2,4250,completed,6539192
4,2,4251,completed,6550733
4,2,4252,completed,6562067
4,2,4253,completed,6005610
4,2,4254,completed,5995818
4,2,4255,completed,5985359
4,2,4256,completed,5974777
4,2,4257,completed,5508320
4,2,4258,completed,5520527
4,2,4259,completed,5525445
4,2,4260,completed,5529903
4,2,4261,completed,6077026
4,2,4262,completed,6087026
4,2,4263,completed,6089985
4,2,4264,completed,6092484
4,2,4265,completed,6315776
4,2,4266,completed,6318692
4,2,4267,completed,6316900
4,2,4268,completed,6315609
4,2,4269,completed,6055443
4,2,4270,completed,6063152
4,2,4271,completed,6060818
4,2,4272,completed,6058110
4,2,4273,completed,5985068
4,2,4274,completed,5985484
4,2,4275,completed,5985818
4,2,4276,completed,5986318
4,2,4277,completed,5945985
4,2,4278,completed,5943027
4,2,4279,completed,5947277
4,2,4280,completed,5951235
4,2,4281,completed,5684194
4,2,4282,completed,5714152
4,2,4283,completed,5714569
4,2,4284,completed,5712652
4,2,4285,completed,6281651
4,2,4286,completed,6271734
4,2,4287,completed,6282567
4,2,4288,completed,6293275
4,2,4289,completed,5878151
4,2,4290,completed,5890193
4,2,4291,completed,5890652
4,2,4292,completed,5890444
4,2,4293,completed,5827985
4,2,4294,completed,5824360
4,2,4295,completed,5815443
4,2,4296,completed,5806444
4,2,4297,completed,6301400
4,2,4298,completed,6322276
4,2,4299,completed,6332150
4,2,4300,completed,6340734
4,2,4301,completed,5998152
4,2,4302,completed,6013985
4,2,4303,completed,6015026
4,2,4304,completed,6015027
4,2,4305,completed,6015693
4,2,4306,completed,6015609
4,2,4307,completed,6008443
4,2,4308,completed,6001527
4,2,4309,completed,5885235
4,2,4310,completed,5906193
4,2,4311,completed,5908526
4,2,4312,completed,5909485
4,2,4313,completed,6123026
4,2,4314,completed,6128984
4,2,4315,completed,6137276
4,2,4316,completed,6143609
4,2,4317,completed,5833360
4,2,4318,completed,5842277
4,2,4319,completed,5866026
4,2,4320,completed,5865568
4,2,4321,completed,6126901
4,2,4322,completed,6119734
4,2,4323,completed,6119943
4,2,4324,completed,6119651
4,2,4325,completed,5812485
4,2,4326,completed,5813069
4,2,4327,completed,5809485
4,2,4328,completed,5805902
4,2,4329,completed,5959526
4,2,4330,completed,5973526
4,2,4331,completed,5981401
4,2,4332,completed,5987818
4,2,4333,completed,5991526
4,2,4334,completed,5989610
4,2,4335,completed,5983526
4,2,4336,completed,5978193
4,2,4337,completed,5872527
4,2,4338,completed,5893151
4,2,4339,completed,5906360
4,2,4340,completed,5917610
4,2,4341,completed,5955734
4,2,4342,completed,5965902
4,2,4343,completed,5961193
4,2,4344,completed,5955985
4,2,4345,completed,5968860
4,2,4346,completed,5976526
4,2,4347,completed,5990401
4,2,4348,completed,5986360
4,2,4349,completed,5998359
4,2,4350,completed,5960610
4,2,4351,completed,5961193
4,2,4352,completed,5975776
4,2,4353,completed,5991402
4,2,4354,completed,6022735
4,2,4355,completed,6024567
4,2,4356,completed,6026109
4,2,4357,completed,7163231
4,2,4358,completed,7159607
4,2,4359,completed,7160898
4,2,4360,completed,7162190
4,2,4361,completed,5861110
4,2,4362,completed,5871985
4,2,4363,completed,5877818
4,2,4364,completed,5884985
4,2,4365,completed,6025234
4,2,4366,completed,6028859
4,2,4367,completed,6026234
4,2,4368,completed,6023693
4,2,4369,completed,5976735
4,2,4370,completed,5993318
4,2,4371,completed,6001027
4,2,4372,completed,6008652
4,2,4373,completed,5969943
4,2,4374,completed,5959735
4,2,4375,completed,5948818
4,2,4376,completed,5937610
4,2,4377,completed,6092026
4,2,4378,completed,6098317
4,2,4379,completed,6099151
4,2,4380,completed,6100860
4,2,4381,completed,5905026
4,2,4382,completed,5912776
4,2,4383,completed,5914651
4,2,4384,completed,5917110
4,2,4385,completed,5954902
4,2,4386,completed,5957734
4,2,4387,completed,5958859
4,2,4388,completed,5960360
4,2,4389,completed,6041359
4,2,4390,completed,6047568
4,2,4391,completed,6047818
4,2,4392,completed,6048484
4,2,4393,completed,5930234
4,2,4394,completed,5939235
4,2,4395,completed,5951568
4,2,4396,completed,5963569
4,2,4397,completed,5942568
4,2,4398,completed,5942777
4,2,4399,completed,5937276
4,2,4400,completed,5931068
4,2,4401,completed,6067526
4,2,4402,completed,6083776
4,2,4403,completed,6079359
4,2,4404,completed,6074568
4,2,4405,completed,5911443
4,2,4406,completed,5920860
4,2,4407,completed,5927068
4,2,4408,completed,5933276
4,2,4409,completed,5952402
4,2,4410,completed,5952485
4,2,4411,completed,5951068
4,2,4412,completed,5949943
4,2,4413,completed,6011526
4,2,4414,completed,6014360
4,2,4415,completed,6010318
4,2,4416,completed,6006693
4,2,4417,completed,5992610
4,2,4418,completed,5995860
4,2,4419,completed,5996692
4,2,4420,completed,5997818
4,2,4421,completed,5970985
4,2,4422,completed,5979776
4,2,4423,completed,5980693
4,2,4424,completed,5981359
4,2,4425,completed,5547486
4,2,4426,completed,5554236
4,2,4427,completed,5560861
4,2,4428,completed,5566611
4,2,4429,completed,6424150
4,2,4430,completed,6422567
4,2,4431,completed,6418817
4,2,4432,completed,6414942
4,2,4433,completed,6023235
4,2,4434,completed,6024443
4,2,4435,completed,6024777
4,2,4436,completed,6025068
4,2,4437,completed,6063901
4,2,4438,completed,6070026
4,2,4439,completed,6070818
4,2,4440,completed,6072609
4,2,4441,completed,5885944
4,2,4442,completed,5890068
4,2,4443,completed,5901860
4,2,4444,completed,5913276
4,2,4445,completed,5952735
4,2,4446,completed,5962943
4,2,4447,completed,5953026
4,2,4448,completed,5943652
4,2,4449,completed,6063193
4,2,4450,completed,6071860
4,2,4451,completed,6073026
4,2,4452,completed,6074443
4,2,4453,completed,5382570
4,2,4454,completed,5396486
4,2,4455,completed,5401402
4,2,4456,completed,5406861
4,2,4457,completed,6472483
4,2,4458,completed,6484400
4,2,4459,completed,6484525
4,2,4460,completed,6483775
4,2,4461,completed,6220734
4,2,4462,completed,6223276
4,2,4463,completed,6219359
4,2,4464,completed,6215651
4,2,4465,completed,5793235
4,2,4466,completed,5809818
4,2,4467,completed,5815693
4,2,4468,completed,5820943
4,2,4469,completed,6038568
4,2,4470,completed,6042318
4,2,4471,completed,6037651
4,2,4472,completed,6032901
4,2,4473,completed,5942235
4,2,4474,completed,5947568
4,2,4475,completed,5953859
4,2,4476,completed,5961235
4,2,4477,completed,5998360
4,2,4478,completed,5999485
4,2,4479,completed,5993693
4,2,4480,completed,5987943
4,2,4481,completed,5806902
4,2,4482,completed,5818694
4,2,4483,completed,5820777
4,2,4484,completed,5823569
4,2,4485,completed,6086735
4,2,4486,completed,6095943
4,2,4487,completed,6107359
4,2,4488,completed,6117817
4,2,4489,completed,6061442
4,2,4490,completed,6065151
4,2,4491,completed,6058110
4,2,4492,completed,6051318
4,2,4493,completed,5946901
4,2,4494,completed,5951651
4,2,4495,completed,5949610
4,2,4496,completed,5946818
4,2,4497,completed,5936693
4,2,4498,completed,5945693
4,2,4499,completed,5950901
4,2,4500,completed,5956693
4,2,4501,completed,5555361
4,2,4502,completed,5557986
4,2,4503,completed,5552861
4,2,4504,completed,5548611
4,2,4505,completed,5877610
4,2,4506,completed,5880360
4,2,4507,completed,5881568
4,2,4508,completed,5882735
4,2,4509,completed,6493900
4,2,4510,completed,6493400
4,2,4511,completed,6494900
4,2,4512,completed,6496608
4,2,4513,completed,5646944
4,2,4514,completed,5651486
4,2,4515,completed,5652986
4,2,4516,completed,5654777
4,2,4517,completed,6348984
4,2,4518,completed,6369734
4,2,4519,completed,6376151
4,2,4520,completed,6382358
4,2,4521,completed,5956651
4,2,4522,completed,5956110
4,2,4523,completed,5951610
4,2,4524,completed,5946985
4,2,4525,completed,5987693
4,2,4526,completed,6004610
4,2,4527,completed,6005942
4,2,4528,completed,6007609
4,2,4529,completed,6008068
4,2,4530,completed,6010943
4,2,4531,completed,6011777
4,2,4532,completed,6013651
4,2,4533,completed,6023068
4,2,4534,completed,6028902
4,2,4535,completed,6029901
4,2,4536,completed,6031276
4,2,4537,completed,6017610
4,2,4538,completed,6032484
4,2,4539,completed,6039026
4,2,4540,completed,6046735
4,2,4541,completed,5913610
4,2,4542,completed,5929735
4,2,4543,completed,5935569
4,2,4544,completed,5941068
4,2,4545,completed,5964568
4,2,4546,completed,5959068
4,2,4547,completed,5946860
4,2,4548,completed,5937610
4,2,4549,completed,5938943
4,2,4550,completed,5935859
4,2,4551,completed,5936527
4,2,4552,completed,5937443
4,2,4553,completed,5951027
4,2,4554,completed,5959693
4,2,4555,completed,5960568
4,2,4556,completed,5961109
4,2,4557,completed,6088651
4,2,4558,completed,6085860
4,2,4559,completed,6086443
4,2,4560,completed,6088109
4,2,4561,completed,5915318
4,2,4562,completed,5933735
4,2,4563,completed,5941276
4,2,4564,completed,5949401
4,2,4565,completed,5757485
4,2,4566,completed,5754901
4,2,4567,completed,5747860
4,2,4568,completed,5741777
4,2,4569,completed,6313276
4,2,4570,completed,6324234
4,2,4571,completed,6325484
4,2,4572,completed,6326859
4,2,4573,completed,5902818
4,2,4574,completed,5913068
4,2,4575,completed,5919443
4,2,4576,completed,5925318
4,2,4577,completed,5920402
4,2,4578,completed,5921360
4,2,4579,completed,5916568
4,2,4580,completed,5911901
4,2,4581,completed,5728569
4,2,4582,completed,5736485
4,2,4583,completed,5743610
4,2,4584,completed,5750860
4,2,4585,completed,6250609
4,2,4586,completed,6263692
4,2,4587,completed,6268817
4,2,4588,completed,6273484
4,2,4589,completed,6054943
4,2,4590,completed,6048567
4,2,4591,completed,6037984
4,2,4592,completed,6027526
4,2,4593,completed,5961985
4,2,4594,completed,5966360
4,2,4595,completed,5972901
4,2,4596,completed,5980526
4,2,4597,completed,5905901
4,2,4598,completed,5911027
4,2,4599,completed,5909443
4,2,4600,completed,5907652
4,2,4601,completed,5756152
4,2,4602,completed,5752986
4,2,4603,completed,5748861
4,2,4604,completed,5744235
4,2,4605,completed,6212150
4,2,4606,completed,6217692
4,2,4607,completed,6219026
4,2,4608,completed,6220567
4,2,4609,completed,6048818
4,2,4610,completed,6066859
4,2,4611,completed,6069276
4,2,4612,completed,6071693
4,2,4613,completed,5950026
4,2,4614,completed,5955526
4,2,4615,completed,5956902
4,2,4616,completed,5958027
4,2,4617,completed,5975026
4,2,4618,completed,5945902
4,2,4619,completed,5917485
4,2,4620,completed,5907027
4,2,4621,completed,5936901
4,2,4622,completed,5942026
4,2,4623,completed,5940859
4,2,4624,completed,5938652
4,2,4625,completed,6061151
4,2,4626,completed,6064985
4,2,4627,completed,6061317
4,2,4628,completed,6057860
4,2,4629,completed,5917568
4,2,4630,completed,5921151
4,2,4631,completed,5927818
4,2,4632,completed,5934652
4,2,4633,completed,5994526
4,2,4634,completed,5992985
4,2,4635,completed,5987776
4,2,4636,completed,5982526
4,2,4637,completed,6083734
4,2,4638,completed,6095151
4,2,4639,completed,6097234
4,2,4640,completed,6099609
4,2,4641,completed,5856485
4,2,4642,completed,5848110
4,2,4643,completed,5859610
4,2,4644,completed,5871194
4,2,4645,completed,5986985
4,2,4646,completed,5989443
4,2,4647,completed,5980401
4,2,4648,completed,5969818
4,2,4649,completed,6048026
4,2,4650,completed,6042776
4,2,4651,completed,6044110
4,2,4652,completed,6045193
4,2,4653,completed,5946193
4,2,4654,completed,5955235
4,2,4655,completed,5956651
4,2,4656,completed,5957360
4,2,4657,completed,5741402
4,2,4658,completed,5742485
4,2,4659,completed,5747693
4,2,4660,completed,5754318
4,2,4661,completed,6203568
4,2,4662,completed,6219568
4,2,4663,completed,6214942
4,2,4664,completed,6210651
4,2,4665,completed,5963693
4,2,4666,completed,5963277
4,2,4667,completed,5970693
4,2,4668,completed,5977901
4,2,4669,completed,6045693
4,2,4670,completed,6043901
4,2,4671,completed,6037651
4,2,4672,completed,6031401
4,2,4673,completed,5881735
4,2,4674,completed,5898152
4,2,4675,completed,5910027
4,2,4676,completed,5921819
4,2,4677,completed,6037027
4,2,4678,completed,6027943
4,2,4679,completed,6017568
4,2,4680,completed,6006526
4,2,4681,completed,5667569
4,2,4682,completed,5671111
4,2,4683,completed,5673069
4,2,4684,completed,5675152
4,2,4685,completed,5826902
4,2,4686,completed,5838068
4,2,4687,completed,5848235
4,2,4688,completed,5858735
4,2,4689,completed,6411442
4,2,4690,completed,6402484
4,2,4691,completed,6392026
4,2,4692,completed,6381400
4,2,4693,completed,6039109
4,2,4694,completed,6050610
4,2,4695,completed,6052276
4,2,4696,completed,6055026
4,2,4697,completed,5954360
4,2,4698,completed,5955443
4,2,4699,completed,5955943
4,2,4700,completed,5956568
4,2,4701,completed,5994110
4,2,4702,completed,5997652
4,2,4703,completed,5998985
4,2,4704,completed,6001234
4,2,4705,completed,5963943
4,2,4706,completed,5982943
4,2,4707,completed,5983652
4,2,4708,completed,5984401
4,2,4709,completed,5969693
4,2,4710,completed,5966610
4,2,4711,completed,5971652
4,2,4712,completed,5976943
4,2,4713,completed,6064692
4,2,4714,completed,6088359
4,2,4715,completed,6094110
4,2,4716,completed,6101110
4,2,4717,completed,5909027
4,2,4718,completed,5909818
4,2,4719,completed,5901860
4,2,4720,completed,5894777
4,2,4721,completed,6123901
4,2,4722,completed,6133734
4,2,4723,completed,6130609
4,2,4724,completed,6127859
4,2,4725,completed,6011360
4,2,4726,completed,6011109
4,2,4727,completed,6015776
4,2,4728,completed,6021360
4,2,4729,completed,5901651
4,2,4730,completed,5908152
4,2,4731,completed,5908235
4,2,4732,completed,5907902
4,2,4733,completed,5889068
4,2,4734,completed,5886735
4,2,4735,completed,5882443
4,2,4736,completed,5878360
4,2,4737,completed,6019193
4,2,4738,completed,6034068
4,2,4739,completed,6035943
4,2,4740,completed,6038318
4,2,4741,completed,5922985
4,2,4742,completed,5938318
4,2,4743,completed,5949860
4,2,4744,completed,5960818
4,2,4745,completed,5999068
4,2,4746,completed,6006568
4,2,4747,completed,6005693
4,2,4748,completed,6006193
4,2,4749,completed,5995901
4,2,4750,completed,5992943
4,2,4751,completed,5983568
4,2,4752,completed,5974360
4,2,4753,completed,5997693
4,2,4754,completed,6001943
4,2,4755,completed,6003443
4,2,4756,completed,6005235
4,2,4757,completed,5937943
4,2,4758,completed,5954152
4,2,4759,completed,5965110
4,2,4760,completed,5976735
4,2,4761,completed,5978234
4,2,4762,completed,5968943
4,2,4763,completed,5957943
4,2,4764,completed,5947693
4,2,4765,completed,5975610
4,2,4766,completed,5985360
4,2,4767,completed,5991776
4,2,4768,completed,5998318
4,2,4769,completed,6024860
4,2,4770,completed,6025151
4,2,4771,completed,6019901
4,2,4772,completed,6014651
4,2,4773,completed,6064110
4,2,4774,completed,6074109
4,2,4775,completed,6075526
4,2,4776,completed,6077734
4,2,4777,completed,5884152
4,2,4778,completed,5890819
4,2,4779,completed,5897902
4,2,4780,completed,5904526
4,2,4781,completed,6008152
4,2,4782,completed,6004151
4,2,4783,completed,5998777
4,2,4784,completed,5993610
4,2,4785,completed,5942610
4,2,4786,completed,5958484
4,2,4787,completed,5968693
4,2,4788,completed,5979860
4,2,4789,completed,5976985
4,2,4790,completed,5968193
4,2,4791,completed,5958151
4,2,4792,completed,5947526
4,2,4793,completed,6029026
4,2,4794,completed,6034110
4,2,4795,completed,6034860
4,2,4796,completed,6036151
4,2,4797,completed,5605985
4,2,4798,completed,5614652
4,2,4799,completed,5622236
4,2,4800,completed,5629069
4,2,4801,completed,6309400
4,2,4802,completed,6312568
4,2,4803,completed,6311775
4,2,4804,completed,6310651
4,2,4805,completed,6021610
4,2,4806,completed,6037151
4,2,4807,completed,6039901
4,2,4808,completed,6041276
4,2,4809,completed,5996152
4,2,4810,completed,5994234
4,2,4811,completed,5988735
4,2,4812,completed,5983776
4,2,4813,completed,5936026
4,2,4814,completed,5934860
4,2,4815,completed,5934693
4,2,4816,completed,5934443
4,2,4817,completed,6003651
4,2,4818,completed,6019568
4,2,4819,completed,6027235
4,2,4820,completed,6034402
4,2,4821,completed,5646235
4,2,4822,completed,5650402
4,2,4823,completed,5652319
4,2,4824,completed,5652652
4,2,4825,completed,6333942
4,2,4826,completed,6336150
4,2,4827,completed,6330401
4,2,4828,completed,6324984
4,2,4829,completed,5994110
4,2,4830,completed,6010026
4,2,4831,completed,6019984
4,2,4832,completed,6029401
4,2,4833,completed,5991984
4,2,4834,completed,5990193
4,2,4835,completed,5982609
4,2,4836,completed,5975068
4,2,4837,completed,6012485
4,2,4838,completed,6020818
4,2,4839,completed,6022193
4,2,4840,completed,6024110
4,2,4841,completed,6068901
4,2,4842,completed,6092984
4,2,4843,completed,6103401
4,2,4844,completed,6112151
4,2,4845,completed,5819235
4,2,4846,completed,5820110
4,2,4847,completed,5817152
4,2,4848,completed,5815735
4,2,4849,completed,6046110
4,2,4850,completed,6047359
4,2,4851,completed,6042110
4,2,4852,completed,6036776
4,2,4853,completed,6092067
4,2,4854,completed,6115068
4,2,4855,completed,6117235
4,2,4856,completed,6118359
4,2,4857,completed,5971026
4,2,4858,completed,6005860
4,2,4859,completed,6006067
4,2,4860,completed,6007234
4,2,4861,completed,5855068
4,2,4862,completed,5877069
4,2,4863,completed,5883735
4,2,4864,completed,5889860
4,2,4865,completed,5938943
4,2,4866,completed,5956943
4,2,4867,completed,5959776
4,2,4868,completed,5960693
4,2,4869,completed,5948152
4,2,4870,completed,5941485
4,2,4871,completed,5934985
4,2,4872,completed,5927693
4,2,4873,completed,6056985
4,2,4874,completed,6067401
4,2,4875,completed,6068568
4,2,4876,completed,6070110
4,2,4877,completed,5958860
4,2,4878,completed,5966984
4,2,4879,completed,5973276
4,2,4880,completed,5979693
4,2,4881,completed,6008276
4,2,4882,completed,6014026
4,2,4883,completed,6010276
4,2,4884,completed,6005943
4,2,4885,completed,5919193
4,2,4886,completed,5951943
4,2,4887,completed,5960777
4,2,4888,completed,5963818
4,2,4889,completed,5713402
4,2,4890,completed,5683777
4,2,4891,completed,5687027
4,2,4892,completed,5690902
4,2,4893,completed,6219609
4,2,4894,completed,6220317
4,2,4895,completed,6216484
4,2,4896,completed,6212692
4,2,4897,completed,6186442
4,2,4898,completed,6200984
4,2,4899,completed,6203275
4,2,4900,completed,6204443
4,2,4901,completed,5785277
4,2,4902,completed,5786027
4,2,4903,completed,5790402
4,2,4904,completed,5795069
4,2,4905,completed,6005860
4,2,4906,completed,6015817
4,2,4907,completed,6012526
4,2,4908,completed,6008609
4,2,4909,completed,5943652
4,2,4910,completed,5948818
4,2,4911,completed,5949777
4,2,4912,completed,5951360
4,2,4913,completed,5996609
4,2,4914,completed,6007276
4,2,4915,completed,6010235
4,2,4916,completed,6013151
4,2,4917,completed,5939901
4,2,4918,completed,5948610
4,2,4919,completed,5952610
4,2,4920,completed,5957068
4,2,4921,completed,5981943
4,2,4922,completed,5996901
4,2,4923,completed,6004484
4,2,4924,completed,6010568
4,2,4925,completed,5951069
4,2,4926,completed,5944318
4,2,4927,completed,5937777
4,2,4928,completed,5932110
4,2,4929,completed,6028485
4,2,4930,completed,6042109
4,2,4931,completed,6048942
4,2,4932,completed,6055609
4,2,4933,completed,5997610
4,2,4934,completed,5999776
4,2,4935,completed,5999359
4,2,4936,completed,5998652
4,2,4937,completed,6069484
4,2,4938,completed,6063484
4,2,4939,completed,6054484
4,2,4940,completed,6046068
4,2,4941,completed,5913402
4,2,4942,completed,5929110
4,2,4943,completed,5939985
4,2,4944,completed,5950444
4,2,4945,completed,5974943
4,2,4946,completed,5976568
4,2,4947,completed,5972734
4,2,4948,completed,5968110
4,2,4949,completed,6029360
4,2,4950,completed,6034443
4,2,4951,completed,6029359
4,2,4952,completed,6023526
4,2,4953,completed,5926235
4,2,4954,completed,5928944
4,2,4955,completed,5937402
4,2,4956,completed,5946569
4,2,4957,completed,6097776
4,2,4958,completed,6099235
4,2,4959,completed,6091651
4,2,4960,completed,6084859
4,2,4961,completed,5904526
4,2,4962,completed,5920860
4,2,4963,completed,5928735
4,2,4964,completed,5935693
4,2,4965,completed,5979110
4,2,4966,completed,5991818
4,2,4967,completed,5997484
4,2,4968,completed,6002443
4,2,4969,completed,5957110
4,2,4970,completed,5953652
4,2,4971,completed,5951068
4,2,4972,completed,5948735
4,2,4973,completed,6025276
4,2,4974,completed,6026443
4,2,4975,completed,6018984
4,2,4976,completed,6012402
4,2,4977,completed,5901360
4,2,4978,completed,5916443
4,2,4979,completed,5924402
4,2,4980,completed,5932068
4,2,4981,completed,6178443
4,2,4982,completed,6204443
4,2,4983,completed,6210943
4,2,4984,completed,6215360
4,2,4985,completed,5861318
4,2,4986,completed,5852943
4,2,4987,completed,5843110
4,2,4988,completed,5834069
4,2,4989,completed,5958818
4,2,4990,completed,5960568
4,2,4991,completed,5961776
4,2,4992,completed,5963193
4,2,4993,completed,5986568
4,2,4994,completed,5988110
4,2,4995,completed,5988152
4,2,4996,completed,5988318
4,2,4997,completed,5970902
4,2,4998,completed,5978485
4,2,4999,completed,5998484
4,2,5000,completed,6007568
4,2,5001,completed,5990235
4,2,5002,completed,5983318
4,2,5003,completed,5976859
4,2,5004,completed,5973360
4,2,5005,completed,6000193
4,2,5006,completed,6001485
4,2,5007,completed,5997443
4,2,5008,completed,5993818
4,2,5009,completed,6084526
4,2,5010,completed,6096526
4,2,5011,completed,6102984
4,2,5012,completed,6109485
4,2,5013,completed,5986152
4,2,5014,completed,5989609
4,2,5015,completed,5983818
4,2,5016,completed,5979110
4,2,5017,completed,5907818
4,2,5018,completed,5912568
4,2,5019,completed,5985277
4,2,5020,completed,5993401
4,2,5021,completed,5957943
4,2,5022,completed,5899527
4,2,5023,completed,5898235
4,2,5024,completed,5897860
4,2,5025,completed,6029984
4,2,5026,completed,6047818
4,2,5027,completed,6047192
4,2,5028,completed,6046776
4,2,5029,completed,5909944
4,2,5030,completed,5917735
4,2,5031,completed,5918985
4,2,5032,completed,5919360
4,2,5033,completed,5993776
4,2,5034,completed,5997360
4,2,5035,completed,5995193
4,2,5036,completed,5992818
4,2,5037,completed,6037359
4,2,5038,completed,6058151
4,2,5039,completed,6065651
4,2,5040,completed,6072026
4,2,5041,completed,5949568
4,2,5042,completed,5953485
4,2,5043,completed,5953818
4,2,5044,completed,5953527
4,2,5045,completed,5976901
4,2,5046,completed,5969110
4,2,5047,completed,5959193
4,2,5048,completed,5948818
4,2,5049,completed,6001360
4,2,5050,completed,6005818
4,2,5051,completed,6007693
4,2,5052,completed,6009776
4,2,5053,completed,5432195
4,2,5054,completed,5433777
4,2,5055,completed,5433944
4,2,5056,completed,5434194
4,2,5057,completed,6549775
4,2,5058,completed,6557192
4,2,5059,completed,6558025
4,2,5060,completed,6559859
4,2,5061,completed,5957276
4,2,5062,completed,5942901
4,2,5063,completed,5943527
4,2,5064,completed,5944401
4,2,5065,completed,5951735
4,2,5066,completed,5962609
4,2,5067,completed,5970109
4,2,5068,completed,5976901
4,2,5069,completed,6043068
4,2,5070,completed,6046193
4,2,5071,completed,6040776
4,2,5072,completed,6036026
4,2,5073,completed,5954985
4,2,5074,completed,5965693
4,2,5075,completed,5976943
4,2,5076,completed,5987443
4,2,5077,completed,5975401
4,2,5078,completed,5967027
4,2,5079,completed,5956818
4,2,5080,completed,5946902
4,2,5081,completed,6109193
4,2,5082,completed,6121526
4,2,5083,completed,6123109
4,2,5084,completed,6126235
4,2,5085,completed,5880068
4,2,5086,completed,5898319
4,2,5087,completed,5908360
4,2,5088,completed,5920360
4,2,5089,completed,5532486
4,2,5090,completed,5524485
4,2,5091,completed,5512986
4,2,5092,completed,5502278
4,2,5093,completed,6367275
4,2,5094,completed,6385192
4,2,5095,completed,6397358
4,2,5096,completed,6408692
4,2,5097,completed,5995734
4,2,5098,completed,5995359
4,2,5099,completed,5985776
4,2,5100,completed,5975609
4,2,5101,completed,6009485
4,2,5102,completed,5998860
4,2,5103,completed,5999193
4,2,5104,completed,6000276
4,2,5105,completed,5972860
4,2,5106,completed,5983984
4,2,5107,completed,5985235
4,2,5108,completed,5985902
4,2,5109,completed,6006235
4,2,5110,completed,6011943
4,2,5111,completed,6018735
4,2,5112,completed,6025651
4,2,5113,completed,6028942
4,2,5114,completed,6031567
4,2,5115,completed,6026818
4,2,5116,completed,6020901
4,2,5117,completed,5985318
4,2,5118,completed,6005443
4,2,5119,completed,6013276
4,2,5120,completed,6019693
4,2,5121,completed,6037818
4,2,5122,completed,6035568
4,2,5123,completed,6030193
4,2,5124,completed,6024734
4,2,5125,completed,5921443
4,2,5126,completed,5922194
4,2,5127,completed,5922610
4,2,5128,completed,5923818
4,2,5129,completed,5945109
4,2,5130,completed,5947152
4,2,5131,completed,5953859
4,2,5132,completed,5960068
4,2,5133,completed,6025527
4,2,5134,completed,6044401
4,2,5135,completed,6045818
4,2,5136,completed,6046318
4,2,5137,completed,5960735
4,2,5138,completed,5959777
4,2,5139,completed,5954276
4,2,5140,completed,5949069
4,2,5141,completed,5731068
4,2,5142,completed,5729569
4,2,5143,completed,5730360
4,2,5144,completed,5731361
4,2,5145,completed,6168984
4,2,5146,completed,6177901
4,2,5147,completed,6184484
4,2,5148,completed,6190526
4,2,5149,completed,6116192
4,2,5150,completed,6125735
4,2,5151,completed,6126109
4,2,5152,completed,6126651
4,2,5153,completed,5922026
4,2,5154,completed,5924110
4,2,5155,completed,5918859
4,2,5156,completed,5913568
4,2,5157,completed,5920902
4,2,5158,completed,5930860
4,2,5159,completed,5932193
4,2,5160,completed,5933651
4,2,5161,completed,6042360
4,2,5162,completed,6050985
4,2,5163,completed,6053026
4,2,5164,completed,6054902
4,2,5165,completed,5927568
4,2,5166,completed,5931234
4,2,5167,completed,5932027
4,2,5168,completed,5933610
4,2,5169,completed,6027360
4,2,5170,completed,6035026
4,2,5171,completed,6036984
4,2,5172,completed,6039734
4,2,5173,completed,5886027
4,2,5174,completed,5888151
4,2,5175,completed,5888776
4,2,5176,completed,5888944
4,2,5177,completed,6018110
4,2,5178,completed,6018693
4,2,5179,completed,6019401
4,2,5180,completed,6020485
4,2,5181,completed,6116193
4,2,5182,completed,6127193
4,2,5183,completed,6129485
4,2,5184,completed,6132568
4,2,5185,completed,5519778
4,2,5186,completed,5518945
4,2,5187,completed,5519111
4,2,5188,completed,5519486
4,2,5189,completed,6262067
4,2,5190,completed,6287151
4,2,5191,completed,6299525
4,2,5192,completed,6311734
4,2,5193,completed,6182442
4,2,5194,completed,6185651
4,2,5195,completed,6175443
4,2,5196,completed,6165901
4,2,5197,completed,5349694
4,2,5198,completed,5340695
4,2,5199,completed,5342903
4,2,5200,completed,5345612
4,2,5201,completed,6412525
4,2,5202,completed,6434484
4,2,5203,completed,6446109
4,2,5204,completed,6458067
4,2,5205,completed,5983360
4,2,5206,completed,5987693
4,2,5207,completed,5982609
4,2,5208,completed,5977402
4,2,5209,completed,5496236
4,2,5210,completed,5508694
4,2,5211,completed,5508319
4,2,5212,completed,5507944
4,2,5213,completed,5981402
4,2,5214,completed,6000860
4,2,5215,completed,6003985
4,2,5216,completed,6004234
4,2,5217,completed,6436526
4,2,5218,completed,6444859
4,2,5219,completed,6440817
4,2,5220,completed,6435026
4,2,5221,completed,6020359
4,2,5222,completed,6008984
4,2,5223,completed,6009734
4,2,5224,completed,6011068
4,2,5225,completed,5933985
4,2,5226,completed,5946735
4,2,5227,completed,5949235
4,2,5228,completed,5951527
4,2,5229,completed,5762527
4,2,5230,completed,5762485
4,2,5231,completed,5762568
4,2,5232,completed,5762777
4,2,5233,completed,6998732
4,2,5234,completed,7006232
4,2,5235,completed,7007148
4,2,5236,completed,7007982
4,2,5237,completed,5806361
4,2,5238,completed,5817527
4,2,5239,completed,5829443
4,2,5240,completed,5840902
4,2,5241,completed,5692277
4,2,5242,completed,5681403
4,2,5243,completed,5670486
4,2,5244,completed,5659319
4,2,5245,completed,6300608
4,2,5246,completed,6294192
4,2,5247,completed,6297984
4,2,5248,completed,6298359
4,2,5249,completed,5946401
4,2,5250,completed,5948984
4,2,5251,completed,5939026
4,2,5252,completed,5928276
4,2,5253,completed,5981985
4,2,5254,completed,5981068
4,2,5255,completed,5986151
4,2,5256,completed,5991027
4,2,5257,completed,5542986
4,2,5258,completed,5558069
4,2,5259,completed,5558694
4,2,5260,completed,5559611
4,2,5261,completed,6348359
4,2,5262,completed,6357276
4,2,5263,completed,6358942
4,2,5264,completed,6360859
4,2,5265,completed,6000109
4,2,5266,completed,6003567
4,2,5267,completed,5998026
4,2,5268,completed,5991609
4,2,5269,completed,5981151
4,2,5270,completed,5987027
4,2,5271,completed,5988276
4,2,5272,completed,5989193
4,2,5273,completed,6005193
4,2,5274,completed,6012401
4,2,5275,completed,6025027
4,2,5276,completed,6036735
4,2,5277,completed,5993401
4,2,5278,completed,5987401
4,2,5279,completed,5976568
4,2,5280,completed,5967068
4,2,5281,completed,5940693
4,2,5282,completed,5955902
4,2,5283,completed,5961818
4,2,5284,completed,5966735
4,2,5285,completed,6037651
4,2,5286,completed,6053068
4,2,5287,completed,6059818
4,2,5288,completed,6066693
4,2,5289,completed,5953443
4,2,5290,completed,5943318
4,2,5291,completed,5932651
4,2,5292,completed,5921652
4,2,5293,completed,6067026
4,2,5294,completed,6075610
4,2,5295,completed,6077235
4,2,5296,completed,6079568
4,2,5297,completed,5945901
4,2,5298,completed,5952193
4,2,5299,completed,5952651
4,2,5300,completed,5953734
4,2,5301,completed,5988235
4,2,5302,completed,5992901
4,2,5303,completed,5993777
4,2,5304,completed,5994901
4,2,5305,completed,5950527
4,2,5306,completed,5960235
4,2,5307,completed,5962818
4,2,5308,completed,5964485
4,2,5309,completed,5949318
4,2,5310,completed,5940151
4,2,5311,completed,5944859
4,2,5312,completed,5949026
4,2,5313,completed,5986901
4,2,5314,completed,6014235
4,2,5315,completed,6022443
4,2,5316,completed,6029443
4,2,5317,completed,6052485
4,2,5318,completed,6045943
4,2,5319,completed,6034943
4,2,5320,completed,6024818
4,2,5321,completed,6011067
4,2,5322,completed,6019609
4,2,5323,completed,6021943
4,2,5324,completed,6023943
4,2,5325,completed,5643152
4,2,5326,completed,5687444
4,2,5327,completed,5696569
4,2,5328,completed,5702361
4,2,5329,completed,5996901
4,2,5330,completed,6032777
4,2,5331,completed,6035735
4,2,5332,completed,6039609
4,2,5333,completed,6136317
4,2,5334,completed,6141984
4,2,5335,completed,6140193
4,2,5336,completed,6137359
4,2,5337,completed,6031276
4,2,5338,completed,6049443
4,2,5339,completed,6054818
4,2,5340,completed,6059193
4,2,5341,completed,5931526
4,2,5342,completed,5932818
4,2,5343,completed,5922235
4,2,5344,completed,5912777
4,2,5345,completed,6040735
4,2,5346,completed,6030860
4,2,5347,completed,6031152
4,2,5348,completed,6031860
4,2,5349,completed,5955568
4,2,5350,completed,5962402
4,2,5351,completed,5963609
4,2,5352,completed,5965651
4,2,5353,completed,5947985
4,2,5354,completed,5954693
4,2,5355,completed,5956568
4,2,5356,completed,5957026
4,2,5357,completed,6103693
4,2,5358,completed,6094859
4,2,5359,completed,6095318
4,2,5360,completed,6096693
4,2,5361,completed,5849735
4,2,5362,completed,5853277
4,2,5363,completed,5854318
4,2,5364,completed,5855235
4,2,5365,completed,6049818
4,2,5366,completed,6051526
4,2,5367,completed,6052401
4,2,5368,completed,6053985
4,2,5369,completed,6008901
4,2,5370,completed,6031735
4,2,5371,completed,6037818
4,2,5372,completed,6042568
4,2,5373,completed,5910652
4,2,5374,completed,5929568
4,2,5375,completed,5919235
4,2,5376,completed,5928777
4,2,5377,completed,6033734
4,2,5378,completed,6025943
4,2,5379,completed,6015110
4,2,5380,completed,6005401
4,2,5381,completed,6006568
4,2,5382,completed,6009568
4,2,5383,completed,6010401
4,2,5384,completed,6011818
4,2,5385,completed,5932276
4,2,5386,completed,5950151
4,2,5387,completed,5952776
4,2,5388,completed,5954401
4,2,5389,completed,6003443
4,2,5390,completed,6013318
4,2,5391,completed,6017943
4,2,5392,completed,6023068
4,2,5393,completed,5952151
4,2,5394,completed,5955818
4,2,5395,completed,5953609
4,2,5396,completed,5950152
4,2,5397,completed,5647568
4,2,5398,completed,5677944
4,2,5399,completed,5680402
4,2,5400,completed,5681610
4,2,5401,completed,6231692
4,2,5402,completed,6244901
4,2,5403,completed,6257900
4,2,5404,completed,6269693
4,2,5405,completed,6159317
4,2,5406,completed,6152526
4,2,5407,completed,6141068
4,2,5408,completed,6131026
4,2,5409,completed,5984652
4,2,5410,completed,6009943
4,2,5411,completed,6012193
4,2,5412,completed,6013360
4,2,5413,completed,5890027
4,2,5414,completed,5892235
4,2,5415,completed,5898985
4,2,5416,completed,5906527
4,2,5417,completed,5935985
4,2,5418,completed,5944318
4,2,5419,completed,5944610
4,2,5420,completed,5944776
4,2,5421,completed,5856651
4,2,5422,completed,5863777
4,2,5423,completed,5862068
4,2,5424,completed,5858444
4,2,5425,completed,6170734
4,2,5426,completed,6178151
4,2,5427,completed,6175651
4,2,5428,completed,6173192
4,2,5429,completed,5885818
4,2,5430,completed,5888194
4,2,5431,completed,5889235
4,2,5432,completed,5890818
4,2,5433,completed,6008276
4,2,5434,completed,6013109
4,2,5435,completed,6013318
4,2,5436,completed,6014068
4,2,5437,completed,5969943
4,2,5438,completed,5998777
4,2,5439,completed,6011443
4,2,5440,completed,6022859
4,2,5441,completed,5700944
4,2,5442,completed,5688902
4,2,5443,completed,5678069
4,2,5444,completed,5667777
4,2,5445,completed,6288900
4,2,5446,completed,6295150
4,2,5447,completed,6296067
4,2,5448,completed,6297400
4,2,5449,completed,5947902
4,2,5450,completed,5959485
4,2,5451,completed,5967860
4,2,5452,completed,5975526
4,2,5453,completed,5938360
4,2,5454,completed,5943860
4,2,5455,completed,5943694
4,2,5456,completed,5942194
4,2,5457,completed,6085026
4,2,5458,completed,6085942
4,2,5459,completed,6080901
4,2,5460,completed,6075943
4,2,5461,completed,5960359
4,2,5462,completed,5965193
4,2,5463,completed,5966359
4,2,5464,completed,5967401
4,2,5465,completed,6116234
4,2,5466,completed,6131859
4,2,5467,completed,6136359
4,2,5468,completed,6141401
4,2,5469,completed,5335903
4,2,5470,completed,5339153
4,2,5471,completed,5335403
4,2,5472,completed,5332112
4,2,5473,completed,6454942
4,2,5474,completed,6457108
4,2,5475,completed,6462150
4,2,5476,completed,6468817
4,2,5477,completed,5972152
4,2,5478,completed,5980568
4,2,5479,completed,5980151
4,2,5480,completed,5978235
4,2,5481,completed,5838401
4,2,5482,completed,5845277
4,2,5483,completed,5842776
4,2,5484,completed,5839902
4,2,5485,completed,6945357
4,2,5486,completed,6916733
4,2,5487,completed,6920149
4,2,5488,completed,6925858
4,2,5489,completed,6520441
4,2,5490,completed,6522692
4,2,5491,completed,6517150
4,2,5492,completed,6511650
4,2,5493,completed,6117610
4,2,5494,completed,6123984
4,2,5495,completed,6130401
4,2,5496,completed,6136984
4,2,5497,completed,5943360
4,2,5498,completed,5939235
4,2,5499,completed,5933943
4,2,5500,completed,5927859
4,2,5501,completed,6037318
4,2,5502,completed,6037318
4,2,5503,completed,6037568
4,2,5504,completed,6038193
4,2,5505,completed,5913235
4,2,5506,completed,5940110
4,2,5507,completed,5949610
4,2,5508,completed,5959402
4,2,5509,completed,5996068
4,2,5510,completed,5986526
4,2,5511,completed,5976985
4,2,5512,completed,5968734
4,2,5513,completed,5976026
4,2,5514,completed,5984026
4,2,5515,completed,5986026
4,2,5516,completed,5987193
4,2,5517,completed,5950276
4,2,5518,completed,5970027
4,2,5519,completed,5981318
4,2,5520,completed,5991442
4,2,5521,completed,5994068
4,2,5522,completed,5984693
4,2,5523,completed,5974776
4,2,5524,completed,5963777
4,2,5525,completed,6042151
4,2,5526,completed,6060693
4,2,5527,completed,6072610
4,2,5528,completed,6083027
4,2,5529,completed,5469944
4,2,5530,completed,5470820
4,2,5531,completed,5461319
4,2,5532,completed,5452403
4,2,5533,completed,5936943
4,2,5534,completed,5946276
4,2,5535,completed,5950110
4,2,5536,completed,5954026
4,2,5537,completed,6427775
4,2,5538,completed,6437067
4,2,5539,completed,6439400
4,2,5540,completed,6440858
4,2,5541,completed,5988818
4,2,5542,completed,5983818
4,2,5543,completed,5978318
4,2,5544,completed,5972360
4,2,5545,completed,6114901
4,2,5546,completed,6145026
4,2,5547,completed,6173776
4,2,5548,completed,6176610
4,2,5549,completed,5915235
4,2,5550,completed,5915901
4,2,5551,completed,5882610
4,2,5552,completed,5887152
4,2,5553,completed,5947651
4,2,5554,completed,5952276
4,2,5555,completed,5947443
4,2,5556,completed,5942193
4,2,5557,completed,6117984
4,2,5558,completed,6135609
4,2,5559,completed,6146610
4,2,5560,completed,6157526
4,2,5561,completed,5887360
4,2,5562,completed,5892693
4,2,5563,completed,5891985
4,2,5564,completed,5892693
4,2,5565,completed,5699610
4,2,5566,completed,5692402
4,2,5567,completed,5681444
4,2,5568,completed,5670986
4,2,5569,completed,6313275
4,2,5570,completed,6325317
4,2,5571,completed,6326900
4,2,5572,completed,6329068
4,2,5573,completed,5914026
4,2,5574,completed,5932943
4,2,5575,completed,5944527
4,2,5576,completed,5955401
4,2,5577,completed,5963235
4,2,5578,completed,5965568
4,2,5579,completed,5965193
4,2,5580,completed,5964901
4,2,5581,completed,6092693
4,2,5582,completed,6088567
4,2,5583,completed,6078818
4,2,5584,completed,6055276
4,2,5585,completed,5942068
4,2,5586,completed,5962193
4,2,5587,completed,5969068
4,2,5588,completed,5975860
4,2,5589,completed,5923901
4,2,5590,completed,5933235
4,2,5591,completed,5934194
4,2,5592,completed,5933902
4,2,5593,completed,5849485
4,2,5594,completed,5847485
4,2,5595,completed,5841360
4,2,5596,completed,5835235
4,2,5597,completed,6143359
4,2,5598,completed,6148151
4,2,5599,completed,6148609
4,2,5600,completed,6149651
4,2,5601,completed,5946235
4,2,5602,completed,5956568
4,2,5603,completed,5958152
4,2,5604,completed,5958610
4,2,5605,completed,5984109
4,2,5606,completed,5985318
4,2,5607,completed,5991151
4,2,5608,completed,5996234
4,2,5609,completed,6013026
4,2,5610,completed,6009276
4,2,5611,completed,6004985
4,2,5612,completed,6000026
4,2,5613,completed,5977693
4,2,5614,completed,6007151
4,2,5615,completed,6016026
4,2,5616,completed,6022152
4,2,5617,completed,5979318
4,2,5618,completed,5986818
4,2,5619,completed,5989985
4,2,5620,completed,5995068
4,2,5621,completed,6019110
4,2,5622,completed,6026610
4,2,5623,completed,6021360
4,2,5624,completed,6016318
4,2,5625,completed,5979277
4,2,5626,completed,5982693
4,2,5627,completed,5977401
4,2,5628,completed,5972943
4,2,5629,completed,5941193
4,2,5630,completed,5955360
4,2,5631,completed,5957026
4,2,5632,completed,5956860
4,2,5633,completed,6077317
4,2,5634,completed,6078109
4,2,5635,completed,6079151
4,2,5636,completed,6079776
4,2,5637,completed,5887985
4,2,5638,completed,5876110
4,2,5639,completed,5876193
4,2,5640,completed,5876735
4,2,5641,completed,5995610
4,2,5642,completed,6007942
4,2,5643,completed,6015360
4,2,5644,completed,6021735
4,2,5645,completed,5988818
4,2,5646,completed,5995652
4,2,5647,completed,5993693
4,2,5648,completed,5992109
4,2,5649,completed,5846985
4,2,5650,completed,5864360
4,2,5651,completed,5861735
4,2,5652,completed,5859027
4,2,5653,completed,6090276
4,2,5654,completed,6107651
4,2,5655,completed,6114610
4,2,5656,completed,6120901
4,2,5657,completed,6142859
4,2,5658,completed,6158026
4,2,5659,completed,6157234
4,2,5660,completed,6155276
4,2,5661,completed,6237443
4,2,5662,completed,6233984
4,2,5663,completed,6229651
4,2,5664,completed,6226609
4,2,5665,completed,5602319
4,2,5666,completed,5602527
4,2,5667,completed,5608194
4,2,5668,completed,5611444
4,2,5669,completed,5966485
4,2,5670,completed,5985484
4,2,5671,completed,5976277
4,2,5672,completed,5983777
4,2,5673,completed,5962027
4,2,5674,completed,5973318
4,2,5675,completed,5976402
4,2,5676,completed,5980735
4,2,5677,completed,6009484
4,2,5678,completed,5999568
4,2,5679,completed,5989651
4,2,5680,completed,5979693
4,2,5681,completed,5979984
4,2,5682,completed,6000527
4,2,5683,completed,6001859
4,2,5684,completed,6002609
4,2,5685,completed,5699152
4,2,5686,completed,5698777
4,2,5687,completed,5702818
4,2,5688,completed,5706860
4,2,5689,completed,6204567
4,2,5690,completed,6213360
4,2,5691,completed,6213443
4,2,5692,completed,6214193
4,2,5693,completed,5655902
4,2,5694,completed,5655569
4,2,5695,completed,5651568
4,2,5696,completed,5646777
4,2,5697,completed,5870110
4,2,5698,completed,5865360
4,2,5699,completed,5865277
4,2,5700,completed,5865443
4,2,5701,completed,5989193
4,2,5702,completed,6014860
4,2,5703,completed,6020360
4,2,5704,completed,6025818
4,2,5705,completed,6504150
4,2,5706,completed,6519816
4,2,5707,completed,6516191
4,2,5708,completed,6511317
4,2,5709,completed,5734694
4,2,5710,completed,5732777
4,2,5711,completed,5738194
4,2,5712,completed,5743486
4,2,5713,completed,6265318
4,2,5714,completed,6270692
4,2,5715,completed,6267442
4,2,5716,completed,6264275
4,2,5717,completed,5932443
4,2,5718,completed,5928901
4,2,5719,completed,5928985
4,2,5720,completed,5929568
4,2,5721,completed,5972151
4,2,5722,completed,5974151
4,2,5723,completed,5974359
4,2,5724,completed,5974360
4,2,5725,completed,6002818
4,2,5726,completed,6005693
4,2,5727,completed,6006401
4,2,5728,completed,6008026
4,2,5729,completed,5944693
4,2,5730,completed,5968443
4,2,5731,completed,5973109
4,2,5732,completed,5978027
4,2,5733,completed,6122484
4,2,5734,completed,6143943
4,2,5735,completed,6150818
4,2,5736,completed,6158401
4,2,5737,completed,6119443
4,2,5738,completed,6118484
4,2,5739,completed,6107734
4,2,5740,completed,6097734
4,2,5741,completed,5820527
4,2,5742,completed,5757735
4,2,5743,completed,5692736
4,2,5744,completed,5676736
4,2,5745,completed,5938818
4,2,5746,completed,5946068
4,2,5747,completed,5945109
4,2,5748,completed,5943902
4,2,5749,completed,5988360
4,2,5750,completed,5997734
4,2,5751,completed,5993568
4,2,5752,completed,5989776
4,2,5753,completed,5882027
4,2,5754,completed,5874360
4,2,5755,completed,5877568
4,2,5756,completed,5881526
4,2,5757,completed,5998360
4,2,5758,completed,6002110
4,2,5759,completed,5999276
4,2,5760,completed,5996401
4,2,5761,completed,5958318
4,2,5762,completed,5959568
4,2,5763,completed,5960568
4,2,5764,completed,5961485
4,2,5765,completed,5972693
4,2,5766,completed,5972027
4,2,5767,completed,5971818
4,2,5768,completed,5971526
4,2,5769,completed,5985985
4,2,5770,completed,5990359
4,2,5771,completed,5991401
4,2,5772,completed,5992901
4,2,5773,completed,5994902
4,2,5774,completed,5999527
4,2,5775,completed,6000276
4,2,5776,completed,6001110
4,2,5777,completed,6052568
4,2,5778,completed,6058609
4,2,5779,completed,6058609
4,2,5780,completed,6059026
4,2,5781,completed,5931444
4,2,5782,completed,5933943
4,2,5783,completed,5934485
4,2,5784,completed,5935193
4,2,5785,completed,5433070
4,2,5786,completed,5428903
4,2,5787,completed,5434111
4,2,5788,completed,5438944
4,2,5789,completed,6780441
4,2,5790,completed,6782275
4,2,5791,completed,6777482
4,2,5792,completed,6773066
4,2,5793,completed,5725986
4,2,5794,completed,5730944
4,2,5795,completed,5737401
4,2,5796,completed,5743818
4,2,5797,completed,5975818
4,2,5798,completed,5973235
4,2,5799,completed,5967652
4,2,5800,completed,5962152
4,2,5801,completed,6000693
4,2,5802,completed,6029943
4,2,5803,completed,6037276
4,2,5804,completed,6043234
4,2,5805,completed,5956193
4,2,5806,completed,5962776
4,2,5807,completed,5963443
4,2,5808,completed,5963485
4,2,5809,completed,6007693
4,2,5810,completed,6003110
4,2,5811,completed,5998318
4,2,5812,completed,5993151
4,2,5813,completed,5996485
4,2,5814,completed,6012943
4,2,5815,completed,6024401
4,2,5816,completed,6035818
4,2,5817,completed,5592860
4,2,5818,completed,5600194
4,2,5819,completed,5600361
4,2,5820,completed,5600236
4,2,5821,completed,6335608
4,2,5822,completed,6327608
4,2,5823,completed,6317358
4,2,5824,completed,6306984
4,2,5825,completed,5517361
4,2,5826,completed,5523527
4,2,5827,completed,5525319
4,2,5828,completed,5526444
4,2,5829,completed,5902152
4,2,5830,completed,5910818
4,2,5831,completed,5912027
4,2,5832,completed,5911901
4,2,5833,completed,6498316
4,2,5834,completed,6502066
4,2,5835,completed,6497400
4,2,5836,completed,6491942
4,2,5837,completed,5995777
4,2,5838,completed,5999693
4,2,5839,completed,6001902
4,2,5840,completed,6002651
4,2,5841,completed,5968527
4,2,5842,completed,5973610
4,2,5843,completed,5973652
4,2,5844,completed,5973402
4,2,5845,completed,6043776
4,2,5846,completed,6059985
4,2,5847,completed,6065610
4,2,5848,completed,6070818
4,2,5849,completed,5706069
4,2,5850,completed,5708068
4,2,5851,completed,5704610
4,2,5852,completed,5700652
4,2,5853,completed,6220359
4,2,5854,completed,6216984
4,2,5855,completed,6211026
4,2,5856,completed,6205609
4,2,5857,completed,6187401
4,2,5858,completed,6216484
4,2,5859,completed,6230775
4,2,5860,completed,6242442
4,2,5861,completed,5904484
4,2,5862,completed,5888818
4,2,5863,completed,5877485
4,2,5864,completed,5867694
4,2,5865,completed,6016734
4,2,5866,completed,6019276
4,2,5867,completed,6019818
4,2,5868,completed,6020277
4,2,5869,completed,5901151
4,2,5870,completed,5914360
4,2,5871,completed,5919984
4,2,5872,completed,5925818
4,2,5873,completed,5914235
4,2,5874,completed,5921277
4,2,5875,completed,5922569
4,2,5876,completed,5922318
4,2,5877,completed,5906818
4,2,5878,completed,5908360
4,2,5879,completed,5903818
4,2,5880,completed,5898735
4,2,5881,completed,6156984
4,2,5882,completed,6162360
4,2,5883,completed,6167942
4,2,5884,completed,6173776
4,2,5885,completed,5473986
4,2,5886,completed,5478694
4,2,5887,completed,5478070
4,2,5888,completed,5476319
4,2,5889,completed,6445900
4,2,5890,completed,6451275
4,2,5891,completed,6447108
4,2,5892,completed,6441817
4,2,5893,completed,5975318
4,2,5894,completed,5977485
4,2,5895,completed,5978735
4,2,5896,completed,5979943
4,2,5897,completed,5906819
4,2,5898,completed,5919652
4,2,5899,completed,5925027
4,2,5900,completed,5930943
4,2,5901,completed,6109484
4,2,5902,completed,6112318
4,2,5903,completed,6107443
4,2,5904,completed,6103401
4,2,5905,completed,5963026
4,2,5906,completed,5961069
4,2,5907,completed,5962318
4,2,5908,completed,5963652
4,2,5909,completed,5754235
4,2,5910,completed,5742902
4,2,5911,completed,5747693
4,2,5912,completed,5752818
4,2,5913,completed,6142318
4,2,5914,completed,6138234
4,2,5915,completed,6133401
4,2,5916,completed,6128193
4,2,5917,completed,6011152
4,2,5918,completed,6027110
4,2,5919,completed,6038026
4,2,5920,completed,6049442
4,2,5921,completed,5994610
4,2,5922,completed,5986693
4,2,5923,completed,5976276
4,2,5924,completed,5965276
4,2,5925,completed,5998985
4,2,5926,completed,6003484
4,2,5927,completed,6005526
4,2,5928,completed,6007193
4,2,5929,completed,5529570
4,2,5930,completed,5547902
4,2,5931,completed,5558819
4,2,5932,completed,5568194
4,2,5933,completed,6364442
4,2,5934,completed,6353192
4,2,5935,completed,6343401
4,2,5936,completed,6332859
4,2,5937,completed,6040692
4,2,5938,completed,6053859
4,2,5939,completed,6061651
4,2,5940,completed,6068235
4,2,5941,completed,5990318
4,2,5942,completed,5994734
4,2,5943,completed,5995734
4,2,5944,completed,5997109
4,2,5945,completed,6046026
4,2,5946,completed,6061234
4,2,5947,completed,6055484
4,2,5948,completed,6048693
4,2,5949,completed,5941360
4,2,5950,completed,5933193
4,2,5951,completed,5938360
4,2,5952,completed,5944860
4,2,5953,completed,5981026
4,2,5954,completed,5991985
4,2,5955,completed,5997067
4,2,5956,completed,6002235
4,2,5957,completed,5995610
4,2,5958,completed,5999276
4,2,5959,completed,5998818
4,2,5960,completed,5998860
4,2,5961,completed,5979235
4,2,5962,completed,5984985
4,2,5963,completed,5977401
4,2,5964,completed,5968151
4,2,5965,completed,6038985
4,2,5966,completed,6020235
4,2,5967,completed,6020359
4,2,5968,completed,6020693
4,2,5969,completed,5964485
4,2,5970,completed,5992651
4,2,5971,completed,6004151
4,2,5972,completed,6014443
4,2,5973,completed,5964443
4,2,5974,completed,5957401
4,2,5975,completed,5947943
4,2,5976,completed,5938693
4,2,5977,completed,5441986
4,2,5978,completed,5456653
4,2,5979,completed,5465778
4,2,5980,completed,5473736
4,2,5981,completed,6608775
4,2,5982,completed,6615858
4,2,5983,completed,6614692
4,2,5984,completed,6613567
4,2,5985,completed,5662902
4,2,5986,completed,5659486
4,2,5987,completed,5652277
4,2,5988,completed,5646027
4,2,5989,completed,6184442
4,2,5990,completed,6193151
4,2,5991,completed,6203859
4,2,5992,completed,6214192
4,2,5993,completed,5841610
4,2,5994,completed,5834110
4,2,5995,completed,5824735
4,2,5996,completed,5814860
4,2,5997,completed,6163068
4,2,5998,completed,6158360
4,2,5999,completed,6158693
4,2,6000,completed,6158734
4,2,6001,completed,5993568
4,2,6002,completed,6013443
4,2,6003,completed,6022401
4,2,6004,completed,6030485
4,2,6005,completed,6007026
4,2,6006,completed,6003651
4,2,6007,completed,5996026
4,2,6008,completed,5988401
4,2,6009,completed,5481569
4,2,6010,completed,5467153
4,2,6011,completed,5467819
4,2,6012,completed,5468194
4,2,6013,completed,6455567
4,2,6014,completed,6463483
4,2,6015,completed,6464942
4,2,6016,completed,6466108
4,2,6017,completed,5974360
4,2,6018,completed,5986152
4,2,6019,completed,5987818
4,2,6020,completed,5987985
4,2,6021,completed,5473986
4,2,6022,completed,5479777
4,2,6023,completed,5491986
4,2,6024,completed,5502694
4,2,6025,completed,6646691
4,2,6026,completed,6636483
4,2,6027,completed,6625942
4,2,6028,completed,6616192
4,2,6029,completed,5841444
4,2,6030,completed,5844735
4,2,6031,completed,5845902
4,2,6032,completed,5846694
4,2,6033,completed,5985360
4,2,6034,completed,5997360
4,2,6035,completed,6004401
4,2,6036,completed,6010484
4,2,6037,completed,5995901
4,2,6038,completed,6010527
4,2,6039,completed,6006068
4,2,6040,completed,5999652
4,2,6041,completed,5973318
4,2,6042,completed,5973484
4,2,6043,completed,5984401
4,2,6044,completed,5995568
4,2,6045,completed,6003693
4,2,6046,completed,5997943
4,2,6047,completed,5988318
4,2,6048,completed,5978443
4,2,6049,completed,5982734
4,2,6050,completed,5984734
4,2,6051,completed,5985693
4,2,6052,completed,5986026
4,2,6053,completed,5716569
4,2,6054,completed,5728735
4,2,6055,completed,5737068
4,2,6056,completed,5744652
4,2,6057,completed,6234859
4,2,6058,completed,6254193
4,2,6059,completed,6249442
4,2,6060,completed,6243192
4,2,6061,completed,5696860
4,2,6062,completed,5690444
4,2,6063,completed,5696319
4,2,6064,completed,5701652
4,2,6065,completed,6389942
4,2,6066,completed,6386359
4,2,6067,completed,6381359
4,2,6068,completed,6375817
4,2,6069,completed,5903110
4,2,6070,completed,5924859
4,2,6071,completed,5936860
4,2,6072,completed,5947402
4,2,6073,completed,5958109
4,2,6074,completed,5950610
4,2,6075,completed,5941068
4,2,6076,completed,5931984
4,2,6077,completed,6007485
4,2,6078,completed,6011818
4,2,6079,completed,6012818
4,2,6080,completed,6013318
4,2,6081,completed,5959610
4,2,6082,completed,5981984
4,2,6083,completed,5993527
4,2,6084,completed,6004818
4,2,6085,completed,5377861
4,2,6086,completed,5380737
4,2,6087,completed,5371695
4,2,6088,completed,5361278
4,2,6089,completed,6522858
4,2,6090,completed,6520317
4,2,6091,completed,6530775
4,2,6092,completed,6541816
4,2,6093,completed,6056484
4,2,6094,completed,6051235
4,2,6095,completed,6041735
4,2,6096,completed,6031943
4,2,6097,completed,5929402
4,2,6098,completed,5937068
4,2,6099,completed,5942443
4,2,6100,completed,5946484
4,2,6101,completed,6014110
4,2,6102,completed,6022110
4,2,6103,completed,6024276
4,2,6104,completed,6027901
4,2,6105,completed,5452486
4,2,6106,completed,5465445
4,2,6107,completed,5469444
4,2,6108,completed,5472944
4,2,6109,completed,6495567
4,2,6110,completed,6486275
4,2,6111,completed,6475025
4,2,6112,completed,6465525
4,2,6113,completed,6031068
4,2,6114,completed,6058026
4,2,6115,completed,6060901
4,2,6116,completed,6062110
4,2,6117,completed,5983693
4,2,6118,completed,5977152
4,2,6119,completed,5987818
4,2,6120,completed,5998318
4,2,6121,completed,5923485
4,2,6122,completed,5916360
4,2,6123,completed,5909235
4,2,6124,completed,5920026
4,2,6125,completed,6034901
4,2,6126,completed,6048068
4,2,6127,completed,6054276
4,2,6128,completed,6034734
4,2,6129,completed,5971318
4,2,6130,completed,5971902
4,2,6131,completed,5968776
4,2,6132,completed,5965526
4,2,6133,completed,5897735
4,2,6134,completed,5903194
4,2,6135,completed,5903694
4,2,6136,completed,5903235
4,2,6137,completed,6104734
4,2,6138,completed,6112526
4,2,6139,completed,6111109
4,2,6140,completed,6110609
4,2,6141,completed,6016901
4,2,6142,completed,6030068
4,2,6143,completed,6033401
4,2,6144,completed,6037610
4,2,6145,completed,5397195
4,2,6146,completed,5401403
4,2,6147,completed,5399278
4,2,6148,completed,5395653
4,2,6149,completed,6518233
4,2,6150,completed,6524608
4,2,6151,completed,6518108
4,2,6152,completed,6511734
4,2,6153,completed,5563819
4,2,6154,completed,5559861
4,2,6155,completed,5567153
4,2,6156,completed,5575028
4,2,6157,completed,6092818
4,2,6158,completed,6095609
4,2,6159,completed,6088568
4,2,6160,completed,6083276
4,2,6161,completed,6409567
4,2,6162,completed,6412609
4,2,6163,completed,6412776
4,2,6164,completed,6413025
4,2,6165,completed,5912943
4,2,6166,completed,5922443
4,2,6167,completed,5933360
4,2,6168,completed,5944401
4,2,6169,completed,5963693
4,2,6170,completed,5955693
4,2,6171,completed,5946152
4,2,6172,completed,5936360
4,2,6173,completed,5984860
4,2,6174,completed,5988859
4,2,6175,completed,5989693
4,2,6176,completed,5990735
4,2,6177,completed,5428486
4,2,6178,completed,5442070
4,2,6179,completed,5449361
4,2,6180,completed,5455277
4,2,6181,completed,6527275
4,2,6182,completed,6539609
4,2,6183,completed,6539817
4,2,6184,completed,6539442
4,2,6185,completed,5433069
4,2,6186,completed,5439569
4,2,6187,completed,5441986
4,2,6188,completed,5444153
4,2,6189,completed,6547025
4,2,6190,completed,6556108
4,2,6191,completed,6557775
4,2,6192,completed,6561900
4,2,6193,completed,5973984
4,2,6194,completed,5975693
4,2,6195,completed,5970776
4,2,6196,completed,5965693
4,2,6197,completed,5990527
4,2,6198,completed,5997860
4,2,6199,completed,6000235
4,2,6200,completed,6002151
4,2,6201,completed,6002151
4,2,6202,completed,5997943
4,2,6203,completed,5990526
4,2,6204,completed,5982860
4,2,6205,completed,5993110
4,2,6206,completed,6011110
4,2,6207,completed,6022693
4,2,6208,completed,6033859
4,2,6209,completed,5974485
4,2,6210,completed,5965610
4,2,6211,completed,5956235
4,2,6212,completed,5947110
4,2,6213,completed,5658777
4,2,6214,completed,5661652
4,2,6215,completed,5662527
4,2,6216,completed,5663318
4,2,6217,completed,6051110
4,2,6218,completed,6055526
4,2,6219,completed,6056151
4,2,6220,completed,6056693
4,2,6221,completed,6334401
4,2,6222,completed,6338609
4,2,6223,completed,6339401
4,2,6224,completed,6339817
4,2,6225,completed,5929360
4,2,6226,completed,5933859
4,2,6227,completed,5934985
4,2,6228,completed,5936193
4,2,6229,completed,6058484
4,2,6230,completed,6074652
4,2,6231,completed,6076651
4,2,6232,completed,6077068
4,2,6233,completed,5913152
4,2,6234,completed,5907693
4,2,6235,completed,5915360
4,2,6236,completed,5922776
4,2,6237,completed,5776652
4,2,6238,completed,5784860
4,2,6239,completed,5784110
4,2,6240,completed,5782985
4,2,6241,completed,6142859
4,2,6242,completed,6152443
4,2,6243,completed,6154234
4,2,6244,completed,6155776
4,2,6245,completed,5883360
4,2,6246,completed,5888360
4,2,6247,completed,5881485
4,2,6248,completed,5873943
4,2,6249,completed,6097985
4,2,6250,completed,6104526
4,2,6251,completed,6111485
4,2,6252,completed,6117984
4,2,6253,completed,5575069
4,2,6254,completed,5581027
4,2,6255,completed,5586110
4,2,6256,completed,5591027
4,2,6257,completed,6363026
4,2,6258,completed,6353942
4,2,6259,completed,6344484
4,2,6260,completed,6334901
4,2,6261,completed,6117026
4,2,6262,completed,6138901
4,2,6263,completed,6150776
4,2,6264,completed,6161692
4,2,6265,completed,5399736
4,2,6266,completed,5389236
4,2,6267,completed,5379403
4,2,6268,completed,5369111
4,2,6269,completed,5961443
4,2,6270,completed,5991776
4,2,6271,completed,5995652
4,2,6272,completed,5996527
4,2,6273,completed,5960402
4,2,6274,completed,5955735
4,2,6275,completed,5967484
4,2,6276,completed,5979193
4,2,6277,completed,6445608
4,2,6278,completed,6439192
4,2,6279,completed,6430608
4,2,6280,completed,6423734
4,2,6281,completed,6096942
4,2,6282,completed,6099651
4,2,6283,completed,6097067
4,2,6284,completed,6094859
4,2,6285,completed,5933318
4,2,6286,completed,5945735
4,2,6287,completed,5954485
4,2,6288,completed,5961943
4,2,6289,completed,5993943
4,2,6290,completed,6000193
4,2,6291,completed,6000359
4,2,6292,completed,6000693
4,2,6293,completed,6002651
4,2,6294,completed,5998276
4,2,6295,completed,5991151
4,2,6296,completed,5983859
4,2,6297,completed,5960568
4,2,6298,completed,5977068
4,2,6299,completed,5988110
4,2,6300,completed,5999068
4,2,6301,completed,6023235
4,2,6302,completed,6014817
4,2,6303,completed,6005193
4,2,6304,completed,5994859
4,2,6305,completed,5994318
4,2,6306,completed,6017443
4,2,6307,completed,6024818
4,2,6308,completed,6030985
4,2,6309,completed,5998859
4,2,6310,completed,5996235
4,2,6311,completed,5991235
4,2,6312,completed,5986693
4,2,6313,completed,6025401
4,2,6314,completed,6055734
4,2,6315,completed,6065984
4,2,6316,completed,6074818
4,2,6317,completed,5926610
4,2,6318,completed,5922444
4,2,6319,completed,5914860
4,2,6320,completed,5907193
4,2,6321,completed,5954860
4,2,6322,completed,5963901
4,2,6323,completed,5969984
4,2,6324,completed,5974027
4,2,6325,completed,6015985
4,2,6326,completed,6031442
4,2,6327,completed,6027567
4,2,6328,completed,6024151
4,2,6329,completed,5924860
4,2,6330,completed,5950819
4,2,6331,completed,5961069
4,2,6332,completed,5970735
4,2,6333,completed,5995027
4,2,6334,completed,6011068
4,2,6335,completed,6006443
4,2,6336,completed,6001401
4,2,6337,completed,6120484
4,2,6338,completed,6140235
4,2,6339,completed,6147734
4,2,6340,completed,6153943
4,2,6341,completed,5829694
4,2,6342,completed,5817443
4,2,6343,completed,5807069
4,2,6344,completed,5796860
4,2,6345,completed,6154526
4,2,6346,completed,6191484
4,2,6347,completed,6196693
4,2,6348,completed,6201776
4,2,6349,completed,5829360
4,2,6350,completed,5828776
4,2,6351,completed,5824527
4,2,6352,completed,5820151
4,2,6353,completed,5946110
4,2,6354,completed,5947234
4,2,6355,completed,5953776
4,2,6356,completed,5960860
4,2,6357,completed,6031318
4,2,6358,completed,6034693
4,2,6359,completed,6028527
4,2,6360,completed,6022360
4,2,6361,completed,5905485
4,2,6362,completed,5896027
4,2,6363,completed,5902068
4,2,6364,completed,5907943
4,2,6365,completed,5999984
4,2,6366,completed,6000152
4,2,6367,completed,6018485
4,2,6368,completed,6012901
4,2,6369,completed,5971443
4,2,6370,completed,6000818
4,2,6371,completed,6013235
4,2,6372,completed,6024651
4,2,6373,completed,5940693
4,2,6374,completed,5941277
4,2,6375,completed,5936610
4,2,6376,completed,5930819
4,2,6377,completed,5790110
4,2,6378,completed,5791276
4,2,6379,completed,5789735
4,2,6380,completed,5787860
4,2,6381,completed,6164776
4,2,6382,completed,6170943
4,2,6383,completed,6170776
4,2,6384,completed,6170817
4,2,6385,completed,5913693
4,2,6386,completed,5921193
4,2,6387,completed,5921984
4,2,6388,completed,5921693
4,2,6389,completed,6197193
4,2,6390,completed,6202776
4,2,6391,completed,6198985
4,2,6392,completed,6195443
4,2,6393,completed,5335028
4,2,6394,completed,5326028
4,2,6395,completed,5326862
4,2,6396,completed,5327778
4,2,6397,completed,6412817
4,2,6398,completed,6418359
4,2,6399,completed,6419317
4,2,6400,completed,6418983
4,2,6401,completed,6143360
4,2,6402,completed,6139360
4,2,6403,completed,6140234
4,2,6404,completed,6140776
4,2,6405,completed,5938943
4,2,6406,completed,5946985
4,2,6407,completed,5947693
4,2,6408,completed,5948152
4,2,6409,completed,5919193
4,2,6410,completed,5915402
4,2,6411,completed,5920151
4,2,6412,completed,5924860
4,2,6413,completed,6169193
4,2,6414,completed,6169984
4,2,6415,completed,6166526
4,2,6416,completed,6163485
4,2,6417,completed,5864902
4,2,6418,completed,5867402
4,2,6419,completed,5868610
4,2,6420,completed,5869485
4,2,6421,completed,5956943
4,2,6422,completed,5965901
4,2,6423,completed,5969651
4,2,6424,completed,5973276
4,2,6425,completed,6014817
4,2,6426,completed,6016734
4,2,6427,completed,6014192
4,2,6428,completed,6010818
4,2,6429,completed,5612152
4,2,6430,completed,5613069
4,2,6431,completed,5613152
4,2,6432,completed,5613235
4,2,6433,completed,6257276
4,2,6434,completed,6264193
4,2,6435,completed,6264693
4,2,6436,completed,6265150
4,2,6437,completed,6064859
4,2,6438,completed,6078068
4,2,6439,completed,6079026
4,2,6440,completed,6079526
4,2,6441,completed,5970110
4,2,6442,completed,5965652
4,2,6443,completed,5969985
4,2,6444,completed,5974401
4,2,6445,completed,5775194
4,2,6446,completed,5777193
4,2,6447,completed,5773027
4,2,6448,completed,5768152
4,2,6449,completed,6216775
4,2,6450,completed,6214901
4,2,6451,completed,6215359
4,2,6452,completed,6215734
4,2,6453,completed,5975777
4,2,6454,completed,5987193
4,2,6455,completed,5993360
4,2,6456,completed,5998818
4,2,6457,completed,5627111
4,2,6458,completed,5634319
4,2,6459,completed,5629861
4,2,6460,completed,5625402
4,2,6461,completed,6337901
4,2,6462,completed,6356400
4,2,6463,completed,6368442
4,2,6464,completed,6378858
4,2,6465,completed,6011859
4,2,6466,completed,6003526
4,2,6467,completed,5992902
4,2,6468,completed,5982734
4,2,6469,completed,5986318
4,2,6470,completed,6009485
4,2,6471,completed,6020360
4,2,6472,completed,6032277
4,2,6473,completed,5836444
4,2,6474,completed,5828027
4,2,6475,completed,5816568
4,2,6476,completed,5805776
4,2,6477,completed,6114901
4,2,6478,completed,6117817
4,2,6479,completed,6118234
4,2,6480,completed,6118859
4,2,6481,completed,5709818
4,2,6482,completed,5713569
4,2,6483,completed,5714361
4,2,6484,completed,5715027
4,2,6485,completed,6232067
4,2,6486,completed,6238817
4,2,6487,completed,6239484
4,2,6488,completed,6239692
4,2,6489,completed,6155109
4,2,6490,completed,6156359
4,2,6491,completed,6157318
4,2,6492,completed,6157609
4,2,6493,completed,5869360
4,2,6494,completed,5884360
4,2,6495,completed,5891443
4,2,6496,completed,5897652
4,2,6497,completed,5967402
4,2,6498,completed,5974151
4,2,6499,completed,5974985
4,2,6500,completed,5974943
4,2,6501,completed,6001484
4,2,6502,completed,6001901
4,2,6503,completed,5995985
4,2,6504,completed,5990568
4,2,6505,completed,5955443
4,2,6506,completed,5955610
4,2,6507,completed,5956485
4,2,6508,completed,5957027
4,2,6509,completed,5738361
4,2,6510,completed,5749944
4,2,6511,completed,5756152
4,2,6512,completed,5760194
4,2,6513,completed,5928277
4,2,6514,completed,5953943
4,2,6515,completed,5948068
4,2,6516,completed,5959568
4,2,6517,completed,6304525
4,2,6518,completed,6293776
4,2,6519,completed,6284234
4,2,6520,completed,6273984
4,2,6521,completed,5979277
4,2,6522,completed,5970901
4,2,6523,completed,5975651
4,2,6524,completed,5980901
4,2,6525,completed,6007360
4,2,6526,completed,6010484
4,2,6527,completed,6006401
4,2,6528,completed,6002984
4,2,6529,completed,5936776
4,2,6530,completed,5947235
4,2,6531,completed,5953818
4,2,6532,completed,5959985
4,2,6533,completed,5998110
4,2,6534,completed,6008902
4,2,6535,completed,6013818
4,2,6536,completed,6018360
4,2,6537,completed,6026734
4,2,6538,completed,6019609
4,2,6539,completed,6010192
4,2,6540,completed,6000652
4,2,6541,completed,5953735
4,2,6542,completed,5936735
4,2,6543,completed,5936152
4,2,6544,completed,5936068
4,2,6545,completed,6078526
4,2,6546,completed,6089110
4,2,6547,completed,6089859
4,2,6548,completed,6090984
4,2,6549,completed,5902609
4,2,6550,completed,5917818
4,2,6551,completed,5923985
4,2,6552,completed,5930234
4,2,6553,completed,5966526
4,2,6554,completed,5965068
4,2,6555,completed,5960152
4,2,6556,completed,5955110
4,2,6557,completed,6022610
4,2,6558,completed,6035485
4,2,6559,completed,6036359
4,2,6560,completed,6037693
4,2,6561,completed,5938068
4,2,6562,completed,5955860
4,2,6563,completed,5956651
4,2,6564,completed,5957568
4,2,6565,completed,5986234
4,2,6566,completed,5987276
4,2,6567,completed,5994568
4,2,6568,completed,6001109
4,2,6569,completed,6033276
4,2,6570,completed,6041401
4,2,6571,completed,6041985
4,2,6572,completed,6041442
4,2,6573,completed,5909860
4,2,6574,completed,5911860
4,2,6575,completed,5909985
4,2,6576,completed,5908652
4,2,6577,completed,5974568
4,2,6578,completed,5971776
4,2,6579,completed,5968027
4,2,6580,completed,5964193
4,2,6581,completed,5758068
4,2,6582,completed,5760027
4,2,6583,completed,5760235
4,2,6584,completed,5760610
4,2,6585,completed,6252067
4,2,6586,completed,6254609
4,2,6587,completed,6255984
4,2,6588,completed,6257359
4,2,6589,completed,6015568
4,2,6590,completed,6020026
4,2,6591,completed,6020318
4,2,6592,completed,6020693
4,2,6593,completed,5989776
4,2,6594,completed,5995276
4,2,6595,completed,5995984
4,2,6596,completed,5996943
4,2,6597,completed,5948901
4,2,6598,completed,5964859
4,2,6599,completed,5976277
4,2,6600,completed,5987401
4,2,6601,completed,5956568
4,2,6602,completed,5948651
4,2,6603,completed,5939360
4,2,6604,completed,5929776
4,2,6605,completed,6030276
4,2,6606,completed,6035318
4,2,6607,completed,6036276
4,2,6608,completed,6037484
4,2,6609,completed,5971359
4,2,6610,completed,5985526
4,2,6611,completed,5994943
4,2,6612,completed,6005901
4,2,6613,completed,6047318
4,2,6614,completed,6046776
4,2,6615,completed,6036693
4,2,6616,completed,6027485
4,2,6617,completed,5920360
4,2,6618,completed,5914985
4,2,6619,completed,5915609
4,2,6620,completed,5916651
4,2,6621,completed,5982651
4,2,6622,completed,5998776
4,2,6623,completed,6009901
4,2,6624,completed,6020235
4,2,6625,completed,6145901
4,2,6626,completed,6140401
4,2,6627,completed,6130735
4,2,6628,completed,6121734
4,2,6629,completed,5911027
4,2,6630,completed,5927402
4,2,6631,completed,5936235
4,2,6632,completed,5945318
4,2,6633,completed,6065443
4,2,6634,completed,6071860
4,2,6635,completed,6063984
4,2,6636,completed,6054943
4,2,6637,completed,5860985
4,2,6638,completed,5856152
4,2,6639,completed,5857819
4,2,6640,completed,5859735
4,2,6641,completed,5941443
4,2,6642,completed,5940526
4,2,6643,completed,5940235
4,2,6644,completed,5939985
4,2,6645,completed,5801444
4,2,6646,completed,5816860
4,2,6647,completed,5838901
4,2,6648,completed,5849194
4,2,6649,completed,6127443
4,2,6650,completed,6130568
4,2,6651,completed,6113985
4,2,6652,completed,6111942
4,2,6653,completed,5998235
4,2,6654,completed,6013568
4,2,6655,completed,6017401
4,2,6656,completed,6022276
4,2,6657,completed,5973359
4,2,6658,completed,5976444
4,2,6659,completed,5975235
4,2,6660,completed,5976068
4,2,6661,completed,6006484
4,2,6662,completed,6000735
4,2,6663,completed,5991610
4,2,6664,completed,5982068
4,2,6665,completed,5972568
4,2,6666,completed,5973735
4,2,6667,completed,5973484
4,2,6668,completed,5973276
4,2,6669,completed,6001818
4,2,6670,completed,6032235
4,2,6671,completed,6043984
4,2,6672,completed,6056360
4,2,6673,completed,5987777
4,2,6674,completed,5996943
4,2,6675,completed,5994734
4,2,6676,completed,5992360
4,2,6677,completed,5703819
4,2,6678,completed,5707902
4,2,6679,completed,5708985
4,2,6680,completed,5708152
4,2,6681,completed,6348233
4,2,6682,completed,6341567
4,2,6683,completed,6332484
4,2,6684,completed,6323234
4,2,6685,completed,5373444
4,2,6686,completed,5375820
4,2,6687,completed,5376778
4,2,6688,completed,5377611
4,2,6689,completed,6462859
4,2,6690,completed,6481233
4,2,6691,completed,6492483
4,2,6692,completed,6502941
4,2,6693,completed,6045734
4,2,6694,completed,6038234
4,2,6695,completed,6027776
4,2,6696,completed,6017568
4,2,6697,completed,5953985
4,2,6698,completed,5958318
4,2,6699,completed,5959985
4,2,6700,completed,5961360
4,2,6701,completed,6442317
4,2,6702,completed,6467317
4,2,6703,completed,6474984
4,2,6704,completed,6484650
4,2,6705,completed,8488645
4,2,6706,completed,8494978
4,2,6707,completed,8485311
4,2,6708,completed,8477270
4,2,6709,completed,6999857
4,2,6710,completed,7017857
4,2,6711,completed,7027940
4,2,6712,completed,7037565
4,2,6713,completed,5992610
4,2,6714,completed,5988068
4,2,6715,completed,5979068
4,2,6716,completed,5970318
4,2,6717,completed,5967776
4,2,6718,completed,5972443
4,2,6719,completed,5974234
4,2,6720,completed,5975610
4,2,6721,completed,6012193
4,2,6722,completed,6019610
4,2,6723,completed,6020443
4,2,6724,completed,6021277
4,2,6725,completed,5945402
4,2,6726,completed,5951943
4,2,6727,completed,5964610
4,2,6728,completed,5976693
4,2,6729,completed,5966943
4,2,6730,completed,5970277
4,2,6731,completed,5959444
4,2,6732,completed,5948360
4,2,6733,completed,5866651
4,2,6734,completed,5886193
4,2,6735,completed,5896776
4,2,6736,completed,5907860
4,2,6737,completed,6097109
4,2,6738,completed,6106193
4,2,6739,completed,6122651
4,2,6740,completed,6124359
4,2,6741,completed,5988110
4,2,6742,completed,6004485
4,2,6743,completed,5980777
4,2,6744,completed,5982985
4,2,6745,completed,5967652
4,2,6746,completed,5963568
4,2,6747,completed,5955735
4,2,6748,completed,5947984
4,2,6749,completed,5959776
4,2,6750,completed,5970943
4,2,6751,completed,5978609
4,2,6752,completed,5986610
4,2,6753,completed,6008234
4,2,6754,completed,6007485
4,2,6755,completed,6000485
4,2,6756,completed,5992985
4,2,6757,completed,5961360
4,2,6758,completed,5969276
4,2,6759,completed,5970235
4,2,6760,completed,5971068
4,2,6761,completed,5996193
4,2,6762,completed,6001193
4,2,6763,completed,6002276
4,2,6764,completed,6003276
4,2,6765,completed,5953318
4,2,6766,completed,5963318
4,2,6767,completed,5968068
4,2,6768,completed,5973151
4,2,6769,completed,5994859
4,2,6770,completed,5996443
4,2,6771,completed,5992485
4,2,6772,completed,5988693
4,2,6773,completed,5722152
4,2,6774,completed,5735235
4,2,6775,completed,5737694
4,2,6776,completed,5738610
4,2,6777,completed,5986401
4,2,6778,completed,5982609
4,2,6779,completed,5983860
4,2,6780,completed,5985110
4,2,6781,completed,5753610
4,2,6782,completed,5785110
4,2,6783,completed,5798027
4,2,6784,completed,5808110
4,2,6785,completed,6216984
4,2,6786,completed,6215901
4,2,6787,completed,6210984
4,2,6788,completed,6206317
4,2,6789,completed,6180068
4,2,6790,completed,6181234
4,2,6791,completed,6176317
4,2,6792,completed,6172567
4,2,6793,completed,5996734
4,2,6794,completed,5997776
4,2,6795,completed,5999151
4,2,6796,completed,5999860
4,2,6797,completed,6012109
4,2,6798,completed,6005193
4,2,6799,completed,6005776
4,2,6800,completed,6006526
4,2,6801,completed,6000277
4,2,6802,completed,6022901
4,2,6803,completed,6025818
4,2,6804,completed,6027068
4,2,6805,completed,5945901
4,2,6806,completed,5941068
4,2,6807,completed,5942360
4,2,6808,completed,5942735
4,2,6809,completed,5993235
4,2,6810,completed,5990277
4,2,6811,completed,5992026
4,2,6812,completed,5993776
4,2,6813,completed,6024318
4,2,6814,completed,6048151
4,2,6815,completed,6049401
4,2,6816,completed,6050401
4,2,6817,completed,5919235
4,2,6818,completed,5911402
4,2,6819,completed,5915901
4,2,6820,completed,5919985
4,2,6821,completed,6018109
4,2,6822,completed,6040735
4,2,6823,completed,6045234
4,2,6824,completed,6052193
4,2,6825,completed,6001610
4,2,6826,completed,6010943
4,2,6827,completed,6002527
4,2,6828,completed,5992318
4,2,6829,completed,5484861
4,2,6830,completed,5489736
4,2,6831,completed,5499152
4,2,6832,completed,5508194
4,2,6833,completed,6434691
4,2,6834,completed,6457608
4,2,6835,completed,6455025
4,2,6836,completed,6449817
4,2,6837,completed,6146360
4,2,6838,completed,6160942
4,2,6839,completed,6162067
4,2,6840,completed,6162942
4,2,6841,completed,5849194
4,2,6842,completed,5859193
4,2,6843,completed,5859859
4,2,6844,completed,5861026
4,2,6845,completed,5976609
4,2,6846,completed,5982235
4,2,6847,completed,5977735
4,2,6848,completed,5973985
4,2,6849,completed,5924902
4,2,6850,completed,5935819
4,2,6851,completed,5937360
4,2,6852,completed,5937193
4,2,6853,completed,5980110
4,2,6854,completed,5975776
4,2,6855,completed,5981026
4,2,6856,completed,5986110
4,2,6857,completed,5993235
4,2,6858,completed,6003193
4,2,6859,completed,6004901
4,2,6860,completed,6005526
4,2,6861,completed,5967776
4,2,6862,completed,5970901
4,2,6863,completed,5966485
4,2,6864,completed,5961319
4,2,6865,completed,5900401
4,2,6866,completed,5911485
4,2,6867,completed,5913693
4,2,6868,completed,5915818
4,2,6869,completed,6293900
4,2,6870,completed,6303984
4,2,6871,completed,6304859
4,2,6872,completed,6306068
4,2,6873,completed,5793318
4,2,6874,completed,5807902
4,2,6875,completed,5813902
4,2,6876,completed,5819360
4,2,6877,completed,5963693
4,2,6878,completed,5974359
4,2,6879,completed,5980276
4,2,6880,completed,5986151
4,2,6881,completed,5984443
4,2,6882,completed,5992277
4,2,6883,completed,5991818
4,2,6884,completed,5991652
4,2,6885,completed,5979318
4,2,6886,completed,5970693
4,2,6887,completed,5960235
4,2,6888,completed,5950318
4,2,6889,completed,6003277
4,2,6890,completed,6026860
4,2,6891,completed,6038359
4,2,6892,completed,6049734
4,2,6893,completed,5950902
4,2,6894,completed,5953276
4,2,6895,completed,5950944
4,2,6896,completed,5946360
4,2,6897,completed,5972652
4,2,6898,completed,5978110
4,2,6899,completed,5976776
4,2,6900,completed,5975693
4,2,6901,completed,6143900
4,2,6902,completed,6149942
4,2,6903,completed,6151609
4,2,6904,completed,6152401
4,2,6905,completed,5870901
4,2,6906,completed,5870902
4,2,6907,completed,5865610
4,2,6908,completed,5860193
4,2,6909,completed,5999318
4,2,6910,completed,5999609
4,2,6911,completed,6000234
4,2,6912,completed,6007318
4,2,6913,completed,5936568
4,2,6914,completed,5951110
4,2,6915,completed,5957526
4,2,6916,completed,5964193
4,2,6917,completed,6004193
4,2,6918,completed,6005359
4,2,6919,completed,5999776
4,2,6920,completed,5994985
4,2,6921,completed,5956276
4,2,6922,completed,5966360
4,2,6923,completed,5967609
4,2,6924,completed,5968693
4,2,6925,completed,6015776
4,2,6926,completed,6021609
4,2,6927,completed,6023568
4,2,6928,completed,6025152
4,2,6929,completed,5956401
4,2,6930,completed,5958860
4,2,6931,completed,5959069
4,2,6932,completed,5959194
4,2,6933,completed,5978527
4,2,6934,completed,5980652
4,2,6935,completed,5982151
4,2,6936,completed,5983818
4,2,6937,completed,6005776
4,2,6938,completed,6025901
4,2,6939,completed,6036359
4,2,6940,completed,6047901
4,2,6941,completed,6037068
4,2,6942,completed,6045860
4,2,6943,completed,6039318
4,2,6944,completed,6033110
4,2,6945,completed,5918235
4,2,6946,completed,5930401
4,2,6947,completed,5936235
4,2,6948,completed,5943235
4,2,6949,completed,5929985
4,2,6950,completed,5927193
4,2,6951,completed,5920443
4,2,6952,completed,5912984
4,2,6953,completed,6157318
4,2,6954,completed,6161818
4,2,6955,completed,6159151
4,2,6956,completed,6155735
4,2,6957,completed,5855985
4,2,6958,completed,5867610
4,2,6959,completed,5874735
4,2,6960,completed,5882277
4,2,6961,completed,5974818
4,2,6962,completed,5970443
4,2,6963,completed,5963568
4,2,6964,completed,5956943
4,2,6965,completed,6020818
4,2,6966,completed,6049109
4,2,6967,completed,6058859
4,2,6968,completed,6069651
4,2,6969,completed,5989110
4,2,6970,completed,5996818
4,2,6971,completed,5992443
4,2,6972,completed,5995318
4,2,6973,completed,6044443
4,2,6974,completed,6055943
4,2,6975,completed,6032818
4,2,6976,completed,6036943
4,2,6977,completed,5974610
4,2,6978,completed,5981193
4,2,6979,completed,5978318
4,2,6980,completed,5975734
4,2,6981,completed,5712152
4,2,6982,completed,5728693
4,2,6983,completed,5731652
4,2,6984,completed,5732693
4,2,6985,completed,6160234
4,2,6986,completed,6151609
4,2,6987,completed,6159109
4,2,6988,completed,6166568
4,2,6989,completed,5981651
4,2,6990,completed,5992735
4,2,6991,completed,5991193
4,2,6992,completed,5989276
4,2,6993,completed,5936985
4,2,6994,completed,5952443
4,2,6995,completed,5953110
4,2,6996,completed,5953360
4,2,6997,completed,6166109
4,2,6998,completed,6166735
4,2,6999,completed,6163693
4,2,7000,completed,6152609
4,2,7001,completed,5647610
4,2,7002,completed,5648986
4,2,7003,completed,5649860
4,2,7004,completed,5650444
4,2,7005,completed,6159568
4,2,7006,completed,6190735
4,2,7007,completed,6203359
4,2,7008,completed,6215318
4,2,7009,completed,5962027
4,2,7010,completed,5961360
4,2,7011,completed,5959277
4,2,7012,completed,5958110
4,2,7013,completed,6035526
4,2,7014,completed,6041735
4,2,7015,completed,6037235
4,2,7016,completed,6033735
4,2,7017,completed,5940360
4,2,7018,completed,5948818
4,2,7019,completed,5953277
4,2,7020,completed,5957609
4,2,7021,completed,5992276
4,2,7022,completed,6002235
4,2,7023,completed,6002360
4,2,7024,completed,6003027
4,2,7025,completed,6004901
4,2,7026,completed,6013984
4,2,7027,completed,6008318
4,2,7028,completed,6002818
4,2,7029,completed,5993318
4,2,7030,completed,5993151
4,2,7031,completed,5988859
4,2,7032,completed,5984776
4,2,7033,completed,5549236
4,2,7034,completed,5555402
4,2,7035,completed,5565319
4,2,7036,completed,5575194
4,2,7037,completed,6361817
4,2,7038,completed,6359442
4,2,7039,completed,6350609
4,2,7040,completed,6341859
4,2,7041,completed,6016734
4,2,7042,completed,6037110
4,2,7043,completed,6049193
4,2,7044,completed,6060318
4,2,7045,completed,6000901
4,2,7046,completed,5993692
4,2,7047,completed,5984026
4,2,7048,completed,5974068
4,2,7049,completed,6062818
4,2,7050,completed,6075068
4,2,7051,completed,6081234
4,2,7052,completed,6086235
4,2,7053,completed,5465403
4,2,7054,completed,5466944
4,2,7055,completed,5462486
4,2,7056,completed,5458528
4,2,7057,completed,6393859
4,2,7058,completed,6398567
4,2,7059,completed,6405359
4,2,7060,completed,6412359
4,2,7061,completed,5948360
4,2,7062,completed,5956068
4,2,7063,completed,5950484
4,2,7064,completed,5945068
4,2,7065,completed,6021651
4,2,7066,completed,6025151
4,2,7067,completed,6030943
4,2,7068,completed,6035693
4,2,7069,completed,5779527
4,2,7070,completed,5789193
4,2,7071,completed,5786652
4,2,7072,completed,5782694
4,2,7073,completed,5946985
4,2,7074,completed,5935402
4,2,7075,completed,5935693
4,2,7076,completed,5936402
4,2,7077,completed,6210442
4,2,7078,completed,6240109
4,2,7079,completed,6252734
4,2,7080,completed,6264443
4,2,7081,completed,6006068
4,2,7082,completed,5997234
4,2,7083,completed,5987735
4,2,7084,completed,5978068
4,2,7085,completed,5987610
4,2,7086,completed,5990526
4,2,7087,completed,5990943
4,2,7088,completed,5991234
4,2,7089,completed,5983527
4,2,7090,completed,5992026
4,2,7091,completed,6003276
4,2,7092,completed,6013901
4,2,7093,completed,5928027
4,2,7094,completed,5926485
4,2,7095,completed,5916860
4,2,7096,completed,5906318
4,2,7097,completed,6155359
4,2,7098,completed,6153692
4,2,7099,completed,6154275
4,2,7100,completed,6155193
4,2,7101,completed,5880485
4,2,7102,completed,5888443
4,2,7103,completed,5895985
4,2,7104,completed,5901985
4,2,7105,completed,5778027
4,2,7106,completed,5785526
4,2,7107,completed,5784568
4,2,7108,completed,5782860
4,2,7109,completed,5626860
4,2,7110,completed,5637069
4,2,7111,completed,5637069
4,2,7112,completed,5636944
4,2,7113,completed,6524525
4,2,7114,completed,6535733
4,2,7115,completed,6537441
4,2,7116,completed,6538692
4,2,7117,completed,5950652
4,2,7118,completed,5955443
4,2,7119,completed,5955568
4,2,7120,completed,5954359
4,2,7121,completed,5533986
4,2,7122,completed,5537361
4,2,7123,completed,5533861
4,2,7124,completed,5530736
4,2,7125,completed,6522400
4,2,7126,completed,6537066
4,2,7127,completed,6549359
4,2,7128,completed,6560691
4,2,7129,completed,5963151
4,2,7130,completed,5965443
4,2,7131,completed,5958984
4,2,7132,completed,5951984
4,2,7133,completed,6087109
4,2,7134,completed,6094442
4,2,7135,completed,6091443
4,2,7136,completed,6088734
4,2,7137,completed,5862235
4,2,7138,completed,5867360
4,2,7139,completed,5868152
4,2,7140,completed,5868818
4,2,7141,completed,5983110
4,2,7142,completed,6000735
4,2,7143,completed,6012693
4,2,7144,completed,6037193
4,2,7145,completed,5950401
4,2,7146,completed,5940734
4,2,7147,completed,5918151
4,2,7148,completed,5906944
4,2,7149,completed,5423944
4,2,7150,completed,5422777
4,2,7151,completed,5423153
4,2,7152,completed,5423444
4,2,7153,completed,6610483
4,2,7154,completed,6620899
4,2,7155,completed,6622692
4,2,7156,completed,6624567
4,2,7157,completed,5932610
4,2,7158,completed,5935360
4,2,7159,completed,5935943
4,2,7160,completed,5936652
4,2,7161,completed,5678068
4,2,7162,completed,5692527
4,2,7163,completed,5698111
4,2,7164,completed,5704111
4,2,7165,completed,6255234
4,2,7166,completed,6254859
4,2,7167,completed,6249484
4,2,7168,completed,6244651
4,2,7169,completed,6120651
4,2,7170,completed,6127568
4,2,7171,completed,6130193
4,2,7172,completed,6132276
4,2,7173,completed,5896944
4,2,7174,completed,5900818
4,2,7175,completed,5902152
4,2,7176,completed,5903277
4,2,7177,completed,6012693
4,2,7178,completed,6018526
4,2,7179,completed,6019318
4,2,7180,completed,6020193
4,2,7181,completed,5960735
4,2,7182,completed,5967151
4,2,7183,completed,5968485
4,2,7184,completed,5970235
4,2,7185,completed,5769443
4,2,7186,completed,5811027
4,2,7187,completed,5822860
4,2,7188,completed,5834235
4,2,7189,completed,6162860
4,2,7190,completed,6154609
4,2,7191,completed,6143276
4,2,7192,completed,6131943
4,2,7193,completed,5936735
4,2,7194,completed,5952193
4,2,7195,completed,5957777
4,2,7196,completed,5962819
4,2,7197,completed,5977151
4,2,7198,completed,5979984
4,2,7199,completed,5976485
4,2,7200,completed,5973068
4,2,7201,completed,5966776
4,2,7202,completed,5968485
4,2,7203,completed,5969110
4,2,7204,completed,5969901
4,2,7205,completed,5951943
4,2,7206,completed,5970193
4,2,7207,completed,5975526
4,2,7208,completed,5979943
4,2,7209,completed,5989152
4,2,7210,completed,5985818
4,2,7211,completed,5982027
4,2,7212,completed,5978401
4,2,7213,completed,5985902
4,2,7214,completed,5998401
4,2,7215,completed,6004567
4,2,7216,completed,6010943
4,2,7217,completed,6121442
4,2,7218,completed,6127234
4,2,7219,completed,6121985
4,2,7220,completed,6117526
4,2,7221,completed,5852152
4,2,7222,completed,5861027
4,2,7223,completed,5863069
4,2,7224,completed,5863776
4,2,7225,completed,6001193
4,2,7226,completed,5989610
4,2,7227,completed,5990193
4,2,7228,completed,5990901
4,2,7229,completed,5991401
4,2,7230,completed,6010527
4,2,7231,completed,6017360
4,2,7232,completed,6022859
4,2,7233,completed,5981693
4,2,7234,completed,5984360
4,2,7235,completed,5980443
4,2,7236,completed,5976443
4,2,7237,completed,5936401
4,2,7238,completed,5942734
4,2,7239,completed,5943651
4,2,7240,completed,5944318
4,2,7241,completed,6085985
4,2,7242,completed,6094485
4,2,7243,completed,6095276
4,2,7244,completed,6096110
4,2,7245,completed,5903235
4,2,7246,completed,5906151
4,2,7247,completed,5906693
4,2,7248,completed,5907859
4,2,7249,completed,6009401
4,2,7250,completed,6019485
4,2,7251,completed,6024359
4,2,7252,completed,6028443
4,2,7253,completed,6022026
4,2,7254,completed,6024568
4,2,7255,completed,6021235
4,2,7256,completed,6018110
4,2,7257,completed,6025942
4,2,7258,completed,6016985
4,2,7259,completed,6017943
4,2,7260,completed,6018692
4,2,7261,completed,5665736
4,2,7262,completed,5675736
4,2,7263,completed,5681277
4,2,7264,completed,5685861
4,2,7265,completed,6379734
4,2,7266,completed,6394817
4,2,7267,completed,6391733
4,2,7268,completed,6388400
4,2,7269,completed,5800235
4,2,7270,completed,5801527
4,2,7271,completed,5807693
4,2,7272,completed,5813152
4,2,7273,completed,5993860
4,2,7274,completed,5991693
4,2,7275,completed,5986693
4,2,7276,completed,5981902
4,2,7277,completed,6123109
4,2,7278,completed,6142401
4,2,7279,completed,6154442
4,2,7280,completed,6166525
4,2,7281,completed,5887193
4,2,7282,completed,5880485
4,2,7283,completed,5869735
4,2,7284,completed,5859735
4,2,7285,completed,6065359
4,2,7286,completed,6063984
4,2,7287,completed,6064985
4,2,7288,completed,6066235
4,2,7289,completed,5681278
4,2,7290,completed,5706319
4,2,7291,completed,5708068
4,2,7292,completed,5709444
4,2,7293,completed,6084651
4,2,7294,completed,6116610
4,2,7295,completed,6124610
4,2,7296,completed,6130901
4,2,7297,completed,5972443
4,2,7298,completed,5967402
4,2,7299,completed,5962401
4,2,7300,completed,5956734
4,2,7301,completed,6021609
4,2,7302,completed,6028568
4,2,7303,completed,6029734
4,2,7304,completed,6030651
4,2,7305,completed,6688441
4,2,7306,completed,6693649
4,2,7307,completed,6694857
4,2,7308,completed,6696024
4,2,7309,completed,5357611
4,2,7310,completed,5383403
4,2,7311,completed,5392820
4,2,7312,completed,5401570
4,2,7313,completed,5840318
4,2,7314,completed,5845068
4,2,7315,completed,5842235
4,2,7316,completed,5839610
4,2,7317,completed,5974902
4,2,7318,completed,5985693
4,2,7319,completed,5982901
4,2,7320,completed,5979235
4,2,7321,completed,6063234
4,2,7322,completed,6063693
4,2,7323,completed,6069985
4,2,7324,completed,6077360
4,2,7325,completed,5921777
4,2,7326,completed,5935818
4,2,7327,completed,5940568
4,2,7328,completed,5943110
4,2,7329,completed,6017693
4,2,7330,completed,6012193
4,2,7331,completed,6002193
4,2,7332,completed,5992901
4,2,7333,completed,5960443
4,2,7334,completed,5994610
4,2,7335,completed,6008402
4,2,7336,completed,6020110
4,2,7337,completed,5949151
4,2,7338,completed,5958568
4,2,7339,completed,5959901
4,2,7340,completed,5960776
4,2,7341,completed,6045984
4,2,7342,completed,6039610
4,2,7343,completed,6028735
4,2,7344,completed,6017568
4,2,7345,completed,5957819
4,2,7346,completed,5964860
4,2,7347,completed,5976193
4,2,7348,completed,5987318
4,2,7349,completed,5910527
4,2,7350,completed,5908360
4,2,7351,completed,5902319
4,2,7352,completed,5895194
4,2,7353,completed,6112817
4,2,7354,completed,6117859
4,2,7355,completed,6114942
4,2,7356,completed,6112359
4,2,7357,completed,5909360
4,2,7358,completed,5909027
4,2,7359,completed,5910193
4,2,7360,completed,5911276
4,2,7361,completed,5841068
4,2,7362,completed,5832693
4,2,7363,completed,5833693
4,2,7364,completed,5834318
4,2,7365,completed,6106860
4,2,7366,completed,6112901
4,2,7367,completed,6114235
4,2,7368,completed,6115234
4,2,7369,completed,5953110
4,2,7370,completed,5967193
4,2,7371,completed,5973609
4,2,7372,completed,5980693
4,2,7373,completed,5740610
4,2,7374,completed,5745152
4,2,7375,completed,5739777
4,2,7376,completed,5733444
4,2,7377,completed,5897443
4,2,7378,completed,5904151
4,2,7379,completed,5910485
4,2,7380,completed,5916569
4,2,7381,completed,6313817
4,2,7382,completed,6313067
4,2,7383,completed,6309151
4,2,7384,completed,6304817
4,2,7385,completed,5997277
4,2,7386,completed,5998818
4,2,7387,completed,5999027
4,2,7388,completed,5999443
4,2,7389,completed,5804735
4,2,7390,completed,5814735
4,2,7391,completed,5815985
4,2,7392,completed,5817527
4,2,7393,completed,6234859
4,2,7394,completed,6244359
4,2,7395,completed,6252484
4,2,7396,completed,6259567
4,2,7397,completed,5533986
4,2,7398,completed,5527319
4,2,7399,completed,5520319
4,2,7400,completed,5514153
4,2,7401,completed,6350942
4,2,7402,completed,6370817
4,2,7403,completed,6374442
4,2,7404,completed,6375442
4,2,7405,completed,5970027
4,2,7406,completed,5968568
4,2,7407,completed,5974318
4,2,7408,completed,5979984
4,2,7409,completed,6029943
4,2,7410,completed,6029901
4,2,7411,completed,6024735
4,2,7412,completed,6018859
4,2,7413,completed,5439111
4,2,7414,completed,5439111
4,2,7415,completed,5439944
4,2,7416,completed,5441486
4,2,7417,completed,6449692
4,2,7418,completed,6458692
4,2,7419,completed,6460691
4,2,7420,completed,6462608
4,2,7421,completed,6039318
4,2,7422,completed,6048068
4,2,7423,completed,6049443
4,2,7424,completed,6050734
4,2,7425,completed,5979068
4,2,7426,completed,5995818
4,2,7427,completed,6001901
4,2,7428,completed,6008276
4,2,7429,completed,6004485
4,2,7430,completed,6006360
4,2,7431,completed,6001401
4,2,7432,completed,5996776
4,2,7433,completed,6069860
4,2,7434,completed,6096443
4,2,7435,completed,6108151
4,2,7436,completed,6120026
4,2,7437,completed,5850152
4,2,7438,completed,5856443
4,2,7439,completed,5856402
4,2,7440,completed,5856485
4,2,7441,completed,5988360
4,2,7442,completed,5991568
4,2,7443,completed,5988026
4,2,7444,completed,5984193
4,2,7445,completed,6030943
4,2,7446,completed,6036193
4,2,7447,completed,6030735
4,2,7448,completed,6024026
4,2,7449,completed,5903193
4,2,7450,completed,5921234
4,2,7451,completed,5922985
4,2,7452,completed,5923568
4,2,7453,completed,6022776
4,2,7454,completed,6029485
4,2,7455,completed,6037443
4,2,7456,completed,6045943
4,2,7457,completed,5964526
4,2,7458,completed,5973651
4,2,7459,completed,5972110
4,2,7460,completed,5970485
4,2,7461,completed,6014568
4,2,7462,completed,6019193
4,2,7463,completed,6014276
4,2,7464,completed,6008902
4,2,7465,completed,5994859
4,2,7466,completed,5999234
4,2,7467,completed,6000402
4,2,7468,completed,6001651
4,2,7469,completed,5904776
4,2,7470,completed,5917985
4,2,7471,completed,5928360
4,2,7472,completed,5938694
4,2,7473,completed,6016901
4,2,7474,completed,6024068
4,2,7475,completed,6020484
4,2,7476,completed,6016943
4,2,7477,completed,5814319
4,2,7478,completed,5840944
4,2,7479,completed,5842568
4,2,7480,completed,5842485
4,2,7481,completed,6122734
4,2,7482,completed,6140401
4,2,7483,completed,6145818
4,2,7484,completed,6149901
4,2,7485,completed,5983193
4,2,7486,completed,5984026
4,2,7487,completed,5978318
4,2,7488,completed,5973026
4,2,7489,completed,5552736
4,2,7490,completed,5573486
4,2,7491,completed,5580777
4,2,7492,completed,5576777
4,2,7493,completed,6098860
4,2,7494,completed,6090109
4,2,7495,completed,6092068
4,2,7496,completed,6093026
4,2,7497,completed,6223609
4,2,7498,completed,6221109
4,2,7499,completed,6226484
4,2,7500,completed,6231942
4,2,7501,completed,6100235
4,2,7502,completed,6102068
4,2,7503,completed,6097443
4,2,7504,completed,6092859
4,2,7505,completed,5982735
4,2,7506,completed,5973068
4,2,7507,completed,5973818
4,2,7508,completed,5974443
4,2,7509,completed,5955193
4,2,7510,completed,5970568
4,2,7511,completed,5982026
4,2,7512,completed,5993443
4,2,7513,completed,5992859
4,2,7514,completed,5990276
4,2,7515,completed,5980901
4,2,7516,completed,5971443
4,2,7517,completed,5919735
4,2,7518,completed,5939026
4,2,7519,completed,5941860
4,2,7520,completed,5942693
4,2,7521,completed,6061609
4,2,7522,completed,6062943
4,2,7523,completed,6070693
4,2,7524,completed,6079110
4,2,7525,completed,5928068
4,2,7526,completed,5945401
4,2,7527,completed,5939610
4,2,7528,completed,5932484
4,2,7529,completed,5976276
4,2,7530,completed,5953693
4,2,7531,completed,5953734
4,2,7532,completed,5954652
4,2,7533,completed,5978526
4,2,7534,completed,5988068
4,2,7535,completed,5989193
4,2,7536,completed,5990693
4,2,7537,completed,5958193
4,2,7538,completed,5978902
4,2,7539,completed,5989777
4,2,7540,completed,6001109
4,2,7541,completed,5993568
4,2,7542,completed,5997110
4,2,7543,completed,5991401
4,2,7544,completed,5986526
4,2,7545,completed,5978818
4,2,7546,completed,5992693
4,2,7547,completed,5993485
4,2,7548,completed,5992859
4,2,7549,completed,5453028
4,2,7550,completed,5466486
4,2,7551,completed,5468819
4,2,7552,completed,5469777
4,2,7553,completed,6428734
4,2,7554,completed,6430275
4,2,7555,completed,6424317
4,2,7556,completed,6418233
4,2,7557,completed,6097193
4,2,7558,completed,6101193
4,2,7559,completed,6107651
4,2,7560,completed,6113859
4,2,7561,completed,5950693
4,2,7562,completed,5961485
4,2,7563,completed,5962610
4,2,7564,completed,5963359
4,2,7565,completed,5997609
4,2,7566,completed,6008818
4,2,7567,completed,6004027
4,2,7568,completed,5998360
4,2,7569,completed,5974401
4,2,7570,completed,5974318
4,2,7571,completed,5980610
4,2,7572,completed,5987985
4,2,7573,completed,5928527
4,2,7574,completed,5925652
4,2,7575,completed,5919276
4,2,7576,completed,5913651
4,2,7577,completed,6073151
4,2,7578,completed,6085068
4,2,7579,completed,6087526
4,2,7580,completed,6089776
4,2,7581,completed,5833360
4,2,7582,completed,5855568
4,2,7583,completed,5867610
4,2,7584,completed,5878484
4,2,7585,completed,5849068
4,2,7586,completed,5839694
4,2,7587,completed,5829193
4,2,7588,completed,5818652
4,2,7589,completed,6232942
4,2,7590,completed,6240984
4,2,7591,completed,6243234
4,2,7592,completed,6245443
4,2,7593,completed,5969484
4,2,7594,completed,5972443
4,2,7595,completed,5973193
4,2,7596,completed,5973651
4,2,7597,completed,5944485
4,2,7598,completed,5933152
4,2,7599,completed,5927401
4,2,7600,completed,5923984
4,2,7601,completed,6014109
4,2,7602,completed,6012360
4,2,7603,completed,6007401
4,2,7604,completed,6002276
4,2,7605,completed,5963735
4,2,7606,completed,5978068
4,2,7607,completed,5984860
4,2,7608,completed,5991068
4,2,7609,completed,6038151
4,2,7610,completed,6039652
4,2,7611,completed,6034568
4,2,7612,completed,6038068
4,2,7613,completed,5829110
4,2,7614,completed,5863568
4,2,7615,completed,5868943
4,2,7616,completed,5874360
4,2,7617,completed,6165651
4,2,7618,completed,6187776
4,2,7619,completed,6189192
4,2,7620,completed,6189526
4,2,7621,completed,5607819
4,2,7622,completed,5620610
4,2,7623,completed,5615444
4,2,7624,completed,5610777
4,2,7625,completed,5852735
4,2,7626,completed,5870069
4,2,7627,completed,5879318
4,2,7628,completed,5886527
4,2,7629,completed,5912568
4,2,7630,completed,5919235
4,2,7631,completed,5914068
4,2,7632,completed,5907693
4,2,7633,completed,5889693
4,2,7634,completed,5899610
4,2,7635,completed,5911652
4,2,7636,completed,5922610
4,2,7637,completed,6501900
4,2,7638,completed,6508984
4,2,7639,completed,6508775
4,2,7640,completed,6508900
4,2,7641,completed,6038568
4,2,7642,completed,6050318
4,2,7643,completed,6047152
4,2,7644,completed,6043610
4,2,7645,completed,5963360
4,2,7646,completed,5981443
4,2,7647,completed,5986693
4,2,7648,completed,5992027
4,2,7649,completed,5955193
4,2,7650,completed,5945193
4,2,7651,completed,5933527
4,2,7652,completed,5923068
4,2,7653,completed,5930027
4,2,7654,completed,5952902
4,2,7655,completed,5971360
4,2,7656,completed,5978193
4,2,7657,completed,6042276
4,2,7658,completed,6038693
4,2,7659,completed,6038485
4,2,7660,completed,6039568
4,2,7661,completed,5982735
4,2,7662,completed,5991068
4,2,7663,completed,5990651
4,2,7664,completed,5988860
4,2,7665,completed,5518194
4,2,7666,completed,5528486
4,2,7667,completed,5526069
4,2,7668,completed,5521444
4,2,7669,completed,6537275
4,2,7670,completed,6527067
4,2,7671,completed,6527566
4,2,7672,completed,6528275
4,2,7673,completed,5948485
4,2,7674,completed,5949693
4,2,7675,completed,5949943
4,2,7676,completed,5950735
4,2,7677,completed,5768402
4,2,7678,completed,5790985
4,2,7679,completed,5793444
4,2,7680,completed,5795652
4,2,7681,completed,6154276
4,2,7682,completed,6179734
4,2,7683,completed,6191401
4,2,7684,completed,6202400
4,2,7685,completed,5979610
4,2,7686,completed,5971776
4,2,7687,completed,5960859
4,2,7688,completed,5950360
4,2,7689,completed,6027568
4,2,7690,completed,6051484
4,2,7691,completed,6062359
4,2,7692,completed,6074901
4,2,7693,completed,5922193
4,2,7694,completed,5941985
4,2,7695,completed,5936151
4,2,7696,completed,5929985
4,2,7697,completed,5958901
4,2,7698,completed,5961526
4,2,7699,completed,5961068
4,2,7700,completed,5959609
4,2,7701,completed,6087443
4,2,7702,completed,6098901
4,2,7703,completed,6101568
4,2,7704,completed,6103068
4,2,7705,completed,5846777
4,2,7706,completed,5856193
4,2,7707,completed,5855068
4,2,7708,completed,5854318
4,2,7709,completed,6044568
4,2,7710,completed,6056485
4,2,7711,completed,6053026
4,2,7712,completed,6048359
4,2,7713,completed,6043901
4,2,7714,completed,6054984
4,2,7715,completed,6060609
4,2,7716,completed,6066609
4,2,7717,completed,5719985
4,2,7718,completed,5718027
4,2,7719,completed,5712902
4,2,7720,completed,5706777
4,2,7721,completed,5904318
4,2,7722,completed,5907943
4,2,7723,completed,5913859
4,2,7724,completed,5920068
4,2,7725,completed,5917610
4,2,7726,completed,5920318
4,2,7727,completed,5915402
4,2,7728,completed,5911360
4,2,7729,completed,6333276
4,2,7730,completed,6330817
4,2,7731,completed,6331484
4,2,7732,completed,6332150
4,2,7733,completed,5960485
4,2,7734,completed,5970318
4,2,7735,completed,5975152
4,2,7736,completed,5980318
4,2,7737,completed,5981860
4,2,7738,completed,5996568
4,2,7739,completed,6003235
4,2,7740,completed,6008235
4,2,7741,completed,5960943
4,2,7742,completed,5957609
4,2,7743,completed,5951402
4,2,7744,completed,5944735
4,2,7745,completed,5995902
4,2,7746,completed,5994026
4,2,7747,completed,5990568
4,2,7748,completed,5987026
4,2,7749,completed,5992985
4,2,7750,completed,5995651
4,2,7751,completed,5995985
4,2,7752,completed,5996651
4,2,7753,completed,5739693
4,2,7754,completed,5747319
4,2,7755,completed,5748194
4,2,7756,completed,5748818
4,2,7757,completed,6212317
4,2,7758,completed,6229317
4,2,7759,completed,6236984
4,2,7760,completed,6243776
4,2,7761,completed,6001193
4,2,7762,completed,6004401
4,2,7763,completed,6002651
4,2,7764,completed,6000901
4,2,7765,completed,6007317
4,2,7766,completed,6005610
4,2,7767,completed,6001151
4,2,7768,completed,5997027
4,2,7769,completed,6036818
4,2,7770,completed,6041735
4,2,7771,completed,6042818
4,2,7772,completed,6043985
4,2,7773,completed,9326851
4,2,7774,completed,9355559
4,2,7775,completed,9356893
4,2,7776,completed,9357559
4,2,7777,completed,7187149
4,2,7778,completed,7167606
4,2,7779,completed,7168273
4,2,7780,completed,7168898
4,2,7781,completed,5929985
4,2,7782,completed,5939152
4,2,7783,completed,5940068
4,2,7784,completed,5941276
4,2,7785,completed,5968485
4,2,7786,completed,5985276
4,2,7787,completed,5986526
4,2,7788,completed,5987318
4,2,7789,completed,6013235
4,2,7790,completed,6017235
4,2,7791,completed,6021235
4,2,7792,completed,6025234
4,2,7793,completed,6002151
4,2,7794,completed,6002401
4,2,7795,completed,5998901
4,2,7796,completed,5995609
4,2,7797,completed,5919985
4,2,7798,completed,5919027
4,2,7799,completed,5916360
4,2,7800,completed,5913359
4,2,7801,completed,10572056
4,2,7802,completed,10574973
4,2,7803,completed,10572223
4,2,7804,completed,10569515
4,2,7805,completed,6920316
4,2,7806,completed,6902941
4,2,7807,completed,6906316
4,2,7808,completed,6909941
4,2,7809,completed,7729272
4,2,7810,completed,7741022
4,2,7811,completed,7740980
4,2,7812,completed,7740980
4,2,7813,completed,7302189
4,2,7814,completed,7302690
4,2,7815,completed,7299482
4,2,7816,completed,7296315
4,2,7817,completed,5959526
4,2,7818,completed,5975735
4,2,7819,completed,5980318
4,2,7820,completed,5984901
4,2,7821,completed,5988901
4,2,7822,completed,5989693
4,2,7823,completed,5986151
4,2,7824,completed,5982651
4,2,7825,completed,5855901
4,2,7826,completed,5867152
4,2,7827,completed,5868360
4,2,7828,completed,5869444
4,2,7829,completed,7202773
4,2,7830,completed,7212856
4,2,7831,completed,7213732
4,2,7832,completed,7214523
4,2,7833,completed,7658855
4,2,7834,completed,7677522
4,2,7835,completed,7683980
4,2,7836,completed,7688814
4,2,7837,completed,5970027
4,2,7838,completed,5972693
4,2,7839,completed,5969776
4,2,7840,completed,5967318
4,2,7841,completed,5899902
4,2,7842,completed,5903443
4,2,7843,completed,5903901
4,2,7844,completed,5904027
4,2,7845,completed,6212984
4,2,7846,completed,6227276
4,2,7847,completed,6231401
4,2,7848,completed,6235818
4,2,7849,completed,6011568
4,2,7850,completed,6027902
4,2,7851,completed,6029985
4,2,7852,completed,6031860
4,2,7853,completed,5446278
4,2,7854,completed,5449611
4,2,7855,completed,5444861
4,2,7856,completed,5440444
4,2,7857,completed,5944401
4,2,7858,completed,5949776
4,2,7859,completed,5950818
4,2,7860,completed,5951443
4,2,7861,completed,6533109
4,2,7862,completed,6535150
4,2,7863,completed,6535775
4,2,7864,completed,6536442
4,2,7865,completed,5915027
4,2,7866,completed,5921360
4,2,7867,completed,5922110
4,2,7868,completed,5922860
4,2,7869,completed,6033568
4,2,7870,completed,6039860
4,2,7871,completed,6040860
4,2,7872,completed,6041859
4,2,7873,completed,6061401
4,2,7874,completed,6070568
4,2,7875,completed,6071943
4,2,7876,completed,6073026
4,2,7877,completed,6061693
4,2,7878,completed,6074526
4,2,7879,completed,6076318
4,2,7880,completed,6078651
4,2,7881,completed,5796110
4,2,7882,completed,5794194
4,2,7883,completed,5795526
4,2,7884,completed,5796319
4,2,7885,completed,6001652
4,2,7886,completed,6014359
4,2,7887,completed,6019193
4,2,7888,completed,6023193
4,2,7889,completed,5946651
4,2,7890,completed,5961859
4,2,7891,completed,5969318
4,2,7892,completed,5975276
4,2,7893,completed,5987610
4,2,7894,completed,5988984
4,2,7895,completed,5984276
4,2,7896,completed,5978693
4,2,7897,completed,5550736
4,2,7898,completed,5556778
4,2,7899,completed,5555944
4,2,7900,completed,5554860
4,2,7901,completed,6404109
4,2,7902,completed,6402234
4,2,7903,completed,6399233
4,2,7904,completed,6396609
4,2,7905,completed,5474778
4,2,7906,completed,5482778
4,2,7907,completed,5487903
4,2,7908,completed,5492194
4,2,7909,completed,6309733
4,2,7910,completed,6312025
4,2,7911,completed,6308150
4,2,7912,completed,6304650
4,2,7913,completed,5787068
4,2,7914,completed,5784277
4,2,7915,completed,5788985
4,2,7916,completed,5793652
4,2,7917,completed,6358109
4,2,7918,completed,6368483
4,2,7919,completed,6368984
4,2,7920,completed,6369734
4,2,7921,completed,6029318
4,2,7922,completed,6037110
4,2,7923,completed,6037026
4,2,7924,completed,6036193
4,2,7925,completed,5992527
4,2,7926,completed,6002027
4,2,7927,completed,6007860
4,2,7928,completed,6013776
4,2,7929,completed,5672319
4,2,7930,completed,5665194
4,2,7931,completed,5656153
4,2,7932,completed,5647111
4,2,7933,completed,6276608
4,2,7934,completed,6288900
4,2,7935,completed,6299108
4,2,7936,completed,6309067
4,2,7937,completed,6028985
4,2,7938,completed,6036860
4,2,7939,completed,6038152
4,2,7940,completed,6038318
4,2,7941,completed,6006359
4,2,7942,completed,6001526
4,2,7943,completed,5991401
4,2,7944,completed,5981859
4,2,7945,completed,5993568
4,2,7946,completed,6002360
4,2,7947,completed,6004568
4,2,7948,completed,6006318
4,2,7949,completed,5932943
4,2,7950,completed,5955818
4,2,7951,completed,5963027
4,2,7952,completed,5970651
4,2,7953,completed,6112152
4,2,7954,completed,6126442
4,2,7955,completed,6120610
4,2,7956,completed,6113401
4,2,7957,completed,6019443
4,2,7958,completed,6025401
4,2,7959,completed,6027651
4,2,7960,completed,6029901
4,2,7961,completed,5912735
4,2,7962,completed,5931860
4,2,7963,completed,5939193
4,2,7964,completed,5945401
4,2,7965,completed,5942235
4,2,7966,completed,5940943
4,2,7967,completed,5935068
4,2,7968,completed,5930402
4,2,7969,completed,5978318
4,2,7970,completed,5986527
4,2,7971,completed,5987902
4,2,7972,completed,5989360
4,2,7973,completed,5967776
4,2,7974,completed,5985693
4,2,7975,completed,5992943
4,2,7976,completed,5999234
4,2,7977,completed,5952693
4,2,7978,completed,5946152
4,2,7979,completed,5939985
4,2,7980,completed,5934277
4,2,7981,completed,5974193
4,2,7982,completed,5985651
4,2,7983,completed,5987110
4,2,7984,completed,5988609
4,2,7985,completed,5972068
4,2,7986,completed,5974777
4,2,7987,completed,5975443
4,2,7988,completed,5976359
4,2,7989,completed,5995026
4,2,7990,completed,5998860
4,2,7991,completed,5999818
4,2,7992,completed,6000568
4,2,7993,completed,5820568
4,2,7994,completed,5826068
4,2,7995,completed,5828235
4,2,7996,completed,5829985
4,2,7997,completed,6108943
4,2,7998,completed,6111151
4,2,7999,completed,6111484
4,2,8000,completed,6111609
4,2,8001,completed,5959026
4,2,8002,completed,5956943
4,2,8003,completed,5957568
4,2,8004,completed,5958110
4,2,8005,completed,5450195
4,2,8006,completed,5454819
4,2,8007,completed,5455236
4,2,8008,completed,5455611
4,2,8009,completed,6581608
4,2,8010,completed,6589234
4,2,8011,completed,6589900
4,2,8012,completed,6590817
4,2,8013,completed,5936527
4,2,8014,completed,5928360
4,2,8015,completed,5929026
4,2,8016,completed,5929943
4,2,8017,completed,5980818
4,2,8018,completed,5993193
4,2,8019,completed,5994484
4,2,8020,completed,5994818
4,2,8021,completed,5969235
4,2,8022,completed,5978360
4,2,8023,completed,5979485
4,2,8024,completed,5980318
4,2,8025,completed,6009277
4,2,8026,completed,6017609
4,2,8027,completed,6020193
4,2,8028,completed,6021859
4,2,8029,completed,6001151
4,2,8030,completed,5984859
4,2,8031,completed,5985860
4,2,8032,completed,5987068
4,2,8033,completed,5970610
4,2,8034,completed,5987943
4,2,8035,completed,5999485
4,2,8036,completed,6009276
4,2,8037,completed,6024193
4,2,8038,completed,6028359
4,2,8039,completed,6022360
4,2,8040,completed,6018401
4,2,8041,completed,5928359
4,2,8042,completed,5926152
4,2,8043,completed,5921568
4,2,8044,completed,5917277
4,2,8045,completed,5994860
4,2,8046,completed,6003818
4,2,8047,completed,6015068
4,2,8048,completed,6025943
4,2,8049,completed,5965693
4,2,8050,completed,5975860
4,2,8051,completed,5967235
4,2,8052,completed,5957151
4,2,8053,completed,6031568
4,2,8054,completed,6020568
4,2,8055,completed,6021860
4,2,8056,completed,6023068
4,2,8057,completed,5939068
4,2,8058,completed,5951777
4,2,8059,completed,5958235
4,2,8060,completed,5964527
4,2,8061,completed,5954526
4,2,8062,completed,5956859
4,2,8063,completed,5954443
4,2,8064,completed,5951776
4,2,8065,completed,6050817
4,2,8066,completed,6053859
4,2,8067,completed,6050693
4,2,8068,completed,6047567
4,2,8069,completed,5585527
4,2,8070,completed,5597861
4,2,8071,completed,5605486
4,2,8072,completed,5612486
4,2,8073,completed,6330109
4,2,8074,completed,6337068
4,2,8075,completed,6340942
4,2,8076,completed,6345276
4,2,8077,completed,5970151
4,2,8078,completed,5965318
4,2,8079,completed,5960068
4,2,8080,completed,5953985
4,2,8081,completed,6038318
4,2,8082,completed,6052110
4,2,8083,completed,6058318
4,2,8084,completed,6064359
4,2,8085,completed,5990151
4,2,8086,completed,5983193
4,2,8087,completed,5972860
4,2,8088,completed,5962485
4,2,8089,completed,5992402
4,2,8090,completed,6001652
4,2,8091,completed,6004234
4,2,8092,completed,6006151
4,2,8093,completed,5969151
4,2,8094,completed,5970943
4,2,8095,completed,5972401
4,2,8096,completed,5974152
4,2,8097,completed,5999985
4,2,8098,completed,6004902
4,2,8099,completed,6005110
4,2,8100,completed,6005568
4,2,8101,completed,5956485
4,2,8102,completed,5958652
4,2,8103,completed,5960194
4,2,8104,completed,5961610
4,2,8105,completed,5945193
4,2,8106,completed,5950443
4,2,8107,completed,5954401
4,2,8108,completed,5958152
4,2,8109,completed,6098942
4,2,8110,completed,6103943
4,2,8111,completed,6100901
4,2,8112,completed,6097901
4,2,8113,completed,5906734
4,2,8114,completed,5914276
4,2,8115,completed,5921068
4,2,8116,completed,5927526
4,2,8117,completed,6008110
4,2,8118,completed,6017276
4,2,8119,completed,6012693
4,2,8120,completed,6007151
4,2,8121,completed,5954693
4,2,8122,completed,5955360
4,2,8123,completed,5960734
4,2,8124,completed,5966776
4,2,8125,completed,6023110
4,2,8126,completed,6037943
4,2,8127,completed,6042443
4,2,8128,completed,6048235
4,2,8129,completed,6002276
4,2,8130,completed,5996110
4,2,8131,completed,5985109
4,2,8132,completed,5974735
4,2,8133,completed,5986277
4,2,8134,completed,6010067
4,2,8135,completed,6013942
4,2,8136,completed,6015859
4,2,8137,completed,5958860
4,2,8138,completed,5958484
4,2,8139,completed,5970651
4,2,8140,completed,5982443
4,2,8141,completed,6010693
4,2,8142,completed,6002027
4,2,8143,completed,5990609
4,2,8144,completed,5979609
4,2,8145,completed,5976485
4,2,8146,completed,5981735
4,2,8147,completed,5983610
4,2,8148,completed,5985943
4,2,8149,completed,5909735
4,2,8150,completed,5921651
4,2,8151,completed,5927651
4,2,8152,completed,5932818
4,2,8153,completed,6083484
4,2,8154,completed,6085568
4,2,8155,completed,6080901
4,2,8156,completed,6075943
4,2,8157,completed,5692860
4,2,8158,completed,5699111
4,2,8159,completed,5701152
4,2,8160,completed,5703319
4,2,8161,completed,6149151
4,2,8162,completed,6155401
4,2,8163,completed,6156026
4,2,8164,completed,6156859
4,2,8165,completed,6018068
4,2,8166,completed,6035109
4,2,8167,completed,6036609
4,2,8168,completed,6037234
4,2,8169,completed,5983193
4,2,8170,completed,5979193
4,2,8171,completed,5990901
4,2,8172,completed,6003026
4,2,8173,completed,5967318
4,2,8174,completed,5967443
4,2,8175,completed,5961151
4,2,8176,completed,5953901
4,2,8177,completed,5990485
4,2,8178,completed,6006776
4,2,8179,completed,6008609
4,2,8180,completed,6008943
4,2,8181,completed,5989318
4,2,8182,completed,6000693
4,2,8183,completed,6006693
4,2,8184,completed,6013651
4,2,8185,completed,5999193
4,2,8186,completed,5990443
4,2,8187,completed,5979777
4,2,8188,completed,5967859
4,2,8189,completed,5977527
4,2,8190,completed,5984693
4,2,8191,completed,5989901
4,2,8192,completed,5994277
4,2,8193,completed,6008068
4,2,8194,completed,6015985
4,2,8195,completed,6017151
4,2,8196,completed,6018902
4,2,8197,completed,5951151
4,2,8198,completed,5955443
4,2,8199,completed,5950984
4,2,8200,completed,5945402
4,2,8201,completed,6080401
4,2,8202,completed,6086151
4,2,8203,completed,6092609
4,2,8204,completed,6099693
4,2,8205,completed,5870693
4,2,8206,completed,5870235
4,2,8207,completed,5867277
4,2,8208,completed,5865068
4,2,8209,completed,6081735
4,2,8210,completed,6094318
4,2,8211,completed,6103776
4,2,8212,completed,6104984
4,2,8213,completed,5950860
4,2,8214,completed,5967777
4,2,8215,completed,5963443
4,2,8216,completed,5965402
4,2,8217,completed,5960901
4,2,8218,completed,5953443
4,2,8219,completed,5946318
4,2,8220,completed,5940235
4,2,8221,completed,5978568
4,2,8222,completed,5979277
4,2,8223,completed,5979943
4,2,8224,completed,5980818
4,2,8225,completed,5944943
4,2,8226,completed,5948985
4,2,8227,completed,5951068
4,2,8228,completed,5953276
4,2,8229,completed,6140026
4,2,8230,completed,6150442
4,2,8231,completed,6155650
4,2,8232,completed,6159567
4,2,8233,completed,6031359
4,2,8234,completed,6059318
4,2,8235,completed,6068234
4,2,8236,completed,6075443
4,2,8237,completed,5824610
4,2,8238,completed,5814943
4,2,8239,completed,5804527
4,2,8240,completed,5795443
4,2,8241,completed,5974318
4,2,8242,completed,5974693
4,2,8243,completed,5974734
4,2,8244,completed,5974735
4,2,8245,completed,5618111
4,2,8246,completed,5630444
4,2,8247,completed,5637485
4,2,8248,completed,5643110
4,2,8249,completed,6335900
4,2,8250,completed,6348317
4,2,8251,completed,6345067
4,2,8252,completed,6340275
4,2,8253,completed,5980027
4,2,8254,completed,5975568
4,2,8255,completed,5979818
4,2,8256,completed,5983318
4,2,8257,completed,5892360
4,2,8258,completed,5892693
4,2,8259,completed,5889735
4,2,8260,completed,5886943
4,2,8261,completed,6069734
4,2,8262,completed,6078860
4,2,8263,completed,6084485
4,2,8264,completed,6089026
4,2,8265,completed,6007068
4,2,8266,completed,6017068
4,2,8267,completed,6013359
4,2,8268,completed,6009360
4,2,8269,completed,6008609
4,2,8270,completed,6014443
4,2,8271,completed,6022152
4,2,8272,completed,6028610
4,2,8273,completed,5963235
4,2,8274,completed,5965193
4,2,8275,completed,5959735
4,2,8276,completed,5953943
4,2,8277,completed,6232526
4,2,8278,completed,6233817
4,2,8279,completed,6234775
4,2,8280,completed,6235901
4,2,8281,completed,5827360
4,2,8282,completed,5677485
4,2,8283,completed,5667402
4,2,8284,completed,5658194
4,2,8285,completed,6056110
4,2,8286,completed,6050859
4,2,8287,completed,6051401
4,2,8288,completed,6052276
4,2,8289,completed,5832527
4,2,8290,completed,5843151
4,2,8291,completed,5848651
4,2,8292,completed,5853735
4,2,8293,completed,5957443
4,2,8294,completed,5974651
4,2,8295,completed,5981193
4,2,8296,completed,5987360
4,2,8297,completed,6083068
4,2,8298,completed,6088859
4,2,8299,completed,6090776
4,2,8300,completed,6091401
4,2,8301,completed,6027652
4,2,8302,completed,6022193
4,2,8303,completed,6012526
4,2,8304,completed,6003026
4,2,8305,completed,5824402
4,2,8306,completed,5832943
4,2,8307,completed,5836860
4,2,8308,completed,5840694
4,2,8309,completed,6006567
4,2,8310,completed,6017109
4,2,8311,completed,6018443
4,2,8312,completed,6020276
4,2,8313,completed,5968984
4,2,8314,completed,5976693
4,2,8315,completed,5978568
4,2,8316,completed,5979360
4,2,8317,completed,5996152
4,2,8318,completed,5993068
4,2,8319,completed,5987526
4,2,8320,completed,5981943
4,2,8321,completed,5916527
4,2,8322,completed,5926818
4,2,8323,completed,5927652
4,2,8324,completed,5928277
4,2,8325,completed,6055817
4,2,8326,completed,6061026
4,2,8327,completed,6062859
4,2,8328,completed,6064567
4,2,8329,completed,5988860
4,2,8330,completed,5991276
4,2,8331,completed,5992027
4,2,8332,completed,5992485
4,2,8333,completed,6016901
4,2,8334,completed,6027610
4,2,8335,completed,6029526
4,2,8336,completed,6031735
4,2,8337,completed,5928777
4,2,8338,completed,5939276
4,2,8339,completed,5941193
4,2,8340,completed,5942526
4,2,8341,completed,5983776
4,2,8342,completed,5987943
4,2,8343,completed,5988068
4,2,8344,completed,5988318
4,2,8345,completed,6000235
4,2,8346,completed,6005068
4,2,8347,completed,6006026
4,2,8348,completed,6006985
4,2,8349,completed,5944443
4,2,8350,completed,5936484
4,2,8351,completed,5941318
4,2,8352,completed,5945860
4,2,8353,completed,6079985
4,2,8354,completed,6096443
4,2,8355,completed,6093609
4,2,8356,completed,6089026
4,2,8357,completed,5924026
4,2,8358,completed,5923485
4,2,8359,completed,5930360
4,2,8360,completed,5936985
4,2,8361,completed,5959193
4,2,8362,completed,5963109
4,2,8363,completed,5961151
4,2,8364,completed,5959984
4,2,8365,completed,6014193
4,2,8366,completed,6027026
4,2,8367,completed,6027110
4,2,8368,completed,6026693
4,2,8369,completed,5976901
4,2,8370,completed,5990401
4,2,8371,completed,5996610
4,2,8372,completed,6001984
4,2,8373,completed,5975026
4,2,8374,completed,5965693
4,2,8375,completed,5955402
4,2,8376,completed,5945360
4,2,8377,completed,5620569
4,2,8378,completed,5643568
4,2,8379,completed,5650236
4,2,8380,completed,5656027
4,2,8381,completed,6372151
4,2,8382,completed,6372233
4,2,8383,completed,6368692
4,2,8384,completed,6365317
4,2,8385,completed,6032943
4,2,8386,completed,6035485
4,2,8387,completed,6036068
4,2,8388,completed,6036402
4,2,8389,completed,5547944
4,2,8390,completed,5561444
4,2,8391,completed,5570235
4,2,8392,completed,5579319
4,2,8393,completed,6424775
4,2,8394,completed,6430067
4,2,8395,completed,6429275
4,2,8396,completed,6427858
4,2,8397,completed,5576444
4,2,8398,completed,5582278
4,2,8399,completed,5581194
4,2,8400,completed,5579027
4,2,8401,completed,6288984
4,2,8402,completed,6286859
4,2,8403,completed,6282775
4,2,8404,completed,6278776
4,2,8405,completed,5965818
4,2,8406,completed,5971360
4,2,8407,completed,5975610
4,2,8408,completed,5979485
4,2,8409,completed,6111068
4,2,8410,completed,6116276
4,2,8411,completed,6113192
4,2,8412,completed,6110026
4,2,8413,completed,5916110
4,2,8414,completed,5925776
4,2,8415,completed,5933068
4,2,8416,completed,5939068
4,2,8417,completed,5966735
4,2,8418,completed,5970318
4,2,8419,completed,5969902
4,2,8420,completed,5969109
4,2,8421,completed,6046359
4,2,8422,completed,6047401
4,2,8423,completed,6042818
4,2,8424,completed,6038609
4,2,8425,completed,5942235
4,2,8426,completed,5963276
4,2,8427,completed,5976276
4,2,8428,completed,5988318
4,2,8429,completed,5978693
4,2,8430,completed,5968443
4,2,8431,completed,5957484
4,2,8432,completed,5946984
4,2,8433,completed,5972651
4,2,8434,completed,5987110
4,2,8435,completed,5992193
4,2,8436,completed,5996485
4,2,8437,completed,5984318
4,2,8438,completed,5999984
4,2,8439,completed,6005651
4,2,8440,completed,6012359
4,2,8441,completed,5982068
4,2,8442,completed,5975276
4,2,8443,completed,5964735
4,2,8444,completed,5954318
4,2,8445,completed,6033443
4,2,8446,completed,6026276
4,2,8447,completed,6026526
4,2,8448,completed,6027859
4,2,8449,completed,5530194
4,2,8450,completed,5536277
4,2,8451,completed,5538069
4,2,8452,completed,5540194
4,2,8453,completed,6443025
4,2,8454,completed,6451692
4,2,8455,completed,6451650
4,2,8456,completed,6452317
4,2,8457,completed,5974693
4,2,8458,completed,5966818
4,2,8459,completed,5967818
4,2,8460,completed,5968818
4,2,8461,completed,5911818
4,2,8462,completed,5921276
4,2,8463,completed,5926027
4,2,8464,completed,5930777
4,2,8465,completed,5955443
4,2,8466,completed,5961943
4,2,8467,completed,5959568
4,2,8468,completed,5956319
4,2,8469,completed,6071485
4,2,8470,completed,6097776
4,2,8471,completed,6109485
4,2,8472,completed,6121067
4,2,8473,completed,5961151
4,2,8474,completed,5958152
4,2,8475,completed,5948277
4,2,8476,completed,5938610
4,2,8477,completed,5971318
4,2,8478,completed,5978527
4,2,8479,completed,5980151
4,2,8480,completed,5982359
4,2,8481,completed,5965110
4,2,8482,completed,5988110
4,2,8483,completed,5997193
4,2,8484,completed,6005359
4,2,8485,completed,5968610
4,2,8486,completed,5965985
4,2,8487,completed,5959151
4,2,8488,completed,5952735
4,2,8489,completed,5952027
4,2,8490,completed,5954152
4,2,8491,completed,5955485
4,2,8492,completed,5956735
4,2,8493,completed,5987443
4,2,8494,completed,5994568
4,2,8495,completed,5996068
4,2,8496,completed,5997693
4,2,8497,completed,5956277
4,2,8498,completed,5966776
4,2,8499,completed,5967610
4,2,8500,completed,5967694
4,2,8501,completed,5987360
4,2,8502,completed,5978359
4,2,8503,completed,5984985
4,2,8504,completed,5991943
4,2,8505,completed,5961360
4,2,8506,completed,5961610
4,2,8507,completed,5959110
4,2,8508,completed,5956277
4,2,8509,completed,6023526
4,2,8510,completed,6022860
4,2,8511,completed,6020359
4,2,8512,completed,6017776
4,2,8513,completed,6121817
4,2,8514,completed,6125651
4,2,8515,completed,6126151
4,2,8516,completed,6126568
4,2,8517,completed,5843026
4,2,8518,completed,5854235
4,2,8519,completed,5861943
4,2,8520,completed,5868444
4,2,8521,completed,6080818
4,2,8522,completed,6082317
4,2,8523,completed,6076693
4,2,8524,completed,6071484
4,2,8525,completed,5983568
4,2,8526,completed,5993777
4,2,8527,completed,6005610
4,2,8528,completed,6017276
4,2,8529,completed,5934402
4,2,8530,completed,5926277
4,2,8531,completed,5914984
4,2,8532,completed,5904401
4,2,8533,completed,6090276
4,2,8534,completed,6124359
4,2,8535,completed,6135734
4,2,8536,completed,6148526
4,2,8537,completed,5832069
4,2,8538,completed,5834110
4,2,8539,completed,5829443
4,2,8540,completed,5826026
4,2,8541,completed,6036443
4,2,8542,completed,6036276
4,2,8543,completed,6028734
4,2,8544,completed,6021235
4,2,8545,completed,5955443
4,2,8546,completed,5965985
4,2,8547,completed,5976985
4,2,8548,completed,5987735
4,2,8549,completed,5946027
4,2,8550,completed,5936526
4,2,8551,completed,5926652
4,2,8552,completed,5916151
4,2,8553,completed,6079610
4,2,8554,completed,6087859
4,2,8555,completed,6088692
4,2,8556,completed,6089651
4,2,8557,completed,5625027
4,2,8558,completed,5622527
4,2,8559,completed,5624735
4,2,8560,completed,5626653
4,2,8561,completed,6310733
4,2,8562,completed,6343483
4,2,8563,completed,6344150
4,2,8564,completed,6345067
4,2,8565,completed,5860569
4,2,8566,completed,5852860
4,2,8567,completed,5853444
4,2,8568,completed,5854026
4,2,8569,completed,6015402
4,2,8570,completed,6015152
4,2,8571,completed,6020193
4,2,8572,completed,6026151
4,2,8573,completed,5985818
4,2,8574,completed,5982318
4,2,8575,completed,5977277
4,2,8576,completed,5972610
4,2,8577,completed,5534110
4,2,8578,completed,5542111
4,2,8579,completed,5543277
4,2,8580,completed,5544235
4,2,8581,completed,6411984
4,2,8582,completed,6414650
4,2,8583,completed,6420608
4,2,8584,completed,6426817
4,2,8585,completed,6008943
4,2,8586,completed,6005110
4,2,8587,completed,5999359
4,2,8588,completed,5993776
4,2,8589,completed,5995235
4,2,8590,completed,6002776
4,2,8591,completed,6003610
4,2,8592,completed,6004651
4,2,8593,completed,5994527
4,2,8594,completed,6015985
4,2,8595,completed,6029109
4,2,8596,completed,6040734
4,2,8597,completed,5962901
4,2,8598,completed,5950402
4,2,8599,completed,5939068
4,2,8600,completed,5928152
4,2,8601,completed,6000027
4,2,8602,completed,6006485
4,2,8603,completed,6007401
4,2,8604,completed,6008235
4,2,8605,completed,5930401
4,2,8606,completed,5931652
4,2,8607,completed,5935693
4,2,8608,completed,5939235
4,2,8609,completed,6137484
4,2,8610,completed,6141193
4,2,8611,completed,6137901
4,2,8612,completed,6134610
4,2,8613,completed,5896318
4,2,8614,completed,5906193
4,2,8615,completed,5913526
4,2,8616,completed,5920860
4,2,8617,completed,5964568
4,2,8618,completed,5974110
4,2,8619,completed,5978818
4,2,8620,completed,5981693
4,2,8621,completed,6016235
4,2,8622,completed,6009693
4,2,8623,completed,6000235
4,2,8624,completed,5991485
4,2,8625,completed,6062609
4,2,8626,completed,6069651
4,2,8627,completed,6070568
4,2,8628,completed,6071318
4,2,8629,completed,5855360
4,2,8630,completed,5865485
4,2,8631,completed,5873819
4,2,8632,completed,5881610
4,2,8633,completed,6019276
4,2,8634,completed,6016651
4,2,8635,completed,6009818
4,2,8636,completed,6003235
4,2,8637,completed,6049568
4,2,8638,completed,6059067
4,2,8639,completed,6060318
4,2,8640,completed,6061485
4,2,8641,completed,5885860
4,2,8642,completed,5887443
4,2,8643,completed,5898444
4,2,8644,completed,5909568
4,2,8645,completed,5982443
4,2,8646,completed,5975109
4,2,8647,completed,5965443
4,2,8648,completed,5956152
4,2,8649,completed,5610985
4,2,8650,completed,5614902
4,2,8651,completed,5614735
4,2,8652,completed,5614652
4,2,8653,completed,6315484
4,2,8654,completed,6316818
4,2,8655,completed,6318150
4,2,8656,completed,6319818
4,2,8657,completed,6021901
4,2,8658,completed,6026360
4,2,8659,completed,6027276
4,2,8660,completed,6028318
4,2,8661,completed,5942735
4,2,8662,completed,5951693
4,2,8663,completed,5955735
4,2,8664,completed,5960068
4,2,8665,completed,6027901
4,2,8666,completed,6032902
4,2,8667,completed,6029943
4,2,8668,completed,6026901
4,2,8669,completed,5998568
4,2,8670,completed,6002859
4,2,8671,completed,6003318
4,2,8672,completed,6004027
4,2,8673,completed,5966277
4,2,8674,completed,5963901
4,2,8675,completed,5968027
4,2,8676,completed,5972360
4,2,8677,completed,5990735
4,2,8678,completed,6015485
4,2,8679,completed,6014193
4,2,8680,completed,6012193
4,2,8681,completed,5789152
4,2,8682,completed,5768569
4,2,8683,completed,5769527
4,2,8684,completed,5770361
4,2,8685,completed,5718860
4,2,8686,completed,5716652
4,2,8687,completed,5716235
4,2,8688,completed,5716277
4,2,8689,completed,6404775
4,2,8690,completed,6411650
4,2,8691,completed,6413275
4,2,8692,completed,6414692
4,2,8693,completed,5989026
4,2,8694,completed,5991276
4,2,8695,completed,5992193
4,2,8696,completed,5992943
4,2,8697,completed,5996401
4,2,8698,completed,6000484
4,2,8699,completed,6000984
4,2,8700,completed,6001276
4,2,8701,completed,5966693
4,2,8702,completed,5968484
4,2,8703,completed,5968818
4,2,8704,completed,5969568
4,2,8705,completed,6094526
4,2,8706,completed,6103234
4,2,8707,completed,6108609
4,2,8708,completed,6113651
4,2,8709,completed,5932485
4,2,8710,completed,5934443
4,2,8711,completed,5929943
4,2,8712,completed,5926360
4,2,8713,completed,5931776
4,2,8714,completed,5936443
4,2,8715,completed,5944693
4,2,8716,completed,5952151
4,2,8717,completed,6044651
4,2,8718,completed,6055860
4,2,8719,completed,6055984
4,2,8720,completed,6056109
4,2,8721,completed,6211359
4,2,8722,completed,6212776
4,2,8723,completed,6207068
4,2,8724,completed,6201276
4,2,8725,completed,5734694
4,2,8726,completed,5733402
4,2,8727,completed,5742610
4,2,8728,completed,5752402
4,2,8729,completed,5567570
4,2,8730,completed,5581652
4,2,8731,completed,5578736
4,2,8732,completed,5575486
4,2,8733,completed,6573483
4,2,8734,completed,6578900
4,2,8735,completed,6575484
4,2,8736,completed,6572817
4,2,8737,completed,5764735
4,2,8738,completed,5764319
4,2,8739,completed,5765776
4,2,8740,completed,5766819
4,2,8741,completed,6011902
4,2,8742,completed,6029985
4,2,8743,completed,6031402
4,2,8744,completed,6032026
4,2,8745,completed,5959777
4,2,8746,completed,5951234
4,2,8747,completed,5952735
4,2,8748,completed,5954277
4,2,8749,completed,5943110
4,2,8750,completed,5952735
4,2,8751,completed,5958777
4,2,8752,completed,5963943
4,2,8753,completed,6059943
4,2,8754,completed,6074192
4,2,8755,completed,6073943
4,2,8756,completed,6073484
4,2,8757,completed,5933776
4,2,8758,completed,5940610
4,2,8759,completed,5942735
4,2,8760,completed,5944568
4,2,8761,completed,5974193
4,2,8762,completed,5969318
4,2,8763,completed,5964027
4,2,8764,completed,5957984
4,2,8765,completed,5999068
4,2,8766,completed,6015859
4,2,8767,completed,6016777
4,2,8768,completed,6017401
4,2,8769,completed,5972193
4,2,8770,completed,5983068
4,2,8771,completed,5995484
4,2,8772,completed,6007235
4,2,8773,completed,5986943
4,2,8774,completed,5975694
4,2,8775,completed,5964610
4,2,8776,completed,5953568
4,2,8777,completed,6066485
4,2,8778,completed,6077610
4,2,8779,completed,6078734
4,2,8780,completed,6079943
4,2,8781,completed,5907193
4,2,8782,completed,5912193
4,2,8783,completed,5924027
4,2,8784,completed,5934318
4,2,8785,completed,5996484
4,2,8786,completed,5988110
4,2,8787,completed,5977693
4,2,8788,completed,5967484
4,2,8789,completed,5994318
4,2,8790,completed,6004193
4,2,8791,completed,6005652
4,2,8792,completed,6006735
4,2,8793,completed,5953401
4,2,8794,completed,5962693
4,2,8795,completed,5973693
4,2,8796,completed,5984318
4,2,8797,completed,5942984
4,2,8798,completed,5934484
4,2,8799,completed,5924110
4,2,8800,completed,5914068
4,2,8801,completed,6085026
4,2,8802,completed,6093735
4,2,8803,completed,6095234
4,2,8804,completed,6096818
4,2,8805,completed,5689944
4,2,8806,completed,5688860
4,2,8807,completed,5692735
4,2,8808,completed,5696402
4,2,8809,completed,6312484
4,2,8810,completed,6317443
4,2,8811,completed,6313943
4,2,8812,completed,6310776
4,2,8813,completed,5925651
4,2,8814,completed,5947193
4,2,8815,completed,5959693
4,2,8816,completed,5970943
4,2,8817,completed,6098818
4,2,8818,completed,6094484
4,2,8819,completed,6083485
4,2,8820,completed,6073068
4,2,8821,completed,9629142
4,2,8822,completed,9630308
4,2,8823,completed,9631017
4,2,8824,completed,9631892
4,2,8825,completed,8271645
4,2,8826,completed,8298270
4,2,8827,completed,8304145
4,2,8828,completed,8309062
4,2,8829,completed,5967693
4,2,8830,completed,5971235
4,2,8831,completed,5968485
4,2,8832,completed,5965860
4,2,8833,completed,5899527
4,2,8834,completed,5921776
4,2,8835,completed,5933818
4,2,8836,completed,5944985
4,2,8837,completed,6019859
4,2,8838,completed,6017485
4,2,8839,completed,6007693
4,2,8840,completed,5998234
4,2,8841,completed,5975068
4,2,8842,completed,5976568
4,2,8843,completed,5978193
4,2,8844,completed,5979485
4,2,8845,completed,5898777
4,2,8846,completed,5911527
4,2,8847,completed,5917109
4,2,8848,completed,5921318
4,2,8849,completed,6036818
4,2,8850,completed,6037318
4,2,8851,completed,6033984
4,2,8852,completed,6030693
4,2,8853,completed,5951943
4,2,8854,completed,5953943
4,2,8855,completed,5953818
4,2,8856,completed,5953984
4,2,8857,completed,5954193
4,2,8858,completed,5953027
4,2,8859,completed,5953860
4,2,8860,completed,5954151
4,2,8861,completed,6015610
4,2,8862,completed,6029110
4,2,8863,completed,6030152
4,2,8864,completed,6030776
4,2,8865,completed,5993443
4,2,8866,completed,6001859
4,2,8867,completed,6008110
4,2,8868,completed,6015318
4,2,8869,completed,5959484
4,2,8870,completed,5954734
4,2,8871,completed,5948193
4,2,8872,completed,5942360
4,2,8873,completed,5990735
4,2,8874,completed,6008318
4,2,8875,completed,6014068
4,2,8876,completed,6019360
4,2,8877,completed,6146442
4,2,8878,completed,6157859
4,2,8879,completed,6154401
4,2,8880,completed,6151276
4,2,8881,completed,6283442
4,2,8882,completed,6290484
4,2,8883,completed,6296193
4,2,8884,completed,6302234
4,2,8885,completed,6725274
4,2,8886,completed,6729650
4,2,8887,completed,6726399
4,2,8888,completed,6722274
4,2,8889,completed,5717485
4,2,8890,completed,5730027
4,2,8891,completed,5735068
4,2,8892,completed,5740694
4,2,8893,completed,6042318
4,2,8894,completed,6046526
4,2,8895,completed,6042109
4,2,8896,completed,6037401
4,2,8897,completed,6069068
4,2,8898,completed,6075192
4,2,8899,completed,6081235
4,2,8900,completed,6087651
4,2,8901,completed,5620194
4,2,8902,completed,5649444
4,2,8903,completed,5652027
4,2,8904,completed,5653652
4,2,8905,completed,6263567
4,2,8906,completed,6260442
4,2,8907,completed,6254067
4,2,8908,completed,6247567
4,2,8909,completed,6075151
4,2,8910,completed,6079610
4,2,8911,completed,6080817
4,2,8912,completed,6082318
4,2,8913,completed,5826985
4,2,8914,completed,5837651
4,2,8915,completed,5839860
4,2,8916,completed,5841110
4,2,8917,completed,6023568
4,2,8918,completed,6032693
4,2,8919,completed,6039651
4,2,8920,completed,6046276
4,2,8921,completed,5926818
4,2,8922,completed,5941193
4,2,8923,completed,5946777
4,2,8924,completed,5952027
4,2,8925,completed,5983401
4,2,8926,completed,5972777
4,2,8927,completed,5961610
4,2,8928,completed,5950819
4,2,8929,completed,5945651
4,2,8930,completed,5954693
4,2,8931,completed,5959402
4,2,8932,completed,5964359
4,2,8933,completed,6011901
4,2,8934,completed,6020401
4,2,8935,completed,6022068
4,2,8936,completed,6022818
4,2,8937,completed,5748110
4,2,8938,completed,5751526
4,2,8939,completed,5747152
4,2,8940,completed,5742236
4,2,8941,completed,6305568
4,2,8942,completed,6299025
4,2,8943,completed,6299359
4,2,8944,completed,6300317
4,2,8945,completed,5948443
4,2,8946,completed,5953151
4,2,8947,completed,5954360
4,2,8948,completed,5955443
4,2,8949,completed,5950318
4,2,8950,completed,5963901
4,2,8951,completed,5975359
4,2,8952,completed,5985860
4,2,8953,completed,5999068
4,2,8954,completed,6006943
4,2,8955,completed,6005818
4,2,8956,completed,6006859
4,2,8957,completed,6009026
4,2,8958,completed,6018652
4,2,8959,completed,6016026
4,2,8960,completed,6011693
4,2,8961,completed,5761193
4,2,8962,completed,5765318
4,2,8963,completed,5759777
4,2,8964,completed,5754402
4,2,8965,completed,5775652
4,2,8966,completed,5778069
4,2,8967,completed,5784610
4,2,8968,completed,5791819
4,2,8969,completed,6324359
4,2,8970,completed,6317608
4,2,8971,completed,6311651
4,2,8972,completed,6305526
4,2,8973,completed,6055859
4,2,8974,completed,6059151
4,2,8975,completed,6059568
4,2,8976,completed,6060360
4,2,8977,completed,5960569
4,2,8978,completed,5981318
4,2,8979,completed,5993776
4,2,8980,completed,6004859
4,2,8981,completed,5986360
4,2,8982,completed,5986277
4,2,8983,completed,5975651
4,2,8984,completed,5965527
4,2,8985,completed,5988609
4,2,8986,completed,5992151
4,2,8987,completed,5993651
4,2,8988,completed,5996068
4,2,8989,completed,5952526
4,2,8990,completed,5962609
4,2,8991,completed,5969110
4,2,8992,completed,5975027
4,2,8993,completed,5571694
4,2,8994,completed,5567485
4,2,8995,completed,5561652
4,2,8996,completed,5555819
4,2,8997,completed,6371859
4,2,8998,completed,6382484
4,2,8999,completed,6383817
4,2,9000,completed,6384484
4,2,9001,completed,6035443
4,2,9002,completed,6035568
4,2,9003,completed,6036735
4,2,9004,completed,6037860
4,2,9005,completed,5703693
4,2,9006,completed,5716486
4,2,9007,completed,5717152
4,2,9008,completed,5718360
4,2,9009,completed,6257151
4,2,9010,completed,6279317
4,2,9011,completed,6291276
4,2,9012,completed,6303109
4,2,9013,completed,6012484
4,2,9014,completed,6012943
4,2,9015,completed,6009485
4,2,9016,completed,6005360
4,2,9017,completed,6089693
4,2,9018,completed,6091318
4,2,9019,completed,6086859
4,2,9020,completed,6082234
4,2,9021,completed,5884985
4,2,9022,completed,5887569
4,2,9023,completed,5888568
4,2,9024,completed,5889985
4,2,9025,completed,5973277
4,2,9026,completed,5976235
4,2,9027,completed,5976484
4,2,9028,completed,5977443
4,2,9029,completed,5925276
4,2,9030,completed,5938026
4,2,9031,completed,5945318
4,2,9032,completed,5952277
4,2,9033,completed,5984901
4,2,9034,completed,5986651
4,2,9035,completed,5986360
4,2,9036,completed,5986276
4,2,9037,completed,5992568
4,2,9038,completed,5998027
4,2,9039,completed,5997693
4,2,9040,completed,5996693
4,2,9041,completed,6005693
4,2,9042,completed,6015193
4,2,9043,completed,6015860
4,2,9044,completed,6016859
4,2,9045,completed,5993985
4,2,9046,completed,6000943
4,2,9047,completed,5998568
4,2,9048,completed,5997276
4,2,9049,completed,6064985
4,2,9050,completed,6069443
4,2,9051,completed,6065943
4,2,9052,completed,6062901
4,2,9053,completed,5915776
4,2,9054,completed,5914734
4,2,9055,completed,5921776
4,2,9056,completed,5927943
4,2,9057,completed,5986859
4,2,9058,completed,5991693
4,2,9059,completed,5991693
4,2,9060,completed,5992276
4,2,9061,completed,5994401
4,2,9062,completed,5996360
4,2,9063,completed,5991068
4,2,9064,completed,5985610
4,2,9065,completed,6070068
4,2,9066,completed,6076193
4,2,9067,completed,6083651
4,2,9068,completed,6090235
4,2,9069,completed,5935610
4,2,9070,completed,5934985
4,2,9071,completed,5929235
4,2,9072,completed,5923568
4,2,9073,completed,5959235
4,2,9074,completed,5980985
4,2,9075,completed,5982568
4,2,9076,completed,5984568
4,2,9077,completed,5971568
4,2,9078,completed,5976526
4,2,9079,completed,5988443
4,2,9080,completed,6000110
4,2,9081,completed,5978234
4,2,9082,completed,5968527
4,2,9083,completed,5957901
4,2,9084,completed,5946860
4,2,9085,completed,5960984
4,2,9086,completed,5959777
4,2,9087,completed,5965194
4,2,9088,completed,5970610
4,2,9089,completed,5804360
4,2,9090,completed,5810110
4,2,9091,completed,5812152
4,2,9092,completed,5812860
4,2,9093,completed,6259067
4,2,9094,completed,6258651
4,2,9095,completed,6253026
4,2,9096,completed,6248443
4,2,9097,completed,5938734
4,2,9098,completed,5944026
4,2,9099,completed,5946027
4,2,9100,completed,5947943
4,2,9101,completed,5966943
4,2,9102,completed,5968526
4,2,9103,completed,5968943
4,2,9104,completed,5969818
4,2,9105,completed,5947901
4,2,9106,completed,5951235
4,2,9107,completed,5951901
4,2,9108,completed,5952359
4,2,9109,completed,6009110
4,2,9110,completed,6010652
4,2,9111,completed,6021777
4,2,9112,completed,6033943
4,2,9113,completed,5969568
4,2,9114,completed,5959777
4,2,9115,completed,5949484
4,2,9116,completed,5938401
4,2,9117,completed,6010110
4,2,9118,completed,6028360
4,2,9119,completed,6029401
4,2,9120,completed,6031151
4,2,9121,completed,6040193
4,2,9122,completed,6060152
4,2,9123,completed,6066901
4,2,9124,completed,6072610
4,2,9125,completed,5937110
4,2,9126,completed,5944610
4,2,9127,completed,5943610
4,2,9128,completed,5942776
4,2,9129,completed,6005610
4,2,9130,completed,6015027
4,2,9131,completed,6012443
4,2,9132,completed,6009860
4,2,9133,completed,5918526
4,2,9134,completed,5920193
4,2,9135,completed,5920818
4,2,9136,completed,5921651
4,2,9137,completed,5962360
4,2,9138,completed,5970443
4,2,9139,completed,5971235
4,2,9140,completed,5972235
4,2,9141,completed,5984068
4,2,9142,completed,5983110
4,2,9143,completed,5984443
4,2,9144,completed,5986360
4,2,9145,completed,5995485
4,2,9146,completed,6009693
4,2,9147,completed,6010485
4,2,9148,completed,6011526
4,2,9149,completed,5809444
4,2,9150,completed,5828735
4,2,9151,completed,5829193
4,2,9152,completed,5830193
4,2,9153,completed,6100693
4,2,9154,completed,6116193
4,2,9155,completed,6122526
4,2,9156,completed,6127818
4,2,9157,completed,5986318
4,2,9158,completed,5982193
4,2,9159,completed,5977568
4,2,9160,completed,5973609
4,2,9161,completed,6736691
4,2,9162,completed,6764941
4,2,9163,completed,6767066
4,2,9164,completed,6769025
4,2,9165,completed,5887693
4,2,9166,completed,5891318
4,2,9167,completed,5892444
4,2,9168,completed,5893860
4,2,9169,completed,5791777
4,2,9170,completed,5787569
4,2,9171,completed,5787194
4,2,9172,completed,5787111
4,2,9173,completed,5987693
4,2,9174,completed,6010526
4,2,9175,completed,6012109
4,2,9176,completed,6013734
4,2,9177,completed,7410897
4,2,9178,completed,7403356
4,2,9179,completed,7403981
4,2,9180,completed,7404523
4,2,9181,completed,7023649
4,2,9182,completed,7017274
4,2,9183,completed,7017899
4,2,9184,completed,7020107
4,2,9185,completed,5305361
4,2,9186,completed,5307195
4,2,9187,completed,5307861
4,2,9188,completed,5308320
4,2,9189,completed,6224401
4,2,9190,completed,6225150
4,2,9191,completed,6225151
4,2,9192,completed,6225318
4,2,9193,completed,6293067
4,2,9194,completed,6318775
4,2,9195,completed,6321567
4,2,9196,completed,6321900
4,2,9197,completed,5954110
4,2,9198,completed,5935985
4,2,9199,completed,5936735
4,2,9200,completed,5938526
4,2,9201,completed,5959735
4,2,9202,completed,5960110
4,2,9203,completed,5960193
4,2,9204,completed,5960235
4,2,9205,completed,6010026
4,2,9206,completed,6013859
4,2,9207,completed,6015026
4,2,9208,completed,6016485
4,2,9209,completed,5582361
4,2,9210,completed,5582110
4,2,9211,completed,5582527
4,2,9212,completed,5582569
4,2,9213,completed,5831360
4,2,9214,completed,5838401
4,2,9215,completed,5841818
4,2,9216,completed,5846360
4,2,9217,completed,6478316
4,2,9218,completed,6490191
4,2,9219,completed,6490567
4,2,9220,completed,6490442
4,2,9221,completed,6008859
4,2,9222,completed,6008235
4,2,9223,completed,6003818
4,2,9224,completed,5999943
4,2,9225,completed,6015151
4,2,9226,completed,6024026
4,2,9227,completed,6025859
4,2,9228,completed,6027985
4,2,9229,completed,5971693
4,2,9230,completed,5991609
4,2,9231,completed,5997443
4,2,9232,completed,6004068
4,2,9233,completed,5949359
4,2,9234,completed,5952402
4,2,9235,completed,5946610
4,2,9236,completed,5940526
4,2,9237,completed,5983734
4,2,9238,completed,6006485
4,2,9239,completed,6018776
4,2,9240,completed,6031109
4,2,9241,completed,6030317
4,2,9242,completed,6027068
4,2,9243,completed,6016860
4,2,9244,completed,6005984
4,2,9245,completed,5937569
4,2,9246,completed,5929027
4,2,9247,completed,5928235
4,2,9248,completed,5927902
4,2,9249,completed,6028318
4,2,9250,completed,6034860
4,2,9251,completed,6036652
4,2,9252,completed,6038526
4,2,9253,completed,5951901
4,2,9254,completed,5944068
4,2,9255,completed,5947984
4,2,9256,completed,5952485
4,2,9257,completed,5994901
4,2,9258,completed,5996318
4,2,9259,completed,5993443
4,2,9260,completed,5990027
4,2,9261,completed,5941235
4,2,9262,completed,5951652
4,2,9263,completed,5957109
4,2,9264,completed,5943484
4,2,9265,completed,5986360
4,2,9266,completed,5996818
4,2,9267,completed,5995901
4,2,9268,completed,5993860
4,2,9269,completed,5985693
4,2,9270,completed,5998610
4,2,9271,completed,5992235
4,2,9272,completed,6001443
4,2,9273,completed,6129526
4,2,9274,completed,6126442
4,2,9275,completed,6117985
4,2,9276,completed,6109359
4,2,9277,completed,5946235
4,2,9278,completed,5956110
4,2,9279,completed,5957901
4,2,9280,completed,5959818
4,2,9281,completed,5886360
4,2,9282,completed,5885318
4,2,9283,completed,5885901
4,2,9284,completed,5885652
4,2,9285,completed,6174776
4,2,9286,completed,6169109
4,2,9287,completed,6170193
4,2,9288,completed,6171526
4,2,9289,completed,5829443
4,2,9290,completed,5835318
4,2,9291,completed,5836027
4,2,9292,completed,5836693
4,2,9293,completed,5630986
4,2,9294,completed,5627444
4,2,9295,completed,5629236
4,2,9296,completed,5630860
4,2,9297,completed,6399233
4,2,9298,completed,6392984
4,2,9299,completed,6392609
4,2,9300,completed,6393025
4,2,9301,completed,5872402
4,2,9302,completed,5874443
4,2,9303,completed,5874860
4,2,9304,completed,5875360
4,2,9305,completed,6000818
4,2,9306,completed,6005027
4,2,9307,completed,6006068
4,2,9308,completed,6007027
4,2,9309,completed,5909651
4,2,9310,completed,5910443
4,2,9311,completed,5914235
4,2,9312,completed,5917860
4,2,9313,completed,6069526
4,2,9314,completed,6072984
4,2,9315,completed,6070567
4,2,9316,completed,6068068
4,2,9317,completed,5940985
4,2,9318,completed,5955776
4,2,9319,completed,5962109
4,2,9320,completed,5967484
4,2,9321,completed,5965318
4,2,9322,completed,5979901
4,2,9323,completed,5976734
4,2,9324,completed,5972402
4,2,9325,completed,5923902
4,2,9326,completed,5913693
4,2,9327,completed,5913819
4,2,9328,completed,5914693
4,2,9329,completed,6080110
4,2,9330,completed,6087401
4,2,9331,completed,6088526
4,2,9332,completed,6089609
4,2,9333,completed,6084735
4,2,9334,completed,6083485
4,2,9335,completed,6083734
4,2,9336,completed,6084318
4,2,9337,completed,5957735
4,2,9338,completed,5992027
4,2,9339,completed,6002860
4,2,9340,completed,6014234
4,2,9341,completed,5962068
4,2,9342,completed,6002401
4,2,9343,completed,5995484
4,2,9344,completed,5985943
4,2,9345,completed,5860110
4,2,9346,completed,5841151
4,2,9347,completed,5846444
4,2,9348,completed,5852526
4,2,9349,completed,5966401
4,2,9350,completed,5980485
4,2,9351,completed,5986484
4,2,9352,completed,5992318
4,2,9353,completed,6016401
4,2,9354,completed,6010151
4,2,9355,completed,5998693
4,2,9356,completed,5988527
4,2,9357,completed,5973152
4,2,9358,completed,5974902
4,2,9359,completed,5975568
4,2,9360,completed,5975902
4,2,9361,completed,5997234
4,2,9362,completed,6031818
4,2,9363,completed,6035318
4,2,9364,completed,6037401
4,2,9365,completed,5933651
4,2,9366,completed,5922235
4,2,9367,completed,5925485
4,2,9368,completed,5929110
4,2,9369,completed,6084193
4,2,9370,completed,6090859
4,2,9371,completed,6088234
4,2,9372,completed,6084693
4,2,9373,completed,5896985
4,2,9374,completed,5902818
4,2,9375,completed,5904735
4,2,9376,completed,5906194
4,2,9377,completed,5992568
4,2,9378,completed,5976777
4,2,9379,completed,5977068
4,2,9380,completed,5977443
4,2,9381,completed,6028776
4,2,9382,completed,6037110
4,2,9383,completed,6037943
4,2,9384,completed,6038484
4,2,9385,completed,5948818
4,2,9386,completed,5959527
4,2,9387,completed,5969860
4,2,9388,completed,5981651
4,2,9389,completed,5966818
4,2,9390,completed,5957735
4,2,9391,completed,5947235
4,2,9392,completed,5936568
4,2,9393,completed,6024860
4,2,9394,completed,6038318
4,2,9395,completed,6039942
4,2,9396,completed,6041943
4,2,9397,completed,5931610
4,2,9398,completed,5923693
4,2,9399,completed,5924277
4,2,9400,completed,5924693
4,2,9401,completed,5976610
4,2,9402,completed,5977860
4,2,9403,completed,5977985
4,2,9404,completed,5978109
4,2,9405,completed,5990526
4,2,9406,completed,6013734
4,2,9407,completed,6025151
4,2,9408,completed,6036026
4,2,9409,completed,5945277
4,2,9410,completed,5955693
4,2,9411,completed,5949276
4,2,9412,completed,5943902
4,2,9413,completed,5593736
4,2,9414,completed,5591153
4,2,9415,completed,5586819
4,2,9416,completed,5581735
4,2,9417,completed,5918735
4,2,9418,completed,5921443
4,2,9419,completed,5922110
4,2,9420,completed,5923068
4,2,9421,completed,5884318
4,2,9422,completed,5850276
4,2,9423,completed,5840402
4,2,9424,completed,5828193
4,2,9425,completed,6531858
4,2,9426,completed,6528567
4,2,9427,completed,6528900
4,2,9428,completed,6529650
4,2,9429,completed,6029734
4,2,9430,completed,6050360
4,2,9431,completed,6062109
4,2,9432,completed,6073651
4,2,9433,completed,6067610
4,2,9434,completed,6066193
4,2,9435,completed,6055526
4,2,9436,completed,6045193
4,2,9437,completed,5897860
4,2,9438,completed,5900777
4,2,9439,completed,5902693
4,2,9440,completed,5904818
4,2,9441,completed,5948943
4,2,9442,completed,5951652
4,2,9443,completed,5952526
4,2,9444,completed,5954152
4,2,9445,completed,6010943
4,2,9446,completed,6022568
4,2,9447,completed,6023818
4,2,9448,completed,6023985
4,2,9449,completed,6121401
4,2,9450,completed,6131067
4,2,9451,completed,6142276
4,2,9452,completed,6153776
4,2,9453,completed,5288112
4,2,9454,completed,5280153
4,2,9455,completed,5270612
4,2,9456,completed,5260944
4,2,9457,completed,6596900
4,2,9458,completed,6601650
4,2,9459,completed,6601691
4,2,9460,completed,6601733
4,2,9461,completed,5884360
4,2,9462,completed,5888485
4,2,9463,completed,5890235
4,2,9464,completed,5891985
4,2,9465,completed,5963776
4,2,9466,completed,5971068
4,2,9467,completed,5975152
4,2,9468,completed,5979026
4,2,9469,completed,6041651
4,2,9470,completed,6055401
4,2,9471,completed,6052151
4,2,9472,completed,6048943
4,2,9473,completed,5945818
4,2,9474,completed,5960652
4,2,9475,completed,5967818
4,2,9476,completed,5974819
4,2,9477,completed,6131401
4,2,9478,completed,6131025
4,2,9479,completed,6125317
4,2,9480,completed,6119526
4,2,9481,completed,5864485
4,2,9482,completed,5879277
4,2,9483,completed,5886027
4,2,9484,completed,5891485
4,2,9485,completed,5970443
4,2,9486,completed,5980818
4,2,9487,completed,5986151
4,2,9488,completed,5992318
4,2,9489,completed,5792736
4,2,9490,completed,5789277
4,2,9491,completed,5779610
4,2,9492,completed,5768611
4,2,9493,completed,5888234
4,2,9494,completed,5901401
4,2,9495,completed,5913068
4,2,9496,completed,5924402
4,2,9497,completed,6266859
4,2,9498,completed,6260817
4,2,9499,completed,6251276
4,2,9500,completed,6241401
4,2,9501,completed,6001276
4,2,9502,completed,6004193
4,2,9503,completed,6004651
4,2,9504,completed,6004693
4,2,9505,completed,5950568
4,2,9506,completed,5942319
4,2,9507,completed,5942610
4,2,9508,completed,5943152
4,2,9509,completed,6046818
4,2,9510,completed,6056484
4,2,9511,completed,6062026
4,2,9512,completed,6066567
4,2,9513,completed,6038151
4,2,9514,completed,6047443
4,2,9515,completed,6044943
4,2,9516,completed,6042734
4,2,9517,completed,5931318
4,2,9518,completed,5902527
4,2,9519,completed,5902110
4,2,9520,completed,5901943
4,2,9521,completed,6085859
4,2,9522,completed,6089318
4,2,9523,completed,6089692
4,2,9524,completed,6089984
4,2,9525,completed,5882485
4,2,9526,completed,5880609
4,2,9527,completed,5891901
4,2,9528,completed,5903943
4,2,9529,completed,5927360
4,2,9530,completed,5922235
4,2,9531,completed,5911402
4,2,9532,completed,5900985
4,2,9533,completed,5960568
4,2,9534,completed,5964276
4,2,9535,completed,5965235
4,2,9536,completed,5966485
4,2,9537,completed,5987193
4,2,9538,completed,5990901
4,2,9539,completed,5991401
4,2,9540,completed,5992318
4,2,9541,completed,5725611
4,2,9542,completed,5726152
4,2,9543,completed,5731069
4,2,9544,completed,5735527
4,2,9545,completed,6202109
4,2,9546,completed,6215400
4,2,9547,completed,6216026
4,2,9548,completed,6215901
4,2,9549,completed,6049651
4,2,9550,completed,6077318
4,2,9551,completed,6074776
4,2,9552,completed,6053109
4,2,9553,completed,6690232
4,2,9554,completed,6682691
4,2,9555,completed,6684107
4,2,9556,completed,6684774
4,2,9557,completed,6059526
4,2,9558,completed,6065777
4,2,9559,completed,6067318
4,2,9560,completed,6068068
4,2,9561,completed,6182650
4,2,9562,completed,6195568
4,2,9563,completed,6203651
4,2,9564,completed,6210693
4,2,9565,completed,5548235
4,2,9566,completed,5553986
4,2,9567,completed,5553903
4,2,9568,completed,5553069
4,2,9569,completed,6357442
4,2,9570,completed,6357526
4,2,9571,completed,6352151
4,2,9572,completed,6346734
4,2,9573,completed,6087068
4,2,9574,completed,6108567
4,2,9575,completed,6120151
4,2,9576,completed,6131984
4,2,9577,completed,5894776
4,2,9578,completed,5896985
4,2,9579,completed,5890235
4,2,9580,completed,5884318
4,2,9581,completed,5962609
4,2,9582,completed,5966860
4,2,9583,completed,5962901
4,2,9584,completed,5959068
4,2,9585,completed,5952860
4,2,9586,completed,5961109
4,2,9587,completed,5967777
4,2,9588,completed,5972985
4,2,9589,completed,6008443
4,2,9590,completed,6017818
4,2,9591,completed,6013984
4,2,9592,completed,6009693
4,2,9593,completed,6048276
4,2,9594,completed,6061151
4,2,9595,completed,6063943
4,2,9596,completed,6066860
4,2,9597,completed,5867360
4,2,9598,completed,5875735
4,2,9599,completed,5880318
4,2,9600,completed,5884943
4,2,9601,completed,5998777
4,2,9602,completed,6016318
4,2,9603,completed,6024526
4,2,9604,completed,6031484
4,2,9605,completed,6125942
4,2,9606,completed,6135901
4,2,9607,completed,6132151
4,2,9608,completed,6128068
4,2,9609,completed,6005026
4,2,9610,completed,6004027
4,2,9611,completed,5998234
4,2,9612,completed,5993068
4,2,9613,completed,5367486
4,2,9614,completed,5374736
4,2,9615,completed,5377278
4,2,9616,completed,5379445
4,2,9617,completed,6385984
4,2,9618,completed,6389400
4,2,9619,completed,6390317
4,2,9620,completed,6390483
4,2,9621,completed,6071943
4,2,9622,completed,6072318
4,2,9623,completed,6073109
4,2,9624,completed,6074026
4,2,9625,completed,5963568
4,2,9626,completed,5971901
4,2,9627,completed,5979652
4,2,9628,completed,5987776
4,2,9629,completed,5993902
4,2,9630,completed,5996526
4,2,9631,completed,5990859
4,2,9632,completed,5985026
4,2,9633,completed,5984110
4,2,9634,completed,5989734
4,2,9635,completed,5991985
4,2,9636,completed,5993277
4,2,9637,completed,4935446
4,2,9638,completed,4931779
4,2,9639,completed,4932945
4,2,9640,completed,4933404
4,2,9641,completed,6683899
4,2,9642,completed,6689066
4,2,9643,completed,6701649
4,2,9644,completed,6713899
4,2,9645,completed,6080485
4,2,9646,completed,6076484
4,2,9647,completed,6065985
4,2,9648,completed,6055318
4,2,9649,completed,5806943
4,2,9650,completed,5805652
4,2,9651,completed,5808485
4,2,9652,completed,5809943
4,2,9653,completed,6335776
4,2,9654,completed,6358734
4,2,9655,completed,6366234
4,2,9656,completed,6371401
4,2,9657,completed,6045818
4,2,9658,completed,6059984
4,2,9659,completed,6060317
4,2,9660,completed,6061068
4,2,9661,completed,5905818
4,2,9662,completed,5916194
4,2,9663,completed,5917027
4,2,9664,completed,5917735
4,2,9665,completed,5977484
4,2,9666,completed,5986443
4,2,9667,completed,5986984
4,2,9668,completed,5987235
4,2,9669,completed,6008193
4,2,9670,completed,6018234
4,2,9671,completed,6015818
4,2,9672,completed,6014193
4,2,9673,completed,5960276
4,2,9674,completed,5979152
4,2,9675,completed,5987235
4,2,9676,completed,5993943
4,2,9677,completed,6007651
4,2,9678,completed,6004068
4,2,9679,completed,5998151
4,2,9680,completed,5991609
4,2,9681,completed,6063901
4,2,9682,completed,6094151
4,2,9683,completed,6094235
4,2,9684,completed,6091484
4,2,9685,completed,5880485
4,2,9686,completed,5869819
4,2,9687,completed,5881444
4,2,9688,completed,5892860
4,2,9689,completed,6070818
4,2,9690,completed,6063818
4,2,9691,completed,6052652
4,2,9692,completed,6042235
4,2,9693,completed,5949152
4,2,9694,completed,5950943
4,2,9695,completed,5953194
4,2,9696,completed,5954943
4,2,9697,completed,5894152
4,2,9698,completed,5903068
4,2,9699,completed,5909527
4,2,9700,completed,5915110
4,2,9701,completed,6070651
4,2,9702,completed,6082360
4,2,9703,completed,6077734
4,2,9704,completed,6072568
4,2,9705,completed,5989818
4,2,9706,completed,5997526
4,2,9707,completed,5999943
4,2,9708,completed,6001776
4,2,9709,completed,5868319
4,2,9710,completed,5876277
4,2,9711,completed,5879985
4,2,9712,completed,5883860
4,2,9713,completed,6093901
4,2,9714,completed,6098318
4,2,9715,completed,6095026
4,2,9716,completed,6090901
4,2,9717,completed,5899444
4,2,9718,completed,5901985
4,2,9719,completed,5908943
4,2,9720,completed,5916152
4,2,9721,completed,6006901
4,2,9722,completed,6011401
4,2,9723,completed,6009068
4,2,9724,completed,6007401
4,2,9725,completed,5643861
4,2,9726,completed,5647319
4,2,9727,completed,5642985
4,2,9728,completed,5639069
4,2,9729,completed,6289526
4,2,9730,completed,6309650
4,2,9731,completed,6321817
4,2,9732,completed,6333651
4,2,9733,completed,6017443
4,2,9734,completed,6015401
4,2,9735,completed,6009151
4,2,9736,completed,6002568
4,2,9737,completed,6036443
4,2,9738,completed,6037443
4,2,9739,completed,6033234
4,2,9740,completed,6029068
4,2,9741,completed,5931484
4,2,9742,completed,5951026
4,2,9743,completed,5963318
4,2,9744,completed,5974859
4,2,9745,completed,6006652
4,2,9746,completed,5997818
4,2,9747,completed,5986943
4,2,9748,completed,5976110
4,2,9749,completed,5971027
4,2,9750,completed,5973026
4,2,9751,completed,5975276
4,2,9752,completed,5976443
4,2,9753,completed,5977860
4,2,9754,completed,5984776
4,2,9755,completed,5986360
4,2,9756,completed,5986152
4,2,9757,completed,6058193
4,2,9758,completed,6054777
4,2,9759,completed,6055359
4,2,9760,completed,6056276
4,2,9761,completed,5904069
4,2,9762,completed,5910860
4,2,9763,completed,5912652
4,2,9764,completed,5913568
4,2,9765,completed,5971318
4,2,9766,completed,5982693
4,2,9767,completed,5988360
4,2,9768,completed,5993735
4,2,9769,completed,6010777
4,2,9770,completed,6026526
4,2,9771,completed,6023609
4,2,9772,completed,6020276
4,2,9773,completed,5942110
4,2,9774,completed,5962152
4,2,9775,completed,5974110
4,2,9776,completed,5985277
4,2,9777,completed,6059193
4,2,9778,completed,6057151
4,2,9779,completed,6049651
4,2,9780,completed,6043568
4,2,9781,completed,5950026
4,2,9782,completed,5956068
4,2,9783,completed,5952943
4,2,9784,completed,5949944
4,2,9785,completed,5926777
4,2,9786,completed,5948527
4,2,9787,completed,5961651
4,2,9788,completed,5972860
4,2,9789,completed,5804110
4,2,9790,completed,5802860
4,2,9791,completed,5796151
4,2,9792,completed,5789360
4,2,9793,completed,6174693
4,2,9794,completed,6178484
4,2,9795,completed,6174984
4,2,9796,completed,6171943
4,2,9797,completed,5954068
4,2,9798,completed,5934818
4,2,9799,completed,5939235
4,2,9800,completed,5943360
4,2,9801,completed,5953318
4,2,9802,completed,5956776
4,2,9803,completed,5953068
4,2,9804,completed,5949152
4,2,9805,completed,6044610
4,2,9806,completed,6052401
4,2,9807,completed,6053609
4,2,9808,completed,6054526
4,2,9809,completed,5743861
4,2,9810,completed,5754527
4,2,9811,completed,5760693
4,2,9812,completed,5765610
4,2,9813,completed,6223650
4,2,9814,completed,6224234
4,2,9815,completed,6229317
4,2,9816,completed,6225151
4,2,9817,completed,6007193
4,2,9818,completed,6016026
4,2,9819,completed,6018277
4,2,9820,completed,6020151
4,2,9821,completed,5915818
4,2,9822,completed,5923068
4,2,9823,completed,5925026
4,2,9824,completed,5925193
4,2,9825,completed,5594903
4,2,9826,completed,5596194
4,2,9827,completed,5600569
4,2,9828,completed,5604902
4,2,9829,completed,6428025
4,2,9830,completed,6453858
4,2,9831,completed,6453525
4,2,9832,completed,6450650
4,2,9833,completed,5954985
4,2,9834,completed,5940152
4,2,9835,completed,5944735
4,2,9836,completed,5950526
4,2,9837,completed,6013151
4,2,9838,completed,6059360
4,2,9839,completed,6058318
4,2,9840,completed,6055152
4,2,9841,completed,5951651
4,2,9842,completed,5924193
4,2,9843,completed,5933860
4,2,9844,completed,5944693
4,2,9845,completed,6110193
4,2,9846,completed,6112360
4,2,9847,completed,6107318
4,2,9848,completed,6100901
4,2,9849,completed,6005901
4,2,9850,completed,6007984
4,2,9851,completed,6004735
4,2,9852,completed,6000859
4,2,9853,completed,5800068
4,2,9854,completed,5807527
4,2,9855,completed,5808526
4,2,9856,completed,5808360
4,2,9857,completed,5690652
4,2,9858,completed,5690277
4,2,9859,completed,5695069
4,2,9860,completed,5699110
4,2,9861,completed,6396734
4,2,9862,completed,6408067
4,2,9863,completed,6411733
4,2,9864,completed,6414525
4,2,9865,completed,5929026
4,2,9866,completed,5929944
4,2,9867,completed,5927527
4,2,9868,completed,5925527
4,2,9869,completed,5777610
4,2,9870,completed,5783901
4,2,9871,completed,5781610
4,2,9872,completed,5779402
4,2,9873,completed,6129485
4,2,9874,completed,6142693
4,2,9875,completed,6148276
4,2,9876,completed,6152317
4,2,9877,completed,6028776
4,2,9878,completed,6027193
4,2,9879,completed,6023651
4,2,9880,completed,6019609
4,2,9881,completed,5981901
4,2,9882,completed,6008985
4,2,9883,completed,6022860
4,2,9884,completed,6034943
4,2,9885,completed,5977693
4,2,9886,completed,5969068
4,2,9887,completed,5959152
4,2,9888,completed,5949401
4,2,9889,completed,5536653
4,2,9890,completed,5539194
4,2,9891,completed,5539861
4,2,9892,completed,5540360
4,2,9893,completed,6245400
4,2,9894,completed,6261776
4,2,9895,completed,6282193
4,2,9896,completed,6284442
4,2,9897,completed,5988818
4,2,9898,completed,6010026
4,2,9899,completed,6018984
4,2,9900,completed,6026068
4,2,9901,completed,6073360
4,2,9902,completed,6072485
4,2,9903,completed,6068985
4,2,9904,completed,6067901
4,2,9905,completed,5997318
4,2,9906,completed,6009277
4,2,9907,completed,6012484
4,2,9908,completed,6015193
4,2,9909,completed,5981109
4,2,9910,completed,5977610
4,2,9911,completed,5970776
4,2,9912,completed,5964860
4,2,9913,completed,6029401
4,2,9914,completed,6038610
4,2,9915,completed,6041401
4,2,9916,completed,6043484
4,2,9917,completed,5956735
4,2,9918,completed,5971610
4,2,9919,completed,5978234
4,2,9920,completed,5984902
4,2,9921,completed,5455277
4,2,9922,completed,5469152
4,2,9923,completed,5473403
4,2,9924,completed,5478319
4,2,9925,completed,6426525
4,2,9926,completed,6420483
4,2,9927,completed,6414192
4,2,9928,completed,6408359
4,2,9929,completed,6061776
4,2,9930,completed,6069484
4,2,9931,completed,6069026
4,2,9932,completed,6070068
4,2,9933,completed,6029401
4,2,9934,completed,6038068
4,2,9935,completed,6038109
4,2,9936,completed,6038277
4,2,9937,completed,5960026
4,2,9938,completed,5975235
4,2,9939,completed,5976276
4,2,9940,completed,5976568
4,2,9941,completed,5978777
4,2,9942,completed,5986943
4,2,9943,completed,5991735
4,2,9944,completed,5996068
4,2,9945,completed,6131109
4,2,9946,completed,6128318
4,2,9947,completed,6118568
4,2,9948,completed,6108943
4,2,9949,completed,5734818
4,2,9950,completed,5736402
4,2,9951,completed,5736111
4,2,9952,completed,5737111
4,2,9953,completed,6145609
4,2,9954,completed,6139693
4,2,9955,completed,6140735
4,2,9956,completed,6140860
4,2,9957,completed,5926151
4,2,9958,completed,5942193
4,2,9959,completed,5944985
4,2,9960,completed,5946235
4,2,9961,completed,5996776
4,2,9962,completed,5997735
4,2,9963,completed,6005443
4,2,9964,completed,6011401
4,2,9965,completed,5970110
4,2,9966,completed,5975860
4,2,9967,completed,5971485
4,2,9968,completed,5966693
4,2,9969,completed,6006026
4,2,9970,completed,6000443
4,2,9971,completed,6001943
4,2,9972,completed,6002818
4,2,9973,completed,6013485
4,2,9974,completed,6021026
4,2,9975,completed,6022859
4,2,9976,completed,6024484
4,2,9977,completed,6004693
4,2,9978,completed,6011652
4,2,9979,completed,6012984
4,2,9980,completed,6013610
4,2,9981,completed,5892694
4,2,9982,completed,5921901
4,2,9983,completed,5926902
4,2,9984,completed,5932776
4,2,9985,completed,5985526
4,2,9986,completed,5998735
4,2,9987,completed,5997985
4,2,9988,completed,5998609
4,2,9989,completed,5491861
4,2,9990,completed,5488819
4,2,9991,completed,5484194
4,2,9992,completed,5480153
4,2,9993,completed,6451191
4,2,9994,completed,6460108
4,2,9995,completed,6462192
4,2,9996,completed,6464442
4,2,9997,completed,5956527
4,2,9998,completed,5968485
4,2,9999,completed,5975568
4,2,10000,completed,5980109
