limit,round,id,result,latency_ns
16,2,1,completed,7187690
16,2,2,completed,7202898
16,2,3,completed,7203982
16,2,4,completed,7204857
16,2,5,completed,7206149
16,2,6,completed,7207440
16,2,7,completed,7208440
16,2,8,completed,7209856
16,2,9,completed,7211148
16,2,10,completed,7212190
16,2,11,completed,7213190
16,2,12,completed,7214232
16,2,13,completed,7215232
16,2,14,completed,7197398
16,2,15,completed,7198731
16,2,16,completed,7199732
16,2,17,completed,5992152
16,2,18,completed,5992943
16,2,19,completed,5993401
16,2,20,completed,5994026
16,2,21,completed,5994693
16,2,22,completed,5995776
16,2,23,completed,5996485
16,2,24,completed,5997609
16,2,25,completed,5998693
16,2,26,completed,5999610
16,2,27,completed,6000318
16,2,28,completed,6001234
16,2,29,completed,5982568
16,2,30,completed,5983235
16,2,31,completed,5984110
16,2,32,completed,5983901
16,2,33,completed,6008026
16,2,34,completed,6013527
16,2,35,completed,6014359
16,2,36,completed,6015360
16,2,37,completed,6016401
16,2,38,completed,6017110
16,2,39,completed,6017818
16,2,40,completed,6019110
16,2,41,completed,6019859
16,2,42,completed,6020818
16,2,43,completed,6021276
16,2,44,completed,5978027
16,2,45,completed,5978360
16,2,46,completed,5978860
16,2,47,completed,5979443
16,2,48,completed,5980110
16,2,49,completed,5934527
16,2,50,completed,5954985
16,2,51,completed,5956652
16,2,52,completed,5958110
16,2,53,completed,5959609
16,2,54,completed,5961401
16,2,55,completed,5963068
16,2,56,completed,5965318
16,2,57,completed,5967609
16,2,58,completed,5969609
16,2,59,completed,5951526
16,2,60,completed,5952651
16,2,61,completed,5953818
16,2,62,completed,5955027
16,2,63,completed,5956235
16,2,64,completed,5958109
16,2,65,completed,5743235
16,2,66,completed,5749277
16,2,67,completed,5750194
16,2,68,completed,5750152
16,2,69,completed,5750443
16,2,70,completed,5750860
16,2,71,completed,5751068
16,2,72,completed,5751819
16,2,73,completed,5752193
16,2,74,completed,5753444
16,2,75,completed,5753652
16,2,76,completed,5753693
16,2,77,completed,5753777
16,2,78,completed,5753777
16,2,79,completed,5754402
16,2,80,completed,5755110
16,2,81,completed,6097068
16,2,82,completed,6098693
16,2,83,completed,6100234
16,2,84,completed,6101402
16,2,85,completed,6102485
16,2,86,completed,6104193
16,2,87,completed,6105276
16,2,88,completed,6107151
16,2,89,completed,6108776
16,2,90,completed,6110484
16,2,91,completed,6112026
16,2,92,completed,6113692
16,2,93,completed,6115276
16,2,94,completed,6116901
16,2,95,completed,6118526
16,2,96,completed,6120442
16,2,97,completed,5913610
16,2,98,completed,5930985
16,2,99,completed,5931485
16,2,100,completed,5932110
16,2,101,completed,5932694
16,2,102,completed,5933152
16,2,103,completed,5933527
16,2,104,completed,5934318
16,2,105,completed,5934985
16,2,106,completed,5935735
16,2,107,completed,5936026
16,2,108,completed,5935360
16,2,109,completed,5935443
16,2,110,completed,5935360
16,2,111,completed,5953734
16,2,112,completed,5956318
16,2,113,completed,5849027
16,2,114,completed,5854985
16,2,115,completed,5855860
16,2,116,completed,5856526
16,2,117,completed,5857277
16,2,118,completed,5858110
16,2,119,completed,5859110
16,2,120,completed,5858902
16,2,121,completed,5860193
16,2,122,completed,5861735
16,2,123,completed,5861610
16,2,124,completed,5862943
16,2,125,completed,5863151
16,2,126,completed,5863944
16,2,127,completed,5865360
16,2,128,completed,5866402
16,2,129,completed,6045401
16,2,130,completed,6052609
16,2,131,completed,6053442
16,2,132,completed,6053817
16,2,133,completed,6054401
16,2,134,completed,6055026
16,2,135,completed,6055610
16,2,136,completed,6056526
16,2,137,completed,6057235
16,2,138,completed,6057984
16,2,139,completed,6058485
16,2,140,completed,6093276
16,2,141,completed,6101526
16,2,142,completed,6102317
16,2,143,completed,6103110
16,2,144,completed,6103693
16,2,145,completed,6079401
16,2,146,completed,6081193
16,2,147,completed,6081485
16,2,148,completed,6081526
16,2,149,completed,6081610
16,2,150,completed,6082068
16,2,151,completed,6082151
16,2,152,completed,6082484
16,2,153,completed,6082692
16,2,154,completed,6082818
16,2,155,completed,6077776
16,2,156,completed,6052318
16,2,157,completed,6052276
16,2,158,completed,6046276
16,2,159,completed,6046318
16,2,160,completed,6046609
16,2,161,completed,5823736
16,2,162,completed,5824027
16,2,163,completed,5824110
16,2,164,completed,5824194
16,2,165,completed,5824235
16,2,166,completed,5824568
16,2,167,completed,5824902
16,2,168,completed,5825444
16,2,169,completed,5825777
16,2,170,completed,5826193
16,2,171,completed,5826443
16,2,172,completed,5826776
16,2,173,completed,5827069
16,2,174,completed,5827360
16,2,175,completed,5827735
16,2,176,completed,5828193
16,2,177,completed,5920318
16,2,178,completed,5924651
16,2,179,completed,5924777
16,2,180,completed,5924902
16,2,181,completed,5925027
16,2,182,completed,5925443
16,2,183,completed,5925818
16,2,184,completed,5926152
16,2,185,completed,5926527
16,2,186,completed,5926985
16,2,187,completed,5927151
16,2,188,completed,5927151
16,2,189,completed,5927360
16,2,190,completed,5927610
16,2,191,completed,5927985
16,2,192,completed,5922277
16,2,193,completed,5939693
16,2,194,completed,5948901
16,2,195,completed,5949276
16,2,196,completed,5950401
16,2,197,completed,5950818
16,2,198,completed,5951651
16,2,199,completed,5952318
16,2,200,completed,5953527
16,2,201,completed,5955693
16,2,202,completed,5957526
16,2,203,completed,5959318
16,2,204,completed,5961193
16,2,205,completed,5963151
16,2,206,completed,5964902
16,2,207,completed,5966734
16,2,208,completed,5968818
16,2,209,completed,6062443
16,2,210,completed,6073901
16,2,211,completed,6074901
16,2,212,completed,6075901
16,2,213,completed,6076943
16,2,214,completed,6078193
16,2,215,completed,6079234
16,2,216,completed,6080734
16,2,217,completed,6081985
16,2,218,completed,6083235
16,2,219,completed,6084359
16,2,220,completed,6085568
16,2,221,completed,6086651
16,2,222,completed,6087735
16,2,223,completed,6126734
16,2,224,completed,6141484
16,2,225,completed,5966609
16,2,226,completed,5976026
16,2,227,completed,5976235
16,2,228,completed,5976568
16,2,229,completed,5977109
16,2,230,completed,5977610
16,2,231,completed,5977693
16,2,232,completed,5979152
16,2,233,completed,5979693
16,2,234,completed,5979860
16,2,235,completed,5979985
16,2,236,completed,5980151
16,2,237,completed,5980526
16,2,238,completed,5980693
16,2,239,completed,5957777
16,2,240,completed,5958110
16,2,241,completed,5939443
16,2,242,completed,5944193
16,2,243,completed,5945610
16,2,244,completed,5946943
16,2,245,completed,5948360
16,2,246,completed,5949901
16,2,247,completed,5951318
16,2,248,completed,5953068
16,2,249,completed,5954776
16,2,250,completed,5956152
16,2,251,completed,5957443
16,2,252,completed,5958943
16,2,253,completed,5960193
16,2,254,completed,5961485
16,2,255,completed,5963027
16,2,256,completed,5964318
16,2,257,completed,5982318
16,2,258,completed,5978276
16,2,259,completed,5978902
16,2,260,completed,5979318
16,2,261,completed,5979943
16,2,262,completed,5982151
16,2,263,completed,5982527
16,2,264,completed,5983443
16,2,265,completed,5984234
16,2,266,completed,5985068
16,2,267,completed,5985360
16,2,268,completed,5985402
16,2,269,completed,5985527
16,2,270,completed,5985318
16,2,271,completed,5985318
16,2,272,completed,5985526
16,2,273,completed,5900069
16,2,274,completed,5906277
16,2,275,completed,5906485
16,2,276,completed,5906735
16,2,277,completed,5907026
16,2,278,completed,5907193
16,2,279,completed,5907402
16,2,280,completed,5908193
16,2,281,completed,5908902
16,2,282,completed,5909485
16,2,283,completed,5909901
16,2,284,completed,5910402
16,2,285,completed,5910818
16,2,286,completed,5911068
16,2,287,completed,5911568
16,2,288,completed,5912193
16,2,289,completed,5467111
16,2,290,completed,5478320
16,2,291,completed,5479653
16,2,292,completed,5480570
16,2,293,completed,5481736
16,2,294,completed,5482695
16,2,295,completed,5483528
16,2,296,completed,5485527
16,2,297,completed,5487319
16,2,298,completed,5488944
16,2,299,completed,5489861
16,2,300,completed,5490736
16,2,301,completed,5491777
16,2,302,completed,5492569
16,2,303,completed,5493444
16,2,304,completed,5494736
16,2,305,completed,6262651
16,2,306,completed,6281234
16,2,307,completed,6281901
16,2,308,completed,6282609
16,2,309,completed,6283151
16,2,310,completed,6284025
16,2,311,completed,6284775
16,2,312,completed,6286025
16,2,313,completed,6286817
16,2,314,completed,6288525
16,2,315,completed,6289109
16,2,316,completed,6289400
16,2,317,completed,6289942
16,2,318,completed,6290817
16,2,319,completed,6292025
16,2,320,completed,6293025
16,2,321,completed,6128776
16,2,322,completed,6139985
16,2,323,completed,6140818
16,2,324,completed,6141651
16,2,325,completed,6142151
16,2,326,completed,6143026
16,2,327,completed,6143693
16,2,328,completed,6144901
16,2,329,completed,6146317
16,2,330,completed,6147609
16,2,331,completed,6148526
16,2,332,completed,6149234
16,2,333,completed,6150109
16,2,334,completed,6150692
16,2,335,completed,6151818
16,2,336,completed,6153318
16,2,337,completed,6176692
16,2,338,completed,6185859
16,2,339,completed,6186359
16,2,340,completed,6187442
16,2,341,completed,6188859
16,2,342,completed,6189734
16,2,343,completed,6190651
16,2,344,completed,6191651
16,2,345,completed,6192067
16,2,346,completed,6192692
16,2,347,completed,6194192
16,2,348,completed,6194734
16,2,349,completed,6195400
16,2,350,completed,6195984
16,2,351,completed,6196859
16,2,352,completed,6197525
16,2,353,completed,5678818
16,2,354,completed,5691611
16,2,355,completed,5693652
16,2,356,completed,5695111
16,2,357,completed,5697194
16,2,358,completed,5698944
16,2,359,completed,5700777
16,2,360,completed,5702943
16,2,361,completed,5704485
16,2,362,completed,5706193
16,2,363,completed,5708486
16,2,364,completed,5739069
16,2,365,completed,5761193
16,2,366,completed,5771819
16,2,367,completed,5774027
16,2,368,completed,5775610
16,2,369,completed,5986860
16,2,370,completed,5992693
16,2,371,completed,5992609
16,2,372,completed,5992901
16,2,373,completed,5992610
16,2,374,completed,5992277
16,2,375,completed,5992693
16,2,376,completed,5992943
16,2,377,completed,5990776
16,2,378,completed,6027901
16,2,379,completed,6030109
16,2,380,completed,6030443
16,2,381,completed,5986109
16,2,382,completed,5985984
16,2,383,completed,5978735
16,2,384,completed,5979485
16,2,385,completed,5921110
16,2,386,completed,5923152
16,2,387,completed,5923026
16,2,388,completed,5923485
16,2,389,completed,5924818
16,2,390,completed,5925152
16,2,391,completed,5926026
16,2,392,completed,5926693
16,2,393,completed,5927818
16,2,394,completed,5929526
16,2,395,completed,5930360
16,2,396,completed,5931151
16,2,397,completed,5932068
16,2,398,completed,5932901
16,2,399,completed,5934110
16,2,400,completed,5935235
16,2,401,completed,5977526
16,2,402,completed,5986609
16,2,403,completed,5987359
16,2,404,completed,5987610
16,2,405,completed,5988652
16,2,406,completed,5989485
16,2,407,completed,5990402
16,2,408,completed,5991276
16,2,409,completed,5991776
16,2,410,completed,5992526
16,2,411,completed,5993652
16,2,412,completed,5994651
16,2,413,completed,5995318
16,2,414,completed,5996277
16,2,415,completed,5997151
16,2,416,completed,5997735
16,2,417,completed,5934277
16,2,418,completed,5939693
16,2,419,completed,5940151
16,2,420,completed,5940609
16,2,421,completed,5941693
16,2,422,completed,5942443
16,2,423,completed,5943193
16,2,424,completed,5944318
16,2,425,completed,5944651
16,2,426,completed,5945610
16,2,427,completed,5946901
16,2,428,completed,5947360
16,2,429,completed,5948109
16,2,430,completed,5948901
16,2,431,completed,5949818
16,2,432,completed,5950484
16,2,433,completed,5906401
16,2,434,completed,5914985
16,2,435,completed,5915443
16,2,436,completed,5915568
16,2,437,completed,5916443
16,2,438,completed,5916901
16,2,439,completed,5918027
16,2,440,completed,5918610
16,2,441,completed,5918984
16,2,442,completed,5919818
16,2,443,completed,5921235
16,2,444,completed,5922109
16,2,445,completed,5922818
16,2,446,completed,5923526
16,2,447,completed,5924526
16,2,448,completed,5924943
16,2,449,completed,6020402
16,2,450,completed,6034152
16,2,451,completed,6035235
16,2,452,completed,6035984
16,2,453,completed,6037277
16,2,454,completed,6038235
16,2,455,completed,6039443
16,2,456,completed,6040651
16,2,457,completed,6041152
16,2,458,completed,6042193
16,2,459,completed,6042860
16,2,460,completed,6044109
16,2,461,completed,6044818
16,2,462,completed,6045485
16,2,463,completed,6046693
16,2,464,completed,6047443
16,2,465,completed,5941193
16,2,466,completed,5946026
16,2,467,completed,5946568
16,2,468,completed,5946985
16,2,469,completed,5947527
16,2,470,completed,5948443
16,2,471,completed,5949235
16,2,472,completed,5949901
16,2,473,completed,5950318
16,2,474,completed,5951027
16,2,475,completed,5952068
16,2,476,completed,5952610
16,2,477,completed,5953318
16,2,478,completed,5953777
16,2,479,completed,5954777
16,2,480,completed,5955276
16,2,481,completed,5885818
16,2,482,completed,5897902
16,2,483,completed,5898401
16,2,484,completed,5898735
16,2,485,completed,5899235
16,2,486,completed,5899943
16,2,487,completed,5900651
16,2,488,completed,5900652
16,2,489,completed,5901068
16,2,490,completed,5901693
16,2,491,completed,5902402
16,2,492,completed,5903027
16,2,493,completed,5903569
16,2,494,completed,5904068
16,2,495,completed,5904776
16,2,496,completed,5864485
16,2,497,completed,6177151
16,2,498,completed,6194525
16,2,499,completed,6195234
16,2,500,completed,6195818
16,2,501,completed,6196651
16,2,502,completed,6197567
16,2,503,completed,6198567
16,2,504,completed,6199859
16,2,505,completed,6200276
16,2,506,completed,6201234
16,2,507,completed,6202692
16,2,508,completed,6203817
16,2,509,completed,6204526
16,2,510,completed,6205234
16,2,511,completed,6206192
16,2,512,completed,6206942
16,2,513,completed,5475153
16,2,514,completed,5482403
16,2,515,completed,5483486
16,2,516,completed,5484027
16,2,517,completed,5485278
16,2,518,completed,5485986
16,2,519,completed,5486944
16,2,520,completed,5487694
16,2,521,completed,5488111
16,2,522,completed,5488945
16,2,523,completed,5489819
16,2,524,completed,5490986
16,2,525,completed,5491695
16,2,526,completed,5492069
16,2,527,completed,5493069
16,2,528,completed,5493778
16,2,529,completed,6240151
16,2,530,completed,6257151
16,2,531,completed,6258484
16,2,532,completed,6259651
16,2,533,completed,6261109
16,2,534,completed,6262276
16,2,535,completed,6263901
16,2,536,completed,6265442
16,2,537,completed,6266484
16,2,538,completed,6268025
16,2,539,completed,6269484
16,2,540,completed,6271192
16,2,541,completed,6272401
16,2,542,completed,6273900
16,2,543,completed,6276442
16,2,544,completed,6277400
16,2,545,completed,6138109
16,2,546,completed,6155151
16,2,547,completed,6155776
16,2,548,completed,6156442
16,2,549,completed,6157234
16,2,550,completed,6157776
16,2,551,completed,6158693
16,2,552,completed,6159901
16,2,553,completed,6160026
16,2,554,completed,6160735
16,2,555,completed,6161901
16,2,556,completed,6162442
16,2,557,completed,6163026
16,2,558,completed,6163526
16,2,559,completed,6164401
16,2,560,completed,6165109
16,2,561,completed,5773901
16,2,562,completed,5789193
16,2,563,completed,5790901
16,2,564,completed,5792069
16,2,565,completed,5793943
16,2,566,completed,5795318
16,2,567,completed,5802527
16,2,568,completed,5804818
16,2,569,completed,5806360
16,2,570,completed,5808568
16,2,571,completed,5810360
16,2,572,completed,5811819
16,2,573,completed,5813568
16,2,574,completed,5814943
16,2,575,completed,5816777
16,2,576,completed,5818151
16,2,577,completed,5902860
16,2,578,completed,5905485
16,2,579,completed,5906318
16,2,580,completed,5906943
16,2,581,completed,5907985
16,2,582,completed,5908860
16,2,583,completed,5909734
16,2,584,completed,5910735
16,2,585,completed,5911401
16,2,586,completed,5912443
16,2,587,completed,5913443
16,2,588,completed,5914276
16,2,589,completed,5915026
16,2,590,completed,5915859
16,2,591,completed,5916776
16,2,592,completed,5917526
16,2,593,completed,5926527
16,2,594,completed,5926735
16,2,595,completed,5927235
16,2,596,completed,5927902
16,2,597,completed,5901193
16,2,598,completed,5902068
16,2,599,completed,5902901
16,2,600,completed,5904110
16,2,601,completed,5904693
16,2,602,completed,5905485
16,2,603,completed,5906277
16,2,604,completed,5907109
16,2,605,completed,5908027
16,2,606,completed,5908943
16,2,607,completed,5910068
16,2,608,completed,5910359
16,2,609,completed,5553277
16,2,610,completed,5558360
16,2,611,completed,5558778
16,2,612,completed,5559278
16,2,613,completed,5559902
16,2,614,completed,5560735
16,2,615,completed,5561528
16,2,616,completed,5562527
16,2,617,completed,5562944
16,2,618,completed,5563819
16,2,619,completed,5564486
16,2,620,completed,5565611
16,2,621,completed,5566485
16,2,622,completed,5567069
16,2,623,completed,5568028
16,2,624,completed,5568694
16,2,625,completed,6115693
16,2,626,completed,6125442
16,2,627,completed,6126192
16,2,628,completed,6126692
16,2,629,completed,6127526
16,2,630,completed,6127984
16,2,631,completed,6128901
16,2,632,completed,6129817
16,2,633,completed,6130235
16,2,634,completed,6130984
16,2,635,completed,6132318
16,2,636,completed,6133609
16,2,637,completed,6134109
16,2,638,completed,6134651
16,2,639,completed,6135526
16,2,640,completed,6136110
16,2,641,completed,5963985
16,2,642,completed,5975734
16,2,643,completed,5976443
16,2,644,completed,5977193
16,2,645,completed,5978360
16,2,646,completed,5979402
16,2,647,completed,5980277
16,2,648,completed,5981151
16,2,649,completed,5981526
16,2,650,completed,5982193
16,2,651,completed,5983151
16,2,652,completed,5983943
16,2,653,completed,5984609
16,2,654,completed,5985193
16,2,655,completed,5986776
16,2,656,completed,5987360
16,2,657,completed,6003360
16,2,658,completed,6016902
16,2,659,completed,6017735
16,2,660,completed,6019110
16,2,661,completed,6020651
16,2,662,completed,6021652
16,2,663,completed,6022568
16,2,664,completed,6023818
16,2,665,completed,6024360
16,2,666,completed,6025484
16,2,667,completed,6027193
16,2,668,completed,6028276
16,2,669,completed,6029193
16,2,670,completed,6029902
16,2,671,completed,6030776
16,2,672,completed,6031568
16,2,673,completed,7216315
16,2,674,completed,7218149
16,2,675,completed,7219481
16,2,676,completed,7220690
16,2,677,completed,7221690
16,2,678,completed,7223148
16,2,679,completed,7224649
16,2,680,completed,7225565
16,2,681,completed,7226815
16,2,682,completed,7228524
16,2,683,completed,7229273
16,2,684,completed,7230398
16,2,685,completed,7231940
16,2,686,completed,7232690
16,2,687,completed,7233731
16,2,688,completed,7234357
16,2,689,completed,5222236
16,2,690,completed,5222528
16,2,691,completed,5223320
16,2,692,completed,5223820
16,2,693,completed,5224486
16,2,694,completed,5225403
16,2,695,completed,5226112
16,2,696,completed,5226986
16,2,697,completed,5228319
16,2,698,completed,5228986
16,2,699,completed,5229570
16,2,700,completed,5230028
16,2,701,completed,5230736
16,2,702,completed,5231445
16,2,703,completed,5232236
16,2,704,completed,5232944
16,2,705,completed,6512942
16,2,706,completed,6517567
16,2,707,completed,6528942
16,2,708,completed,6529900
16,2,709,completed,6530900
16,2,710,completed,6532233
16,2,711,completed,6533358
16,2,712,completed,6534275
16,2,713,completed,6535567
16,2,714,completed,6536316
16,2,715,completed,6537108
16,2,716,completed,6537692
16,2,717,completed,6538650
16,2,718,completed,6539275
16,2,719,completed,6540317
16,2,720,completed,6540900
16,2,721,completed,6081734
16,2,722,completed,6217151
16,2,723,completed,6222151
16,2,724,completed,6227526
16,2,725,completed,6233484
16,2,726,completed,6238192
16,2,727,completed,6242859
16,2,728,completed,6248151
16,2,729,completed,6253151
16,2,730,completed,6277526
16,2,731,completed,6282650
16,2,732,completed,6287400
16,2,733,completed,6292109
16,2,734,completed,6296734
16,2,735,completed,6337692
16,2,736,completed,6342025
16,2,737,completed,5803402
16,2,738,completed,5812610
16,2,739,completed,5814151
16,2,740,completed,5817110
16,2,741,completed,5816777
16,2,742,completed,5817151
16,2,743,completed,5817568
16,2,744,completed,5816985
16,2,745,completed,5797569
16,2,746,completed,5796943
16,2,747,completed,5796027
16,2,748,completed,5795318
16,2,749,completed,5795152
16,2,750,completed,5759236
16,2,751,completed,5758611
16,2,752,completed,5759068
16,2,753,completed,5938902
16,2,754,completed,5943527
16,2,755,completed,5940068
16,2,756,completed,5939443
16,2,757,completed,5939402
16,2,758,completed,5939693
16,2,759,completed,5941068
16,2,760,completed,5940276
16,2,761,completed,5939776
16,2,762,completed,5939568
16,2,763,completed,5968193
16,2,764,completed,5970152
16,2,765,completed,5970943
16,2,766,completed,5971651
16,2,767,completed,5973026
16,2,768,completed,5973193
16,2,769,completed,6028568
16,2,770,completed,6030860
16,2,771,completed,6027526
16,2,772,completed,6023485
16,2,773,completed,6019401
16,2,774,completed,6014151
16,2,775,completed,6011235
16,2,776,completed,6008693
16,2,777,completed,6005901
16,2,778,completed,5978484
16,2,779,completed,5969276
16,2,780,completed,5964526
16,2,781,completed,5960276
16,2,782,completed,5955860
16,2,783,completed,5951318
16,2,784,completed,5947526
16,2,785,completed,10003641
16,2,786,completed,10012307
16,2,787,completed,10013766
16,2,788,completed,10014766
16,2,789,completed,10015891
16,2,790,completed,10017224
16,2,791,completed,10018766
16,2,792,completed,10020183
16,2,793,completed,10021558
16,2,794,completed,10022475
16,2,795,completed,10023266
16,2,796,completed,10024016
16,2,797,completed,10025058
16,2,798,completed,10025808
16,2,799,completed,10026932
16,2,800,completed,10027850
16,2,801,completed,4857738
16,2,802,completed,4892404
16,2,803,completed,4897821
16,2,804,completed,4903071
16,2,805,completed,4908571
16,2,806,completed,4913945
16,2,807,completed,4918821
16,2,808,completed,4923987
16,2,809,completed,4929196
16,2,810,completed,4934071
16,2,811,completed,4938862
16,2,812,completed,4943154
16,2,813,completed,4948071
16,2,814,completed,4952445
16,2,815,completed,4957779
16,2,816,completed,4962695
16,2,817,completed,5673819
16,2,818,completed,5668736
16,2,819,completed,5664027
16,2,820,completed,5659903
16,2,821,completed,5655278
16,2,822,completed,5650486
16,2,823,completed,5645860
16,2,824,completed,5641069
16,2,825,completed,5637194
16,2,826,completed,5633152
16,2,827,completed,5628819
16,2,828,completed,5625319
16,2,829,completed,5620736
16,2,830,completed,5616902
16,2,831,completed,5612402
16,2,832,completed,5608319
16,2,833,completed,5958776
16,2,834,completed,5961068
16,2,835,completed,5961735
16,2,836,completed,5962444
16,2,837,completed,5963443
16,2,838,completed,5964068
16,2,839,completed,5964943
16,2,840,completed,5965902
16,2,841,completed,5966901
16,2,842,completed,5967402
16,2,843,completed,5967777
16,2,844,completed,5968276
16,2,845,completed,5968610
16,2,846,completed,5969443
16,2,847,completed,5970027
16,2,848,completed,5970443
16,2,849,completed,6085109
16,2,850,completed,6097693
16,2,851,completed,6099360
16,2,852,completed,6100526
16,2,853,completed,6101901
16,2,854,completed,6103401
16,2,855,completed,6104901
16,2,856,completed,6106193
16,2,857,completed,6107860
16,2,858,completed,6108860
16,2,859,completed,6109818
16,2,860,completed,6110693
16,2,861,completed,6111235
16,2,862,completed,6112234
16,2,863,completed,6113609
16,2,864,completed,6114818
16,2,865,completed,5332028
16,2,866,completed,5333778
16,2,867,completed,5334612
16,2,868,completed,5335153
16,2,869,completed,5336028
16,2,870,completed,5336653
16,2,871,completed,5337403
16,2,872,completed,5338028
16,2,873,completed,5339153
16,2,874,completed,5339861
16,2,875,completed,5340612
16,2,876,completed,5341361
16,2,877,completed,5341778
16,2,878,completed,5342903
16,2,879,completed,5343653
16,2,880,completed,5344320
16,2,881,completed,12464384
16,2,882,completed,12494718
16,2,883,completed,12495927
16,2,884,completed,12497968
16,2,885,completed,12499177
16,2,886,completed,12501510
16,2,887,completed,12503260
16,2,888,completed,12505468
16,2,889,completed,12507927
16,2,890,completed,12509885
16,2,891,completed,12511676
16,2,892,completed,12513093
16,2,893,completed,12514884
16,2,894,completed,12515927
16,2,895,completed,12517343
16,2,896,completed,12517884
16,2,897,completed,6887857
16,2,898,completed,6892483
16,2,899,completed,6893857
16,2,900,completed,6894316
16,2,901,completed,6896107
16,2,902,completed,6897149
16,2,903,completed,6898274
16,2,904,completed,6899732
16,2,905,completed,6900858
16,2,906,completed,6901774
16,2,907,completed,6902773
16,2,908,completed,6903774
16,2,909,completed,6904524
16,2,910,completed,6904941
16,2,911,completed,6906399
16,2,912,completed,6907774
16,2,913,completed,5517444
16,2,914,completed,5532903
16,2,915,completed,5533570
16,2,916,completed,5534361
16,2,917,completed,5535486
16,2,918,completed,5536319
16,2,919,completed,5537278
16,2,920,completed,5539320
16,2,921,completed,5540403
16,2,922,completed,5541402
16,2,923,completed,5542236
16,2,924,completed,5543403
16,2,925,completed,5544070
16,2,926,completed,5544486
16,2,927,completed,5545819
16,2,928,completed,5547652
16,2,929,completed,5709527
16,2,930,completed,5701068
16,2,931,completed,5701527
16,2,932,completed,5701735
16,2,933,completed,5702443
16,2,934,completed,5703027
16,2,935,completed,5703902
16,2,936,completed,5704819
16,2,937,completed,5705944
16,2,938,completed,5706860
16,2,939,completed,5707444
16,2,940,completed,5708110
16,2,941,completed,5708652
16,2,942,completed,5709111
16,2,943,completed,5709819
16,2,944,completed,5710693
16,2,945,completed,6529609
16,2,946,completed,6562983
16,2,947,completed,6564192
16,2,948,completed,6564691
16,2,949,completed,6565691
16,2,950,completed,6566192
16,2,951,completed,6567650
16,2,952,completed,6568942
16,2,953,completed,6570442
16,2,954,completed,6571692
16,2,955,completed,6572816
16,2,956,completed,6574108
16,2,957,completed,6574817
16,2,958,completed,6575192
16,2,959,completed,6576233
16,2,960,completed,6577733
16,2,961,completed,5841943
16,2,962,completed,5845652
16,2,963,completed,5846860
16,2,964,completed,5847485
16,2,965,completed,5848943
16,2,966,completed,5840943
16,2,967,completed,5842110
16,2,968,completed,5843735
16,2,969,completed,5844693
16,2,970,completed,5845901
16,2,971,completed,5846735
16,2,972,completed,5848277
16,2,973,completed,5848943
16,2,974,completed,5849319
16,2,975,completed,5850318
16,2,976,completed,5852110
16,2,977,completed,5931652
16,2,978,completed,5938360
16,2,979,completed,5944527
16,2,980,completed,5944985
16,2,981,completed,5946401
16,2,982,completed,5947152
16,2,983,completed,5948401
16,2,984,completed,5949610
16,2,985,completed,5950652
16,2,986,completed,5951610
16,2,987,completed,5952819
16,2,988,completed,5953735
16,2,989,completed,5954110
16,2,990,completed,5954485
16,2,991,completed,5974401
16,2,992,completed,5993568
16,2,993,completed,5965526
16,2,994,completed,5975402
16,2,995,completed,5975902
16,2,996,completed,5976026
16,2,997,completed,5977610
16,2,998,completed,5978276
16,2,999,completed,5979110
16,2,1000,completed,5980152
16,2,1001,completed,5981610
16,2,1002,completed,5982360
16,2,1003,completed,5982985
16,2,1004,completed,5983484
16,2,1005,completed,5983860
16,2,1006,completed,5984068
16,2,1007,completed,5971193
16,2,1008,completed,5952401
16,2,1009,completed,5943401
16,2,1010,completed,5953235
16,2,1011,completed,5953902
16,2,1012,completed,5954110
16,2,1013,completed,5954985
16,2,1014,completed,5955693
16,2,1015,completed,5956818
16,2,1016,completed,5957568
16,2,1017,completed,5958735
16,2,1018,completed,5959693
16,2,1019,completed,5960402
16,2,1020,completed,5961360
16,2,1021,completed,5961901
16,2,1022,completed,5962318
16,2,1023,completed,5962860
16,2,1024,completed,5963693
16,2,1025,completed,5914235
16,2,1026,completed,5921152
16,2,1027,completed,5922277
16,2,1028,completed,5922527
16,2,1029,completed,5923360
16,2,1030,completed,5924152
16,2,1031,completed,5925194
16,2,1032,completed,5926152
16,2,1033,completed,5926735
16,2,1034,completed,5927568
16,2,1035,completed,5928152
16,2,1036,completed,5929068
16,2,1037,completed,5929568
16,2,1038,completed,5929985
16,2,1039,completed,5930610
16,2,1040,completed,5931485
16,2,1041,completed,5904109
16,2,1042,completed,5920652
16,2,1043,completed,5921693
16,2,1044,completed,5922485
16,2,1045,completed,5924277
16,2,1046,completed,5925360
16,2,1047,completed,5926485
16,2,1048,completed,5928193
16,2,1049,completed,5929360
16,2,1050,completed,5930568
16,2,1051,completed,5931693
16,2,1052,completed,5933068
16,2,1053,completed,5933735
16,2,1054,completed,5934318
16,2,1055,completed,5935318
16,2,1056,completed,5936943
16,2,1057,completed,6065568
16,2,1058,completed,6080401
16,2,1059,completed,6081026
16,2,1060,completed,6081151
16,2,1061,completed,6082026
16,2,1062,completed,6083068
16,2,1063,completed,6083735
16,2,1064,completed,6085818
16,2,1065,completed,6086901
16,2,1066,completed,6087776
16,2,1067,completed,6088734
16,2,1068,completed,6089817
16,2,1069,completed,6090401
16,2,1070,completed,6090818
16,2,1071,completed,6091776
16,2,1072,completed,6093151
16,2,1073,completed,5874943
16,2,1074,completed,5876443
16,2,1075,completed,5876860
16,2,1076,completed,5877276
16,2,1077,completed,5878276
16,2,1078,completed,5878943
16,2,1079,completed,5879860
16,2,1080,completed,5880609
16,2,1081,completed,5881277
16,2,1082,completed,5882068
16,2,1083,completed,5882651
16,2,1084,completed,5883485
16,2,1085,completed,5883985
16,2,1086,completed,5884401
16,2,1087,completed,5885068
16,2,1088,completed,5885401
16,2,1089,completed,6046735
16,2,1090,completed,6063110
16,2,1091,completed,6063610
16,2,1092,completed,6064193
16,2,1093,completed,6065068
16,2,1094,completed,6065901
16,2,1095,completed,6066985
16,2,1096,completed,6068277
16,2,1097,completed,6069277
16,2,1098,completed,6070151
16,2,1099,completed,6070610
16,2,1100,completed,6071235
16,2,1101,completed,6071818
16,2,1102,completed,6072110
16,2,1103,completed,6073068
16,2,1104,completed,6073985
16,2,1105,completed,5897734
16,2,1106,completed,5903527
16,2,1107,completed,5904069
16,2,1108,completed,5904360
16,2,1109,completed,5905277
16,2,1110,completed,5906193
16,2,1111,completed,5907318
16,2,1112,completed,5908027
16,2,1113,completed,5908860
16,2,1114,completed,5909652
16,2,1115,completed,5910526
16,2,1116,completed,5911152
16,2,1117,completed,5911860
16,2,1118,completed,5912318
16,2,1119,completed,5913027
16,2,1120,completed,5914152
16,2,1121,completed,5956901
16,2,1122,completed,5969859
16,2,1123,completed,5970193
16,2,1124,completed,5970610
16,2,1125,completed,5971360
16,2,1126,completed,5971985
16,2,1127,completed,5972735
16,2,1128,completed,5974110
16,2,1129,completed,5975152
16,2,1130,completed,5975901
16,2,1131,completed,5976609
16,2,1132,completed,5977401
16,2,1133,completed,5978068
16,2,1134,completed,5978568
16,2,1135,completed,5979526
16,2,1136,completed,5980859
16,2,1137,completed,6011735
16,2,1138,completed,6023942
16,2,1139,completed,6024942
16,2,1140,completed,6025193
16,2,1141,completed,6026317
16,2,1142,completed,6026901
16,2,1143,completed,6027984
16,2,1144,completed,6029151
16,2,1145,completed,6030151
16,2,1146,completed,6030859
16,2,1147,completed,6031609
16,2,1148,completed,6032735
16,2,1149,completed,6033234
16,2,1150,completed,6033567
16,2,1151,completed,6034526
16,2,1152,completed,6036068
16,2,1153,completed,7296982
16,2,1154,completed,7299273
16,2,1155,completed,7301981
16,2,1156,completed,7304148
16,2,1157,completed,7306606
16,2,1158,completed,7307898
16,2,1159,completed,7308315
16,2,1160,completed,7311148
16,2,1161,completed,7312357
16,2,1162,completed,7312731
16,2,1163,completed,7313148
16,2,1164,completed,7314815
16,2,1165,completed,7315356
16,2,1166,completed,7316273
16,2,1167,completed,7317231
16,2,1168,completed,7318523
16,2,1169,completed,6071984
16,2,1170,completed,6078360
16,2,1171,completed,6079609
16,2,1172,completed,6080568
16,2,1173,completed,6081818
16,2,1174,completed,6082735
16,2,1175,completed,6082943
16,2,1176,completed,6083984
16,2,1177,completed,6084943
16,2,1178,completed,6086068
16,2,1179,completed,6086567
16,2,1180,completed,6087484
16,2,1181,completed,6088651
16,2,1182,completed,6089276
16,2,1183,completed,6089943
16,2,1184,completed,6091360
16,2,1185,completed,5827360
16,2,1186,completed,5829444
16,2,1187,completed,5831318
16,2,1188,completed,5832860
16,2,1189,completed,5834610
16,2,1190,completed,5836526
16,2,1191,completed,5837860
16,2,1192,completed,5840194
16,2,1193,completed,5842443
16,2,1194,completed,5844318
16,2,1195,completed,5845777
16,2,1196,completed,5847652
16,2,1197,completed,5849860
16,2,1198,completed,5852193
16,2,1199,completed,5853610
16,2,1200,completed,5855777
16,2,1201,completed,5894110
16,2,1202,completed,5902693
16,2,1203,completed,5902859
16,2,1204,completed,5903027
16,2,1205,completed,5903027
16,2,1206,completed,5903234
16,2,1207,completed,5903485
16,2,1208,completed,5903818
16,2,1209,completed,5904152
16,2,1210,completed,5904234
16,2,1211,completed,5904318
16,2,1212,completed,5904401
16,2,1213,completed,5904693
16,2,1214,completed,5905109
16,2,1215,completed,5905276
16,2,1216,completed,5905443
16,2,1217,completed,6052943
16,2,1218,completed,6062484
16,2,1219,completed,6064026
16,2,1220,completed,6064818
16,2,1221,completed,6066068
16,2,1222,completed,6068193
16,2,1223,completed,6069193
16,2,1224,completed,6070484
16,2,1225,completed,6071734
16,2,1226,completed,6072735
16,2,1227,completed,6073109
16,2,1228,completed,6073651
16,2,1229,completed,6074943
16,2,1230,completed,6076234
16,2,1231,completed,6076526
16,2,1232,completed,6077693
16,2,1233,completed,5856068
16,2,1234,completed,5858944
16,2,1235,completed,5868360
16,2,1236,completed,5869401
16,2,1237,completed,5870110
16,2,1238,completed,5871402
16,2,1239,completed,5871860
16,2,1240,completed,5873110
16,2,1241,completed,5874235
16,2,1242,completed,5875860
16,2,1243,completed,5877277
16,2,1244,completed,5877985
16,2,1245,completed,5878985
16,2,1246,completed,5880485
16,2,1247,completed,5881277
16,2,1248,completed,5881776
16,2,1249,completed,6292442
16,2,1250,completed,6297942
16,2,1251,completed,6298943
16,2,1252,completed,6300067
16,2,1253,completed,6301234
16,2,1254,completed,6302067
16,2,1255,completed,6302650
16,2,1256,completed,6303817
16,2,1257,completed,6304984
16,2,1258,completed,6306526
16,2,1259,completed,6307151
16,2,1260,completed,6307692
16,2,1261,completed,6308317
16,2,1262,completed,6309567
16,2,1263,completed,6310526
16,2,1264,completed,6311025
16,2,1265,completed,7769939
16,2,1266,completed,7748563
16,2,1267,completed,7748813
16,2,1268,completed,7750188
16,2,1269,completed,7751313
16,2,1270,completed,7751980
16,2,1271,completed,7752730
16,2,1272,completed,7754271
16,2,1273,completed,7755272
16,2,1274,completed,7756647
16,2,1275,completed,7757438
16,2,1276,completed,7759105
16,2,1277,completed,7759938
16,2,1278,completed,7760480
16,2,1279,completed,7761314
16,2,1280,completed,7762063
16,2,1281,completed,5989526
16,2,1282,completed,5932985
16,2,1283,completed,5932777
16,2,1284,completed,5933859
16,2,1285,completed,5935526
16,2,1286,completed,5936693
16,2,1287,completed,5937735
16,2,1288,completed,5938443
16,2,1289,completed,5939943
16,2,1290,completed,5941068
16,2,1291,completed,5941777
16,2,1292,completed,5942568
16,2,1293,completed,5943109
16,2,1294,completed,5944443
16,2,1295,completed,5944943
16,2,1296,completed,5945651
16,2,1297,completed,5870527
16,2,1298,completed,5878568
16,2,1299,completed,5898443
16,2,1300,completed,5899776
16,2,1301,completed,5900693
16,2,1302,completed,5901860
16,2,1303,completed,5902443
16,2,1304,completed,5904443
16,2,1305,completed,5905151
16,2,1306,completed,5906359
16,2,1307,completed,5907443
16,2,1308,completed,5908485
16,2,1309,completed,5909651
16,2,1310,completed,5910610
16,2,1311,completed,5911776
16,2,1312,completed,5913276
16,2,1313,completed,5903235
16,2,1314,completed,5926527
16,2,1315,completed,5934860
16,2,1316,completed,5941151
16,2,1317,completed,5947818
16,2,1318,completed,5954110
16,2,1319,completed,5959735
16,2,1320,completed,5967068
16,2,1321,completed,5972777
16,2,1322,completed,5979110
16,2,1323,completed,5985234
16,2,1324,completed,5991485
16,2,1325,completed,5997776
16,2,1326,completed,6003234
16,2,1327,completed,6009151
16,2,1328,completed,6015693
16,2,1329,completed,5940443
16,2,1330,completed,5933402
16,2,1331,completed,5927943
16,2,1332,completed,5922568
16,2,1333,completed,5916819
16,2,1334,completed,5911027
16,2,1335,completed,5905944
16,2,1336,completed,5900027
16,2,1337,completed,5894777
16,2,1338,completed,5889568
16,2,1339,completed,5884235
16,2,1340,completed,5879318
16,2,1341,completed,5874027
16,2,1342,completed,5869110
16,2,1343,completed,5864360
16,2,1344,completed,5858526
16,2,1345,completed,6045734
16,2,1346,completed,6058401
16,2,1347,completed,6060776
16,2,1348,completed,6062359
16,2,1349,completed,6064818
16,2,1350,completed,6067026
16,2,1351,completed,6068860
16,2,1352,completed,6072109
16,2,1353,completed,6073568
16,2,1354,completed,6076359
16,2,1355,completed,6078110
16,2,1356,completed,6080484
16,2,1357,completed,6082484
16,2,1358,completed,6084776
16,2,1359,completed,6087276
16,2,1360,completed,6090068
16,2,1361,completed,5863652
16,2,1362,completed,5864235
16,2,1363,completed,5864152
16,2,1364,completed,5864401
16,2,1365,completed,5865026
16,2,1366,completed,5865485
16,2,1367,completed,5866360
16,2,1368,completed,5866651
16,2,1369,completed,5867152
16,2,1370,completed,5867485
16,2,1371,completed,5867652
16,2,1372,completed,5867693
16,2,1373,completed,5867777
16,2,1374,completed,5867860
16,2,1375,completed,5867776
16,2,1376,completed,5868277
16,2,1377,completed,6226651
16,2,1378,completed,6259818
16,2,1379,completed,6261026
16,2,1380,completed,6262609
16,2,1381,completed,6263776
16,2,1382,completed,6265651
16,2,1383,completed,6266817
16,2,1384,completed,6268526
16,2,1385,completed,6269943
16,2,1386,completed,6271567
16,2,1387,completed,6272609
16,2,1388,completed,6274693
16,2,1389,completed,6275859
16,2,1390,completed,6276734
16,2,1391,completed,6277151
16,2,1392,completed,6279109
16,2,1393,completed,5821568
16,2,1394,completed,5829777
16,2,1395,completed,5830860
16,2,1396,completed,5831860
16,2,1397,completed,5833235
16,2,1398,completed,5834485
16,2,1399,completed,5835777
16,2,1400,completed,5837318
16,2,1401,completed,5839193
16,2,1402,completed,5839444
16,2,1403,completed,5840568
16,2,1404,completed,5841360
16,2,1405,completed,5842902
16,2,1406,completed,5844276
16,2,1407,completed,5845902
16,2,1408,completed,5847110
16,2,1409,completed,5827735
16,2,1410,completed,5832277
16,2,1411,completed,5832901
16,2,1412,completed,5834401
16,2,1413,completed,5835193
16,2,1414,completed,5836402
16,2,1415,completed,5837235
16,2,1416,completed,5838193
16,2,1417,completed,5839568
16,2,1418,completed,5840068
16,2,1419,completed,5841027
16,2,1420,completed,5841318
16,2,1421,completed,5842277
16,2,1422,completed,5843152
16,2,1423,completed,5844402
16,2,1424,completed,5846318
16,2,1425,completed,5896818
16,2,1426,completed,5898694
16,2,1427,completed,5899235
16,2,1428,completed,5900193
16,2,1429,completed,5900984
16,2,1430,completed,5902027
16,2,1431,completed,5902485
16,2,1432,completed,5903443
16,2,1433,completed,5904318
16,2,1434,completed,5905026
16,2,1435,completed,5905652
16,2,1436,completed,5906068
16,2,1437,completed,5907193
16,2,1438,completed,5907860
16,2,1439,completed,5908818
16,2,1440,completed,5909859
16,2,1441,completed,6209234
16,2,1442,completed,6218276
16,2,1443,completed,6219359
16,2,1444,completed,6220484
16,2,1445,completed,6221609
16,2,1446,completed,6222943
16,2,1447,completed,6224109
16,2,1448,completed,6224693
16,2,1449,completed,6226025
16,2,1450,completed,6226609
16,2,1451,completed,6227193
16,2,1452,completed,6227526
16,2,1453,completed,6228900
16,2,1454,completed,6229526
16,2,1455,completed,6230776
16,2,1456,completed,6232359
16,2,1457,completed,7701563
16,2,1458,completed,7721230
16,2,1459,completed,7722022
16,2,1460,completed,7723188
16,2,1461,completed,7724272
16,2,1462,completed,7725480
16,2,1463,completed,7726522
16,2,1464,completed,7726897
16,2,1465,completed,7727688
16,2,1466,completed,7729106
16,2,1467,completed,7730064
16,2,1468,completed,7730480
16,2,1469,completed,7731481
16,2,1470,completed,7732772
16,2,1471,completed,7734105
16,2,1472,completed,7735897
16,2,1473,completed,5945610
16,2,1474,completed,5948401
16,2,1475,completed,5948901
16,2,1476,completed,5949693
16,2,1477,completed,5949943
16,2,1478,completed,5950651
16,2,1479,completed,5951276
16,2,1480,completed,5951776
16,2,1481,completed,5952527
16,2,1482,completed,5953151
16,2,1483,completed,5953402
16,2,1484,completed,5953818
16,2,1485,completed,5954401
16,2,1486,completed,5954902
16,2,1487,completed,5955485
16,2,1488,completed,5956526
16,2,1489,completed,5952276
16,2,1490,completed,5964359
16,2,1491,completed,5964651
16,2,1492,completed,5965443
16,2,1493,completed,5966610
16,2,1494,completed,5967318
16,2,1495,completed,5968193
16,2,1496,completed,5968610
16,2,1497,completed,5969068
16,2,1498,completed,5969693
16,2,1499,completed,5970318
16,2,1500,completed,5970776
16,2,1501,completed,5971360
16,2,1502,completed,5972151
16,2,1503,completed,5972901
16,2,1504,completed,5973693
16,2,1505,completed,5956318
16,2,1506,completed,5955235
16,2,1507,completed,5955318
16,2,1508,completed,5955526
16,2,1509,completed,5955943
16,2,1510,completed,5956151
16,2,1511,completed,5957026
16,2,1512,completed,5957443
16,2,1513,completed,5957943
16,2,1514,completed,5958526
16,2,1515,completed,5964943
16,2,1516,completed,5961943
16,2,1517,completed,5962360
16,2,1518,completed,5962860
16,2,1519,completed,5963276
16,2,1520,completed,5975485
16,2,1521,completed,6002652
16,2,1522,completed,6013776
16,2,1523,completed,6014109
16,2,1524,completed,6014651
16,2,1525,completed,6015235
16,2,1526,completed,6015818
16,2,1527,completed,6016401
16,2,1528,completed,6016692
16,2,1529,completed,6015943
16,2,1530,completed,6016526
16,2,1531,completed,6017068
16,2,1532,completed,6017192
16,2,1533,completed,6018026
16,2,1534,completed,6018734
16,2,1535,completed,6019567
16,2,1536,completed,6019901
16,2,1537,completed,5923319
16,2,1538,completed,5927610
16,2,1539,completed,5928443
16,2,1540,completed,5929027
16,2,1541,completed,5929860
16,2,1542,completed,5930485
16,2,1543,completed,5931318
16,2,1544,completed,5931735
16,2,1545,completed,5932235
16,2,1546,completed,5939902
16,2,1547,completed,5940402
16,2,1548,completed,5940860
16,2,1549,completed,5941693
16,2,1550,completed,5942568
16,2,1551,completed,5961735
16,2,1552,completed,5970734
16,2,1553,completed,6159776
16,2,1554,completed,6168276
16,2,1555,completed,6168901
16,2,1556,completed,6169401
16,2,1557,completed,6169943
16,2,1558,completed,6170692
16,2,1559,completed,6171151
16,2,1560,completed,6171943
16,2,1561,completed,6172526
16,2,1562,completed,6173609
16,2,1563,completed,6174026
16,2,1564,completed,6174443
16,2,1565,completed,6175109
16,2,1566,completed,6175734
16,2,1567,completed,6165651
16,2,1568,completed,6166067
16,2,1569,completed,6946524
16,2,1570,completed,6948357
16,2,1571,completed,6949607
16,2,1572,completed,6950774
16,2,1573,completed,6951732
16,2,1574,completed,6952482
16,2,1575,completed,6953816
16,2,1576,completed,6955065
16,2,1577,completed,6955690
16,2,1578,completed,6956482
16,2,1579,completed,6956940
16,2,1580,completed,6957899
16,2,1581,completed,6958816
16,2,1582,completed,6959482
16,2,1583,completed,6960107
16,2,1584,completed,6961607
16,2,1585,completed,5815902
16,2,1586,completed,5818444
16,2,1587,completed,5819318
16,2,1588,completed,5820026
16,2,1589,completed,5820776
16,2,1590,completed,5821443
16,2,1591,completed,5822110
16,2,1592,completed,5823319
16,2,1593,completed,5823860
16,2,1594,completed,5825401
16,2,1595,completed,5826610
16,2,1596,completed,5827902
16,2,1597,completed,5828902
16,2,1598,completed,5829527
16,2,1599,completed,5830735
16,2,1600,completed,5831360
16,2,1601,completed,6119901
16,2,1602,completed,6130817
16,2,1603,completed,6133234
16,2,1604,completed,6134901
16,2,1605,completed,6136985
16,2,1606,completed,6138609
16,2,1607,completed,6140817
16,2,1608,completed,6143234
16,2,1609,completed,6144651
16,2,1610,completed,6147318
16,2,1611,completed,6149568
16,2,1612,completed,6152526
16,2,1613,completed,6154276
16,2,1614,completed,6155818
16,2,1615,completed,6158401
16,2,1616,completed,6160026
16,2,1617,completed,5226904
16,2,1618,completed,5229195
16,2,1619,completed,5229694
16,2,1620,completed,5229569
16,2,1621,completed,5229736
16,2,1622,completed,5230028
16,2,1623,completed,5229945
16,2,1624,completed,5234111
16,2,1625,completed,5234028
16,2,1626,completed,5234361
16,2,1627,completed,5234319
16,2,1628,completed,5234820
16,2,1629,completed,5235195
16,2,1630,completed,5235487
16,2,1631,completed,5251987
16,2,1632,completed,5252278
16,2,1633,completed,6451150
16,2,1634,completed,6452442
16,2,1635,completed,6453276
16,2,1636,completed,6453859
16,2,1637,completed,6454525
16,2,1638,completed,6455275
16,2,1639,completed,6455608
16,2,1640,completed,6456567
16,2,1641,completed,6456900
16,2,1642,completed,6457566
16,2,1643,completed,6458233
16,2,1644,completed,6458775
16,2,1645,completed,6459566
16,2,1646,completed,6460442
16,2,1647,completed,6461067
16,2,1648,completed,6461858
16,2,1649,completed,6030735
16,2,1650,completed,6057901
16,2,1651,completed,6070859
16,2,1652,completed,6083485
16,2,1653,completed,6096067
16,2,1654,completed,6107276
16,2,1655,completed,6118818
16,2,1656,completed,6129901
16,2,1657,completed,6141193
16,2,1658,completed,6152234
16,2,1659,completed,6163442
16,2,1660,completed,6174109
16,2,1661,completed,6185151
16,2,1662,completed,6196068
16,2,1663,completed,6206859
16,2,1664,completed,6217443
16,2,1665,completed,5976360
16,2,1666,completed,5971568
16,2,1667,completed,5959610
16,2,1668,completed,5948068
16,2,1669,completed,5936985
16,2,1670,completed,5926694
16,2,1671,completed,5915944
16,2,1672,completed,5905735
16,2,1673,completed,5895152
16,2,1674,completed,5885360
16,2,1675,completed,5875651
16,2,1676,completed,5865694
16,2,1677,completed,5855318
16,2,1678,completed,5845610
16,2,1679,completed,5835402
16,2,1680,completed,5825152
16,2,1681,completed,5800860
16,2,1682,completed,5774360
16,2,1683,completed,5774318
16,2,1684,completed,5774568
16,2,1685,completed,5775235
16,2,1686,completed,5775735
16,2,1687,completed,5776152
16,2,1688,completed,5768985
16,2,1689,completed,5769402
16,2,1690,completed,5769610
16,2,1691,completed,5769943
16,2,1692,completed,5770402
16,2,1693,completed,5770818
16,2,1694,completed,5771193
16,2,1695,completed,5771777
16,2,1696,completed,5772110
16,2,1697,completed,6147026
16,2,1698,completed,6161192
16,2,1699,completed,6162068
16,2,1700,completed,6162860
16,2,1701,completed,6163901
16,2,1702,completed,6164901
16,2,1703,completed,6165568
16,2,1704,completed,6166901
16,2,1705,completed,6167734
16,2,1706,completed,6168609
16,2,1707,completed,6169235
16,2,1708,completed,6170109
16,2,1709,completed,6170859
16,2,1710,completed,6171609
16,2,1711,completed,6172401
16,2,1712,completed,6173276
16,2,1713,completed,5934234
16,2,1714,completed,5935526
16,2,1715,completed,5935984
16,2,1716,completed,5936318
16,2,1717,completed,5937110
16,2,1718,completed,5937777
16,2,1719,completed,5938526
16,2,1720,completed,5939401
16,2,1721,completed,5939818
16,2,1722,completed,5940402
16,2,1723,completed,5940943
16,2,1724,completed,5941485
16,2,1725,completed,5942110
16,2,1726,completed,5942610
16,2,1727,completed,5943110
16,2,1728,completed,5943485
16,2,1729,completed,6066692
16,2,1730,completed,6075235
16,2,1731,completed,6075859
16,2,1732,completed,6068651
16,2,1733,completed,6070026
16,2,1734,completed,6071192
16,2,1735,completed,6072193
16,2,1736,completed,6073234
16,2,1737,completed,6074026
16,2,1738,completed,6074734
16,2,1739,completed,6075026
16,2,1740,completed,6075901
16,2,1741,completed,6076985
16,2,1742,completed,6078109
16,2,1743,completed,6078734
16,2,1744,completed,6079318
16,2,1745,completed,5919610
16,2,1746,completed,5921401
16,2,1747,completed,5922318
16,2,1748,completed,5922777
16,2,1749,completed,5923943
16,2,1750,completed,5925110
16,2,1751,completed,5925776
16,2,1752,completed,5926485
16,2,1753,completed,5927818
16,2,1754,completed,5929234
16,2,1755,completed,5930651
16,2,1756,completed,5931902
16,2,1757,completed,5932651
16,2,1758,completed,5933776
16,2,1759,completed,5934401
16,2,1760,completed,5935943
16,2,1761,completed,5953568
16,2,1762,completed,5955109
16,2,1763,completed,5955818
16,2,1764,completed,5956526
16,2,1765,completed,5957068
16,2,1766,completed,5957818
16,2,1767,completed,5958151
16,2,1768,completed,5958860
16,2,1769,completed,5959943
16,2,1770,completed,5960776
16,2,1771,completed,5961568
16,2,1772,completed,5962859
16,2,1773,completed,5963401
16,2,1774,completed,5964110
16,2,1775,completed,5964568
16,2,1776,completed,5965443
16,2,1777,completed,5410361
16,2,1778,completed,5416278
16,2,1779,completed,5417153
16,2,1780,completed,5418236
16,2,1781,completed,5419444
16,2,1782,completed,5420777
16,2,1783,completed,5421653
16,2,1784,completed,5422278
16,2,1785,completed,5423694
16,2,1786,completed,5424694
16,2,1787,completed,5425777
16,2,1788,completed,5426694
16,2,1789,completed,5427486
16,2,1790,completed,5428403
16,2,1791,completed,5428986
16,2,1792,completed,5429361
16,2,1793,completed,6470609
16,2,1794,completed,6471775
16,2,1795,completed,6472317
16,2,1796,completed,6473442
16,2,1797,completed,6474109
16,2,1798,completed,6474650
16,2,1799,completed,6475067
16,2,1800,completed,6475650
16,2,1801,completed,6475984
16,2,1802,completed,6476941
16,2,1803,completed,6477400
16,2,1804,completed,6478275
16,2,1805,completed,6479275
16,2,1806,completed,6479858
16,2,1807,completed,6480900
16,2,1808,completed,6481817
16,2,1809,completed,6045026
16,2,1810,completed,6049234
16,2,1811,completed,6050277
16,2,1812,completed,6051526
16,2,1813,completed,6052109
16,2,1814,completed,6053026
16,2,1815,completed,6053277
16,2,1816,completed,6054193
16,2,1817,completed,6054526
16,2,1818,completed,6055235
16,2,1819,completed,6056110
16,2,1820,completed,6057110
16,2,1821,completed,6058359
16,2,1822,completed,6059235
16,2,1823,completed,6060443
16,2,1824,completed,6061235
16,2,1825,completed,6031818
16,2,1826,completed,6040151
16,2,1827,completed,6041318
16,2,1828,completed,6042526
16,2,1829,completed,6043985
16,2,1830,completed,6044901
16,2,1831,completed,6046443
16,2,1832,completed,6047151
16,2,1833,completed,6048776
16,2,1834,completed,6050193
16,2,1835,completed,6051443
16,2,1836,completed,6053526
16,2,1837,completed,6054984
16,2,1838,completed,6056484
16,2,1839,completed,6057443
16,2,1840,completed,6058526
16,2,1841,completed,5848401
16,2,1842,completed,5848318
16,2,1843,completed,5849026
16,2,1844,completed,5849818
16,2,1845,completed,5850276
16,2,1846,completed,5851443
16,2,1847,completed,5852194
16,2,1848,completed,5861152
16,2,1849,completed,5861901
16,2,1850,completed,5862902
16,2,1851,completed,5863402
16,2,1852,completed,5864193
16,2,1853,completed,5864735
16,2,1854,completed,5865777
16,2,1855,completed,5866277
16,2,1856,completed,5867027
16,2,1857,completed,6061734
16,2,1858,completed,6063568
16,2,1859,completed,6064734
16,2,1860,completed,6066026
16,2,1861,completed,6067067
16,2,1862,completed,6067734
16,2,1863,completed,6068318
16,2,1864,completed,6068651
16,2,1865,completed,6069192
16,2,1866,completed,6069860
16,2,1867,completed,6070192
16,2,1868,completed,6070901
16,2,1869,completed,6071485
16,2,1870,completed,6072067
16,2,1871,completed,6072568
16,2,1872,completed,6073317
16,2,1873,completed,5933027
16,2,1874,completed,5942235
16,2,1875,completed,5944109
16,2,1876,completed,5945776
16,2,1877,completed,5948027
16,2,1878,completed,5949776
16,2,1879,completed,5951901
16,2,1880,completed,5953401
16,2,1881,completed,5955777
16,2,1882,completed,5957652
16,2,1883,completed,5959901
16,2,1884,completed,5962443
16,2,1885,completed,5964776
16,2,1886,completed,5966776
16,2,1887,completed,5968610
16,2,1888,completed,5970693
16,2,1889,completed,5892277
16,2,1890,completed,5899402
16,2,1891,completed,5899318
16,2,1892,completed,5899152
16,2,1893,completed,5899319
16,2,1894,completed,5899152
16,2,1895,completed,5899193
16,2,1896,completed,5898943
16,2,1897,completed,5898943
16,2,1898,completed,5899402
16,2,1899,completed,5899693
16,2,1900,completed,5900109
16,2,1901,completed,5900152
16,2,1902,completed,5900193
16,2,1903,completed,5900068
16,2,1904,completed,5899610
16,2,1905,completed,5952443
16,2,1906,completed,5956068
16,2,1907,completed,5957735
16,2,1908,completed,5959068
16,2,1909,completed,5960777
16,2,1910,completed,5962568
16,2,1911,completed,5977609
16,2,1912,completed,5979318
16,2,1913,completed,5981110
16,2,1914,completed,5982901
16,2,1915,completed,5984652
16,2,1916,completed,5986609
16,2,1917,completed,5988318
16,2,1918,completed,5990235
16,2,1919,completed,5991984
16,2,1920,completed,5993527
16,2,1921,completed,5964610
16,2,1922,completed,5966693
16,2,1923,completed,5966943
16,2,1924,completed,5967234
16,2,1925,completed,5967860
16,2,1926,completed,5968193
16,2,1927,completed,5968943
16,2,1928,completed,5969318
16,2,1929,completed,5969693
16,2,1930,completed,5970234
16,2,1931,completed,5970443
16,2,1932,completed,5970859
16,2,1933,completed,5971151
16,2,1934,completed,5971526
16,2,1935,completed,5971901
16,2,1936,completed,5972609
16,2,1937,completed,6025859
16,2,1938,completed,6026860
16,2,1939,completed,6027277
16,2,1940,completed,6027860
16,2,1941,completed,6028693
16,2,1942,completed,6029360
16,2,1943,completed,6030109
16,2,1944,completed,6030776
16,2,1945,completed,6031443
16,2,1946,completed,6032443
16,2,1947,completed,6054735
16,2,1948,completed,6055484
16,2,1949,completed,6056151
16,2,1950,completed,6056859
16,2,1951,completed,6057526
16,2,1952,completed,6058235
16,2,1953,completed,5873235
16,2,1954,completed,5896568
16,2,1955,completed,5902985
16,2,1956,completed,5908027
16,2,1957,completed,5913943
16,2,1958,completed,5919069
16,2,1959,completed,5924235
16,2,1960,completed,5929443
16,2,1961,completed,5934735
16,2,1962,completed,5940235
16,2,1963,completed,5945235
16,2,1964,completed,5950777
16,2,1965,completed,5955902
16,2,1966,completed,5961276
16,2,1967,completed,5967276
16,2,1968,completed,5972776
16,2,1969,completed,5999276
16,2,1970,completed,5997860
16,2,1971,completed,5992401
16,2,1972,completed,5988485
16,2,1973,completed,5983901
16,2,1974,completed,5979568
16,2,1975,completed,5975277
16,2,1976,completed,5971193
16,2,1977,completed,5966776
16,2,1978,completed,5962693
16,2,1979,completed,5958610
16,2,1980,completed,5953985
16,2,1981,completed,5949860
16,2,1982,completed,5944735
16,2,1983,completed,5939735
16,2,1984,completed,5935318
16,2,1985,completed,5996360
16,2,1986,completed,5999568
16,2,1987,completed,6000443
16,2,1988,completed,6001151
16,2,1989,completed,6001943
16,2,1990,completed,6002652
16,2,1991,completed,6003443
16,2,1992,completed,6004484
16,2,1993,completed,6005318
16,2,1994,completed,6006277
16,2,1995,completed,6006735
16,2,1996,completed,6007234
16,2,1997,completed,6007901
16,2,1998,completed,6008485
16,2,1999,completed,6008901
16,2,2000,completed,6009776
16,2,2001,completed,5995443
16,2,2002,completed,6007568
16,2,2003,completed,6009443
16,2,2004,completed,6011527
16,2,2005,completed,6013568
16,2,2006,completed,6015818
16,2,2007,completed,6018068
16,2,2008,completed,6019526
16,2,2009,completed,6021318
16,2,2010,completed,6023734
16,2,2011,completed,6026193
16,2,2012,completed,6028860
16,2,2013,completed,6030734
16,2,2014,completed,6032860
16,2,2015,completed,6034610
16,2,2016,completed,6037026
16,2,2017,completed,5906235
16,2,2018,completed,5908027
16,2,2019,completed,5908652
16,2,2020,completed,5909485
16,2,2021,completed,5909901
16,2,2022,completed,5910026
16,2,2023,completed,5910443
16,2,2024,completed,5910277
16,2,2025,completed,5910151
16,2,2026,completed,5910359
16,2,2027,completed,5910693
16,2,2028,completed,5911026
16,2,2029,completed,5911152
16,2,2030,completed,5911318
16,2,2031,completed,5911443
16,2,2032,completed,5911776
16,2,2033,completed,5891944
16,2,2034,completed,5894693
16,2,2035,completed,5895610
16,2,2036,completed,5896277
16,2,2037,completed,5896944
16,2,2038,completed,5898194
16,2,2039,completed,5899276
16,2,2040,completed,5899818
16,2,2041,completed,5900527
16,2,2042,completed,5901444
16,2,2043,completed,5902276
16,2,2044,completed,5903276
16,2,2045,completed,5904068
16,2,2046,completed,5904985
16,2,2047,completed,5906235
16,2,2048,completed,5907110
16,2,2049,completed,6064359
16,2,2050,completed,6076859
16,2,2051,completed,6079109
16,2,2052,completed,6081068
16,2,2053,completed,6070151
16,2,2054,completed,6071609
16,2,2055,completed,6072735
16,2,2056,completed,6074443
16,2,2057,completed,6077068
16,2,2058,completed,6079318
16,2,2059,completed,6081109
16,2,2060,completed,6083026
16,2,2061,completed,6084693
16,2,2062,completed,6086526
16,2,2063,completed,6088568
16,2,2064,completed,6091067
16,2,2065,completed,5740485
16,2,2066,completed,5744443
16,2,2067,completed,5746026
16,2,2068,completed,5747027
16,2,2069,completed,5748401
16,2,2070,completed,5750401
16,2,2071,completed,5752068
16,2,2072,completed,5753860
16,2,2073,completed,5756026
16,2,2074,completed,5757401
16,2,2075,completed,5758985
16,2,2076,completed,5760652
16,2,2077,completed,5761944
16,2,2078,completed,5763318
16,2,2079,completed,5765027
16,2,2080,completed,5767485
16,2,2081,completed,6098734
16,2,2082,completed,6099026
16,2,2083,completed,6100026
16,2,2084,completed,6100859
16,2,2085,completed,6102026
16,2,2086,completed,6103484
16,2,2087,completed,6104860
16,2,2088,completed,6105818
16,2,2089,completed,6107026
16,2,2090,completed,6108317
16,2,2091,completed,6109442
16,2,2092,completed,6110693
16,2,2093,completed,6111776
16,2,2094,completed,6112901
16,2,2095,completed,6113985
16,2,2096,completed,6115526
16,2,2097,completed,5932235
16,2,2098,completed,5933235
16,2,2099,completed,5933401
16,2,2100,completed,5943526
16,2,2101,completed,5944276
16,2,2102,completed,5944818
16,2,2103,completed,5945109
16,2,2104,completed,5945443
16,2,2105,completed,5945818
16,2,2106,completed,5946152
16,2,2107,completed,5946401
16,2,2108,completed,5946735
16,2,2109,completed,5946943
16,2,2110,completed,5947110
16,2,2111,completed,5947360
16,2,2112,completed,5947610
16,2,2113,completed,5363945
16,2,2114,completed,5366819
16,2,2115,completed,5367737
16,2,2116,completed,5368153
16,2,2117,completed,5368903
16,2,2118,completed,5369444
16,2,2119,completed,5370153
16,2,2120,completed,5370820
16,2,2121,completed,5371486
16,2,2122,completed,5372236
16,2,2123,completed,5372820
16,2,2124,completed,5373612
16,2,2125,completed,5374236
16,2,2126,completed,5374861
16,2,2127,completed,5375486
16,2,2128,completed,5376112
16,2,2129,completed,6139318
16,2,2130,completed,6141901
16,2,2131,completed,6142567
16,2,2132,completed,6142900
16,2,2133,completed,6143567
16,2,2134,completed,6144317
16,2,2135,completed,6144984
16,2,2136,completed,6145651
16,2,2137,completed,6146317
16,2,2138,completed,6146984
16,2,2139,completed,6147651
16,2,2140,completed,6148359
16,2,2141,completed,6148984
16,2,2142,completed,6149526
16,2,2143,completed,6150234
16,2,2144,completed,6150901
16,2,2145,completed,6357567
16,2,2146,completed,6359359
16,2,2147,completed,6359984
16,2,2148,completed,6360525
16,2,2149,completed,6361317
16,2,2150,completed,6362317
16,2,2151,completed,6363150
16,2,2152,completed,6363942
16,2,2153,completed,6364609
16,2,2154,completed,6365442
16,2,2155,completed,6366067
16,2,2156,completed,6366900
16,2,2157,completed,6367526
16,2,2158,completed,6368150
16,2,2159,completed,6368858
16,2,2160,completed,6369609
16,2,2161,completed,6087942
16,2,2162,completed,6091901
16,2,2163,completed,6093443
16,2,2164,completed,6094651
16,2,2165,completed,6095776
16,2,2166,completed,6097318
16,2,2167,completed,6098901
16,2,2168,completed,6100568
16,2,2169,completed,6101984
16,2,2170,completed,6103609
16,2,2171,completed,6105026
16,2,2172,completed,6106610
16,2,2173,completed,6108026
16,2,2174,completed,6109443
16,2,2175,completed,6110942
16,2,2176,completed,6112360
16,2,2177,completed,5711736
16,2,2178,completed,5711735
16,2,2179,completed,5712319
16,2,2180,completed,5712819
16,2,2181,completed,5713318
16,2,2182,completed,5713819
16,2,2183,completed,5714318
16,2,2184,completed,5714819
16,2,2185,completed,5715277
16,2,2186,completed,5715902
16,2,2187,completed,5716319
16,2,2188,completed,5716944
16,2,2189,completed,5717360
16,2,2190,completed,5717819
16,2,2191,completed,5718277
16,2,2192,completed,5718735
16,2,2193,completed,5944818
16,2,2194,completed,5950776
16,2,2195,completed,5952277
16,2,2196,completed,5953568
16,2,2197,completed,5955151
16,2,2198,completed,5956568
16,2,2199,completed,5957902
16,2,2200,completed,5959360
16,2,2201,completed,5960943
16,2,2202,completed,5962401
16,2,2203,completed,5963776
16,2,2204,completed,5965193
16,2,2205,completed,5966443
16,2,2206,completed,5967651
16,2,2207,completed,5968985
16,2,2208,completed,5970443
16,2,2209,completed,6132318
16,2,2210,completed,6132317
16,2,2211,completed,6132735
16,2,2212,completed,6132985
16,2,2213,completed,6133317
16,2,2214,completed,6133776
16,2,2215,completed,6134234
16,2,2216,completed,6134776
16,2,2217,completed,6135359
16,2,2218,completed,6136151
16,2,2219,completed,6136610
16,2,2220,completed,6137234
16,2,2221,completed,6137817
16,2,2222,completed,6138318
16,2,2223,completed,6138734
16,2,2224,completed,6139401
16,2,2225,completed,6038109
16,2,2226,completed,6047109
16,2,2227,completed,6048818
16,2,2228,completed,6050068
16,2,2229,completed,6052109
16,2,2230,completed,6053818
16,2,2231,completed,6055484
16,2,2232,completed,6057027
16,2,2233,completed,6058651
16,2,2234,completed,6060026
16,2,2235,completed,6061318
16,2,2236,completed,6062818
16,2,2237,completed,6064068
16,2,2238,completed,6065360
16,2,2239,completed,6066901
16,2,2240,completed,6068401
16,2,2241,completed,5909068
16,2,2242,completed,5911860
16,2,2243,completed,5912610
16,2,2244,completed,5913735
16,2,2245,completed,5915234
16,2,2246,completed,5916693
16,2,2247,completed,5917818
16,2,2248,completed,5919026
16,2,2249,completed,5920068
16,2,2250,completed,5921568
16,2,2251,completed,5922485
16,2,2252,completed,5924235
16,2,2253,completed,5925152
16,2,2254,completed,5926151
16,2,2255,completed,5927152
16,2,2256,completed,5928735
16,2,2257,completed,5714444
16,2,2258,completed,5712777
16,2,2259,completed,5712402
16,2,2260,completed,5711902
16,2,2261,completed,5711735
16,2,2262,completed,5711652
16,2,2263,completed,5711443
16,2,2264,completed,5711277
16,2,2265,completed,5711069
16,2,2266,completed,5710902
16,2,2267,completed,5710777
16,2,2268,completed,5710652
16,2,2269,completed,5710486
16,2,2270,completed,5710235
16,2,2271,completed,5710069
16,2,2272,completed,5709819
16,2,2273,completed,6261400
16,2,2274,completed,6271734
16,2,2275,completed,6273567
16,2,2276,completed,6275443
16,2,2277,completed,6277734
16,2,2278,completed,6279775
16,2,2279,completed,6281609
16,2,2280,completed,6283359
16,2,2281,completed,6285567
16,2,2282,completed,6287526
16,2,2283,completed,6289192
16,2,2284,completed,6291275
16,2,2285,completed,6292776
16,2,2286,completed,6294483
16,2,2287,completed,6296234
16,2,2288,completed,6298484
16,2,2289,completed,5913402
16,2,2290,completed,5913943
16,2,2291,completed,5913944
16,2,2292,completed,5913777
16,2,2293,completed,5914152
16,2,2294,completed,5914735
16,2,2295,completed,5915151
16,2,2296,completed,5915110
16,2,2297,completed,5915360
16,2,2298,completed,5915485
16,2,2299,completed,5915694
16,2,2300,completed,5915901
16,2,2301,completed,5915818
16,2,2302,completed,5915652
16,2,2303,completed,5915693
16,2,2304,completed,5915860
16,2,2305,completed,6007734
16,2,2306,completed,6014651
16,2,2307,completed,6015735
16,2,2308,completed,6017443
16,2,2309,completed,6018609
16,2,2310,completed,6020110
16,2,2311,completed,6021943
16,2,2312,completed,6023734
16,2,2313,completed,6025401
16,2,2314,completed,6027109
16,2,2315,completed,6028234
16,2,2316,completed,6029734
16,2,2317,completed,6031068
16,2,2318,completed,6032776
16,2,2319,completed,6034526
16,2,2320,completed,6035776
16,2,2321,completed,5960526
16,2,2322,completed,5967693
16,2,2323,completed,5969276
16,2,2324,completed,5971402
16,2,2325,completed,5972776
16,2,2326,completed,5974485
16,2,2327,completed,5976026
16,2,2328,completed,5977985
16,2,2329,completed,5979526
16,2,2330,completed,5981152
16,2,2331,completed,5982568
16,2,2332,completed,5983943
16,2,2333,completed,5985777
16,2,2334,completed,5988110
16,2,2335,completed,5989609
16,2,2336,completed,5991277
16,2,2337,completed,5916610
16,2,2338,completed,5920484
16,2,2339,completed,5920777
16,2,2340,completed,5921526
16,2,2341,completed,5922068
16,2,2342,completed,5922818
16,2,2343,completed,5923276
16,2,2344,completed,5924443
16,2,2345,completed,5925401
16,2,2346,completed,5926360
16,2,2347,completed,5926860
16,2,2348,completed,5927443
16,2,2349,completed,5927777
16,2,2350,completed,5928651
16,2,2351,completed,5929401
16,2,2352,completed,5930068
16,2,2353,completed,6051777
16,2,2354,completed,6058276
16,2,2355,completed,6059235
16,2,2356,completed,6060443
16,2,2357,completed,6060984
16,2,2358,completed,6062068
16,2,2359,completed,6062984
16,2,2360,completed,6064234
16,2,2361,completed,6067568
16,2,2362,completed,6069151
16,2,2363,completed,6070360
16,2,2364,completed,6071859
16,2,2365,completed,6072860
16,2,2366,completed,6074109
16,2,2367,completed,6075567
16,2,2368,completed,6076526
16,2,2369,completed,5835860
16,2,2370,completed,5837943
16,2,2371,completed,5838444
16,2,2372,completed,5839193
16,2,2373,completed,5839985
16,2,2374,completed,5840694
16,2,2375,completed,5841693
16,2,2376,completed,5843026
16,2,2377,completed,5843818
16,2,2378,completed,5844776
16,2,2379,completed,5845360
16,2,2380,completed,5846110
16,2,2381,completed,5846651
16,2,2382,completed,5847485
16,2,2383,completed,5848151
16,2,2384,completed,5848860
16,2,2385,completed,5942693
16,2,2386,completed,5945818
16,2,2387,completed,5960526
16,2,2388,completed,5961651
16,2,2389,completed,5962609
16,2,2390,completed,5963693
16,2,2391,completed,5964693
16,2,2392,completed,5966234
16,2,2393,completed,5967318
16,2,2394,completed,5968610
16,2,2395,completed,5969568
16,2,2396,completed,5970818
16,2,2397,completed,5971860
16,2,2398,completed,5972943
16,2,2399,completed,5974026
16,2,2400,completed,5975110
16,2,2401,completed,5973110
16,2,2402,completed,5979318
16,2,2403,completed,5980193
16,2,2404,completed,5981485
16,2,2405,completed,5982693
16,2,2406,completed,5984151
16,2,2407,completed,5985568
16,2,2408,completed,5987568
16,2,2409,completed,5989026
16,2,2410,completed,5990776
16,2,2411,completed,5991943
16,2,2412,completed,5993818
16,2,2413,completed,5995026
16,2,2414,completed,5997110
16,2,2415,completed,5998901
16,2,2416,completed,6000026
16,2,2417,completed,5920860
16,2,2418,completed,5933526
16,2,2419,completed,5934109
16,2,2420,completed,5934610
16,2,2421,completed,5934901
16,2,2422,completed,5935568
16,2,2423,completed,5936235
16,2,2424,completed,5937318
16,2,2425,completed,5937943
16,2,2426,completed,5938901
16,2,2427,completed,5939484
16,2,2428,completed,5940568
16,2,2429,completed,5941152
16,2,2430,completed,5941818
16,2,2431,completed,5942527
16,2,2432,completed,5943026
16,2,2433,completed,5896610
16,2,2434,completed,5901901
16,2,2435,completed,5906943
16,2,2436,completed,5911401
16,2,2437,completed,5915777
16,2,2438,completed,5920276
16,2,2439,completed,5924526
16,2,2440,completed,5928651
16,2,2441,completed,5932609
16,2,2442,completed,5936693
16,2,2443,completed,5940776
16,2,2444,completed,5944693
16,2,2445,completed,5954610
16,2,2446,completed,5958609
16,2,2447,completed,5963110
16,2,2448,completed,5966901
16,2,2449,completed,6028651
16,2,2450,completed,6026359
16,2,2451,completed,6022484
16,2,2452,completed,6018776
16,2,2453,completed,6014901
16,2,2454,completed,6011193
16,2,2455,completed,6007443
16,2,2456,completed,6004068
16,2,2457,completed,6000818
16,2,2458,completed,5997568
16,2,2459,completed,5994026
16,2,2460,completed,5984859
16,2,2461,completed,5981318
16,2,2462,completed,5977943
16,2,2463,completed,5974152
16,2,2464,completed,5970901
16,2,2465,completed,6003985
16,2,2466,completed,6008693
16,2,2467,completed,6009943
16,2,2468,completed,6011526
16,2,2469,completed,6012901
16,2,2470,completed,6014402
16,2,2471,completed,6015818
16,2,2472,completed,6017401
16,2,2473,completed,6018859
16,2,2474,completed,6020443
16,2,2475,completed,6021860
16,2,2476,completed,6023443
16,2,2477,completed,6024901
16,2,2478,completed,6026359
16,2,2479,completed,6027818
16,2,2480,completed,6029359
16,2,2481,completed,5925902
16,2,2482,completed,5927694
16,2,2483,completed,5927985
16,2,2484,completed,5938735
16,2,2485,completed,5939360
16,2,2486,completed,5939818
16,2,2487,completed,5940402
16,2,2488,completed,5941068
16,2,2489,completed,5941652
16,2,2490,completed,5942276
16,2,2491,completed,5942819
16,2,2492,completed,5943652
16,2,2493,completed,5944110
16,2,2494,completed,5944693
16,2,2495,completed,5945360
16,2,2496,completed,5945735
16,2,2497,completed,5976610
16,2,2498,completed,5993193
16,2,2499,completed,6001985
16,2,2500,completed,6009318
16,2,2501,completed,6016485
16,2,2502,completed,6023234
16,2,2503,completed,6029985
16,2,2504,completed,6037193
16,2,2505,completed,6044068
16,2,2506,completed,6050485
16,2,2507,completed,6056943
16,2,2508,completed,6063401
16,2,2509,completed,6069609
16,2,2510,completed,6076193
16,2,2511,completed,6082568
16,2,2512,completed,6088610
16,2,2513,completed,5998235
16,2,2514,completed,5994526
16,2,2515,completed,5988860
16,2,2516,completed,5982735
16,2,2517,completed,5976943
16,2,2518,completed,5971235
16,2,2519,completed,5965443
16,2,2520,completed,5960193
16,2,2521,completed,5955235
16,2,2522,completed,5950110
16,2,2523,completed,5944985
16,2,2524,completed,5939985
16,2,2525,completed,5934984
16,2,2526,completed,5929693
16,2,2527,completed,5924610
16,2,2528,completed,5920027
16,2,2529,completed,5905943
16,2,2530,completed,5906693
16,2,2531,completed,5907735
16,2,2532,completed,5908735
16,2,2533,completed,5909735
16,2,2534,completed,5910693
16,2,2535,completed,5911610
16,2,2536,completed,5912652
16,2,2537,completed,5913652
16,2,2538,completed,5914818
16,2,2539,completed,5915652
16,2,2540,completed,5929276
16,2,2541,completed,5930360
16,2,2542,completed,5931443
16,2,2543,completed,5932484
16,2,2544,completed,5907776
16,2,2545,completed,5560861
16,2,2546,completed,5566735
16,2,2547,completed,5567944
16,2,2548,completed,5568902
16,2,2549,completed,5570403
16,2,2550,completed,5571486
16,2,2551,completed,5572569
16,2,2552,completed,5574111
16,2,2553,completed,5575694
16,2,2554,completed,5577361
16,2,2555,completed,5578485
16,2,2556,completed,5580194
16,2,2557,completed,5581444
16,2,2558,completed,5582944
16,2,2559,completed,5584194
16,2,2560,completed,5585944
16,2,2561,completed,6182151
16,2,2562,completed,6196984
16,2,2563,completed,6206193
16,2,2564,completed,6216651
16,2,2565,completed,6225026
16,2,2566,completed,6233109
16,2,2567,completed,6241109
16,2,2568,completed,6248817
16,2,2569,completed,6256359
16,2,2570,completed,6263984
16,2,2571,completed,6271359
16,2,2572,completed,6279026
16,2,2573,completed,6286067
16,2,2574,completed,6292943
16,2,2575,completed,6300317
16,2,2576,completed,6307943
16,2,2577,completed,6186734
16,2,2578,completed,6185151
16,2,2579,completed,6175610
16,2,2580,completed,6168317
16,2,2581,completed,6160818
16,2,2582,completed,6153860
16,2,2583,completed,6146818
16,2,2584,completed,6140860
16,2,2585,completed,6133943
16,2,2586,completed,6126943
16,2,2587,completed,6120442
16,2,2588,completed,6113693
16,2,2589,completed,6108651
16,2,2590,completed,6101901
16,2,2591,completed,6095443
16,2,2592,completed,6088943
16,2,2593,completed,5922776
16,2,2594,completed,5922443
16,2,2595,completed,5922609
16,2,2596,completed,5923235
16,2,2597,completed,5923818
16,2,2598,completed,5924276
16,2,2599,completed,5924735
16,2,2600,completed,5934235
16,2,2601,completed,5934568
16,2,2602,completed,5935402
16,2,2603,completed,5935902
16,2,2604,completed,5936776
16,2,2605,completed,5937693
16,2,2606,completed,5938193
16,2,2607,completed,5938735
16,2,2608,completed,5939068
16,2,2609,completed,5628069
16,2,2610,completed,5631735
16,2,2611,completed,5632486
16,2,2612,completed,5633360
16,2,2613,completed,5676027
16,2,2614,completed,5686652
16,2,2615,completed,5688652
16,2,2616,completed,5692152
16,2,2617,completed,5692860
16,2,2618,completed,5693610
16,2,2619,completed,5694611
16,2,2620,completed,5695360
16,2,2621,completed,5696444
16,2,2622,completed,5697361
16,2,2623,completed,5698735
16,2,2624,completed,5699318
16,2,2625,completed,6322900
16,2,2626,completed,6326484
16,2,2627,completed,6326526
16,2,2628,completed,6327484
16,2,2629,completed,6282818
16,2,2630,completed,6273276
16,2,2631,completed,6274692
16,2,2632,completed,6275151
16,2,2633,completed,6276109
16,2,2634,completed,6276943
16,2,2635,completed,6277692
16,2,2636,completed,6279192
16,2,2637,completed,6277109
16,2,2638,completed,6324817
16,2,2639,completed,6341317
16,2,2640,completed,6342442
16,2,2641,completed,5921360
16,2,2642,completed,5922860
16,2,2643,completed,5922652
16,2,2644,completed,5923568
16,2,2645,completed,5924526
16,2,2646,completed,5925693
16,2,2647,completed,5926568
16,2,2648,completed,5927818
16,2,2649,completed,5940818
16,2,2650,completed,5941569
16,2,2651,completed,5942235
16,2,2652,completed,5982818
16,2,2653,completed,5993152
16,2,2654,completed,5968777
16,2,2655,completed,5969568
16,2,2656,completed,5970526
16,2,2657,completed,5451902
16,2,2658,completed,5451945
16,2,2659,completed,5451445
16,2,2660,completed,5451319
16,2,2661,completed,5451528
16,2,2662,completed,5452070
16,2,2663,completed,5452486
16,2,2664,completed,5452986
16,2,2665,completed,5453277
16,2,2666,completed,5453527
16,2,2667,completed,5453611
16,2,2668,completed,5419861
16,2,2669,completed,5409944
16,2,2670,completed,5410277
16,2,2671,completed,5410445
16,2,2672,completed,5410528
16,2,2673,completed,6398234
16,2,2674,completed,6412400
16,2,2675,completed,6413192
16,2,2676,completed,6414983
16,2,2677,completed,6416192
16,2,2678,completed,6418150
16,2,2679,completed,6419983
16,2,2680,completed,6421817
16,2,2681,completed,6423317
16,2,2682,completed,6424817
16,2,2683,completed,6426650
16,2,2684,completed,6428067
16,2,2685,completed,6429525
16,2,2686,completed,6431192
16,2,2687,completed,6432400
16,2,2688,completed,6433400
16,2,2689,completed,6002859
16,2,2690,completed,5994985
16,2,2691,completed,5994776
16,2,2692,completed,5994485
16,2,2693,completed,6001359
16,2,2694,completed,6001901
16,2,2695,completed,6002067
16,2,2696,completed,6002235
16,2,2697,completed,6002360
16,2,2698,completed,6002318
16,2,2699,completed,6027485
16,2,2700,completed,6035318
16,2,2701,completed,6035818
16,2,2702,completed,6035902
16,2,2703,completed,6036110
16,2,2704,completed,6036026
16,2,2705,completed,5415903
16,2,2706,completed,5421736
16,2,2707,completed,5421653
16,2,2708,completed,5421987
16,2,2709,completed,5422278
16,2,2710,completed,5422653
16,2,2711,completed,5422986
16,2,2712,completed,5423528
16,2,2713,completed,5423903
16,2,2714,completed,5424236
16,2,2715,completed,5395278
16,2,2716,completed,5389445
16,2,2717,completed,5389695
16,2,2718,completed,5390069
16,2,2719,completed,5390403
16,2,2720,completed,5390737
16,2,2721,completed,6377151
16,2,2722,completed,6385984
16,2,2723,completed,6386567
16,2,2724,completed,6387484
16,2,2725,completed,6388109
16,2,2726,completed,6389067
16,2,2727,completed,6390234
16,2,2728,completed,6391776
16,2,2729,completed,6392984
16,2,2730,completed,6394025
16,2,2731,completed,6395025
16,2,2732,completed,6396026
16,2,2733,completed,6396901
16,2,2734,completed,6397942
16,2,2735,completed,6398859
16,2,2736,completed,6399776
16,2,2737,completed,6049818
16,2,2738,completed,6058401
16,2,2739,completed,6059152
16,2,2740,completed,6059943
16,2,2741,completed,6060901
16,2,2742,completed,6061485
16,2,2743,completed,6062651
16,2,2744,completed,6064151
16,2,2745,completed,6065234
16,2,2746,completed,6066276
16,2,2747,completed,6067360
16,2,2748,completed,6068318
16,2,2749,completed,6069234
16,2,2750,completed,6070235
16,2,2751,completed,6071235
16,2,2752,completed,6072193
16,2,2753,completed,5993234
16,2,2754,completed,6019276
16,2,2755,completed,6020318
16,2,2756,completed,6021568
16,2,2757,completed,6022693
16,2,2758,completed,6024026
16,2,2759,completed,6025777
16,2,2760,completed,6027276
16,2,2761,completed,6028818
16,2,2762,completed,6030359
16,2,2763,completed,6031776
16,2,2764,completed,6032943
16,2,2765,completed,6033818
16,2,2766,completed,6035234
16,2,2767,completed,6036401
16,2,2768,completed,6037360
16,2,2769,completed,5878277
16,2,2770,completed,5874609
16,2,2771,completed,5874276
16,2,2772,completed,5874276
16,2,2773,completed,5874568
16,2,2774,completed,5875234
16,2,2775,completed,5875568
16,2,2776,completed,5875943
16,2,2777,completed,5876276
16,2,2778,completed,5876776
16,2,2779,completed,5876485
16,2,2780,completed,5876735
16,2,2781,completed,5871444
16,2,2782,completed,5871569
16,2,2783,completed,5930443
16,2,2784,completed,5931110
16,2,2785,completed,7081982
16,2,2786,completed,7082190
16,2,2787,completed,7083440
16,2,2788,completed,7084899
16,2,2789,completed,7086648
16,2,2790,completed,7088107
16,2,2791,completed,7090107
16,2,2792,completed,7091690
16,2,2793,completed,7093023
16,2,2794,completed,7094857
16,2,2795,completed,7097065
16,2,2796,completed,7098690
16,2,2797,completed,7100106
16,2,2798,completed,7102190
16,2,2799,completed,7103857
16,2,2800,completed,7105523
16,2,2801,completed,5817901
16,2,2802,completed,5817569
16,2,2803,completed,5817360
16,2,2804,completed,5817193
16,2,2805,completed,5816901
16,2,2806,completed,5816860
16,2,2807,completed,5816776
16,2,2808,completed,5816652
16,2,2809,completed,5816568
16,2,2810,completed,5816527
16,2,2811,completed,5816569
16,2,2812,completed,5816527
16,2,2813,completed,5816360
16,2,2814,completed,5816193
16,2,2815,completed,5816235
16,2,2816,completed,5816110
16,2,2817,completed,5501736
16,2,2818,completed,5506153
16,2,2819,completed,5507194
16,2,2820,completed,5508194
16,2,2821,completed,5509028
16,2,2822,completed,5502486
16,2,2823,completed,5502903
16,2,2824,completed,5503361
16,2,2825,completed,5504319
16,2,2826,completed,5504861
16,2,2827,completed,5505486
16,2,2828,completed,5506153
16,2,2829,completed,5506694
16,2,2830,completed,5508111
16,2,2831,completed,5509236
16,2,2832,completed,5509986
16,2,2833,completed,6406691
16,2,2834,completed,6410442
16,2,2835,completed,6411650
16,2,2836,completed,6412650
16,2,2837,completed,6413609
16,2,2838,completed,6415066
16,2,2839,completed,6415817
16,2,2840,completed,6417275
16,2,2841,completed,6418525
16,2,2842,completed,6419858
16,2,2843,completed,6421650
16,2,2844,completed,6422650
16,2,2845,completed,6423733
16,2,2846,completed,6425317
16,2,2847,completed,6426275
16,2,2848,completed,6427276
16,2,2849,completed,6108192
16,2,2850,completed,6115151
16,2,2851,completed,6116193
16,2,2852,completed,6117235
16,2,2853,completed,6117943
16,2,2854,completed,6119026
16,2,2855,completed,6119234
16,2,2856,completed,6120360
16,2,2857,completed,6121151
16,2,2858,completed,6122318
16,2,2859,completed,6122984
16,2,2860,completed,6123818
16,2,2861,completed,6124526
16,2,2862,completed,6125192
16,2,2863,completed,6126109
16,2,2864,completed,6127359
16,2,2865,completed,5860277
16,2,2866,completed,5858943
16,2,2867,completed,5859110
16,2,2868,completed,5859694
16,2,2869,completed,5861068
16,2,2870,completed,5861943
16,2,2871,completed,5862901
16,2,2872,completed,5863527
16,2,2873,completed,5864194
16,2,2874,completed,5864568
16,2,2875,completed,5871985
16,2,2876,completed,5872485
16,2,2877,completed,5872944
16,2,2878,completed,5873777
16,2,2879,completed,5874277
16,2,2880,completed,5874985
16,2,2881,completed,6028567
16,2,2882,completed,6074527
16,2,2883,completed,6082276
16,2,2884,completed,6089318
16,2,2885,completed,6095776
16,2,2886,completed,6103527
16,2,2887,completed,6109277
16,2,2888,completed,6114026
16,2,2889,completed,6120151
16,2,2890,completed,6124609
16,2,2891,completed,6129735
16,2,2892,completed,6136026
16,2,2893,completed,6141192
16,2,2894,completed,6146734
16,2,2895,completed,6152234
16,2,2896,completed,6157776
16,2,2897,completed,5939318
16,2,2898,completed,5929068
16,2,2899,completed,5923985
16,2,2900,completed,5918068
16,2,2901,completed,5912068
16,2,2902,completed,5905485
16,2,2903,completed,5900526
16,2,2904,completed,5896526
16,2,2905,completed,5891985
16,2,2906,completed,5887944
16,2,2907,completed,5883194
16,2,2908,completed,5878069
16,2,2909,completed,5873152
16,2,2910,completed,5868526
16,2,2911,completed,5864485
16,2,2912,completed,5860026
16,2,2913,completed,5914985
16,2,2914,completed,5915902
16,2,2915,completed,5916735
16,2,2916,completed,5917610
16,2,2917,completed,5918444
16,2,2918,completed,5919401
16,2,2919,completed,5920318
16,2,2920,completed,5921401
16,2,2921,completed,5922318
16,2,2922,completed,5922651
16,2,2923,completed,5923360
16,2,2924,completed,5923777
16,2,2925,completed,5924401
16,2,2926,completed,5925526
16,2,2927,completed,5926026
16,2,2928,completed,5926943
16,2,2929,completed,6050693
16,2,2930,completed,6045152
16,2,2931,completed,6046859
16,2,2932,completed,6048277
16,2,2933,completed,6050068
16,2,2934,completed,6051568
16,2,2935,completed,6053318
16,2,2936,completed,6054985
16,2,2937,completed,6056693
16,2,2938,completed,6058401
16,2,2939,completed,6060193
16,2,2940,completed,6061735
16,2,2941,completed,6063360
16,2,2942,completed,6065068
16,2,2943,completed,6066901
16,2,2944,completed,6068734
16,2,2945,completed,5975526
16,2,2946,completed,5979151
16,2,2947,completed,5979401
16,2,2948,completed,5980151
16,2,2949,completed,5980859
16,2,2950,completed,5981027
16,2,2951,completed,5981484
16,2,2952,completed,5982235
16,2,2953,completed,5982651
16,2,2954,completed,5983526
16,2,2955,completed,5983901
16,2,2956,completed,5984234
16,2,2957,completed,5984943
16,2,2958,completed,5985526
16,2,2959,completed,5986401
16,2,2960,completed,5986734
16,2,2961,completed,5760652
16,2,2962,completed,5762652
16,2,2963,completed,5763486
16,2,2964,completed,5764319
16,2,2965,completed,5765069
16,2,2966,completed,5765735
16,2,2967,completed,5766319
16,2,2968,completed,5767527
16,2,2969,completed,5768444
16,2,2970,completed,5769527
16,2,2971,completed,5770527
16,2,2972,completed,5771319
16,2,2973,completed,5772402
16,2,2974,completed,5773402
16,2,2975,completed,5774652
16,2,2976,completed,5775736
16,2,2977,completed,6165943
16,2,2978,completed,6176485
16,2,2979,completed,6178026
16,2,2980,completed,6180193
16,2,2981,completed,6182193
16,2,2982,completed,6183984
16,2,2983,completed,6186110
16,2,2984,completed,6188443
16,2,2985,completed,6190317
16,2,2986,completed,6192651
16,2,2987,completed,6194109
16,2,2988,completed,6195443
16,2,2989,completed,6196984
16,2,2990,completed,6198651
16,2,2991,completed,6200734
16,2,2992,completed,6202401
16,2,2993,completed,5859194
16,2,2994,completed,5862318
16,2,2995,completed,5863568
16,2,2996,completed,5865110
16,2,2997,completed,5866485
16,2,2998,completed,5868193
16,2,2999,completed,5869568
16,2,3000,completed,5870943
16,2,3001,completed,5872484
16,2,3002,completed,5873984
16,2,3003,completed,5875609
16,2,3004,completed,5876734
16,2,3005,completed,5878484
16,2,3006,completed,5879943
16,2,3007,completed,5882109
16,2,3008,completed,5883526
16,2,3009,completed,5419153
16,2,3010,completed,5417486
16,2,3011,completed,5417444
16,2,3012,completed,5417445
16,2,3013,completed,5417236
16,2,3014,completed,5417319
16,2,3015,completed,5417195
16,2,3016,completed,5417111
16,2,3017,completed,5417028
16,2,3018,completed,5417236
16,2,3019,completed,5417278
16,2,3020,completed,5417153
16,2,3021,completed,5416987
16,2,3022,completed,5416903
16,2,3023,completed,5417237
16,2,3024,completed,5417195
16,2,3025,completed,6253984
16,2,3026,completed,6258942
16,2,3027,completed,6260401
16,2,3028,completed,6262359
16,2,3029,completed,6263943
16,2,3030,completed,6265651
16,2,3031,completed,6267067
16,2,3032,completed,6268901
16,2,3033,completed,6270693
16,2,3034,completed,6272359
16,2,3035,completed,6274109
16,2,3036,completed,6275734
16,2,3037,completed,6277443
16,2,3038,completed,6279359
16,2,3039,completed,6281484
16,2,3040,completed,6283234
16,2,3041,completed,6173442
16,2,3042,completed,6174984
16,2,3043,completed,6175526
16,2,3044,completed,6176109
16,2,3045,completed,6176610
16,2,3046,completed,6189192
16,2,3047,completed,6189943
16,2,3048,completed,6190567
16,2,3049,completed,6191276
16,2,3050,completed,6191942
16,2,3051,completed,6192567
16,2,3052,completed,6193067
16,2,3053,completed,6193692
16,2,3054,completed,6194276
16,2,3055,completed,6195401
16,2,3056,completed,6196109
16,2,3057,completed,5953734
16,2,3058,completed,5957110
16,2,3059,completed,5957901
16,2,3060,completed,5970984
16,2,3061,completed,5971860
16,2,3062,completed,5972693
16,2,3063,completed,5973401
16,2,3064,completed,5974359
16,2,3065,completed,5975235
16,2,3066,completed,5976151
16,2,3067,completed,5977193
16,2,3068,completed,5977902
16,2,3069,completed,5978735
16,2,3070,completed,5979776
16,2,3071,completed,5981193
16,2,3072,completed,5981860
16,2,3073,completed,5935651
16,2,3074,completed,5947360
16,2,3075,completed,5953693
16,2,3076,completed,5969985
16,2,3077,completed,5977152
16,2,3078,completed,5983568
16,2,3079,completed,5988651
16,2,3080,completed,5993527
16,2,3081,completed,5998735
16,2,3082,completed,6003276
16,2,3083,completed,6008443
16,2,3084,completed,6013234
16,2,3085,completed,6018360
16,2,3086,completed,6023652
16,2,3087,completed,6029026
16,2,3088,completed,6034485
16,2,3089,completed,6028693
16,2,3090,completed,6026527
16,2,3091,completed,6011943
16,2,3092,completed,6005776
16,2,3093,completed,6000693
16,2,3094,completed,5996485
16,2,3095,completed,5993318
16,2,3096,completed,5989360
16,2,3097,completed,5985860
16,2,3098,completed,5982485
16,2,3099,completed,5978693
16,2,3100,completed,5975193
16,2,3101,completed,5971402
16,2,3102,completed,5967527
16,2,3103,completed,5963568
16,2,3104,completed,5959693
16,2,3105,completed,5910734
16,2,3106,completed,5913651
16,2,3107,completed,5914401
16,2,3108,completed,5915526
16,2,3109,completed,5916652
16,2,3110,completed,5917693
16,2,3111,completed,5918693
16,2,3112,completed,5919693
16,2,3113,completed,5920651
16,2,3114,completed,5921734
16,2,3115,completed,5922652
16,2,3116,completed,5923693
16,2,3117,completed,5937318
16,2,3118,completed,5938443
16,2,3119,completed,5939401
16,2,3120,completed,5940568
16,2,3121,completed,5946860
16,2,3122,completed,5956985
16,2,3123,completed,5962276
16,2,3124,completed,5978985
16,2,3125,completed,5984193
16,2,3126,completed,5989485
16,2,3127,completed,5994860
16,2,3128,completed,6000318
16,2,3129,completed,6005568
16,2,3130,completed,6010860
16,2,3131,completed,6015984
16,2,3132,completed,6021777
16,2,3133,completed,6026776
16,2,3134,completed,6031610
16,2,3135,completed,6036359
16,2,3136,completed,6041359
16,2,3137,completed,5750360
16,2,3138,completed,5748652
16,2,3139,completed,5732943
16,2,3140,completed,5728111
16,2,3141,completed,5722902
16,2,3142,completed,5717777
16,2,3143,completed,5712819
16,2,3144,completed,5707985
16,2,3145,completed,5703110
16,2,3146,completed,5698027
16,2,3147,completed,5692735
16,2,3148,completed,5687652
16,2,3149,completed,5683194
16,2,3150,completed,5678360
16,2,3151,completed,5675027
16,2,3152,completed,5670944
16,2,3153,completed,5959860
16,2,3154,completed,5965777
16,2,3155,completed,5966610
16,2,3156,completed,5967401
16,2,3157,completed,5968318
16,2,3158,completed,5969484
16,2,3159,completed,5970402
16,2,3160,completed,5970984
16,2,3161,completed,5971860
16,2,3162,completed,5972943
16,2,3163,completed,5973776
16,2,3164,completed,5974818
16,2,3165,completed,5975401
16,2,3166,completed,5976151
16,2,3167,completed,5976651
16,2,3168,completed,5977734
16,2,3169,completed,6255109
16,2,3170,completed,6277108
16,2,3171,completed,6280442
16,2,3172,completed,6282483
16,2,3173,completed,6283984
16,2,3174,completed,6285276
16,2,3175,completed,6286900
16,2,3176,completed,6288567
16,2,3177,completed,6289692
16,2,3178,completed,6290358
16,2,3179,completed,6291192
16,2,3180,completed,6292442
16,2,3181,completed,6293317
16,2,3182,completed,6294734
16,2,3183,completed,6295567
16,2,3184,completed,6297567
16,2,3185,completed,7094607
16,2,3186,completed,7070815
16,2,3187,completed,7071482
16,2,3188,completed,7072607
16,2,3189,completed,7073941
16,2,3190,completed,7075065
16,2,3191,completed,7076315
16,2,3192,completed,7077940
16,2,3193,completed,7079274
16,2,3194,completed,7080566
16,2,3195,completed,7081440
16,2,3196,completed,7082357
16,2,3197,completed,7083565
16,2,3198,completed,7084441
16,2,3199,completed,7085857
16,2,3200,completed,7087398
16,2,3201,completed,5945860
16,2,3202,completed,5966235
16,2,3203,completed,5968110
16,2,3204,completed,5969943
16,2,3205,completed,5972443
16,2,3206,completed,5974527
16,2,3207,completed,5975985
16,2,3208,completed,5977651
16,2,3209,completed,5979609
16,2,3210,completed,5981735
16,2,3211,completed,5982776
16,2,3212,completed,5984151
16,2,3213,completed,5985276
16,2,3214,completed,5986235
16,2,3215,completed,5987693
16,2,3216,completed,5989735
16,2,3217,completed,5788402
16,2,3218,completed,5791401
16,2,3219,completed,5791985
16,2,3220,completed,5792569
16,2,3221,completed,5793485
16,2,3222,completed,5794402
16,2,3223,completed,5795443
16,2,3224,completed,5796610
16,2,3225,completed,5797401
16,2,3226,completed,5798485
16,2,3227,completed,5798943
16,2,3228,completed,5799401
16,2,3229,completed,5800652
16,2,3230,completed,5801069
16,2,3231,completed,5811610
16,2,3232,completed,5814944
16,2,3233,completed,6007735
16,2,3234,completed,6039235
16,2,3235,completed,6040027
16,2,3236,completed,6039401
16,2,3237,completed,6040568
16,2,3238,completed,6042318
16,2,3239,completed,6044110
16,2,3240,completed,6044443
16,2,3241,completed,6045943
16,2,3242,completed,6046234
16,2,3243,completed,6046860
16,2,3244,completed,6035484
16,2,3245,completed,6036151
16,2,3246,completed,6036526
16,2,3247,completed,6037359
16,2,3248,completed,6038567
16,2,3249,completed,5906069
16,2,3250,completed,5939234
16,2,3251,completed,5939901
16,2,3252,completed,5941026
16,2,3253,completed,5942651
16,2,3254,completed,5944193
16,2,3255,completed,5944901
16,2,3256,completed,5945693
16,2,3257,completed,5947277
16,2,3258,completed,5948485
16,2,3259,completed,5949027
16,2,3260,completed,5949735
16,2,3261,completed,5950109
16,2,3262,completed,5950360
16,2,3263,completed,5951943
16,2,3264,completed,5952609
16,2,3265,completed,5885402
16,2,3266,completed,5903527
16,2,3267,completed,5904985
16,2,3268,completed,5905068
16,2,3269,completed,5906776
16,2,3270,completed,5907485
16,2,3271,completed,5908985
16,2,3272,completed,5910360
16,2,3273,completed,5911402
16,2,3274,completed,5913777
16,2,3275,completed,5914818
16,2,3276,completed,5916110
16,2,3277,completed,5917568
16,2,3278,completed,5918485
16,2,3279,completed,5919610
16,2,3280,completed,5920693
16,2,3281,completed,6018777
16,2,3282,completed,6037902
16,2,3283,completed,6038693
16,2,3284,completed,6038943
16,2,3285,completed,6039818
16,2,3286,completed,6040443
16,2,3287,completed,6041151
16,2,3288,completed,6042193
16,2,3289,completed,6042818
16,2,3290,completed,6044276
16,2,3291,completed,6045860
16,2,3292,completed,6046985
16,2,3293,completed,6048360
16,2,3294,completed,6049359
16,2,3295,completed,6050443
16,2,3296,completed,6051568
16,2,3297,completed,5852526
16,2,3298,completed,5870985
16,2,3299,completed,5871860
16,2,3300,completed,5871860
16,2,3301,completed,5872568
16,2,3302,completed,5872818
16,2,3303,completed,5873652
16,2,3304,completed,5875027
16,2,3305,completed,5875610
16,2,3306,completed,5878027
16,2,3307,completed,5878777
16,2,3308,completed,5879985
16,2,3309,completed,5881277
16,2,3310,completed,5881652
16,2,3311,completed,5882818
16,2,3312,completed,5884027
16,2,3313,completed,5882568
16,2,3314,completed,5888652
16,2,3315,completed,5889444
16,2,3316,completed,5889943
16,2,3317,completed,5891360
16,2,3318,completed,5891610
16,2,3319,completed,5892610
16,2,3320,completed,5893985
16,2,3321,completed,5894735
16,2,3322,completed,5896444
16,2,3323,completed,5897735
16,2,3324,completed,5899027
16,2,3325,completed,5900235
16,2,3326,completed,5901235
16,2,3327,completed,5902527
16,2,3328,completed,5903652
16,2,3329,completed,5974485
16,2,3330,completed,6006318
16,2,3331,completed,6008735
16,2,3332,completed,6008860
16,2,3333,completed,6010776
16,2,3334,completed,6011860
16,2,3335,completed,6013485
16,2,3336,completed,6015068
16,2,3337,completed,6004860
16,2,3338,completed,6007276
16,2,3339,completed,6008568
16,2,3340,completed,6010360
16,2,3341,completed,6012068
16,2,3342,completed,6013235
16,2,3343,completed,6014610
16,2,3344,completed,6016485
16,2,3345,completed,5894110
16,2,3346,completed,5897943
16,2,3347,completed,5898818
16,2,3348,completed,5899652
16,2,3349,completed,5893360
16,2,3350,completed,5894485
16,2,3351,completed,5895526
16,2,3352,completed,5897401
16,2,3353,completed,5898485
16,2,3354,completed,5900443
16,2,3355,completed,5901777
16,2,3356,completed,5903110
16,2,3357,completed,5904693
16,2,3358,completed,5905860
16,2,3359,completed,5907360
16,2,3360,completed,5908652
16,2,3361,completed,5939860
16,2,3362,completed,5946735
16,2,3363,completed,5947068
16,2,3364,completed,5946901
16,2,3365,completed,5947360
16,2,3366,completed,5947360
16,2,3367,completed,5947735
16,2,3368,completed,5948401
16,2,3369,completed,5948693
16,2,3370,completed,5949735
16,2,3371,completed,5950151
16,2,3372,completed,5950568
16,2,3373,completed,5951693
16,2,3374,completed,5951943
16,2,3375,completed,5952443
16,2,3376,completed,5953068
16,2,3377,completed,5983318
16,2,3378,completed,5998109
16,2,3379,completed,6000151
16,2,3380,completed,6001277
16,2,3381,completed,6003026
16,2,3382,completed,6004110
16,2,3383,completed,6005985
16,2,3384,completed,6008026
16,2,3385,completed,6009402
16,2,3386,completed,6012402
16,2,3387,completed,6014443
16,2,3388,completed,6016401
16,2,3389,completed,6018318
16,2,3390,completed,6019609
16,2,3391,completed,6021318
16,2,3392,completed,6022735
16,2,3393,completed,7938188
16,2,3394,completed,7929605
16,2,3395,completed,7930105
16,2,3396,completed,7930230
16,2,3397,completed,7930563
16,2,3398,completed,7931063
16,2,3399,completed,7931521
16,2,3400,completed,7931938
16,2,3401,completed,7932396
16,2,3402,completed,7932688
16,2,3403,completed,7932939
16,2,3404,completed,7933272
16,2,3405,completed,7933855
16,2,3406,completed,7934397
16,2,3407,completed,7934980
16,2,3408,completed,7936563
16,2,3409,completed,6005026
16,2,3410,completed,6010902
16,2,3411,completed,6011734
16,2,3412,completed,6012027
16,2,3413,completed,6012568
16,2,3414,completed,6013610
16,2,3415,completed,6014109
16,2,3416,completed,6015443
16,2,3417,completed,6016152
16,2,3418,completed,6017235
16,2,3419,completed,6018568
16,2,3420,completed,6019276
16,2,3421,completed,6019985
16,2,3422,completed,6020401
16,2,3423,completed,6021151
16,2,3424,completed,6022193
16,2,3425,completed,5898860
16,2,3426,completed,5901819
16,2,3427,completed,5902402
16,2,3428,completed,5902902
16,2,3429,completed,5903069
16,2,3430,completed,5904193
16,2,3431,completed,5904401
16,2,3432,completed,5904943
16,2,3433,completed,5905735
16,2,3434,completed,5906026
16,2,3435,completed,5906193
16,2,3436,completed,5906444
16,2,3437,completed,5906735
16,2,3438,completed,5907318
16,2,3439,completed,5907735
16,2,3440,completed,5908734
16,2,3441,completed,5945277
16,2,3442,completed,5948110
16,2,3443,completed,5949652
16,2,3444,completed,5951443
16,2,3445,completed,5953235
16,2,3446,completed,5954735
16,2,3447,completed,5957401
16,2,3448,completed,5958902
16,2,3449,completed,5961193
16,2,3450,completed,5963276
16,2,3451,completed,5964985
16,2,3452,completed,5966735
16,2,3453,completed,5968360
16,2,3454,completed,5969985
16,2,3455,completed,5971901
16,2,3456,completed,5973735
16,2,3457,completed,5897860
16,2,3458,completed,5897527
16,2,3459,completed,5897610
16,2,3460,completed,5897527
16,2,3461,completed,5897610
16,2,3462,completed,5897444
16,2,3463,completed,5897569
16,2,3464,completed,5897401
16,2,3465,completed,5897319
16,2,3466,completed,5897151
16,2,3467,completed,5897026
16,2,3468,completed,5896860
16,2,3469,completed,5896694
16,2,3470,completed,5896527
16,2,3471,completed,5896443
16,2,3472,completed,5896777
16,2,3473,completed,6022485
16,2,3474,completed,6027943
16,2,3475,completed,6029485
16,2,3476,completed,6031276
16,2,3477,completed,6033443
16,2,3478,completed,6034901
16,2,3479,completed,6036901
16,2,3480,completed,6038443
16,2,3481,completed,6040193
16,2,3482,completed,6042317
16,2,3483,completed,6043776
16,2,3484,completed,6045693
16,2,3485,completed,6047276
16,2,3486,completed,6048817
16,2,3487,completed,6050734
16,2,3488,completed,6052818
16,2,3489,completed,5678194
16,2,3490,completed,5680152
16,2,3491,completed,5680610
16,2,3492,completed,5681403
16,2,3493,completed,5682028
16,2,3494,completed,5682486
16,2,3495,completed,5683111
16,2,3496,completed,5683569
16,2,3497,completed,5684444
16,2,3498,completed,5684986
16,2,3499,completed,5685652
16,2,3500,completed,5686194
16,2,3501,completed,5686944
16,2,3502,completed,5687486
16,2,3503,completed,5688236
16,2,3504,completed,5689152
16,2,3505,completed,6289984
16,2,3506,completed,6297276
16,2,3507,completed,6298943
16,2,3508,completed,6300692
16,2,3509,completed,6303234
16,2,3510,completed,6304650
16,2,3511,completed,6306276
16,2,3512,completed,6307401
16,2,3513,completed,6309067
16,2,3514,completed,6310609
16,2,3515,completed,6311859
16,2,3516,completed,6313317
16,2,3517,completed,6314567
16,2,3518,completed,6315859
16,2,3519,completed,6317276
16,2,3520,completed,6318609
16,2,3521,completed,5900360
16,2,3522,completed,5903818
16,2,3523,completed,5904860
16,2,3524,completed,5906152
16,2,3525,completed,5907401
16,2,3526,completed,5908693
16,2,3527,completed,5909859
16,2,3528,completed,5910943
16,2,3529,completed,5912276
16,2,3530,completed,5913401
16,2,3531,completed,5914234
16,2,3532,completed,5915568
16,2,3533,completed,5916568
16,2,3534,completed,5917610
16,2,3535,completed,5918610
16,2,3536,completed,5919859
16,2,3537,completed,5961901
16,2,3538,completed,5954026
16,2,3539,completed,5954693
16,2,3540,completed,5955527
16,2,3541,completed,5956484
16,2,3542,completed,5957526
16,2,3543,completed,5958568
16,2,3544,completed,5959526
16,2,3545,completed,5960818
16,2,3546,completed,5961901
16,2,3547,completed,5962902
16,2,3548,completed,5964318
16,2,3549,completed,5965277
16,2,3550,completed,5966235
16,2,3551,completed,5967359
16,2,3552,completed,5968777
16,2,3553,completed,5636819
16,2,3554,completed,5643069
16,2,3555,completed,5644152
16,2,3556,completed,5645111
16,2,3557,completed,5647152
16,2,3558,completed,5648318
16,2,3559,completed,5649319
16,2,3560,completed,5649694
16,2,3561,completed,5650027
16,2,3562,completed,5650485
16,2,3563,completed,5650735
16,2,3564,completed,5651069
16,2,3565,completed,5651402
16,2,3566,completed,5651527
16,2,3567,completed,5651985
16,2,3568,completed,5652569
16,2,3569,completed,5642903
16,2,3570,completed,5642527
16,2,3571,completed,5642652
16,2,3572,completed,5642777
16,2,3573,completed,5643402
16,2,3574,completed,5643611
16,2,3575,completed,5643903
16,2,3576,completed,5644152
16,2,3577,completed,5644402
16,2,3578,completed,5644653
16,2,3579,completed,5644902
16,2,3580,completed,5645194
16,2,3581,completed,5645402
16,2,3582,completed,5645611
16,2,3583,completed,5645902
16,2,3584,completed,5645903
16,2,3585,completed,6587774
16,2,3586,completed,6593858
16,2,3587,completed,6595275
16,2,3588,completed,6597067
16,2,3589,completed,6599816
16,2,3590,completed,6600899
16,2,3591,completed,6615566
16,2,3592,completed,6616650
16,2,3593,completed,6617775
16,2,3594,completed,6619483
16,2,3595,completed,6620524
16,2,3596,completed,6621941
16,2,3597,completed,6623442
16,2,3598,completed,6624525
16,2,3599,completed,6625733
16,2,3600,completed,6627233
16,2,3601,completed,6066610
16,2,3602,completed,6068484
16,2,3603,completed,6068401
16,2,3604,completed,6063442
16,2,3605,completed,6064776
16,2,3606,completed,6066026
16,2,3607,completed,6066901
16,2,3608,completed,6068192
16,2,3609,completed,6069526
16,2,3610,completed,6071068
16,2,3611,completed,6072234
16,2,3612,completed,6073735
16,2,3613,completed,6074942
16,2,3614,completed,6075443
16,2,3615,completed,6075859
16,2,3616,completed,6076193
16,2,3617,completed,5871527
16,2,3618,completed,5893693
16,2,3619,completed,5906818
16,2,3620,completed,5919277
16,2,3621,completed,5932235
16,2,3622,completed,5943485
16,2,3623,completed,5955193
16,2,3624,completed,5965901
16,2,3625,completed,5976568
16,2,3626,completed,5987984
16,2,3627,completed,5999401
16,2,3628,completed,6009318
16,2,3629,completed,6020276
16,2,3630,completed,6030859
16,2,3631,completed,6042026
16,2,3632,completed,6053776
16,2,3633,completed,5843610
16,2,3634,completed,5830152
16,2,3635,completed,5819110
16,2,3636,completed,5807235
16,2,3637,completed,5796611
16,2,3638,completed,5786194
16,2,3639,completed,5775736
16,2,3640,completed,5766194
16,2,3641,completed,5756611
16,2,3642,completed,5746277
16,2,3643,completed,5736777
16,2,3644,completed,5727069
16,2,3645,completed,5717360
16,2,3646,completed,5707527
16,2,3647,completed,5697694
16,2,3648,completed,5687068
16,2,3649,completed,6083234
16,2,3650,completed,6087652
16,2,3651,completed,6088860
16,2,3652,completed,6090318
16,2,3653,completed,6105735
16,2,3654,completed,6107609
16,2,3655,completed,6108817
16,2,3656,completed,6110235
16,2,3657,completed,6112235
16,2,3658,completed,6113401
16,2,3659,completed,6115026
16,2,3660,completed,6116235
16,2,3661,completed,6117651
16,2,3662,completed,6119068
16,2,3663,completed,6120317
16,2,3664,completed,6121526
16,2,3665,completed,5945319
16,2,3666,completed,5945193
16,2,3667,completed,5945651
16,2,3668,completed,5957485
16,2,3669,completed,5958401
16,2,3670,completed,5958776
16,2,3671,completed,5958984
16,2,3672,completed,5959609
16,2,3673,completed,5960235
16,2,3674,completed,5960818
16,2,3675,completed,5961402
16,2,3676,completed,5961985
16,2,3677,completed,5962485
16,2,3678,completed,5963068
16,2,3679,completed,5963485
16,2,3680,completed,5964277
16,2,3681,completed,5569611
16,2,3682,completed,5573569
16,2,3683,completed,5574569
16,2,3684,completed,5575569
16,2,3685,completed,5576360
16,2,3686,completed,5576861
16,2,3687,completed,5576986
16,2,3688,completed,5577486
16,2,3689,completed,5578360
16,2,3690,completed,5578611
16,2,3691,completed,5578944
16,2,3692,completed,5579194
16,2,3693,completed,5579527
16,2,3694,completed,5579861
16,2,3695,completed,5580361
16,2,3696,completed,5581361
16,2,3697,completed,6335525
16,2,3698,completed,6339233
16,2,3699,completed,6340609
16,2,3700,completed,6342400
16,2,3701,completed,6343984
16,2,3702,completed,6345567
16,2,3703,completed,6347026
16,2,3704,completed,6348733
16,2,3705,completed,6350567
16,2,3706,completed,6352233
16,2,3707,completed,6353692
16,2,3708,completed,6369026
16,2,3709,completed,6370525
16,2,3710,completed,6372109
16,2,3711,completed,6373692
16,2,3712,completed,6375400
16,2,3713,completed,5946026
16,2,3714,completed,5973735
16,2,3715,completed,5988360
16,2,3716,completed,5999985
16,2,3717,completed,6011443
16,2,3718,completed,6022777
16,2,3719,completed,6033902
16,2,3720,completed,6044442
16,2,3721,completed,6055276
16,2,3722,completed,6065818
16,2,3723,completed,6077067
16,2,3724,completed,6087943
16,2,3725,completed,6098151
16,2,3726,completed,6108068
16,2,3727,completed,6118109
16,2,3728,completed,6128568
16,2,3729,completed,6049984
16,2,3730,completed,6028776
16,2,3731,completed,6016735
16,2,3732,completed,6005610
16,2,3733,completed,5994901
16,2,3734,completed,5983443
16,2,3735,completed,5972526
16,2,3736,completed,5961943
16,2,3737,completed,5951193
16,2,3738,completed,5940443
16,2,3739,completed,5928777
16,2,3740,completed,5918360
16,2,3741,completed,5908069
16,2,3742,completed,5898026
16,2,3743,completed,5887818
16,2,3744,completed,5877443
16,2,3745,completed,5870734
16,2,3746,completed,5876485
16,2,3747,completed,5877443
16,2,3748,completed,5878777
16,2,3749,completed,5880527
16,2,3750,completed,5881985
16,2,3751,completed,5883401
16,2,3752,completed,5884902
16,2,3753,completed,5886235
16,2,3754,completed,5887901
16,2,3755,completed,5889110
16,2,3756,completed,5890610
16,2,3757,completed,5891651
16,2,3758,completed,5892527
16,2,3759,completed,5893985
16,2,3760,completed,5895902
16,2,3761,completed,6071818
16,2,3762,completed,6076360
16,2,3763,completed,6076943
16,2,3764,completed,6077817
16,2,3765,completed,6078526
16,2,3766,completed,6078985
16,2,3767,completed,6079568
16,2,3768,completed,6079860
16,2,3769,completed,6080193
16,2,3770,completed,6080734
16,2,3771,completed,6081693
16,2,3772,completed,6082734
16,2,3773,completed,6083568
16,2,3774,completed,6084442
16,2,3775,completed,6085026
16,2,3776,completed,6085567
16,2,3777,completed,5943901
16,2,3778,completed,5945485
16,2,3779,completed,5946777
16,2,3780,completed,5948235
16,2,3781,completed,5949776
16,2,3782,completed,5951193
16,2,3783,completed,5952026
16,2,3784,completed,5953401
16,2,3785,completed,5954276
16,2,3786,completed,5955651
16,2,3787,completed,5956735
16,2,3788,completed,5957360
16,2,3789,completed,5958027
16,2,3790,completed,5958860
16,2,3791,completed,5959985
16,2,3792,completed,5960943
16,2,3793,completed,5953860
16,2,3794,completed,5956152
16,2,3795,completed,5956776
16,2,3796,completed,5957943
16,2,3797,completed,5959068
16,2,3798,completed,5960068
16,2,3799,completed,5960443
16,2,3800,completed,5961359
16,2,3801,completed,5962360
16,2,3802,completed,5963318
16,2,3803,completed,5963860
16,2,3804,completed,5964235
16,2,3805,completed,5964818
16,2,3806,completed,5965485
16,2,3807,completed,5966234
16,2,3808,completed,5967484
16,2,3809,completed,6058485
16,2,3810,completed,6065360
16,2,3811,completed,6066568
16,2,3812,completed,6067860
16,2,3813,completed,6070110
16,2,3814,completed,6071526
16,2,3815,completed,6072151
16,2,3816,completed,6073276
16,2,3817,completed,6074109
16,2,3818,completed,6075234
16,2,3819,completed,6076317
16,2,3820,completed,6076942
16,2,3821,completed,6078442
16,2,3822,completed,6079317
16,2,3823,completed,6080234
16,2,3824,completed,6080901
16,2,3825,completed,5444986
16,2,3826,completed,5449069
16,2,3827,completed,5449570
16,2,3828,completed,5450277
16,2,3829,completed,5451277
16,2,3830,completed,5452319
16,2,3831,completed,5453528
16,2,3832,completed,5454195
16,2,3833,completed,5455027
16,2,3834,completed,5455944
16,2,3835,completed,5456528
16,2,3836,completed,5457736
16,2,3837,completed,5458694
16,2,3838,completed,5459695
16,2,3839,completed,5460611
16,2,3840,completed,5461028
16,2,3841,completed,6322151
16,2,3842,completed,6321651
16,2,3843,completed,6321901
16,2,3844,completed,6322817
16,2,3845,completed,6323776
16,2,3846,completed,6324526
16,2,3847,completed,6325234
16,2,3848,completed,6325859
16,2,3849,completed,6326650
16,2,3850,completed,6327484
16,2,3851,completed,6328067
16,2,3852,completed,6328900
16,2,3853,completed,6329525
16,2,3854,completed,6330234
16,2,3855,completed,6330942
16,2,3856,completed,6331859
16,2,3857,completed,6060402
16,2,3858,completed,6069151
16,2,3859,completed,6069777
16,2,3860,completed,6070693
16,2,3861,completed,6061818
16,2,3862,completed,6062943
16,2,3863,completed,6063235
16,2,3864,completed,6063818
16,2,3865,completed,6065234
16,2,3866,completed,6066318
16,2,3867,completed,6067277
16,2,3868,completed,6068193
16,2,3869,completed,6068777
16,2,3870,completed,6070234
16,2,3871,completed,6070901
16,2,3872,completed,6072152
16,2,3873,completed,5895818
16,2,3874,completed,5894652
16,2,3875,completed,5894985
16,2,3876,completed,5896027
16,2,3877,completed,5896860
16,2,3878,completed,5906485
16,2,3879,completed,5907152
16,2,3880,completed,5908068
16,2,3881,completed,5908651
16,2,3882,completed,5909443
16,2,3883,completed,5910194
16,2,3884,completed,5911569
16,2,3885,completed,5912235
16,2,3886,completed,5913068
16,2,3887,completed,5913735
16,2,3888,completed,5914360
16,2,3889,completed,6014193
16,2,3890,completed,6019193
16,2,3891,completed,6019860
16,2,3892,completed,6020610
16,2,3893,completed,6021651
16,2,3894,completed,6022485
16,2,3895,completed,6023652
16,2,3896,completed,6024610
16,2,3897,completed,6025568
16,2,3898,completed,6026359
16,2,3899,completed,6027276
16,2,3900,completed,6028110
16,2,3901,completed,6029193
16,2,3902,completed,6029985
16,2,3903,completed,6030651
16,2,3904,completed,6031526
16,2,3905,completed,5970027
16,2,3906,completed,5975026
16,2,3907,completed,5975735
16,2,3908,completed,5976859
16,2,3909,completed,5977902
16,2,3910,completed,5978776
16,2,3911,completed,5979151
16,2,3912,completed,5980151
16,2,3913,completed,5980818
16,2,3914,completed,5981484
16,2,3915,completed,5982359
16,2,3916,completed,5983443
16,2,3917,completed,5984109
16,2,3918,completed,5984776
16,2,3919,completed,5985693
16,2,3920,completed,5986485
16,2,3921,completed,5997693
16,2,3922,completed,6004151
16,2,3923,completed,6005777
16,2,3924,completed,6007901
16,2,3925,completed,6009818
16,2,3926,completed,6011734
16,2,3927,completed,6013360
16,2,3928,completed,6015359
16,2,3929,completed,6017485
16,2,3930,completed,6019193
16,2,3931,completed,6020693
16,2,3932,completed,6022027
16,2,3933,completed,6023651
16,2,3934,completed,6025568
16,2,3935,completed,6027110
16,2,3936,completed,6028777
16,2,3937,completed,5918984
16,2,3938,completed,5918818
16,2,3939,completed,5918943
16,2,3940,completed,5919318
16,2,3941,completed,5919443
16,2,3942,completed,5919902
16,2,3943,completed,5919943
16,2,3944,completed,5920360
16,2,3945,completed,5920276
16,2,3946,completed,5920526
16,2,3947,completed,5920735
16,2,3948,completed,5921193
16,2,3949,completed,5921359
16,2,3950,completed,5921776
16,2,3951,completed,5922234
16,2,3952,completed,5922485
16,2,3953,completed,5942276
16,2,3954,completed,5949651
16,2,3955,completed,5950943
16,2,3956,completed,5952235
16,2,3957,completed,5953776
16,2,3958,completed,5954652
16,2,3959,completed,5955693
16,2,3960,completed,5957026
16,2,3961,completed,5958151
16,2,3962,completed,5958985
16,2,3963,completed,5960402
16,2,3964,completed,5961735
16,2,3965,completed,5962860
16,2,3966,completed,5963943
16,2,3967,completed,5964818
16,2,3968,completed,5966110
16,2,3969,completed,5918652
16,2,3970,completed,5918152
16,2,3971,completed,5918819
16,2,3972,completed,5919360
16,2,3973,completed,5920485
16,2,3974,completed,5921110
16,2,3975,completed,5921818
16,2,3976,completed,5922526
16,2,3977,completed,5923277
16,2,3978,completed,5923860
16,2,3979,completed,5924527
16,2,3980,completed,5925152
16,2,3981,completed,5925651
16,2,3982,completed,5926652
16,2,3983,completed,5927194
16,2,3984,completed,5937860
16,2,3985,completed,6008776
16,2,3986,completed,6012110
16,2,3987,completed,6012693
16,2,3988,completed,6013401
16,2,3989,completed,6013984
16,2,3990,completed,6014818
16,2,3991,completed,6015318
16,2,3992,completed,6016276
16,2,3993,completed,6017068
16,2,3994,completed,6017693
16,2,3995,completed,6018276
16,2,3996,completed,6019235
16,2,3997,completed,6020193
16,2,3998,completed,6021193
16,2,3999,completed,6021860
16,2,4000,completed,6022443
16,2,4001,completed,5963776
16,2,4002,completed,5967318
16,2,4003,completed,5967943
16,2,4004,completed,5969068
16,2,4005,completed,5970068
16,2,4006,completed,5970860
16,2,4007,completed,5971860
16,2,4008,completed,5973276
16,2,4009,completed,5974152
16,2,4010,completed,5975735
16,2,4011,completed,5976526
16,2,4012,completed,5977443
16,2,4013,completed,5978734
16,2,4014,completed,5979610
16,2,4015,completed,5980776
16,2,4016,completed,5981984
16,2,4017,completed,5917776
16,2,4018,completed,5918152
16,2,4019,completed,5918443
16,2,4020,completed,5919068
16,2,4021,completed,5919485
16,2,4022,completed,5920068
16,2,4023,completed,5920568
16,2,4024,completed,5921026
16,2,4025,completed,5921568
16,2,4026,completed,5922027
16,2,4027,completed,5922568
16,2,4028,completed,5923110
16,2,4029,completed,5923526
16,2,4030,completed,5924027
16,2,4031,completed,5924693
16,2,4032,completed,5925318
16,2,4033,completed,5990818
16,2,4034,completed,5987818
16,2,4035,completed,5987943
16,2,4036,completed,5988943
16,2,4037,completed,5999109
16,2,4038,completed,5999818
16,2,4039,completed,6000485
16,2,4040,completed,6001610
16,2,4041,completed,6002151
16,2,4042,completed,6003068
16,2,4043,completed,6003485
16,2,4044,completed,6004193
16,2,4045,completed,6004901
16,2,4046,completed,6005360
16,2,4047,completed,6006359
16,2,4048,completed,6006902
16,2,4049,completed,5988401
16,2,4050,completed,5993068
16,2,4051,completed,5994693
16,2,4052,completed,5996735
16,2,4053,completed,5998568
16,2,4054,completed,6000110
16,2,4055,completed,6001734
16,2,4056,completed,6003318
16,2,4057,completed,6005068
16,2,4058,completed,6006693
16,2,4059,completed,6008985
16,2,4060,completed,6010735
16,2,4061,completed,6012359
16,2,4062,completed,6013984
16,2,4063,completed,6016318
16,2,4064,completed,6018485
16,2,4065,completed,5578611
16,2,4066,completed,5578152
16,2,4067,completed,5577902
16,2,4068,completed,5577944
16,2,4069,completed,5577944
16,2,4070,completed,5577611
16,2,4071,completed,5577653
16,2,4072,completed,5577777
16,2,4073,completed,5577903
16,2,4074,completed,5578111
16,2,4075,completed,5578111
16,2,4076,completed,5578278
16,2,4077,completed,5578361
16,2,4078,completed,5578360
16,2,4079,completed,5578486
16,2,4080,completed,5578527
16,2,4081,completed,5900610
16,2,4082,completed,5928027
16,2,4083,completed,5940027
16,2,4084,completed,5951694
16,2,4085,completed,5963860
16,2,4086,completed,5974693
16,2,4087,completed,5986193
16,2,4088,completed,5997402
16,2,4089,completed,6008527
16,2,4090,completed,6019526
16,2,4091,completed,6031110
16,2,4092,completed,6042109
16,2,4093,completed,6053318
16,2,4094,completed,6064443
16,2,4095,completed,6075152
16,2,4096,completed,6085901
16,2,4097,completed,6420817
16,2,4098,completed,6413942
16,2,4099,completed,6404026
16,2,4100,completed,6393900
16,2,4101,completed,6383900
16,2,4102,completed,6374650
16,2,4103,completed,6364817
16,2,4104,completed,6355775
16,2,4105,completed,6345983
16,2,4106,completed,6336525
16,2,4107,completed,6326817
16,2,4108,completed,6317567
16,2,4109,completed,6307942
16,2,4110,completed,6298525
16,2,4111,completed,6289526
16,2,4112,completed,6280401
16,2,4113,completed,5958068
16,2,4114,completed,5960484
16,2,4115,completed,5960276
16,2,4116,completed,5960485
16,2,4117,completed,5961984
16,2,4118,completed,5961943
16,2,4119,completed,5962318
16,2,4120,completed,5962193
16,2,4121,completed,5962651
16,2,4122,completed,5962735
16,2,4123,completed,5962943
16,2,4124,completed,5962818
16,2,4125,completed,5962651
16,2,4126,completed,5962610
16,2,4127,completed,5962652
16,2,4128,completed,5962984
16,2,4129,completed,6012776
16,2,4130,completed,6023193
16,2,4131,completed,6024485
16,2,4132,completed,6026610
16,2,4133,completed,6029235
16,2,4134,completed,6030443
16,2,4135,completed,6032401
16,2,4136,completed,6034359
16,2,4137,completed,6035776
16,2,4138,completed,6037568
16,2,4139,completed,6039443
16,2,4140,completed,6041527
16,2,4141,completed,6043610
16,2,4142,completed,6045026
16,2,4143,completed,6046693
16,2,4144,completed,6048068
16,2,4145,completed,5459153
16,2,4146,completed,5458736
16,2,4147,completed,5459319
16,2,4148,completed,5459861
16,2,4149,completed,5460486
16,2,4150,completed,5460695
16,2,4151,completed,5461153
16,2,4152,completed,5461986
16,2,4153,completed,5462319
16,2,4154,completed,5462611
16,2,4155,completed,5462861
16,2,4156,completed,5463652
16,2,4157,completed,5464236
16,2,4158,completed,5464444
16,2,4159,completed,5465111
16,2,4160,completed,5465652
16,2,4161,completed,6363984
16,2,4162,completed,6365567
16,2,4163,completed,6366108
16,2,4164,completed,6366859
16,2,4165,completed,6368025
16,2,4166,completed,6368150
16,2,4167,completed,6368734
16,2,4168,completed,6369692
16,2,4169,completed,6370317
16,2,4170,completed,6370984
16,2,4171,completed,6371483
16,2,4172,completed,6372275
16,2,4173,completed,6372942
16,2,4174,completed,6373567
16,2,4175,completed,6374151
16,2,4176,completed,6374734
16,2,4177,completed,6019276
16,2,4178,completed,6024901
16,2,4179,completed,6025860
16,2,4180,completed,6027068
16,2,4181,completed,6028860
16,2,4182,completed,6029610
16,2,4183,completed,6030651
16,2,4184,completed,6032110
16,2,4185,completed,6033318
16,2,4186,completed,6034026
16,2,4187,completed,6034651
16,2,4188,completed,6035818
16,2,4189,completed,6036735
16,2,4190,completed,6037568
16,2,4191,completed,6038443
16,2,4192,completed,6040401
16,2,4193,completed,5946652
16,2,4194,completed,5951152
16,2,4195,completed,5952027
16,2,4196,completed,5953401
16,2,4197,completed,5955401
16,2,4198,completed,5955943
16,2,4199,completed,5956652
16,2,4200,completed,5958110
16,2,4201,completed,5958860
16,2,4202,completed,5959818
16,2,4203,completed,5960526
16,2,4204,completed,5961402
16,2,4205,completed,5962235
16,2,4206,completed,5962943
16,2,4207,completed,5963943
16,2,4208,completed,5964818
16,2,4209,completed,5993318
16,2,4210,completed,5995818
16,2,4211,completed,5996067
16,2,4212,completed,5997068
16,2,4213,completed,5998317
16,2,4214,completed,5998734
16,2,4215,completed,5999401
16,2,4216,completed,6000067
16,2,4217,completed,6000651
16,2,4218,completed,6001068
16,2,4219,completed,6001359
16,2,4220,completed,6002151
16,2,4221,completed,6002943
16,2,4222,completed,6003359
16,2,4223,completed,6003943
16,2,4224,completed,6004484
16,2,4225,completed,5936318
16,2,4226,completed,5940443
16,2,4227,completed,5941693
16,2,4228,completed,5942652
16,2,4229,completed,5944360
16,2,4230,completed,5945151
16,2,4231,completed,5946360
16,2,4232,completed,5947527
16,2,4233,completed,5948527
16,2,4234,completed,5949485
16,2,4235,completed,5950276
16,2,4236,completed,5951193
16,2,4237,completed,5952443
16,2,4238,completed,5953277
16,2,4239,completed,5954443
16,2,4240,completed,5955652
16,2,4241,completed,5928194
16,2,4242,completed,5927944
16,2,4243,completed,5928568
16,2,4244,completed,5928818
16,2,4245,completed,5929193
16,2,4246,completed,5929276
16,2,4247,completed,5929485
16,2,4248,completed,5930194
16,2,4249,completed,5930610
16,2,4250,completed,5930901
16,2,4251,completed,5931360
16,2,4252,completed,5940319
16,2,4253,completed,5940985
16,2,4254,completed,5941318
16,2,4255,completed,5941943
16,2,4256,completed,5942402
16,2,4257,completed,6007693
16,2,4258,completed,6016984
16,2,4259,completed,6018734
16,2,4260,completed,6020776
16,2,4261,completed,6022985
16,2,4262,completed,6024443
16,2,4263,completed,6026360
16,2,4264,completed,6028651
16,2,4265,completed,6030359
16,2,4266,completed,6032443
16,2,4267,completed,6033817
16,2,4268,completed,6035901
16,2,4269,completed,6038110
16,2,4270,completed,6039610
16,2,4271,completed,6041109
16,2,4272,completed,6042985
16,2,4273,completed,5664986
16,2,4274,completed,5664027
16,2,4275,completed,5663694
16,2,4276,completed,5663736
16,2,4277,completed,5663902
16,2,4278,completed,5663735
16,2,4279,completed,5663694
16,2,4280,completed,5663860
16,2,4281,completed,5663736
16,2,4282,completed,5663527
16,2,4283,completed,5663527
16,2,4284,completed,5663319
16,2,4285,completed,5663319
16,2,4286,completed,5663110
16,2,4287,completed,5663111
16,2,4288,completed,5662944
16,2,4289,completed,5729235
16,2,4290,completed,5732027
16,2,4291,completed,5733068
16,2,4292,completed,5733860
16,2,4293,completed,5734736
16,2,4294,completed,5735485
16,2,4295,completed,5736068
16,2,4296,completed,5736819
16,2,4297,completed,5737569
16,2,4298,completed,5738277
16,2,4299,completed,5739360
16,2,4300,completed,5739902
16,2,4301,completed,5740693
16,2,4302,completed,5741485
16,2,4303,completed,5742027
16,2,4304,completed,5742652
16,2,4305,completed,6458150
16,2,4306,completed,6462400
16,2,4307,completed,6463775
16,2,4308,completed,6465483
16,2,4309,completed,6467525
16,2,4310,completed,6484025
16,2,4311,completed,6485692
16,2,4312,completed,6487192
16,2,4313,completed,6489317
16,2,4314,completed,6490733
16,2,4315,completed,6492525
16,2,4316,completed,6494567
16,2,4317,completed,6496275
16,2,4318,completed,6497983
16,2,4319,completed,6499858
16,2,4320,completed,6501525
16,2,4321,completed,5948610
16,2,4322,completed,5962110
16,2,4323,completed,5962777
16,2,4324,completed,5963943
16,2,4325,completed,5964943
16,2,4326,completed,5966151
16,2,4327,completed,5967068
16,2,4328,completed,5968235
16,2,4329,completed,5969193
16,2,4330,completed,5970151
16,2,4331,completed,5971234
16,2,4332,completed,5972401
16,2,4333,completed,5973401
16,2,4334,completed,5974527
16,2,4335,completed,5975610
16,2,4336,completed,5976735
16,2,4337,completed,5330778
16,2,4338,completed,5339111
16,2,4339,completed,5344403
16,2,4340,completed,5348778
16,2,4341,completed,5353278
16,2,4342,completed,5357612
16,2,4343,completed,5361778
16,2,4344,completed,5365986
16,2,4345,completed,5370486
16,2,4346,completed,5374903
16,2,4347,completed,5379027
16,2,4348,completed,5383278
16,2,4349,completed,5387194
16,2,4350,completed,5391111
16,2,4351,completed,5394944
16,2,4352,completed,5398653
16,2,4353,completed,6659233
16,2,4354,completed,6658816
16,2,4355,completed,6653733
16,2,4356,completed,6650025
16,2,4357,completed,6645900
16,2,4358,completed,6641941
16,2,4359,completed,6638233
16,2,4360,completed,6634275
16,2,4361,completed,6630275
16,2,4362,completed,6626399
16,2,4363,completed,6622524
16,2,4364,completed,6618524
16,2,4365,completed,6615483
16,2,4366,completed,6611942
16,2,4367,completed,6608233
16,2,4368,completed,6604816
16,2,4369,completed,5892860
16,2,4370,completed,5893818
16,2,4371,completed,5894068
16,2,4372,completed,5894193
16,2,4373,completed,5894860
16,2,4374,completed,5895193
16,2,4375,completed,5895735
16,2,4376,completed,5896069
16,2,4377,completed,5896277
16,2,4378,completed,5896693
16,2,4379,completed,5897360
16,2,4380,completed,5897652
16,2,4381,completed,5898235
16,2,4382,completed,5898568
16,2,4383,completed,5899068
16,2,4384,completed,5906276
16,2,4385,completed,6048526
16,2,4386,completed,6056110
16,2,4387,completed,6056735
16,2,4388,completed,6058109
16,2,4389,completed,6059109
16,2,4390,completed,6060485
16,2,4391,completed,6061192
16,2,4392,completed,6061901
16,2,4393,completed,6062359
16,2,4394,completed,6063401
16,2,4395,completed,6064651
16,2,4396,completed,6065109
16,2,4397,completed,6065734
16,2,4398,completed,6066984
16,2,4399,completed,6067985
16,2,4400,completed,6068942
16,2,4401,completed,5919527
16,2,4402,completed,5921193
16,2,4403,completed,5922276
16,2,4404,completed,5923110
16,2,4405,completed,5923985
16,2,4406,completed,5924734
16,2,4407,completed,5925693
16,2,4408,completed,5926735
16,2,4409,completed,5927693
16,2,4410,completed,5928985
16,2,4411,completed,5929860
16,2,4412,completed,5930609
16,2,4413,completed,5931485
16,2,4414,completed,5932443
16,2,4415,completed,5933110
16,2,4416,completed,5933651
16,2,4417,completed,5883443
16,2,4418,completed,5885318
16,2,4419,completed,5886276
16,2,4420,completed,5887027
16,2,4421,completed,5887527
16,2,4422,completed,5888110
16,2,4423,completed,5888776
16,2,4424,completed,5889610
16,2,4425,completed,5890235
16,2,4426,completed,5890776
16,2,4427,completed,5891318
16,2,4428,completed,5891943
16,2,4429,completed,5892735
16,2,4430,completed,5893527
16,2,4431,completed,5894110
16,2,4432,completed,5894944
16,2,4433,completed,6142193
16,2,4434,completed,6150734
16,2,4435,completed,6152067
16,2,4436,completed,6152401
16,2,4437,completed,6153318
16,2,4438,completed,6153484
16,2,4439,completed,6154485
16,2,4440,completed,6155192
16,2,4441,completed,6156109
16,2,4442,completed,6157276
16,2,4443,completed,6158693
16,2,4444,completed,6159193
16,2,4445,completed,6160401
16,2,4446,completed,6161234
16,2,4447,completed,6162026
16,2,4448,completed,6162942
16,2,4449,completed,5990318
16,2,4450,completed,5997734
16,2,4451,completed,5998902
16,2,4452,completed,6000151
16,2,4453,completed,6001110
16,2,4454,completed,6002735
16,2,4455,completed,6003984
16,2,4456,completed,6005443
16,2,4457,completed,6006401
16,2,4458,completed,6007860
16,2,4459,completed,6008527
16,2,4460,completed,6009485
16,2,4461,completed,6010776
16,2,4462,completed,6011985
16,2,4463,completed,6012693
16,2,4464,completed,6014527
16,2,4465,completed,5439486
16,2,4466,completed,5440403
16,2,4467,completed,5441236
16,2,4468,completed,5441820
16,2,4469,completed,5442569
16,2,4470,completed,5443153
16,2,4471,completed,5443944
16,2,4472,completed,5444819
16,2,4473,completed,5445403
16,2,4474,completed,5446152
16,2,4475,completed,5447111
16,2,4476,completed,5447778
16,2,4477,completed,5448152
16,2,4478,completed,5448569
16,2,4479,completed,5449236
16,2,4480,completed,5450111
16,2,4481,completed,6368983
16,2,4482,completed,6376775
16,2,4483,completed,6377484
16,2,4484,completed,6378483
16,2,4485,completed,6380484
16,2,4486,completed,6381401
16,2,4487,completed,6382817
16,2,4488,completed,6384359
16,2,4489,completed,6385025
16,2,4490,completed,6385734
16,2,4491,completed,6386359
16,2,4492,completed,6387859
16,2,4493,completed,6388317
16,2,4494,completed,6389358
16,2,4495,completed,6390859
16,2,4496,completed,6391984
16,2,4497,completed,5990026
16,2,4498,completed,5994277
16,2,4499,completed,5996110
16,2,4500,completed,5997943
16,2,4501,completed,5999526
16,2,4502,completed,6001485
16,2,4503,completed,6003526
16,2,4504,completed,6005027
16,2,4505,completed,6006901
16,2,4506,completed,6008985
16,2,4507,completed,6010776
16,2,4508,completed,6013109
16,2,4509,completed,6014693
16,2,4510,completed,6016484
16,2,4511,completed,6018651
16,2,4512,completed,6020567
16,2,4513,completed,5898360
16,2,4514,completed,5907069
16,2,4515,completed,5906860
16,2,4516,completed,5906652
16,2,4517,completed,5906943
16,2,4518,completed,5906944
16,2,4519,completed,5906735
16,2,4520,completed,5907110
16,2,4521,completed,5907151
16,2,4522,completed,5907193
16,2,4523,completed,5907318
16,2,4524,completed,5907402
16,2,4525,completed,5907277
16,2,4526,completed,5907694
16,2,4527,completed,5907568
16,2,4528,completed,5907318
16,2,4529,completed,5975568
16,2,4530,completed,5979026
16,2,4531,completed,5979526
16,2,4532,completed,5980568
16,2,4533,completed,5981193
16,2,4534,completed,5981735
16,2,4535,completed,5982735
16,2,4536,completed,5983859
16,2,4537,completed,5984860
16,2,4538,completed,5985652
16,2,4539,completed,5986526
16,2,4540,completed,5987693
16,2,4541,completed,5988318
16,2,4542,completed,5989360
16,2,4543,completed,5990110
16,2,4544,completed,5991234
16,2,4545,completed,5915568
16,2,4546,completed,5916568
16,2,4547,completed,5917109
16,2,4548,completed,5917443
16,2,4549,completed,5918777
16,2,4550,completed,5919318
16,2,4551,completed,5919818
16,2,4552,completed,5920943
16,2,4553,completed,5921443
16,2,4554,completed,5922151
16,2,4555,completed,5922818
16,2,4556,completed,5923652
16,2,4557,completed,5924360
16,2,4558,completed,5925068
16,2,4559,completed,5925609
16,2,4560,completed,5926235
16,2,4561,completed,6128318
16,2,4562,completed,6134943
16,2,4563,completed,6135401
16,2,4564,completed,6135901
16,2,4565,completed,6136568
16,2,4566,completed,6137234
16,2,4567,completed,6137984
16,2,4568,completed,6138484
16,2,4569,completed,6138943
16,2,4570,completed,6139693
16,2,4571,completed,6140276
16,2,4572,completed,6141193
16,2,4573,completed,6141692
16,2,4574,completed,6142359
16,2,4575,completed,6143234
16,2,4576,completed,6143776
16,2,4577,completed,5591235
16,2,4578,completed,5593111
16,2,4579,completed,5593944
16,2,4580,completed,5594611
16,2,4581,completed,5595527
16,2,4582,completed,5596235
16,2,4583,completed,5596861
16,2,4584,completed,5597652
16,2,4585,completed,5598361
16,2,4586,completed,5599194
16,2,4587,completed,5600110
16,2,4588,completed,5601402
16,2,4589,completed,5602027
16,2,4590,completed,5602902
16,2,4591,completed,5603818
16,2,4592,completed,5589735
16,2,4593,completed,6212901
16,2,4594,completed,6215359
16,2,4595,completed,6215859
16,2,4596,completed,6216276
16,2,4597,completed,6216859
16,2,4598,completed,6217401
16,2,4599,completed,6218068
16,2,4600,completed,6218526
16,2,4601,completed,6219109
16,2,4602,completed,6219818
16,2,4603,completed,6220443
16,2,4604,completed,6220985
16,2,4605,completed,6221567
16,2,4606,completed,6222068
16,2,4607,completed,6222568
16,2,4608,completed,6223109
16,2,4609,completed,5668902
16,2,4610,completed,5676569
16,2,4611,completed,5677444
16,2,4612,completed,5678444
16,2,4613,completed,5679735
16,2,4614,completed,5680735
16,2,4615,completed,5681278
16,2,4616,completed,5682486
16,2,4617,completed,5683569
16,2,4618,completed,5684736
16,2,4619,completed,5685360
16,2,4620,completed,5686610
16,2,4621,completed,5687486
16,2,4622,completed,5688111
16,2,4623,completed,5689028
16,2,4624,completed,5689902
16,2,4625,completed,6238442
16,2,4626,completed,6237609
16,2,4627,completed,6238234
16,2,4628,completed,6238776
16,2,4629,completed,6238859
16,2,4630,completed,6239817
16,2,4631,completed,6240360
16,2,4632,completed,6240984
16,2,4633,completed,6241817
16,2,4634,completed,6242443
16,2,4635,completed,6243151
16,2,4636,completed,6243735
16,2,4637,completed,6244650
16,2,4638,completed,6245275
16,2,4639,completed,6245859
16,2,4640,completed,6246651
16,2,4641,completed,6026818
16,2,4642,completed,6029068
16,2,4643,completed,6029526
16,2,4644,completed,6030276
16,2,4645,completed,6030943
16,2,4646,completed,6031609
16,2,4647,completed,6032110
16,2,4648,completed,6032901
16,2,4649,completed,6033610
16,2,4650,completed,6034277
16,2,4651,completed,6034901
16,2,4652,completed,6035776
16,2,4653,completed,6036318
16,2,4654,completed,6036818
16,2,4655,completed,6037402
16,2,4656,completed,6037985
16,2,4657,completed,6045609
16,2,4658,completed,6056609
16,2,4659,completed,6058651
16,2,4660,completed,6060985
16,2,4661,completed,6062901
16,2,4662,completed,6064776
16,2,4663,completed,6066276
16,2,4664,completed,6068109
16,2,4665,completed,6070317
16,2,4666,completed,6072484
16,2,4667,completed,6074318
16,2,4668,completed,6075776
16,2,4669,completed,6077484
16,2,4670,completed,6079151
16,2,4671,completed,6080859
16,2,4672,completed,6082776
16,2,4673,completed,5879318
16,2,4674,completed,5880985
16,2,4675,completed,5882027
16,2,4676,completed,5883360
16,2,4677,completed,5885152
16,2,4678,completed,5886776
16,2,4679,completed,5888443
16,2,4680,completed,5889401
16,2,4681,completed,5890652
16,2,4682,completed,5891735
16,2,4683,completed,5892860
16,2,4684,completed,5893860
16,2,4685,completed,5895235
16,2,4686,completed,5896693
16,2,4687,completed,5898235
16,2,4688,completed,5899860
16,2,4689,completed,5925610
16,2,4690,completed,5935651
16,2,4691,completed,5935485
16,2,4692,completed,5935485
16,2,4693,completed,5935735
16,2,4694,completed,5935735
16,2,4695,completed,5935319
16,2,4696,completed,5935318
16,2,4697,completed,5935444
16,2,4698,completed,5935694
16,2,4699,completed,5936068
16,2,4700,completed,5935902
16,2,4701,completed,5935651
16,2,4702,completed,5936235
16,2,4703,completed,5936777
16,2,4704,completed,5937193
16,2,4705,completed,5924652
16,2,4706,completed,5928027
16,2,4707,completed,5928860
16,2,4708,completed,5929610
16,2,4709,completed,5930859
16,2,4710,completed,5932193
16,2,4711,completed,5932984
16,2,4712,completed,5933609
16,2,4713,completed,5934360
16,2,4714,completed,5934985
16,2,4715,completed,5935652
16,2,4716,completed,5936318
16,2,4717,completed,5937109
16,2,4718,completed,5938068
16,2,4719,completed,5938818
16,2,4720,completed,5939652
16,2,4721,completed,6045609
16,2,4722,completed,6051568
16,2,4723,completed,6053901
16,2,4724,completed,6103609
16,2,4725,completed,6125360
16,2,4726,completed,6127234
16,2,4727,completed,6129151
16,2,4728,completed,6130860
16,2,4729,completed,6132817
16,2,4730,completed,6134776
16,2,4731,completed,6136901
16,2,4732,completed,6137484
16,2,4733,completed,6142234
16,2,4734,completed,6153984
16,2,4735,completed,6159526
16,2,4736,completed,6159900
16,2,4737,completed,5755068
16,2,4738,completed,5750110
16,2,4739,completed,5750152
16,2,4740,completed,5681361
16,2,4741,completed,5680027
16,2,4742,completed,5680360
16,2,4743,completed,5680110
16,2,4744,completed,5680652
16,2,4745,completed,5681319
16,2,4746,completed,5675277
16,2,4747,completed,5675611
16,2,4748,completed,5675860
16,2,4749,completed,5676485
16,2,4750,completed,5667194
16,2,4751,completed,5667694
16,2,4752,completed,5667569
16,2,4753,completed,6280359
16,2,4754,completed,6281901
16,2,4755,completed,6282734
16,2,4756,completed,6283692
16,2,4757,completed,6285234
16,2,4758,completed,6286525
16,2,4759,completed,6287776
16,2,4760,completed,6289026
16,2,4761,completed,6290983
16,2,4762,completed,6292067
16,2,4763,completed,6293192
16,2,4764,completed,6294900
16,2,4765,completed,6296067
16,2,4766,completed,6326317
16,2,4767,completed,6339567
16,2,4768,completed,6341026
16,2,4769,completed,5857860
16,2,4770,completed,5861485
16,2,4771,completed,5861652
16,2,4772,completed,5861819
16,2,4773,completed,5862110
16,2,4774,completed,5862318
16,2,4775,completed,5862694
16,2,4776,completed,5863277
16,2,4777,completed,5863651
16,2,4778,completed,5864235
16,2,4779,completed,5864610
16,2,4780,completed,5891360
16,2,4781,completed,5899443
16,2,4782,completed,5862902
16,2,4783,completed,5854610
16,2,4784,completed,5854193
16,2,4785,completed,5874735
16,2,4786,completed,5877194
16,2,4787,completed,5877693
16,2,4788,completed,5878818
16,2,4789,completed,5879694
16,2,4790,completed,5880443
16,2,4791,completed,5880777
16,2,4792,completed,5881235
16,2,4793,completed,5881610
16,2,4794,completed,5881985
16,2,4795,completed,5882277
16,2,4796,completed,5850193
16,2,4797,completed,5877568
16,2,4798,completed,5882360
16,2,4799,completed,5882943
16,2,4800,completed,5883735
16,2,4801,completed,6070734
16,2,4802,completed,6076568
16,2,4803,completed,6077526
16,2,4804,completed,6078484
16,2,4805,completed,6079151
16,2,4806,completed,6080151
16,2,4807,completed,6080860
16,2,4808,completed,6081526
16,2,4809,completed,6083067
16,2,4810,completed,6102984
16,2,4811,completed,6109984
16,2,4812,completed,6111109
16,2,4813,completed,6079359
16,2,4814,completed,6074776
16,2,4815,completed,6075777
16,2,4816,completed,6076943
16,2,4817,completed,5958276
16,2,4818,completed,5957401
16,2,4819,completed,5958318
16,2,4820,completed,5958901
16,2,4821,completed,5959693
16,2,4822,completed,5960068
16,2,4823,completed,5960777
16,2,4824,completed,5961193
16,2,4825,completed,5978609
16,2,4826,completed,5966193
16,2,4827,completed,5966568
16,2,4828,completed,5966151
16,2,4829,completed,5966901
16,2,4830,completed,5966985
16,2,4831,completed,6015776
16,2,4832,completed,6016859
16,2,4833,completed,5806652
16,2,4834,completed,5809235
16,2,4835,completed,5810027
16,2,4836,completed,5811277
16,2,4837,completed,5812110
16,2,4838,completed,5812776
16,2,4839,completed,5813318
16,2,4840,completed,5813735
16,2,4841,completed,5743818
16,2,4842,completed,5743944
16,2,4843,completed,5744027
16,2,4844,completed,5744027
16,2,4845,completed,5739610
16,2,4846,completed,5764027
16,2,4847,completed,5770360
16,2,4848,completed,5770902
16,2,4849,completed,5965234
16,2,4850,completed,5964026
16,2,4851,completed,5964860
16,2,4852,completed,5965360
16,2,4853,completed,5966068
16,2,4854,completed,5966818
16,2,4855,completed,5967693
16,2,4856,completed,5968652
16,2,4857,completed,5970235
16,2,4858,completed,5971193
16,2,4859,completed,5972068
16,2,4860,completed,5973359
16,2,4861,completed,5974068
16,2,4862,completed,5952777
16,2,4863,completed,5977359
16,2,4864,completed,5985735
16,2,4865,completed,5702027
16,2,4866,completed,5700318
16,2,4867,completed,5700735
16,2,4868,completed,5700986
16,2,4869,completed,5701652
16,2,4870,completed,5702069
16,2,4871,completed,5702610
16,2,4872,completed,5702902
16,2,4873,completed,5703235
16,2,4874,completed,5703694
16,2,4875,completed,5704027
16,2,4876,completed,5704360
16,2,4877,completed,5704693
16,2,4878,completed,5705319
16,2,4879,completed,5672319
16,2,4880,completed,5665986
16,2,4881,completed,6494400
16,2,4882,completed,6502775
16,2,4883,completed,6504817
16,2,4884,completed,6506483
16,2,4885,completed,6508233
16,2,4886,completed,6510067
16,2,4887,completed,6511691
16,2,4888,completed,6513442
16,2,4889,completed,6515275
16,2,4890,completed,6517025
16,2,4891,completed,6518734
16,2,4892,completed,6520442
16,2,4893,completed,6523275
16,2,4894,completed,6524983
16,2,4895,completed,6527525
16,2,4896,completed,6579691
16,2,4897,completed,5614069
16,2,4898,completed,5606694
16,2,4899,completed,5606319
16,2,4900,completed,5606569
16,2,4901,completed,5606944
16,2,4902,completed,5606652
16,2,4903,completed,5606694
16,2,4904,completed,5606902
16,2,4905,completed,5607736
16,2,4906,completed,5607652
16,2,4907,completed,5607486
16,2,4908,completed,5608194
16,2,4909,completed,5628194
16,2,4910,completed,5629319
16,2,4911,completed,5630568
16,2,4912,completed,5575694
16,2,4913,completed,6230318
16,2,4914,completed,6226943
16,2,4915,completed,6227317
16,2,4916,completed,6227442
16,2,4917,completed,6227817
16,2,4918,completed,6227776
16,2,4919,completed,6228359
16,2,4920,completed,6228693
16,2,4921,completed,6228859
16,2,4922,completed,6229193
16,2,4923,completed,6229526
16,2,4924,completed,6229860
16,2,4925,completed,6229025
16,2,4926,completed,6225942
16,2,4927,completed,6226568
16,2,4928,completed,6193609
16,2,4929,completed,5600652
16,2,4930,completed,5612694
16,2,4931,completed,5614902
16,2,4932,completed,5617235
16,2,4933,completed,5619153
16,2,4934,completed,5620944
16,2,4935,completed,5622569
16,2,4936,completed,5624110
16,2,4937,completed,5625861
16,2,4938,completed,5627569
16,2,4939,completed,5629527
16,2,4940,completed,5630028
16,2,4941,completed,5632361
16,2,4942,completed,5627986
16,2,4943,completed,5630027
16,2,4944,completed,5684528
16,2,4945,completed,6301776
16,2,4946,completed,6294859
16,2,4947,completed,6294400
16,2,4948,completed,6293859
16,2,4949,completed,6293859
16,2,4950,completed,6293568
16,2,4951,completed,6293026
16,2,4952,completed,6292609
16,2,4953,completed,6292817
16,2,4954,completed,6292484
16,2,4955,completed,6292233
16,2,4956,completed,6313442
16,2,4957,completed,6324900
16,2,4958,completed,6324609
16,2,4959,completed,6324400
16,2,4960,completed,6263859
16,2,4961,completed,6006651
16,2,4962,completed,6008735
16,2,4963,completed,6009484
16,2,4964,completed,6009776
16,2,4965,completed,6010401
16,2,4966,completed,6010652
16,2,4967,completed,6011401
16,2,4968,completed,6011985
16,2,4969,completed,6012360
16,2,4970,completed,6013443
16,2,4971,completed,6014026
16,2,4972,completed,6018443
16,2,4973,completed,6018776
16,2,4974,completed,6019818
16,2,4975,completed,6021026
16,2,4976,completed,6021360
16,2,4977,completed,6000901
16,2,4978,completed,6000943
16,2,4979,completed,6002026
16,2,4980,completed,6002860
16,2,4981,completed,6003860
16,2,4982,completed,6004734
16,2,4983,completed,6005485
16,2,4984,completed,6006152
16,2,4985,completed,6006943
16,2,4986,completed,6007776
16,2,4987,completed,6008651
16,2,4988,completed,5981401
16,2,4989,completed,5977068
16,2,4990,completed,5977901
16,2,4991,completed,5978860
16,2,4992,completed,6001027
16,2,4993,completed,5937443
16,2,4994,completed,5935443
16,2,4995,completed,5935526
16,2,4996,completed,5935943
16,2,4997,completed,5936443
16,2,4998,completed,5936985
16,2,4999,completed,5937360
16,2,5000,completed,5937776
16,2,5001,completed,5938651
16,2,5002,completed,5939068
16,2,5003,completed,5939527
16,2,5004,completed,5940568
16,2,5005,completed,5941068
16,2,5006,completed,5939485
16,2,5007,completed,5946818
16,2,5008,completed,5946651
16,2,5009,completed,6029568
16,2,5010,completed,6032943
16,2,5011,completed,6034276
16,2,5012,completed,6034942
16,2,5013,completed,6036110
16,2,5014,completed,6036984
16,2,5015,completed,6037734
16,2,5016,completed,6038109
16,2,5017,completed,6038276
16,2,5018,completed,6039234
16,2,5019,completed,6039734
16,2,5020,completed,6040110
16,2,5021,completed,6041443
16,2,5022,completed,6025901
16,2,5023,completed,6021359
16,2,5024,completed,6050276
16,2,5025,completed,5995860
16,2,5026,completed,5998318
16,2,5027,completed,5999818
16,2,5028,completed,6001610
16,2,5029,completed,6003485
16,2,5030,completed,6005193
16,2,5031,completed,6006902
16,2,5032,completed,6008443
16,2,5033,completed,6010276
16,2,5034,completed,6011776
16,2,5035,completed,6013401
16,2,5036,completed,6014693
16,2,5037,completed,6016568
16,2,5038,completed,6018151
16,2,5039,completed,6020068
16,2,5040,completed,5995360
16,2,5041,completed,5931693
16,2,5042,completed,5923402
16,2,5043,completed,5922901
16,2,5044,completed,5922568
16,2,5045,completed,5922610
16,2,5046,completed,5922402
16,2,5047,completed,5922151
16,2,5048,completed,5922026
16,2,5049,completed,5917609
16,2,5050,completed,5917651
16,2,5051,completed,5917485
16,2,5052,completed,5917901
16,2,5053,completed,5917860
16,2,5054,completed,5934735
16,2,5055,completed,5935109
16,2,5056,completed,5940318
16,2,5057,completed,5979110
16,2,5058,completed,5987943
16,2,5059,completed,5990234
16,2,5060,completed,5993110
16,2,5061,completed,5994859
16,2,5062,completed,5996318
16,2,5063,completed,5998151
16,2,5064,completed,5999735
16,2,5065,completed,6000901
16,2,5066,completed,6002776
16,2,5067,completed,6004568
16,2,5068,completed,6006026
16,2,5069,completed,6008152
16,2,5070,completed,6009068
16,2,5071,completed,6035692
16,2,5072,completed,6045026
16,2,5073,completed,5903401
16,2,5074,completed,5898110
16,2,5075,completed,5897985
16,2,5076,completed,5897526
16,2,5077,completed,5897568
16,2,5078,completed,5897777
16,2,5079,completed,5897443
16,2,5080,completed,5897109
16,2,5081,completed,5897193
16,2,5082,completed,5897026
16,2,5083,completed,5896901
16,2,5084,completed,5896485
16,2,5085,completed,5896818
16,2,5086,completed,5896651
16,2,5087,completed,5845776
16,2,5088,completed,5872568
16,2,5089,completed,5975068
16,2,5090,completed,5975026
16,2,5091,completed,5975568
16,2,5092,completed,5976193
16,2,5093,completed,5976818
16,2,5094,completed,5977443
16,2,5095,completed,5978068
16,2,5096,completed,5978818
16,2,5097,completed,5980152
16,2,5098,completed,5980776
16,2,5099,completed,5981402
16,2,5100,completed,5982568
16,2,5101,completed,5983235
16,2,5102,completed,6001234
16,2,5103,completed,6002693
16,2,5104,completed,5976943
16,2,5105,completed,6013902
16,2,5106,completed,6021526
16,2,5107,completed,6023151
16,2,5108,completed,6024527
16,2,5109,completed,6026402
16,2,5110,completed,6027693
16,2,5111,completed,6029776
16,2,5112,completed,6031402
16,2,5113,completed,6032734
16,2,5114,completed,6034360
16,2,5115,completed,6035985
16,2,5116,completed,6037568
16,2,5117,completed,6039360
16,2,5118,completed,6040026
16,2,5119,completed,6026318
16,2,5120,completed,6078151
16,2,5121,completed,5990235
16,2,5122,completed,5988151
16,2,5123,completed,5988984
16,2,5124,completed,5989693
16,2,5125,completed,5990568
16,2,5126,completed,5991360
16,2,5127,completed,5992109
16,2,5128,completed,5992985
16,2,5129,completed,5994276
16,2,5130,completed,5995526
16,2,5131,completed,5996693
16,2,5132,completed,5997484
16,2,5133,completed,5998902
16,2,5134,completed,5998818
16,2,5135,completed,5998902
16,2,5136,completed,5942943
16,2,5137,completed,5848277
16,2,5138,completed,5850902
16,2,5139,completed,5851319
16,2,5140,completed,5851818
16,2,5141,completed,5852652
16,2,5142,completed,5853276
16,2,5143,completed,5853860
16,2,5144,completed,5854569
16,2,5145,completed,5855568
16,2,5146,completed,5856235
16,2,5147,completed,5856819
16,2,5148,completed,5857818
16,2,5149,completed,5858527
16,2,5150,completed,5859193
16,2,5151,completed,5876818
16,2,5152,completed,5882901
16,2,5153,completed,6113984
16,2,5154,completed,6120068
16,2,5155,completed,6121776
16,2,5156,completed,6123026
16,2,5157,completed,6124318
16,2,5158,completed,6125401
16,2,5159,completed,6126818
16,2,5160,completed,6128360
16,2,5161,completed,6129485
16,2,5162,completed,6130859
16,2,5163,completed,6132401
16,2,5164,completed,6133818
16,2,5165,completed,6135193
16,2,5166,completed,6136817
16,2,5167,completed,6122151
16,2,5168,completed,6118984
16,2,5169,completed,5833443
16,2,5170,completed,5828236
16,2,5171,completed,5828735
16,2,5172,completed,5828902
16,2,5173,completed,5829486
16,2,5174,completed,5830069
16,2,5175,completed,5830485
16,2,5176,completed,5830860
16,2,5177,completed,5831360
16,2,5178,completed,5831735
16,2,5179,completed,5832069
16,2,5180,completed,5832360
16,2,5181,completed,5833069
16,2,5182,completed,5833610
16,2,5183,completed,5834235
16,2,5184,completed,5861276
16,2,5185,completed,5726652
16,2,5186,completed,5728277
16,2,5187,completed,5728861
16,2,5188,completed,5730485
16,2,5189,completed,5731444
16,2,5190,completed,5732027
16,2,5191,completed,5732652
16,2,5192,completed,5733402
16,2,5193,completed,5734319
16,2,5194,completed,5734902
16,2,5195,completed,5735236
16,2,5196,completed,5761569
16,2,5197,completed,5770193
16,2,5198,completed,5771110
16,2,5199,completed,5772110
16,2,5200,completed,5744027
16,2,5201,completed,5747694
16,2,5202,completed,5748610
16,2,5203,completed,5749569
16,2,5204,completed,5750194
16,2,5205,completed,5751152
16,2,5206,completed,5751652
16,2,5207,completed,5752486
16,2,5208,completed,5753111
16,2,5209,completed,5753568
16,2,5210,completed,5754152
16,2,5211,completed,5754777
16,2,5212,completed,5726319
16,2,5213,completed,5718777
16,2,5214,completed,5719485
16,2,5215,completed,5719819
16,2,5216,completed,5720277
16,2,5217,completed,6391484
16,2,5218,completed,6393275
16,2,5219,completed,6394442
16,2,5220,completed,6395192
16,2,5221,completed,6396442
16,2,5222,completed,6397692
16,2,5223,completed,6398525
16,2,5224,completed,6399317
16,2,5225,completed,6400192
16,2,5226,completed,6400942
16,2,5227,completed,6401901
16,2,5228,completed,6402442
16,2,5229,completed,6403484
16,2,5230,completed,6404442
16,2,5231,completed,6405400
16,2,5232,completed,6406567
16,2,5233,completed,5990401
16,2,5234,completed,5992693
16,2,5235,completed,5993526
16,2,5236,completed,5994234
16,2,5237,completed,5995401
16,2,5238,completed,5995943
16,2,5239,completed,5996610
16,2,5240,completed,5997527
16,2,5241,completed,5999026
16,2,5242,completed,5999943
16,2,5243,completed,6000651
16,2,5244,completed,6025402
16,2,5245,completed,6032818
16,2,5246,completed,6033526
16,2,5247,completed,6034360
16,2,5248,completed,6034693
16,2,5249,completed,6032193
16,2,5250,completed,6031693
16,2,5251,completed,6032693
16,2,5252,completed,6033276
16,2,5253,completed,6034235
16,2,5254,completed,6034693
16,2,5255,completed,6035651
16,2,5256,completed,6036235
16,2,5257,completed,6036652
16,2,5258,completed,6037401
16,2,5259,completed,6037984
16,2,5260,completed,6011776
16,2,5261,completed,6010984
16,2,5262,completed,6011818
16,2,5263,completed,6012359
16,2,5264,completed,6014027
16,2,5265,completed,5973318
16,2,5266,completed,5974360
16,2,5267,completed,5974943
16,2,5268,completed,5975443
16,2,5269,completed,5975985
16,2,5270,completed,5976234
16,2,5271,completed,5976735
16,2,5272,completed,5976860
16,2,5273,completed,5977652
16,2,5274,completed,5978402
16,2,5275,completed,5979026
16,2,5276,completed,5979151
16,2,5277,completed,5980193
16,2,5278,completed,5980985
16,2,5279,completed,5981318
16,2,5280,completed,6008734
16,2,5281,completed,5578194
16,2,5282,completed,5592069
16,2,5283,completed,5593777
16,2,5284,completed,5595778
16,2,5285,completed,5597902
16,2,5286,completed,5599652
16,2,5287,completed,5601360
16,2,5288,completed,5603818
16,2,5289,completed,5605985
16,2,5290,completed,5607694
16,2,5291,completed,5609110
16,2,5292,completed,5610944
16,2,5293,completed,5612403
16,2,5294,completed,5667777
16,2,5295,completed,5687694
16,2,5296,completed,5660444
16,2,5297,completed,5350362
16,2,5298,completed,5347945
16,2,5299,completed,5348278
16,2,5300,completed,5349070
16,2,5301,completed,5349778
16,2,5302,completed,5350486
16,2,5303,completed,5351237
16,2,5304,completed,5351820
16,2,5305,completed,5352403
16,2,5306,completed,5353153
16,2,5307,completed,5353737
16,2,5308,completed,5354403
16,2,5309,completed,5355487
16,2,5310,completed,5297361
16,2,5311,completed,5283820
16,2,5312,completed,5284278
16,2,5313,completed,5901652
16,2,5314,completed,5906776
16,2,5315,completed,5907193
16,2,5316,completed,5907485
16,2,5317,completed,5907860
16,2,5318,completed,5908234
16,2,5319,completed,5908485
16,2,5320,completed,5908610
16,2,5321,completed,5908902
16,2,5322,completed,5909443
16,2,5323,completed,5910235
16,2,5324,completed,5910359
16,2,5325,completed,5910693
16,2,5326,completed,5910943
16,2,5327,completed,5911235
16,2,5328,completed,5910652
16,2,5329,completed,6018734
16,2,5330,completed,6042068
16,2,5331,completed,6044443
16,2,5332,completed,6046443
16,2,5333,completed,6049235
16,2,5334,completed,6051277
16,2,5335,completed,6053318
16,2,5336,completed,6055693
16,2,5337,completed,6057401
16,2,5338,completed,6059401
16,2,5339,completed,6061359
16,2,5340,completed,6063359
16,2,5341,completed,6065401
16,2,5342,completed,6067151
16,2,5343,completed,6069401
16,2,5344,completed,6071360
16,2,5345,completed,5887902
16,2,5346,completed,5899152
16,2,5347,completed,5900027
16,2,5348,completed,5901360
16,2,5349,completed,5902943
16,2,5350,completed,5903693
16,2,5351,completed,5904735
16,2,5352,completed,5905860
16,2,5353,completed,5906818
16,2,5354,completed,5908527
16,2,5355,completed,5908943
16,2,5356,completed,5909901
16,2,5357,completed,5910402
16,2,5358,completed,5911193
16,2,5359,completed,5912485
16,2,5360,completed,5913651
16,2,5361,completed,5975943
16,2,5362,completed,5988276
16,2,5363,completed,5988568
16,2,5364,completed,5989527
16,2,5365,completed,5989818
16,2,5366,completed,5989777
16,2,5367,completed,5990193
16,2,5368,completed,5990693
16,2,5369,completed,5990943
16,2,5370,completed,5991235
16,2,5371,completed,5991693
16,2,5372,completed,5991943
16,2,5373,completed,5991860
16,2,5374,completed,5991818
16,2,5375,completed,5992151
16,2,5376,completed,5991984
16,2,5377,completed,5921069
16,2,5378,completed,5947109
16,2,5379,completed,5949610
16,2,5380,completed,5952234
16,2,5381,completed,5954401
16,2,5382,completed,5956193
16,2,5383,completed,5958443
16,2,5384,completed,5959109
16,2,5385,completed,5960652
16,2,5386,completed,5963110
16,2,5387,completed,5964610
16,2,5388,completed,5966735
16,2,5389,completed,5969152
16,2,5390,completed,5971235
16,2,5391,completed,5973193
16,2,5392,completed,5975277
16,2,5393,completed,5870318
16,2,5394,completed,5868152
16,2,5395,completed,5868110
16,2,5396,completed,5868568
16,2,5397,completed,5868860
16,2,5398,completed,5869152
16,2,5399,completed,5869401
16,2,5400,completed,5870110
16,2,5401,completed,5870651
16,2,5402,completed,5870860
16,2,5403,completed,5871110
16,2,5404,completed,5871318
16,2,5405,completed,5871651
16,2,5406,completed,5871901
16,2,5407,completed,5872360
16,2,5408,completed,5872485
16,2,5409,completed,5375902
16,2,5410,completed,5391445
16,2,5411,completed,5393445
16,2,5412,completed,5395361
16,2,5413,completed,5397611
16,2,5414,completed,5399111
16,2,5415,completed,5400737
16,2,5416,completed,5402403
16,2,5417,completed,5404319
16,2,5418,completed,5406070
16,2,5419,completed,5407736
16,2,5420,completed,5409861
16,2,5421,completed,5411528
16,2,5422,completed,5413362
16,2,5423,completed,5415486
16,2,5424,completed,5417153
16,2,5425,completed,6528233
16,2,5426,completed,6534233
16,2,5427,completed,6534608
16,2,5428,completed,6535025
16,2,5429,completed,6535817
16,2,5430,completed,6536358
16,2,5431,completed,6536733
16,2,5432,completed,6537066
16,2,5433,completed,6537691
16,2,5434,completed,6537983
16,2,5435,completed,6538567
16,2,5436,completed,6538858
16,2,5437,completed,6539983
16,2,5438,completed,6540691
16,2,5439,completed,6541483
16,2,5440,completed,6542400
16,2,5441,completed,5999193
16,2,5442,completed,5996693
16,2,5443,completed,5997776
16,2,5444,completed,5998777
16,2,5445,completed,5999859
16,2,5446,completed,6000651
16,2,5447,completed,6009443
16,2,5448,completed,6010735
16,2,5449,completed,6011818
16,2,5450,completed,6012693
16,2,5451,completed,6013401
16,2,5452,completed,6022651
16,2,5453,completed,6039860
16,2,5454,completed,6041485
16,2,5455,completed,6048318
16,2,5456,completed,6049359
16,2,5457,completed,5727568
16,2,5458,completed,5742985
16,2,5459,completed,5743569
16,2,5460,completed,5742818
16,2,5461,completed,5743152
16,2,5462,completed,5735902
16,2,5463,completed,5736193
16,2,5464,completed,5736360
16,2,5465,completed,5736735
16,2,5466,completed,5737485
16,2,5467,completed,5738027
16,2,5468,completed,5738651
16,2,5469,completed,5738902
16,2,5470,completed,5726860
16,2,5471,completed,5733319
16,2,5472,completed,5730152
16,2,5473,completed,5634194
16,2,5474,completed,5636569
16,2,5475,completed,5637194
16,2,5476,completed,5637819
16,2,5477,completed,5638902
16,2,5478,completed,5639736
16,2,5479,completed,5640611
16,2,5480,completed,5641610
16,2,5481,completed,5642402
16,2,5482,completed,5643236
16,2,5483,completed,5643777
16,2,5484,completed,5644111
16,2,5485,completed,5644611
16,2,5486,completed,5645778
16,2,5487,completed,5646861
16,2,5488,completed,5647485
16,2,5489,completed,5891860
16,2,5490,completed,5899693
16,2,5491,completed,5901693
16,2,5492,completed,5903234
16,2,5493,completed,5904985
16,2,5494,completed,5906277
16,2,5495,completed,5907818
16,2,5496,completed,5909485
16,2,5497,completed,5910859
16,2,5498,completed,5912610
16,2,5499,completed,5914193
16,2,5500,completed,5915776
16,2,5501,completed,5917402
16,2,5502,completed,5919193
16,2,5503,completed,5921110
16,2,5504,completed,5922818
16,2,5505,completed,6455525
16,2,5506,completed,6472567
16,2,5507,completed,6473358
16,2,5508,completed,6474025
16,2,5509,completed,6475566
16,2,5510,completed,6476525
16,2,5511,completed,6477650
16,2,5512,completed,6478692
16,2,5513,completed,6479775
16,2,5514,completed,6481025
16,2,5515,completed,6482067
16,2,5516,completed,6530441
16,2,5517,completed,6541275
16,2,5518,completed,6542525
16,2,5519,completed,6544025
16,2,5520,completed,6545275
16,2,5521,completed,6022068
16,2,5522,completed,6026276
16,2,5523,completed,6027068
16,2,5524,completed,6027901
16,2,5525,completed,6028776
16,2,5526,completed,6029401
16,2,5527,completed,6030068
16,2,5528,completed,6030735
16,2,5529,completed,6031401
16,2,5530,completed,6031984
16,2,5531,completed,6026068
16,2,5532,completed,5987818
16,2,5533,completed,5988026
16,2,5534,completed,5981985
16,2,5535,completed,5982777
16,2,5536,completed,5983568
16,2,5537,completed,5865443
16,2,5538,completed,5876235
16,2,5539,completed,5876693
16,2,5540,completed,5877235
16,2,5541,completed,5878152
16,2,5542,completed,5878985
16,2,5543,completed,5879777
16,2,5544,completed,5880443
16,2,5545,completed,5880985
16,2,5546,completed,5882110
16,2,5547,completed,5882694
16,2,5548,completed,5883318
16,2,5549,completed,5884110
16,2,5550,completed,5884985
16,2,5551,completed,5885819
16,2,5552,completed,5886443
16,2,5553,completed,5979027
16,2,5554,completed,5985110
16,2,5555,completed,5985568
16,2,5556,completed,5986859
16,2,5557,completed,5987902
16,2,5558,completed,5988610
16,2,5559,completed,5989401
16,2,5560,completed,5990318
16,2,5561,completed,5991235
16,2,5562,completed,5991693
16,2,5563,completed,5991943
16,2,5564,completed,5992026
16,2,5565,completed,5992609
16,2,5566,completed,5992985
16,2,5567,completed,5993860
16,2,5568,completed,5994401
16,2,5569,completed,5778277
16,2,5570,completed,5785152
16,2,5571,completed,5786777
16,2,5572,completed,5788277
16,2,5573,completed,5789861
16,2,5574,completed,5790902
16,2,5575,completed,5792360
16,2,5576,completed,5793485
16,2,5577,completed,5794611
16,2,5578,completed,5795818
16,2,5579,completed,5796902
16,2,5580,completed,5798360
16,2,5581,completed,5799694
16,2,5582,completed,5801068
16,2,5583,completed,5802443
16,2,5584,completed,5803819
16,2,5585,completed,6074526
16,2,5586,completed,6075901
16,2,5587,completed,6076901
16,2,5588,completed,6077776
16,2,5589,completed,6090276
16,2,5590,completed,6091651
16,2,5591,completed,6092859
16,2,5592,completed,6093942
16,2,5593,completed,6095110
16,2,5594,completed,6096234
16,2,5595,completed,6097318
16,2,5596,completed,6098443
16,2,5597,completed,6141109
16,2,5598,completed,6151401
16,2,5599,completed,6152692
16,2,5600,completed,6153901
16,2,5601,completed,5817152
16,2,5602,completed,5821985
16,2,5603,completed,5821527
16,2,5604,completed,5821569
16,2,5605,completed,5821444
16,2,5606,completed,5821110
16,2,5607,completed,5821027
16,2,5608,completed,5820902
16,2,5609,completed,5809486
16,2,5610,completed,5809194
16,2,5611,completed,5808777
16,2,5612,completed,5808444
16,2,5613,completed,5784693
16,2,5614,completed,5784693
16,2,5615,completed,5777277
16,2,5616,completed,5777068
16,2,5617,completed,6091443
16,2,5618,completed,6097860
16,2,5619,completed,6099609
16,2,5620,completed,6101068
16,2,5621,completed,6102526
16,2,5622,completed,6117067
16,2,5623,completed,6118234
16,2,5624,completed,6119234
16,2,5625,completed,6140317
16,2,5626,completed,6150484
16,2,5627,completed,6151568
16,2,5628,completed,6152651
16,2,5629,completed,6153818
16,2,5630,completed,6155067
16,2,5631,completed,6157443
16,2,5632,completed,6172776
16,2,5633,completed,5749985
16,2,5634,completed,5753777
16,2,5635,completed,5754444
16,2,5636,completed,5754735
16,2,5637,completed,5755568
16,2,5638,completed,5756193
16,2,5639,completed,5756735
16,2,5640,completed,5757402
16,2,5641,completed,5740027
16,2,5642,completed,5741027
16,2,5643,completed,5740360
16,2,5644,completed,5741777
16,2,5645,completed,5742694
16,2,5646,completed,5737818
16,2,5647,completed,5738777
16,2,5648,completed,5715819
16,2,5649,completed,6168651
16,2,5650,completed,6180317
16,2,5651,completed,6181109
16,2,5652,completed,6181401
16,2,5653,completed,6182692
16,2,5654,completed,6183234
16,2,5655,completed,6183817
16,2,5656,completed,6184484
16,2,5657,completed,6184984
16,2,5658,completed,6185567
16,2,5659,completed,6186234
16,2,5660,completed,6186817
16,2,5661,completed,6187401
16,2,5662,completed,6188234
16,2,5663,completed,6189109
16,2,5664,completed,6189817
16,2,5665,completed,5956818
16,2,5666,completed,5969777
16,2,5667,completed,5971110
16,2,5668,completed,5972276
16,2,5669,completed,5973693
16,2,5670,completed,5974859
16,2,5671,completed,5976110
16,2,5672,completed,5977443
16,2,5673,completed,5978526
16,2,5674,completed,5979818
16,2,5675,completed,5980985
16,2,5676,completed,5982109
16,2,5677,completed,5982485
16,2,5678,completed,6008151
16,2,5679,completed,6012318
16,2,5680,completed,6031276
16,2,5681,completed,6042443
16,2,5682,completed,6047276
16,2,5683,completed,6047734
16,2,5684,completed,6048318
16,2,5685,completed,6048943
16,2,5686,completed,6049526
16,2,5687,completed,6050193
16,2,5688,completed,6050859
16,2,5689,completed,6051484
16,2,5690,completed,6050276
16,2,5691,completed,6051359
16,2,5692,completed,6052401
16,2,5693,completed,6051693
16,2,5694,completed,6052693
16,2,5695,completed,6054026
16,2,5696,completed,6013901
16,2,5697,completed,5875568
16,2,5698,completed,5887902
16,2,5699,completed,5889027
16,2,5700,completed,5890110
16,2,5701,completed,5890693
16,2,5702,completed,5891026
16,2,5703,completed,5891735
16,2,5704,completed,5892360
16,2,5705,completed,5893235
16,2,5706,completed,5892943
16,2,5707,completed,5893777
16,2,5708,completed,5894777
16,2,5709,completed,5895151
16,2,5710,completed,5896401
16,2,5711,completed,5897402
16,2,5712,completed,5897735
16,2,5713,completed,5969609
16,2,5714,completed,5967652
16,2,5715,completed,5967944
16,2,5716,completed,5968318
16,2,5717,completed,5968985
16,2,5718,completed,5969652
16,2,5719,completed,5970069
16,2,5720,completed,5970651
16,2,5721,completed,5971235
16,2,5722,completed,5971735
16,2,5723,completed,5972360
16,2,5724,completed,5972777
16,2,5725,completed,5973485
16,2,5726,completed,5974068
16,2,5727,completed,5974735
16,2,5728,completed,5975235
16,2,5729,completed,5966485
16,2,5730,completed,5980401
16,2,5731,completed,5981151
16,2,5732,completed,5982193
16,2,5733,completed,5989443
16,2,5734,completed,5990402
16,2,5735,completed,5991193
16,2,5736,completed,5991401
16,2,5737,completed,5992485
16,2,5738,completed,5993276
16,2,5739,completed,5993235
16,2,5740,completed,5993652
16,2,5741,completed,5993985
16,2,5742,completed,5994318
16,2,5743,completed,5995027
16,2,5744,completed,5995360
16,2,5745,completed,6070568
16,2,5746,completed,6086026
16,2,5747,completed,6087985
16,2,5748,completed,6090734
16,2,5749,completed,6092943
16,2,5750,completed,6095068
16,2,5751,completed,6097443
16,2,5752,completed,6099359
16,2,5753,completed,6101735
16,2,5754,completed,6103818
16,2,5755,completed,6105901
16,2,5756,completed,6107860
16,2,5757,completed,6110443
16,2,5758,completed,6112734
16,2,5759,completed,6115109
16,2,5760,completed,6117567
16,2,5761,completed,6721066
16,2,5762,completed,6712108
16,2,5763,completed,6712441
16,2,5764,completed,6712774
16,2,5765,completed,6713233
16,2,5766,completed,6713691
16,2,5767,completed,6714025
16,2,5768,completed,6714191
16,2,5769,completed,6714274
16,2,5770,completed,6714524
16,2,5771,completed,6715066
16,2,5772,completed,6715816
16,2,5773,completed,6715899
16,2,5774,completed,6716108
16,2,5775,completed,6716524
16,2,5776,completed,6716899
16,2,5777,completed,6154859
16,2,5778,completed,6156817
16,2,5779,completed,6157734
16,2,5780,completed,6158568
16,2,5781,completed,6159818
16,2,5782,completed,6160692
16,2,5783,completed,6161192
16,2,5784,completed,6161776
16,2,5785,completed,6162359
16,2,5786,completed,6162943
16,2,5787,completed,6163485
16,2,5788,completed,6163984
16,2,5789,completed,6164526
16,2,5790,completed,6165276
16,2,5791,completed,6166026
16,2,5792,completed,6167068
16,2,5793,completed,5943984
16,2,5794,completed,5944819
16,2,5795,completed,5945110
16,2,5796,completed,5945444
16,2,5797,completed,5945944
16,2,5798,completed,5946526
16,2,5799,completed,5946943
16,2,5800,completed,5947985
16,2,5801,completed,5948318
16,2,5802,completed,5948735
16,2,5803,completed,5949319
16,2,5804,completed,5949651
16,2,5805,completed,5950235
16,2,5806,completed,5951152
16,2,5807,completed,5952026
16,2,5808,completed,5952652
16,2,5809,completed,5918318
16,2,5810,completed,5925943
16,2,5811,completed,5927402
16,2,5812,completed,5929068
16,2,5813,completed,5931693
16,2,5814,completed,5933277
16,2,5815,completed,5934860
16,2,5816,completed,5937276
16,2,5817,completed,5938484
16,2,5818,completed,5939734
16,2,5819,completed,5941693
16,2,5820,completed,5943776
16,2,5821,completed,5945276
16,2,5822,completed,5946568
16,2,5823,completed,5947777
16,2,5824,completed,5949277
16,2,5825,completed,5990360
16,2,5826,completed,5990651
16,2,5827,completed,5991026
16,2,5828,completed,5991818
16,2,5829,completed,5992401
16,2,5830,completed,5992943
16,2,5831,completed,5993485
16,2,5832,completed,5993651
16,2,5833,completed,5994109
16,2,5834,completed,5994527
16,2,5835,completed,5994776
16,2,5836,completed,5995193
16,2,5837,completed,5995401
16,2,5838,completed,5995860
16,2,5839,completed,5996318
16,2,5840,completed,5996860
16,2,5841,completed,5843360
16,2,5842,completed,5843902
16,2,5843,completed,5844068
16,2,5844,completed,5844402
16,2,5845,completed,5845069
16,2,5846,completed,5845569
16,2,5847,completed,5845819
16,2,5848,completed,5846277
16,2,5849,completed,5846693
16,2,5850,completed,5847069
16,2,5851,completed,5847527
16,2,5852,completed,5848111
16,2,5853,completed,5848527
16,2,5854,completed,5849152
16,2,5855,completed,5850027
16,2,5856,completed,5850527
16,2,5857,completed,6075943
16,2,5858,completed,6082776
16,2,5859,completed,6087527
16,2,5860,completed,6092110
16,2,5861,completed,6097026
16,2,5862,completed,6102193
16,2,5863,completed,6115026
16,2,5864,completed,6119860
16,2,5865,completed,6123442
16,2,5866,completed,6124067
16,2,5867,completed,6124943
16,2,5868,completed,6125484
16,2,5869,completed,6126318
16,2,5870,completed,6127026
16,2,5871,completed,6127692
16,2,5872,completed,6128193
16,2,5873,completed,5964318
16,2,5874,completed,5967318
16,2,5875,completed,5964735
16,2,5876,completed,5962026
16,2,5877,completed,5959110
16,2,5878,completed,5956151
16,2,5879,completed,5944860
16,2,5880,completed,5917276
16,2,5881,completed,5918693
16,2,5882,completed,5920527
16,2,5883,completed,5922069
16,2,5884,completed,5924027
16,2,5885,completed,5925818
16,2,5886,completed,5927651
16,2,5887,completed,5929485
16,2,5888,completed,5930944
16,2,5889,completed,5940735
16,2,5890,completed,5942194
16,2,5891,completed,5942943
16,2,5892,completed,5944068
16,2,5893,completed,5944818
16,2,5894,completed,5945360
16,2,5895,completed,5945943
16,2,5896,completed,5946818
16,2,5897,completed,5947694
16,2,5898,completed,5948235
16,2,5899,completed,5949110
16,2,5900,completed,5949860
16,2,5901,completed,5950776
16,2,5902,completed,5951360
16,2,5903,completed,5952068
16,2,5904,completed,5953193
16,2,5905,completed,5993984
16,2,5906,completed,5997609
16,2,5907,completed,5997734
16,2,5908,completed,5998652
16,2,5909,completed,5999360
16,2,5910,completed,5999776
16,2,5911,completed,6000068
16,2,5912,completed,6000818
16,2,5913,completed,6001109
16,2,5914,completed,6001735
16,2,5915,completed,6002235
16,2,5916,completed,6002526
16,2,5917,completed,6002984
16,2,5918,completed,6003235
16,2,5919,completed,6003651
16,2,5920,completed,6003985
16,2,5921,completed,5908026
16,2,5922,completed,5911277
16,2,5923,completed,5912652
16,2,5924,completed,5914568
16,2,5925,completed,5916110
16,2,5926,completed,5917694
16,2,5927,completed,5919693
16,2,5928,completed,5921568
16,2,5929,completed,5923027
16,2,5930,completed,5924610
16,2,5931,completed,5926277
16,2,5932,completed,5927735
16,2,5933,completed,5929485
16,2,5934,completed,5930985
16,2,5935,completed,5932568
16,2,5936,completed,5934193
16,2,5937,completed,6058152
16,2,5938,completed,6060901
16,2,5939,completed,6061527
16,2,5940,completed,6062277
16,2,5941,completed,6063068
16,2,5942,completed,6063693
16,2,5943,completed,6064359
16,2,5944,completed,6065235
16,2,5945,completed,6065776
16,2,5946,completed,6066568
16,2,5947,completed,6067277
16,2,5948,completed,6067901
16,2,5949,completed,6068484
16,2,5950,completed,6069068
16,2,5951,completed,6069651
16,2,5952,completed,6070401
16,2,5953,completed,5838193
16,2,5954,completed,5849235
16,2,5955,completed,5849276
16,2,5956,completed,5849985
16,2,5957,completed,5850860
16,2,5958,completed,5851443
16,2,5959,completed,5852027
16,2,5960,completed,5852527
16,2,5961,completed,5852901
16,2,5962,completed,5853277
16,2,5963,completed,5853777
16,2,5964,completed,5854152
16,2,5965,completed,5854735
16,2,5966,completed,5855110
16,2,5967,completed,5855485
16,2,5968,completed,5855902
16,2,5969,completed,5933402
16,2,5970,completed,5935235
16,2,5971,completed,5935985
16,2,5972,completed,5936943
16,2,5973,completed,5938027
16,2,5974,completed,5938777
16,2,5975,completed,5939485
16,2,5976,completed,5940485
16,2,5977,completed,5941444
16,2,5978,completed,5942443
16,2,5979,completed,5943485
16,2,5980,completed,5944402
16,2,5981,completed,5945360
16,2,5982,completed,5946318
16,2,5983,completed,5947319
16,2,5984,completed,5948818
16,2,5985,completed,5963026
16,2,5986,completed,5965568
16,2,5987,completed,5966151
16,2,5988,completed,5967152
16,2,5989,completed,5967777
16,2,5990,completed,5968610
16,2,5991,completed,5969610
16,2,5992,completed,5970527
16,2,5993,completed,5971318
16,2,5994,completed,5972110
16,2,5995,completed,5982734
16,2,5996,completed,5983526
16,2,5997,completed,5984443
16,2,5998,completed,5985193
16,2,5999,completed,5985984
16,2,6000,completed,5987068
16,2,6001,completed,5955152
16,2,6002,completed,5955610
16,2,6003,completed,5955860
16,2,6004,completed,5956402
16,2,6005,completed,5956860
16,2,6006,completed,5957360
16,2,6007,completed,5957735
16,2,6008,completed,5958068
16,2,6009,completed,5958443
16,2,6010,completed,5958860
16,2,6011,completed,5959401
16,2,6012,completed,5959818
16,2,6013,completed,5960318
16,2,6014,completed,5960652
16,2,6015,completed,5971860
16,2,6016,completed,5972235
16,2,6017,completed,5957110
16,2,6018,completed,5956902
16,2,6019,completed,5957277
16,2,6020,completed,5957735
16,2,6021,completed,5958151
16,2,6022,completed,5958568
16,2,6023,completed,5959234
16,2,6024,completed,5959610
16,2,6025,completed,5959985
16,2,6026,completed,5960318
16,2,6027,completed,5960693
16,2,6028,completed,5960943
16,2,6029,completed,5961318
16,2,6030,completed,5961651
16,2,6031,completed,5962068
16,2,6032,completed,5962401
16,2,6033,completed,5961818
16,2,6034,completed,5962610
16,2,6035,completed,5963235
16,2,6036,completed,5963860
16,2,6037,completed,5964443
16,2,6038,completed,5965318
16,2,6039,completed,5966152
16,2,6040,completed,5959694
16,2,6041,completed,5960443
16,2,6042,completed,5961318
16,2,6043,completed,5962568
16,2,6044,completed,5963359
16,2,6045,completed,5964193
16,2,6046,completed,5965068
16,2,6047,completed,5965818
16,2,6048,completed,5966901
16,2,6049,completed,6027485
16,2,6050,completed,6032818
16,2,6051,completed,6033943
16,2,6052,completed,6035651
16,2,6053,completed,6036818
16,2,6054,completed,6038151
16,2,6055,completed,6039401
16,2,6056,completed,6041152
16,2,6057,completed,6042651
16,2,6058,completed,6044027
16,2,6059,completed,6045568
16,2,6060,completed,6046901
16,2,6061,completed,6048401
16,2,6062,completed,6049777
16,2,6063,completed,6051235
16,2,6064,completed,6053068
16,2,6065,completed,5968193
16,2,6066,completed,5971276
16,2,6067,completed,5971734
16,2,6068,completed,5972818
16,2,6069,completed,5973151
16,2,6070,completed,5973859
16,2,6071,completed,5974526
16,2,6072,completed,5975318
16,2,6073,completed,5975652
16,2,6074,completed,5976443
16,2,6075,completed,5977276
16,2,6076,completed,5977860
16,2,6077,completed,5978526
16,2,6078,completed,5979068
16,2,6079,completed,5979693
16,2,6080,completed,5980443
16,2,6081,completed,6063526
16,2,6082,completed,6074859
16,2,6083,completed,6076610
16,2,6084,completed,6078776
16,2,6085,completed,6080318
16,2,6086,completed,6082109
16,2,6087,completed,6083692
16,2,6088,completed,6085235
16,2,6089,completed,6086484
16,2,6090,completed,6087567
16,2,6091,completed,6089110
16,2,6092,completed,6090193
16,2,6093,completed,6092234
16,2,6094,completed,6093693
16,2,6095,completed,6095568
16,2,6096,completed,6097360
16,2,6097,completed,5879527
16,2,6098,completed,5883193
16,2,6099,completed,5884609
16,2,6100,completed,5885526
16,2,6101,completed,5887110
16,2,6102,completed,5888318
16,2,6103,completed,5889859
16,2,6104,completed,5891235
16,2,6105,completed,5892444
16,2,6106,completed,5894276
16,2,6107,completed,5895610
16,2,6108,completed,5896902
16,2,6109,completed,5898026
16,2,6110,completed,5899110
16,2,6111,completed,5900485
16,2,6112,completed,5901901
16,2,6113,completed,6011443
16,2,6114,completed,6016068
16,2,6115,completed,6017234
16,2,6116,completed,6018277
16,2,6117,completed,6020110
16,2,6118,completed,6021318
16,2,6119,completed,6022401
16,2,6120,completed,6023651
16,2,6121,completed,6024734
16,2,6122,completed,6026276
16,2,6123,completed,6027276
16,2,6124,completed,6028443
16,2,6125,completed,6029652
16,2,6126,completed,6030693
16,2,6127,completed,6032359
16,2,6128,completed,6033985
16,2,6129,completed,5957277
16,2,6130,completed,5959443
16,2,6131,completed,5960610
16,2,6132,completed,5961652
16,2,6133,completed,5962860
16,2,6134,completed,5963985
16,2,6135,completed,5965194
16,2,6136,completed,5966276
16,2,6137,completed,5967569
16,2,6138,completed,5968818
16,2,6139,completed,5969901
16,2,6140,completed,5970901
16,2,6141,completed,5971943
16,2,6142,completed,5973027
16,2,6143,completed,5974068
16,2,6144,completed,5975360
16,2,6145,completed,5830735
16,2,6146,completed,5858735
16,2,6147,completed,5868027
16,2,6148,completed,5875735
16,2,6149,completed,5883735
16,2,6150,completed,5891401
16,2,6151,completed,5898860
16,2,6152,completed,5906193
16,2,6153,completed,5913485
16,2,6154,completed,5920943
16,2,6155,completed,5928651
16,2,6156,completed,5936069
16,2,6157,completed,5943277
16,2,6158,completed,5950526
16,2,6159,completed,5957860
16,2,6160,completed,5965735
16,2,6161,completed,6114526
16,2,6162,completed,6108193
16,2,6163,completed,6100901
16,2,6164,completed,6093610
16,2,6165,completed,6086276
16,2,6166,completed,6079609
16,2,6167,completed,6072901
16,2,6168,completed,6066192
16,2,6169,completed,6059526
16,2,6170,completed,6052943
16,2,6171,completed,6045943
16,2,6172,completed,6039026
16,2,6173,completed,6032526
16,2,6174,completed,6025943
16,2,6175,completed,6019109
16,2,6176,completed,6012151
16,2,6177,completed,5872777
16,2,6178,completed,5878443
16,2,6179,completed,5879860
16,2,6180,completed,5881193
16,2,6181,completed,5882651
16,2,6182,completed,5884069
16,2,6183,completed,5885402
16,2,6184,completed,5887068
16,2,6185,completed,5888527
16,2,6186,completed,5889943
16,2,6187,completed,5891360
16,2,6188,completed,5892651
16,2,6189,completed,5894069
16,2,6190,completed,5895527
16,2,6191,completed,5896860
16,2,6192,completed,5898235
16,2,6193,completed,5901401
16,2,6194,completed,5915526
16,2,6195,completed,5916318
16,2,6196,completed,5917152
16,2,6197,completed,5918193
16,2,6198,completed,5919026
16,2,6199,completed,5920026
16,2,6200,completed,5920943
16,2,6201,completed,5921943
16,2,6202,completed,5922985
16,2,6203,completed,5923901
16,2,6204,completed,5924902
16,2,6205,completed,5925944
16,2,6206,completed,5927027
16,2,6207,completed,5928068
16,2,6208,completed,5929069
16,2,6209,completed,5898943
16,2,6210,completed,5905651
16,2,6211,completed,5909068
16,2,6212,completed,5912943
16,2,6213,completed,5917068
16,2,6214,completed,5921110
16,2,6215,completed,5924984
16,2,6216,completed,5928777
16,2,6217,completed,5932360
16,2,6218,completed,5944443
16,2,6219,completed,5948193
16,2,6220,completed,5951693
16,2,6221,completed,5955276
16,2,6222,completed,5958818
16,2,6223,completed,5962776
16,2,6224,completed,5966443
16,2,6225,completed,5529778
16,2,6226,completed,5529069
16,2,6227,completed,5525486
16,2,6228,completed,5521652
16,2,6229,completed,5518028
16,2,6230,completed,5514236
16,2,6231,completed,5510028
16,2,6232,completed,5506236
16,2,6233,completed,5494695
16,2,6234,completed,5490278
16,2,6235,completed,5486861
16,2,6236,completed,5483486
16,2,6237,completed,5479778
16,2,6238,completed,5476194
16,2,6239,completed,5472278
16,2,6240,completed,5468861
16,2,6241,completed,6515733
16,2,6242,completed,6518817
16,2,6243,completed,6519942
16,2,6244,completed,6521484
16,2,6245,completed,6523150
16,2,6246,completed,6524566
16,2,6247,completed,6525775
16,2,6248,completed,6526983
16,2,6249,completed,6528108
16,2,6250,completed,6529150
16,2,6251,completed,6530442
16,2,6252,completed,6531691
16,2,6253,completed,6533025
16,2,6254,completed,6534191
16,2,6255,completed,6535275
16,2,6256,completed,6536608
16,2,6257,completed,6007318
16,2,6258,completed,6015318
16,2,6259,completed,6017026
16,2,6260,completed,6018818
16,2,6261,completed,6021443
16,2,6262,completed,6023235
16,2,6263,completed,6024568
16,2,6264,completed,6026568
16,2,6265,completed,6028026
16,2,6266,completed,6029818
16,2,6267,completed,6031026
16,2,6268,completed,6032318
16,2,6269,completed,6033943
16,2,6270,completed,6035984
16,2,6271,completed,6037443
16,2,6272,completed,6038734
16,2,6273,completed,5856402
16,2,6274,completed,5857152
16,2,6275,completed,5857527
16,2,6276,completed,5857860
16,2,6277,completed,5858777
16,2,6278,completed,5858860
16,2,6279,completed,5859402
16,2,6280,completed,5869568
16,2,6281,completed,5869985
16,2,6282,completed,5870777
16,2,6283,completed,5871068
16,2,6284,completed,5871568
16,2,6285,completed,5872110
16,2,6286,completed,5872194
16,2,6287,completed,5872235
16,2,6288,completed,5872443
16,2,6289,completed,5952568
16,2,6290,completed,5953318
16,2,6291,completed,5954651
16,2,6292,completed,5956277
16,2,6293,completed,5957735
16,2,6294,completed,5959235
16,2,6295,completed,5960360
16,2,6296,completed,5962443
16,2,6297,completed,5976194
16,2,6298,completed,5977735
16,2,6299,completed,5979193
16,2,6300,completed,5980735
16,2,6301,completed,5982193
16,2,6302,completed,5983651
16,2,6303,completed,5985359
16,2,6304,completed,5987152
16,2,6305,completed,6006818
16,2,6306,completed,6010485
16,2,6307,completed,6011485
16,2,6308,completed,6012693
16,2,6309,completed,6013860
16,2,6310,completed,6014859
16,2,6311,completed,6016068
16,2,6312,completed,6017109
16,2,6313,completed,6018234
16,2,6314,completed,6019360
16,2,6315,completed,6020568
16,2,6316,completed,6021651
16,2,6317,completed,6022776
16,2,6318,completed,6023693
16,2,6319,completed,6024776
16,2,6320,completed,6025943
16,2,6321,completed,5635069
16,2,6322,completed,5640277
16,2,6323,completed,5641194
16,2,6324,completed,5641818
16,2,6325,completed,5643111
16,2,6326,completed,5644235
16,2,6327,completed,5645236
16,2,6328,completed,5646610
16,2,6329,completed,5647693
16,2,6330,completed,5649027
16,2,6331,completed,5649985
16,2,6332,completed,5651068
16,2,6333,completed,5652277
16,2,6334,completed,5653069
16,2,6335,completed,5653777
16,2,6336,completed,5654819
16,2,6337,completed,6249109
16,2,6338,completed,6252317
16,2,6339,completed,6252276
16,2,6340,completed,6253317
16,2,6341,completed,6254442
16,2,6342,completed,6255109
16,2,6343,completed,6256025
16,2,6344,completed,6257025
16,2,6345,completed,6257775
16,2,6346,completed,6258776
16,2,6347,completed,6259692
16,2,6348,completed,6260359
16,2,6349,completed,6260942
16,2,6350,completed,6261525
16,2,6351,completed,6262109
16,2,6352,completed,6262609
16,2,6353,completed,5970027
16,2,6354,completed,5975901
16,2,6355,completed,5976943
16,2,6356,completed,5977693
16,2,6357,completed,5979693
16,2,6358,completed,5980859
16,2,6359,completed,5982193
16,2,6360,completed,5983359
16,2,6361,completed,5984318
16,2,6362,completed,5985818
16,2,6363,completed,5986443
16,2,6364,completed,5987610
16,2,6365,completed,5989027
16,2,6366,completed,5989901
16,2,6367,completed,5990818
16,2,6368,completed,5991568
16,2,6369,completed,6020609
16,2,6370,completed,6023943
16,2,6371,completed,6025401
16,2,6372,completed,6027026
16,2,6373,completed,6028943
16,2,6374,completed,6030568
16,2,6375,completed,6032567
16,2,6376,completed,6034401
16,2,6377,completed,6035735
16,2,6378,completed,6037193
16,2,6379,completed,6038901
16,2,6380,completed,6040359
16,2,6381,completed,6041776
16,2,6382,completed,6043193
16,2,6383,completed,6044860
16,2,6384,completed,6046609
16,2,6385,completed,5856360
16,2,6386,completed,5857694
16,2,6387,completed,5858610
16,2,6388,completed,5859526
16,2,6389,completed,5872985
16,2,6390,completed,5873985
16,2,6391,completed,5875068
16,2,6392,completed,5876110
16,2,6393,completed,5877068
16,2,6394,completed,5878110
16,2,6395,completed,5879360
16,2,6396,completed,5880318
16,2,6397,completed,5881360
16,2,6398,completed,5882360
16,2,6399,completed,5883527
16,2,6400,completed,5884318
16,2,6401,completed,5977485
16,2,6402,completed,5980859
16,2,6403,completed,5981234
16,2,6404,completed,5981443
16,2,6405,completed,5982109
16,2,6406,completed,5982193
16,2,6407,completed,5982568
16,2,6408,completed,5982735
16,2,6409,completed,5982776
16,2,6410,completed,5982818
16,2,6411,completed,5982985
16,2,6412,completed,5983110
16,2,6413,completed,5983360
16,2,6414,completed,5983359
16,2,6415,completed,5983527
16,2,6416,completed,5983984
16,2,6417,completed,5958401
16,2,6418,completed,5960026
16,2,6419,completed,5960693
16,2,6420,completed,5961527
16,2,6421,completed,5962610
16,2,6422,completed,5963276
16,2,6423,completed,5963777
16,2,6424,completed,5964651
16,2,6425,completed,5965652
16,2,6426,completed,5966194
16,2,6427,completed,5966735
16,2,6428,completed,5967485
16,2,6429,completed,5968026
16,2,6430,completed,5968985
16,2,6431,completed,5969735
16,2,6432,completed,5970319
16,2,6433,completed,6028776
16,2,6434,completed,6034943
16,2,6435,completed,6035526
16,2,6436,completed,6036693
16,2,6437,completed,6038068
16,2,6438,completed,6038818
16,2,6439,completed,6039151
16,2,6440,completed,6040068
16,2,6441,completed,6040568
16,2,6442,completed,6041443
16,2,6443,completed,6041860
16,2,6444,completed,6042109
16,2,6445,completed,6042860
16,2,6446,completed,6043609
16,2,6447,completed,6044777
16,2,6448,completed,6045652
16,2,6449,completed,5915027
16,2,6450,completed,5929651
16,2,6451,completed,5936777
16,2,6452,completed,5944984
16,2,6453,completed,5952068
16,2,6454,completed,5958776
16,2,6455,completed,5965235
16,2,6456,completed,5971526
16,2,6457,completed,5977610
16,2,6458,completed,5983901
16,2,6459,completed,5990610
16,2,6460,completed,5996693
16,2,6461,completed,6002651
16,2,6462,completed,6008818
16,2,6463,completed,6014985
16,2,6464,completed,6021318
16,2,6465,completed,5988026
16,2,6466,completed,5981318
16,2,6467,completed,5973568
16,2,6468,completed,5967277
16,2,6469,completed,5960859
16,2,6470,completed,5954485
16,2,6471,completed,5948568
16,2,6472,completed,5942776
16,2,6473,completed,5937193
16,2,6474,completed,5931485
16,2,6475,completed,5925277
16,2,6476,completed,5919818
16,2,6477,completed,5914235
16,2,6478,completed,5908526
16,2,6479,completed,5902901
16,2,6480,completed,5897235
16,2,6481,completed,6068818
16,2,6482,completed,6076442
16,2,6483,completed,6077693
16,2,6484,completed,6078942
16,2,6485,completed,6080026
16,2,6486,completed,6081610
16,2,6487,completed,6082610
16,2,6488,completed,6083943
16,2,6489,completed,6084859
16,2,6490,completed,6086026
16,2,6491,completed,6087151
16,2,6492,completed,6088068
16,2,6493,completed,6088735
16,2,6494,completed,6089859
16,2,6495,completed,6091317
16,2,6496,completed,6092318
16,2,6497,completed,5896152
16,2,6498,completed,5900527
16,2,6499,completed,5902402
16,2,6500,completed,5904235
16,2,6501,completed,5905735
16,2,6502,completed,5907193
16,2,6503,completed,5908527
16,2,6504,completed,5910277
16,2,6505,completed,5913401
16,2,6506,completed,5915360
16,2,6507,completed,5917277
16,2,6508,completed,5919151
16,2,6509,completed,5921110
16,2,6510,completed,5922777
16,2,6511,completed,5924401
16,2,6512,completed,5926027
16,2,6513,completed,5915151
16,2,6514,completed,5915818
16,2,6515,completed,5915985
16,2,6516,completed,5916360
16,2,6517,completed,5916443
16,2,6518,completed,5916860
16,2,6519,completed,5917151
16,2,6520,completed,5917527
16,2,6521,completed,5917818
16,2,6522,completed,5918235
16,2,6523,completed,5918819
16,2,6524,completed,5919110
16,2,6525,completed,5919527
16,2,6526,completed,5919985
16,2,6527,completed,5920485
16,2,6528,completed,5920569
16,2,6529,completed,6033860
16,2,6530,completed,6044109
16,2,6531,completed,6046234
16,2,6532,completed,6048235
16,2,6533,completed,6050318
16,2,6534,completed,6051776
16,2,6535,completed,6053942
16,2,6536,completed,6055693
16,2,6537,completed,6058026
16,2,6538,completed,6060068
16,2,6539,completed,6062067
16,2,6540,completed,6063818
16,2,6541,completed,6065401
16,2,6542,completed,6067026
16,2,6543,completed,6068859
16,2,6544,completed,6070693
16,2,6545,completed,5406111
16,2,6546,completed,5406361
16,2,6547,completed,5406736
16,2,6548,completed,5406777
16,2,6549,completed,5407570
16,2,6550,completed,5407944
16,2,6551,completed,5408153
16,2,6552,completed,5408570
16,2,6553,completed,5408528
16,2,6554,completed,5408695
16,2,6555,completed,5409195
16,2,6556,completed,5409027
16,2,6557,completed,5409528
16,2,6558,completed,5409652
16,2,6559,completed,5409944
16,2,6560,completed,5409903
16,2,6561,completed,6400026
16,2,6562,completed,6403067
16,2,6563,completed,6403775
16,2,6564,completed,6404858
16,2,6565,completed,6405526
16,2,6566,completed,6406692
16,2,6567,completed,6407400
16,2,6568,completed,6408359
16,2,6569,completed,6408984
16,2,6570,completed,6409651
16,2,6571,completed,6410609
16,2,6572,completed,6411442
16,2,6573,completed,6411984
16,2,6574,completed,6412734
16,2,6575,completed,6413442
16,2,6576,completed,6414025
16,2,6577,completed,5448778
16,2,6578,completed,5454945
16,2,6579,completed,5455902
16,2,6580,completed,5456819
16,2,6581,completed,5458611
16,2,6582,completed,5459028
16,2,6583,completed,5459986
16,2,6584,completed,5461111
16,2,6585,completed,5461778
16,2,6586,completed,5462236
16,2,6587,completed,5463236
16,2,6588,completed,5464027
16,2,6589,completed,5464986
16,2,6590,completed,5466111
16,2,6591,completed,5466861
16,2,6592,completed,5467778
16,2,6593,completed,6549274
16,2,6594,completed,6552524
16,2,6595,completed,6553733
16,2,6596,completed,6555441
16,2,6597,completed,6557233
16,2,6598,completed,6558358
16,2,6599,completed,6559649
16,2,6600,completed,6560525
16,2,6601,completed,6561150
16,2,6602,completed,6562066
16,2,6603,completed,6562816
16,2,6604,completed,6563441
16,2,6605,completed,6564025
16,2,6606,completed,6565316
16,2,6607,completed,6566191
16,2,6608,completed,6567358
16,2,6609,completed,5973193
16,2,6610,completed,5988776
16,2,6611,completed,5989693
16,2,6612,completed,5990693
16,2,6613,completed,5992068
16,2,6614,completed,5992652
16,2,6615,completed,5993359
16,2,6616,completed,5993860
16,2,6617,completed,5994818
16,2,6618,completed,5995401
16,2,6619,completed,5996276
16,2,6620,completed,5996568
16,2,6621,completed,5997193
16,2,6622,completed,5998151
16,2,6623,completed,5998777
16,2,6624,completed,5999402
16,2,6625,completed,5943527
16,2,6626,completed,5947110
16,2,6627,completed,5948901
16,2,6628,completed,5950568
16,2,6629,completed,5952360
16,2,6630,completed,5953443
16,2,6631,completed,5954734
16,2,6632,completed,5955735
16,2,6633,completed,5956360
16,2,6634,completed,5957651
16,2,6635,completed,5959026
16,2,6636,completed,5960110
16,2,6637,completed,5961776
16,2,6638,completed,5962943
16,2,6639,completed,5964152
16,2,6640,completed,5949859
16,2,6641,completed,5931360
16,2,6642,completed,5932443
16,2,6643,completed,5932776
16,2,6644,completed,5933234
16,2,6645,completed,5933818
16,2,6646,completed,5934693
16,2,6647,completed,5935568
16,2,6648,completed,5936110
16,2,6649,completed,5936734
16,2,6650,completed,5937652
16,2,6651,completed,5938526
16,2,6652,completed,5939360
16,2,6653,completed,5940652
16,2,6654,completed,5941943
16,2,6655,completed,5942777
16,2,6656,completed,5943360
16,2,6657,completed,6744774
16,2,6658,completed,6762191
16,2,6659,completed,6764482
16,2,6660,completed,6767275
16,2,6661,completed,6769566
16,2,6662,completed,6771316
16,2,6663,completed,6773358
16,2,6664,completed,6775191
16,2,6665,completed,6776441
16,2,6666,completed,6778733
16,2,6667,completed,6780066
16,2,6668,completed,6781774
16,2,6669,completed,6783650
16,2,6670,completed,6785107
16,2,6671,completed,6786608
16,2,6672,completed,6789150
16,2,6673,completed,5308028
16,2,6674,completed,5327153
16,2,6675,completed,5328570
16,2,6676,completed,5329278
16,2,6677,completed,5330528
16,2,6678,completed,5331111
16,2,6679,completed,5331945
16,2,6680,completed,5332861
16,2,6681,completed,5333653
16,2,6682,completed,5334111
16,2,6683,completed,5334612
16,2,6684,completed,5335153
16,2,6685,completed,5335944
16,2,6686,completed,5336444
16,2,6687,completed,5336903
16,2,6688,completed,5337111
16,2,6689,completed,5837152
16,2,6690,completed,5806277
16,2,6691,completed,5806819
16,2,6692,completed,5807527
16,2,6693,completed,5808361
16,2,6694,completed,5809527
16,2,6695,completed,5810444
16,2,6696,completed,5811277
16,2,6697,completed,5812193
16,2,6698,completed,5812777
16,2,6699,completed,5813652
16,2,6700,completed,5815027
16,2,6701,completed,5815652
16,2,6702,completed,5816652
16,2,6703,completed,5817652
16,2,6704,completed,5818569
16,2,6705,completed,5983734
16,2,6706,completed,5991901
16,2,6707,completed,5994110
16,2,6708,completed,5996192
16,2,6709,completed,5998401
16,2,6710,completed,6000401
16,2,6711,completed,6002109
16,2,6712,completed,6003860
16,2,6713,completed,6005360
16,2,6714,completed,6007193
16,2,6715,completed,6009193
16,2,6716,completed,6011401
16,2,6717,completed,6013235
16,2,6718,completed,6015401
16,2,6719,completed,6017443
16,2,6720,completed,6019484
16,2,6721,completed,5907652
16,2,6722,completed,5909277
16,2,6723,completed,5910318
16,2,6724,completed,5911777
16,2,6725,completed,5913610
16,2,6726,completed,5914610
16,2,6727,completed,5915610
16,2,6728,completed,5917193
16,2,6729,completed,5918443
16,2,6730,completed,5919402
16,2,6731,completed,5920610
16,2,6732,completed,5921694
16,2,6733,completed,5922985
16,2,6734,completed,5924776
16,2,6735,completed,5925860
16,2,6736,completed,5927234
16,2,6737,completed,5989027
16,2,6738,completed,5988443
16,2,6739,completed,5988401
16,2,6740,completed,5988401
16,2,6741,completed,5988401
16,2,6742,completed,5988276
16,2,6743,completed,5987943
16,2,6744,completed,5988109
16,2,6745,completed,5988235
16,2,6746,completed,5988193
16,2,6747,completed,5988235
16,2,6748,completed,5988151
16,2,6749,completed,5988151
16,2,6750,completed,5988276
16,2,6751,completed,5988402
16,2,6752,completed,5988527
16,2,6753,completed,6066235
16,2,6754,completed,6073610
16,2,6755,completed,6075651
16,2,6756,completed,6077610
16,2,6757,completed,6079442
16,2,6758,completed,6081276
16,2,6759,completed,6082735
16,2,6760,completed,6084610
16,2,6761,completed,6086484
16,2,6762,completed,6088193
16,2,6763,completed,6090026
16,2,6764,completed,6091817
16,2,6765,completed,6093360
16,2,6766,completed,6095193
16,2,6767,completed,6097068
16,2,6768,completed,6099151
16,2,6769,completed,5802194
16,2,6770,completed,5800360
16,2,6771,completed,5800486
16,2,6772,completed,5808068
16,2,6773,completed,5808569
16,2,6774,completed,5808735
16,2,6775,completed,5808860
16,2,6776,completed,5809152
16,2,6777,completed,5808985
16,2,6778,completed,5809027
16,2,6779,completed,5808943
16,2,6780,completed,5809026
16,2,6781,completed,5809027
16,2,6782,completed,5809152
16,2,6783,completed,5808902
16,2,6784,completed,5809110
16,2,6785,completed,6042734
16,2,6786,completed,6048651
16,2,6787,completed,6049859
16,2,6788,completed,6051318
16,2,6789,completed,6052735
16,2,6790,completed,6053526
16,2,6791,completed,6054652
16,2,6792,completed,6055527
16,2,6793,completed,6056443
16,2,6794,completed,6057318
16,2,6795,completed,6058027
16,2,6796,completed,6058693
16,2,6797,completed,6059609
16,2,6798,completed,6060485
16,2,6799,completed,6061068
16,2,6800,completed,6061985
16,2,6801,completed,5875651
16,2,6802,completed,5876568
16,2,6803,completed,5876985
16,2,6804,completed,5877734
16,2,6805,completed,5878485
16,2,6806,completed,5879235
16,2,6807,completed,5880235
16,2,6808,completed,5880901
16,2,6809,completed,5881359
16,2,6810,completed,5881943
16,2,6811,completed,5882485
16,2,6812,completed,5882985
16,2,6813,completed,5883693
16,2,6814,completed,5884234
16,2,6815,completed,5884776
16,2,6816,completed,5885610
16,2,6817,completed,5523986
16,2,6818,completed,5526778
16,2,6819,completed,5527361
16,2,6820,completed,5528236
16,2,6821,completed,5529069
16,2,6822,completed,5529694
16,2,6823,completed,5530278
16,2,6824,completed,5530944
16,2,6825,completed,5531569
16,2,6826,completed,5532152
16,2,6827,completed,5532820
16,2,6828,completed,5533570
16,2,6829,completed,5534153
16,2,6830,completed,5534861
16,2,6831,completed,5535944
16,2,6832,completed,5537153
16,2,6833,completed,6363692
16,2,6834,completed,6368400
16,2,6835,completed,6369400
16,2,6836,completed,6370192
16,2,6837,completed,6371484
16,2,6838,completed,6372150
16,2,6839,completed,6373067
16,2,6840,completed,6373817
16,2,6841,completed,6375234
16,2,6842,completed,6375817
16,2,6843,completed,6376483
16,2,6844,completed,6377067
16,2,6845,completed,6378233
16,2,6846,completed,6378692
16,2,6847,completed,6379359
16,2,6848,completed,6379901
16,2,6849,completed,6085109
16,2,6850,completed,6090443
16,2,6851,completed,6091901
16,2,6852,completed,6093318
16,2,6853,completed,6094276
16,2,6854,completed,6095235
16,2,6855,completed,6096693
16,2,6856,completed,6097818
16,2,6857,completed,6098443
16,2,6858,completed,6099151
16,2,6859,completed,6099526
16,2,6860,completed,6100193
16,2,6861,completed,6100609
16,2,6862,completed,6101276
16,2,6863,completed,6101984
16,2,6864,completed,6102985
16,2,6865,completed,6012235
16,2,6866,completed,6018484
16,2,6867,completed,6019568
16,2,6868,completed,6020735
16,2,6869,completed,6022651
16,2,6870,completed,6023984
16,2,6871,completed,6024860
16,2,6872,completed,6026026
16,2,6873,completed,6027651
16,2,6874,completed,6028568
16,2,6875,completed,6029526
16,2,6876,completed,6030360
16,2,6877,completed,6031235
16,2,6878,completed,6032151
16,2,6879,completed,6054943
16,2,6880,completed,6055902
16,2,6881,completed,5879943
16,2,6882,completed,5884943
16,2,6883,completed,5885902
16,2,6884,completed,5887485
16,2,6885,completed,5888651
16,2,6886,completed,5889901
16,2,6887,completed,5890693
16,2,6888,completed,5891443
16,2,6889,completed,5892568
16,2,6890,completed,5893610
16,2,6891,completed,5894318
16,2,6892,completed,5895068
16,2,6893,completed,5895651
16,2,6894,completed,5896193
16,2,6895,completed,5897193
16,2,6896,completed,5898109
16,2,6897,completed,5523319
16,2,6898,completed,5522986
16,2,6899,completed,5523819
16,2,6900,completed,5524653
16,2,6901,completed,5525361
16,2,6902,completed,5526528
16,2,6903,completed,5527070
16,2,6904,completed,5527777
16,2,6905,completed,5528361
16,2,6906,completed,5528819
16,2,6907,completed,5529486
16,2,6908,completed,5529736
16,2,6909,completed,5530152
16,2,6910,completed,5530569
16,2,6911,completed,5531194
16,2,6912,completed,5532070
16,2,6913,completed,6350442
16,2,6914,completed,6352526
16,2,6915,completed,6353567
16,2,6916,completed,6354776
16,2,6917,completed,6355859
16,2,6918,completed,6356817
16,2,6919,completed,6357401
16,2,6920,completed,6358067
16,2,6921,completed,6358650
16,2,6922,completed,6359151
16,2,6923,completed,6359358
16,2,6924,completed,6359984
16,2,6925,completed,6360484
16,2,6926,completed,6360942
16,2,6927,completed,6361817
16,2,6928,completed,6362775
16,2,6929,completed,6031485
16,2,6930,completed,6040443
16,2,6931,completed,6041485
16,2,6932,completed,6042776
16,2,6933,completed,6043818
16,2,6934,completed,6044609
16,2,6935,completed,6045776
16,2,6936,completed,6046568
16,2,6937,completed,6047693
16,2,6938,completed,6048859
16,2,6939,completed,6049984
16,2,6940,completed,6050610
16,2,6941,completed,6051443
16,2,6942,completed,6051985
16,2,6943,completed,6052360
16,2,6944,completed,6053068
16,2,6945,completed,6054110
16,2,6946,completed,6059442
16,2,6947,completed,6060859
16,2,6948,completed,6062109
16,2,6949,completed,6063359
16,2,6950,completed,6064526
16,2,6951,completed,6065651
16,2,6952,completed,6066526
16,2,6953,completed,6067901
16,2,6954,completed,6068776
16,2,6955,completed,6069651
16,2,6956,completed,6070235
16,2,6957,completed,6070943
16,2,6958,completed,6071859
16,2,6959,completed,6072401
16,2,6960,completed,6073484
16,2,6961,completed,5930402
16,2,6962,completed,5933402
16,2,6963,completed,5934193
16,2,6964,completed,5935443
16,2,6965,completed,5936152
16,2,6966,completed,5937026
16,2,6967,completed,5938068
16,2,6968,completed,5938985
16,2,6969,completed,5939401
16,2,6970,completed,5939943
16,2,6971,completed,5940777
16,2,6972,completed,5941318
16,2,6973,completed,5941901
16,2,6974,completed,5942318
16,2,6975,completed,5943276
16,2,6976,completed,5943568
16,2,6977,completed,5954902
16,2,6978,completed,5960568
16,2,6979,completed,5961526
16,2,6980,completed,5962234
16,2,6981,completed,5963318
16,2,6982,completed,5964485
16,2,6983,completed,5965693
16,2,6984,completed,5966443
16,2,6985,completed,5967110
16,2,6986,completed,5967818
16,2,6987,completed,5968735
16,2,6988,completed,5969735
16,2,6989,completed,5970984
16,2,6990,completed,5971485
16,2,6991,completed,5972526
16,2,6992,completed,5973609
16,2,6993,completed,5887610
16,2,6994,completed,5889610
16,2,6995,completed,5890069
16,2,6996,completed,5890943
16,2,6997,completed,5891777
16,2,6998,completed,5892735
16,2,6999,completed,5893610
16,2,7000,completed,5894610
16,2,7001,completed,5895152
16,2,7002,completed,5895652
16,2,7003,completed,5896402
16,2,7004,completed,5896944
16,2,7005,completed,5897526
16,2,7006,completed,5897860
16,2,7007,completed,5898610
16,2,7008,completed,5899026
16,2,7009,completed,5974359
16,2,7010,completed,5979318
16,2,7011,completed,5980151
16,2,7012,completed,5981110
16,2,7013,completed,5982443
16,2,7014,completed,5983151
16,2,7015,completed,5983901
16,2,7016,completed,5984526
16,2,7017,completed,5985360
16,2,7018,completed,5985776
16,2,7019,completed,5986610
16,2,7020,completed,5987151
16,2,7021,completed,5987860
16,2,7022,completed,5988526
16,2,7023,completed,5989401
16,2,7024,completed,5990110
16,2,7025,completed,5972735
16,2,7026,completed,5975318
16,2,7027,completed,5976193
16,2,7028,completed,5976777
16,2,7029,completed,5977902
16,2,7030,completed,5978735
16,2,7031,completed,5979527
16,2,7032,completed,5980151
16,2,7033,completed,5980694
16,2,7034,completed,5981652
16,2,7035,completed,5982485
16,2,7036,completed,5983360
16,2,7037,completed,5983985
16,2,7038,completed,5984526
16,2,7039,completed,5985152
16,2,7040,completed,5986193
16,2,7041,completed,5951735
16,2,7042,completed,5952610
16,2,7043,completed,5953485
16,2,7044,completed,5954944
16,2,7045,completed,5956110
16,2,7046,completed,5956944
16,2,7047,completed,5957943
16,2,7048,completed,5958485
16,2,7049,completed,5959027
16,2,7050,completed,5960027
16,2,7051,completed,5960943
16,2,7052,completed,5961652
16,2,7053,completed,5962152
16,2,7054,completed,5962777
16,2,7055,completed,5963443
16,2,7056,completed,5964068
16,2,7057,completed,6148776
16,2,7058,completed,6157735
16,2,7059,completed,6159859
16,2,7060,completed,6161526
16,2,7061,completed,6163943
16,2,7062,completed,6165818
16,2,7063,completed,6167776
16,2,7064,completed,6169984
16,2,7065,completed,6171401
16,2,7066,completed,6173443
16,2,7067,completed,6175609
16,2,7068,completed,6177359
16,2,7069,completed,6179609
16,2,7070,completed,6191484
16,2,7071,completed,6193235
16,2,7072,completed,6195234
16,2,7073,completed,5759152
16,2,7074,completed,5758026
16,2,7075,completed,5758277
16,2,7076,completed,5759276
16,2,7077,completed,5759402
16,2,7078,completed,5759818
16,2,7079,completed,5760485
16,2,7080,completed,5760944
16,2,7081,completed,5761194
16,2,7082,completed,5761235
16,2,7083,completed,5761610
16,2,7084,completed,5761860
16,2,7085,completed,5762193
16,2,7086,completed,5762193
16,2,7087,completed,5762360
16,2,7088,completed,5762860
16,2,7089,completed,5934360
16,2,7090,completed,5935193
16,2,7091,completed,5935527
16,2,7092,completed,5936068
16,2,7093,completed,5936527
16,2,7094,completed,5937027
16,2,7095,completed,5937568
16,2,7096,completed,5938318
16,2,7097,completed,5938735
16,2,7098,completed,5939276
16,2,7099,completed,5939860
16,2,7100,completed,5948652
16,2,7101,completed,5949360
16,2,7102,completed,5949777
16,2,7103,completed,5950193
16,2,7104,completed,5950651
16,2,7105,completed,6057485
16,2,7106,completed,6061193
16,2,7107,completed,6061777
16,2,7108,completed,6062526
16,2,7109,completed,6063318
16,2,7110,completed,6063443
16,2,7111,completed,6063985
16,2,7112,completed,6064402
16,2,7113,completed,6064818
16,2,7114,completed,6065151
16,2,7115,completed,6065484
16,2,7116,completed,6065901
16,2,7117,completed,6066234
16,2,7118,completed,6066568
16,2,7119,completed,6067193
16,2,7120,completed,6068068
16,2,7121,completed,5981901
16,2,7122,completed,5985026
16,2,7123,completed,5986110
16,2,7124,completed,5987110
16,2,7125,completed,5988360
16,2,7126,completed,5989360
16,2,7127,completed,5990276
16,2,7128,completed,5991068
16,2,7129,completed,5991818
16,2,7130,completed,5992484
16,2,7131,completed,5994068
16,2,7132,completed,5995068
16,2,7133,completed,5995776
16,2,7134,completed,5996735
16,2,7135,completed,5997734
16,2,7136,completed,5998651
16,2,7137,completed,5876860
16,2,7138,completed,5877110
16,2,7139,completed,5877652
16,2,7140,completed,5878402
16,2,7141,completed,5879027
16,2,7142,completed,5887194
16,2,7143,completed,5887485
16,2,7144,completed,5887944
16,2,7145,completed,5888444
16,2,7146,completed,5888985
16,2,7147,completed,5889610
16,2,7148,completed,5890610
16,2,7149,completed,5891151
16,2,7150,completed,5891860
16,2,7151,completed,5892527
16,2,7152,completed,5893276
16,2,7153,completed,5960818
16,2,7154,completed,5962901
16,2,7155,completed,5963818
16,2,7156,completed,5964943
16,2,7157,completed,5966151
16,2,7158,completed,5967151
16,2,7159,completed,5967943
16,2,7160,completed,5968860
16,2,7161,completed,5979901
16,2,7162,completed,5980901
16,2,7163,completed,5981943
16,2,7164,completed,5983109
16,2,7165,completed,5984110
16,2,7166,completed,5985068
16,2,7167,completed,5986193
16,2,7168,completed,5986818
16,2,7169,completed,5376528
16,2,7170,completed,5378320
16,2,7171,completed,5378528
16,2,7172,completed,5379194
16,2,7173,completed,5379861
16,2,7174,completed,5380528
16,2,7175,completed,5380819
16,2,7176,completed,5381069
16,2,7177,completed,5381403
16,2,7178,completed,5381736
16,2,7179,completed,5382153
16,2,7180,completed,5382736
16,2,7181,completed,5383152
16,2,7182,completed,5383611
16,2,7183,completed,5384069
16,2,7184,completed,5384528
16,2,7185,completed,6531400
16,2,7186,completed,6535400
16,2,7187,completed,6536108
16,2,7188,completed,6536983
16,2,7189,completed,6537566
16,2,7190,completed,6538441
16,2,7191,completed,6538775
16,2,7192,completed,6539525
16,2,7193,completed,6540066
16,2,7194,completed,6540609
16,2,7195,completed,6541734
16,2,7196,completed,6542442
16,2,7197,completed,6542858
16,2,7198,completed,6543525
16,2,7199,completed,6544150
16,2,7200,completed,6544483
16,2,7201,completed,5994359
16,2,7202,completed,5995151
16,2,7203,completed,5995818
16,2,7204,completed,5996526
16,2,7205,completed,5997402
16,2,7206,completed,5998443
16,2,7207,completed,5998860
16,2,7208,completed,5999360
16,2,7209,completed,5999943
16,2,7210,completed,6000484
16,2,7211,completed,6001193
16,2,7212,completed,6001860
16,2,7213,completed,6002402
16,2,7214,completed,6003068
16,2,7215,completed,6003901
16,2,7216,completed,6013651
16,2,7217,completed,6011651
16,2,7218,completed,6015443
16,2,7219,completed,6017068
16,2,7220,completed,6018609
16,2,7221,completed,6020317
16,2,7222,completed,6022109
16,2,7223,completed,6023610
16,2,7224,completed,6025234
16,2,7225,completed,6026818
16,2,7226,completed,6028359
16,2,7227,completed,6030276
16,2,7228,completed,6032026
16,2,7229,completed,6033526
16,2,7230,completed,6035192
16,2,7231,completed,6036984
16,2,7232,completed,6038484
16,2,7233,completed,5886235
16,2,7234,completed,5893151
16,2,7235,completed,5896777
16,2,7236,completed,5900319
16,2,7237,completed,5903943
16,2,7238,completed,5908235
16,2,7239,completed,5911235
16,2,7240,completed,5914401
16,2,7241,completed,5917027
16,2,7242,completed,5926818
16,2,7243,completed,5927277
16,2,7244,completed,5927026
16,2,7245,completed,5926943
16,2,7246,completed,5926776
16,2,7247,completed,5926901
16,2,7248,completed,5926610
16,2,7249,completed,6013110
16,2,7250,completed,6014235
16,2,7251,completed,6011901
16,2,7252,completed,6010026
16,2,7253,completed,6007151
16,2,7254,completed,6004943
16,2,7255,completed,6002818
16,2,7256,completed,6001151
16,2,7257,completed,5992943
16,2,7258,completed,5983151
16,2,7259,completed,5984360
16,2,7260,completed,5986068
16,2,7261,completed,5987568
16,2,7262,completed,5989235
16,2,7263,completed,5991068
16,2,7264,completed,5992943
16,2,7265,completed,5960026
16,2,7266,completed,5979735
16,2,7267,completed,5986985
16,2,7268,completed,5993985
16,2,7269,completed,6000693
16,2,7270,completed,6007568
16,2,7271,completed,6013735
16,2,7272,completed,6020318
16,2,7273,completed,6026651
16,2,7274,completed,6032902
16,2,7275,completed,6039402
16,2,7276,completed,6045776
16,2,7277,completed,6052026
16,2,7278,completed,6057901
16,2,7279,completed,6063485
16,2,7280,completed,6069651
16,2,7281,completed,5588152
16,2,7282,completed,5587152
16,2,7283,completed,5580569
16,2,7284,completed,5574944
16,2,7285,completed,5568778
16,2,7286,completed,5562736
16,2,7287,completed,5557277
16,2,7288,completed,5551111
16,2,7289,completed,5545652
16,2,7290,completed,5540236
16,2,7291,completed,5534319
16,2,7292,completed,5528819
16,2,7293,completed,5523402
16,2,7294,completed,5518028
16,2,7295,completed,5512695
16,2,7296,completed,5507319
16,2,7297,completed,6340275
16,2,7298,completed,6343150
16,2,7299,completed,6345192
16,2,7300,completed,6347067
16,2,7301,completed,6348692
16,2,7302,completed,6351025
16,2,7303,completed,6364567
16,2,7304,completed,6366567
16,2,7305,completed,6368234
16,2,7306,completed,6370026
16,2,7307,completed,6371776
16,2,7308,completed,6373650
16,2,7309,completed,6375192
16,2,7310,completed,6376775
16,2,7311,completed,6378525
16,2,7312,completed,6380442
16,2,7313,completed,5386986
16,2,7314,completed,5387528
16,2,7315,completed,5387944
16,2,7316,completed,5388944
16,2,7317,completed,5388986
16,2,7318,completed,5389528
16,2,7319,completed,5389777
16,2,7320,completed,5389986
16,2,7321,completed,5390361
16,2,7322,completed,5390611
16,2,7323,completed,5390819
16,2,7324,completed,5391028
16,2,7325,completed,5391444
16,2,7326,completed,5391611
16,2,7327,completed,5391944
16,2,7328,completed,5392486
16,2,7329,completed,6197276
16,2,7330,completed,6199651
16,2,7331,completed,6200067
16,2,7332,completed,6200943
16,2,7333,completed,6201192
16,2,7334,completed,6201567
16,2,7335,completed,6201984
16,2,7336,completed,6202318
16,2,7337,completed,6202776
16,2,7338,completed,6203359
16,2,7339,completed,6203692
16,2,7340,completed,6204400
16,2,7341,completed,6204901
16,2,7342,completed,6205192
16,2,7343,completed,6205734
16,2,7344,completed,6206734
16,2,7345,completed,6257609
16,2,7346,completed,6258276
16,2,7347,completed,6258984
16,2,7348,completed,6259609
16,2,7349,completed,6260359
16,2,7350,completed,6261276
16,2,7351,completed,6262067
16,2,7352,completed,6262859
16,2,7353,completed,6263650
16,2,7354,completed,6264400
16,2,7355,completed,6265026
16,2,7356,completed,6265776
16,2,7357,completed,6266484
16,2,7358,completed,6267234
16,2,7359,completed,6268025
16,2,7360,completed,6268900
16,2,7361,completed,6015026
16,2,7362,completed,6018735
16,2,7363,completed,6019943
16,2,7364,completed,6020818
16,2,7365,completed,6021777
16,2,7366,completed,6034068
16,2,7367,completed,6035276
16,2,7368,completed,6035943
16,2,7369,completed,6036818
16,2,7370,completed,6037610
16,2,7371,completed,6038485
16,2,7372,completed,6039151
16,2,7373,completed,6040234
16,2,7374,completed,6040818
16,2,7375,completed,6041943
16,2,7376,completed,6043443
16,2,7377,completed,6008609
16,2,7378,completed,6013318
16,2,7379,completed,6014151
16,2,7380,completed,6015651
16,2,7381,completed,6016277
16,2,7382,completed,6017568
16,2,7383,completed,6018401
16,2,7384,completed,6019276
16,2,7385,completed,6020985
16,2,7386,completed,6021610
16,2,7387,completed,6022151
16,2,7388,completed,6022776
16,2,7389,completed,6023276
16,2,7390,completed,6023818
16,2,7391,completed,6024735
16,2,7392,completed,6025943
16,2,7393,completed,5936360
16,2,7394,completed,5964485
16,2,7395,completed,5976234
16,2,7396,completed,5988485
16,2,7397,completed,6000318
16,2,7398,completed,6011818
16,2,7399,completed,6022443
16,2,7400,completed,6033318
16,2,7401,completed,6044110
16,2,7402,completed,6054984
16,2,7403,completed,6066568
16,2,7404,completed,6077360
16,2,7405,completed,6088859
16,2,7406,completed,6099568
16,2,7407,completed,6110068
16,2,7408,completed,6121359
16,2,7409,completed,6014652
16,2,7410,completed,6003984
16,2,7411,completed,5993651
16,2,7412,completed,5983693
16,2,7413,completed,5973568
16,2,7414,completed,5963734
16,2,7415,completed,5953943
16,2,7416,completed,5944401
16,2,7417,completed,5935152
16,2,7418,completed,5925735
16,2,7419,completed,5915360
16,2,7420,completed,5906151
16,2,7421,completed,5896735
16,2,7422,completed,5887568
16,2,7423,completed,5878401
16,2,7424,completed,5868860
16,2,7425,completed,6064026
16,2,7426,completed,6069567
16,2,7427,completed,6070234
16,2,7428,completed,6071026
16,2,7429,completed,6072817
16,2,7430,completed,6073360
16,2,7431,completed,6073692
16,2,7432,completed,6074359
16,2,7433,completed,6074735
16,2,7434,completed,6075193
16,2,7435,completed,6075485
16,2,7436,completed,6075859
16,2,7437,completed,6076734
16,2,7438,completed,6077234
16,2,7439,completed,6077693
16,2,7440,completed,6078567
16,2,7441,completed,5795401
16,2,7442,completed,5794860
16,2,7443,completed,5804860
16,2,7444,completed,5805444
16,2,7445,completed,5806235
16,2,7446,completed,5806776
16,2,7447,completed,5807277
16,2,7448,completed,5808110
16,2,7449,completed,5809152
16,2,7450,completed,5809860
16,2,7451,completed,5810943
16,2,7452,completed,5811402
16,2,7453,completed,5812194
16,2,7454,completed,5812693
16,2,7455,completed,5813443
16,2,7456,completed,5814152
16,2,7457,completed,5932151
16,2,7458,completed,5932818
16,2,7459,completed,5933151
16,2,7460,completed,5934068
16,2,7461,completed,5934859
16,2,7462,completed,5935485
16,2,7463,completed,5936193
16,2,7464,completed,5936859
16,2,7465,completed,5937401
16,2,7466,completed,5937985
16,2,7467,completed,5938734
16,2,7468,completed,5939360
16,2,7469,completed,5939943
16,2,7470,completed,5940526
16,2,7471,completed,5940985
16,2,7472,completed,5941651
16,2,7473,completed,6000026
16,2,7474,completed,6004484
16,2,7475,completed,6018443
16,2,7476,completed,6020360
16,2,7477,completed,6021901
16,2,7478,completed,6023443
16,2,7479,completed,6025027
16,2,7480,completed,6026484
16,2,7481,completed,6028110
16,2,7482,completed,6029527
16,2,7483,completed,6031068
16,2,7484,completed,6032901
16,2,7485,completed,6034568
16,2,7486,completed,6036151
16,2,7487,completed,6028110
16,2,7488,completed,6029777
16,2,7489,completed,5960693
16,2,7490,completed,5962568
16,2,7491,completed,5963068
16,2,7492,completed,5963735
16,2,7493,completed,5964401
16,2,7494,completed,5964985
16,2,7495,completed,5965568
16,2,7496,completed,5966152
16,2,7497,completed,5966651
16,2,7498,completed,5967152
16,2,7499,completed,5967610
16,2,7500,completed,5968402
16,2,7501,completed,5969027
16,2,7502,completed,5969609
16,2,7503,completed,5970152
16,2,7504,completed,5970902
16,2,7505,completed,5482694
16,2,7506,completed,5490944
16,2,7507,completed,5491652
16,2,7508,completed,5492778
16,2,7509,completed,5493902
16,2,7510,completed,5494653
16,2,7511,completed,5495611
16,2,7512,completed,5496277
16,2,7513,completed,5497444
16,2,7514,completed,5498152
16,2,7515,completed,5498861
16,2,7516,completed,5500028
16,2,7517,completed,5501236
16,2,7518,completed,5502194
16,2,7519,completed,5502736
16,2,7520,completed,5503736
16,2,7521,completed,6155776
16,2,7522,completed,6161110
16,2,7523,completed,6162901
16,2,7524,completed,6165234
16,2,7525,completed,6167068
16,2,7526,completed,6168943
16,2,7527,completed,6170568
16,2,7528,completed,6172609
16,2,7529,completed,6173859
16,2,7530,completed,6175360
16,2,7531,completed,6176735
16,2,7532,completed,6178609
16,2,7533,completed,6180484
16,2,7534,completed,6182442
16,2,7535,completed,6183776
16,2,7536,completed,6185525
16,2,7537,completed,6224193
16,2,7538,completed,6241651
16,2,7539,completed,6242942
16,2,7540,completed,6244484
16,2,7541,completed,6246067
16,2,7542,completed,6247443
16,2,7543,completed,6248984
16,2,7544,completed,6250275
16,2,7545,completed,6251818
16,2,7546,completed,6252900
16,2,7547,completed,6254025
16,2,7548,completed,6255484
16,2,7549,completed,6257025
16,2,7550,completed,6258443
16,2,7551,completed,6259692
16,2,7552,completed,6261692
16,2,7553,completed,6043359
16,2,7554,completed,6042485
16,2,7555,completed,6042651
16,2,7556,completed,6043193
16,2,7557,completed,6043777
16,2,7558,completed,6044193
16,2,7559,completed,6044735
16,2,7560,completed,6045527
16,2,7561,completed,6045693
16,2,7562,completed,6045984
16,2,7563,completed,6046193
16,2,7564,completed,6046776
16,2,7565,completed,6047151
16,2,7566,completed,6047526
16,2,7567,completed,6047776
16,2,7568,completed,6048109
16,2,7569,completed,5839652
16,2,7570,completed,5867235
16,2,7571,completed,5878276
16,2,7572,completed,5886902
16,2,7573,completed,5895485
16,2,7574,completed,5904068
16,2,7575,completed,5912276
16,2,7576,completed,5920360
16,2,7577,completed,5928735
16,2,7578,completed,5937027
16,2,7579,completed,5944568
16,2,7580,completed,5952485
16,2,7581,completed,5960110
16,2,7582,completed,5968193
16,2,7583,completed,5987776
16,2,7584,completed,5989276
16,2,7585,completed,5836735
16,2,7586,completed,5817402
16,2,7587,completed,5809318
16,2,7588,completed,5801902
16,2,7589,completed,5794152
16,2,7590,completed,5786610
16,2,7591,completed,5779318
16,2,7592,completed,5772360
16,2,7593,completed,5764943
16,2,7594,completed,5757735
16,2,7595,completed,5751193
16,2,7596,completed,5744318
16,2,7597,completed,5737568
16,2,7598,completed,5667610
16,2,7599,completed,5667777
16,2,7600,completed,5668777
16,2,7601,completed,5886443
16,2,7602,completed,5896776
16,2,7603,completed,5901235
16,2,7604,completed,5906235
16,2,7605,completed,5910776
16,2,7606,completed,5914819
16,2,7607,completed,5919193
16,2,7608,completed,5923068
16,2,7609,completed,5926902
16,2,7610,completed,5930819
16,2,7611,completed,5935360
16,2,7612,completed,5939485
16,2,7613,completed,5943735
16,2,7614,completed,5947818
16,2,7615,completed,5951693
16,2,7616,completed,5955610
16,2,7617,completed,6176817
16,2,7618,completed,6171818
16,2,7619,completed,6167901
16,2,7620,completed,6163151
16,2,7621,completed,6159151
16,2,7622,completed,6155151
16,2,7623,completed,6151192
16,2,7624,completed,6147443
16,2,7625,completed,6143651
16,2,7626,completed,6140068
16,2,7627,completed,6136067
16,2,7628,completed,6131526
16,2,7629,completed,6128067
16,2,7630,completed,6124068
16,2,7631,completed,6120568
16,2,7632,completed,6117276
16,2,7633,completed,6016860
16,2,7634,completed,6018860
16,2,7635,completed,6019735
16,2,7636,completed,6020818
16,2,7637,completed,6022109
16,2,7638,completed,6023151
16,2,7639,completed,6024235
16,2,7640,completed,6025276
16,2,7641,completed,6026318
16,2,7642,completed,6027484
16,2,7643,completed,6028651
16,2,7644,completed,6029693
16,2,7645,completed,6030693
16,2,7646,completed,6031735
16,2,7647,completed,6032735
16,2,7648,completed,6033693
16,2,7649,completed,5711277
16,2,7650,completed,5717152
16,2,7651,completed,5717527
16,2,7652,completed,5718527
16,2,7653,completed,5719069
16,2,7654,completed,5719610
16,2,7655,completed,5720860
16,2,7656,completed,5721361
16,2,7657,completed,5721819
16,2,7658,completed,5722360
16,2,7659,completed,5723069
16,2,7660,completed,5723443
16,2,7661,completed,5723902
16,2,7662,completed,5724319
16,2,7663,completed,5724943
16,2,7664,completed,5725360
16,2,7665,completed,5985859
16,2,7666,completed,5989818
16,2,7667,completed,5990527
16,2,7668,completed,5991318
16,2,7669,completed,5992193
16,2,7670,completed,5992860
16,2,7671,completed,5993527
16,2,7672,completed,5994109
16,2,7673,completed,5994568
16,2,7674,completed,5995152
16,2,7675,completed,5995901
16,2,7676,completed,5996151
16,2,7677,completed,5997402
16,2,7678,completed,5998109
16,2,7679,completed,5998402
16,2,7680,completed,5999235
16,2,7681,completed,6259442
16,2,7682,completed,6311276
16,2,7683,completed,6313068
16,2,7684,completed,6314901
16,2,7685,completed,6317443
16,2,7686,completed,6318942
16,2,7687,completed,6320234
16,2,7688,completed,6321984
16,2,7689,completed,6323400
16,2,7690,completed,6323942
16,2,7691,completed,6325068
16,2,7692,completed,6326442
16,2,7693,completed,6327317
16,2,7694,completed,6328234
16,2,7695,completed,6329609
16,2,7696,completed,6330567
16,2,7697,completed,5846943
16,2,7698,completed,5857568
16,2,7699,completed,5861985
16,2,7700,completed,5867485
16,2,7701,completed,5880152
16,2,7702,completed,5885568
16,2,7703,completed,5890110
16,2,7704,completed,5894818
16,2,7705,completed,5900109
16,2,7706,completed,5904860
16,2,7707,completed,5909651
16,2,7708,completed,5914484
16,2,7709,completed,5918860
16,2,7710,completed,5924360
16,2,7711,completed,5928901
16,2,7712,completed,5933734
16,2,7713,completed,6065693
16,2,7714,completed,6065026
16,2,7715,completed,6061610
16,2,7716,completed,6056901
16,2,7717,completed,6045359
16,2,7718,completed,6041860
16,2,7719,completed,6038526
16,2,7720,completed,6035276
16,2,7721,completed,6031068
16,2,7722,completed,6027651
16,2,7723,completed,6024359
16,2,7724,completed,6020651
16,2,7725,completed,6016401
16,2,7726,completed,6013318
16,2,7727,completed,6010151
16,2,7728,completed,6007068
16,2,7729,completed,6022901
16,2,7730,completed,6036526
16,2,7731,completed,6038443
16,2,7732,completed,6040109
16,2,7733,completed,6042318
16,2,7734,completed,6043984
16,2,7735,completed,6045817
16,2,7736,completed,6047276
16,2,7737,completed,6048693
16,2,7738,completed,6050943
16,2,7739,completed,6052901
16,2,7740,completed,6054151
16,2,7741,completed,6055693
16,2,7742,completed,6057526
16,2,7743,completed,6058734
16,2,7744,completed,6060818
16,2,7745,completed,5402528
16,2,7746,completed,5403111
16,2,7747,completed,5403819
16,2,7748,completed,5404486
16,2,7749,completed,5405361
16,2,7750,completed,5406277
16,2,7751,completed,5407069
16,2,7752,completed,5407694
16,2,7753,completed,5408195
16,2,7754,completed,5409153
16,2,7755,completed,5409652
16,2,7756,completed,5410194
16,2,7757,completed,5410694
16,2,7758,completed,5411569
16,2,7759,completed,5411986
16,2,7760,completed,5412903
16,2,7761,completed,6330026
16,2,7762,completed,6327817
16,2,7763,completed,6327734
16,2,7764,completed,6327943
16,2,7765,completed,6328276
16,2,7766,completed,6328693
16,2,7767,completed,6328567
16,2,7768,completed,6328650
16,2,7769,completed,6328692
16,2,7770,completed,6328817
16,2,7771,completed,6329067
16,2,7772,completed,6329109
16,2,7773,completed,6329192
16,2,7774,completed,6329275
16,2,7775,completed,6329401
16,2,7776,completed,6329692
16,2,7777,completed,5526485
16,2,7778,completed,5532819
16,2,7779,completed,5534195
16,2,7780,completed,5536028
16,2,7781,completed,5537570
16,2,7782,completed,5539194
16,2,7783,completed,5540528
16,2,7784,completed,5542028
16,2,7785,completed,5543320
16,2,7786,completed,5545027
16,2,7787,completed,5546403
16,2,7788,completed,5547903
16,2,7789,completed,5549611
16,2,7790,completed,5551152
16,2,7791,completed,5552653
16,2,7792,completed,5554528
16,2,7793,completed,6288400
16,2,7794,completed,6289859
16,2,7795,completed,6290233
16,2,7796,completed,6291109
16,2,7797,completed,6291609
16,2,7798,completed,6292109
16,2,7799,completed,6292775
16,2,7800,completed,6293567
16,2,7801,completed,6294401
16,2,7802,completed,6295150
16,2,7803,completed,6295776
16,2,7804,completed,6296567
16,2,7805,completed,6297317
16,2,7806,completed,6297692
16,2,7807,completed,6298233
16,2,7808,completed,6298984
16,2,7809,completed,6185068
16,2,7810,completed,6190651
16,2,7811,completed,6191735
16,2,7812,completed,6193109
16,2,7813,completed,6194442
16,2,7814,completed,6195776
16,2,7815,completed,6196692
16,2,7816,completed,6197984
16,2,7817,completed,6199109
16,2,7818,completed,6200276
16,2,7819,completed,6201400
16,2,7820,completed,6202151
16,2,7821,completed,6203692
16,2,7822,completed,6204484
16,2,7823,completed,6205443
16,2,7824,completed,6206234
16,2,7825,completed,5934485
16,2,7826,completed,5946402
16,2,7827,completed,5948902
16,2,7828,completed,5949568
16,2,7829,completed,5950443
16,2,7830,completed,5950901
16,2,7831,completed,5951318
16,2,7832,completed,5951860
16,2,7833,completed,5952401
16,2,7834,completed,5952984
16,2,7835,completed,5953526
16,2,7836,completed,5954193
16,2,7837,completed,5955152
16,2,7838,completed,5955651
16,2,7839,completed,5956318
16,2,7840,completed,5956860
16,2,7841,completed,5993276
16,2,7842,completed,5981401
16,2,7843,completed,5992484
16,2,7844,completed,6004193
16,2,7845,completed,6016193
16,2,7846,completed,6026818
16,2,7847,completed,6037860
16,2,7848,completed,6049110
16,2,7849,completed,6059734
16,2,7850,completed,6070318
16,2,7851,completed,6081401
16,2,7852,completed,6091943
16,2,7853,completed,6102776
16,2,7854,completed,6113067
16,2,7855,completed,6124609
16,2,7856,completed,6135568
16,2,7857,completed,5783527
16,2,7858,completed,5777277
16,2,7859,completed,5769069
16,2,7860,completed,5760944
16,2,7861,completed,5753694
16,2,7862,completed,5746818
16,2,7863,completed,5738819
16,2,7864,completed,5731444
16,2,7865,completed,5724777
16,2,7866,completed,5717819
16,2,7867,completed,5710652
16,2,7868,completed,5703777
16,2,7869,completed,5697111
16,2,7870,completed,5690111
16,2,7871,completed,5682568
16,2,7872,completed,5675610
16,2,7873,completed,5997318
16,2,7874,completed,6001068
16,2,7875,completed,5999026
16,2,7876,completed,5997152
16,2,7877,completed,5994568
16,2,7878,completed,5993193
16,2,7879,completed,5991318
16,2,7880,completed,5989526
16,2,7881,completed,5987776
16,2,7882,completed,5985901
16,2,7883,completed,5983943
16,2,7884,completed,5981777
16,2,7885,completed,5979402
16,2,7886,completed,5977277
16,2,7887,completed,5975401
16,2,7888,completed,5973319
16,2,7889,completed,5873402
16,2,7890,completed,5873526
16,2,7891,completed,5874068
16,2,7892,completed,5874985
16,2,7893,completed,5875735
16,2,7894,completed,5876319
16,2,7895,completed,5877151
16,2,7896,completed,5877735
16,2,7897,completed,5878360
16,2,7898,completed,5878902
16,2,7899,completed,5879610
16,2,7900,completed,5880235
16,2,7901,completed,5880776
16,2,7902,completed,5881360
16,2,7903,completed,5881860
16,2,7904,completed,5882652
16,2,7905,completed,6242734
16,2,7906,completed,6251693
16,2,7907,completed,6253276
16,2,7908,completed,6255525
16,2,7909,completed,6257484
16,2,7910,completed,6259526
16,2,7911,completed,6261234
16,2,7912,completed,6263234
16,2,7913,completed,6264984
16,2,7914,completed,6266859
16,2,7915,completed,6268900
16,2,7916,completed,6270859
16,2,7917,completed,6272276
16,2,7918,completed,6273525
16,2,7919,completed,6275109
16,2,7920,completed,6276525
16,2,7921,completed,5945860
16,2,7922,completed,5963402
16,2,7923,completed,5966484
16,2,7924,completed,5967693
16,2,7925,completed,5968734
16,2,7926,completed,5969818
16,2,7927,completed,5971318
16,2,7928,completed,5972485
16,2,7929,completed,5973609
16,2,7930,completed,5974526
16,2,7931,completed,5975776
16,2,7932,completed,5976902
16,2,7933,completed,5977901
16,2,7934,completed,5978818
16,2,7935,completed,5979860
16,2,7936,completed,5980694
16,2,7937,completed,5959860
16,2,7938,completed,5939735
16,2,7939,completed,5950694
16,2,7940,completed,5961985
16,2,7941,completed,5972943
16,2,7942,completed,5983818
16,2,7943,completed,5994735
16,2,7944,completed,6004901
16,2,7945,completed,6015276
16,2,7946,completed,6025318
16,2,7947,completed,6035776
16,2,7948,completed,6046443
16,2,7949,completed,6056485
16,2,7950,completed,6066860
16,2,7951,completed,6077318
16,2,7952,completed,6087610
16,2,7953,completed,5840735
16,2,7954,completed,5830318
16,2,7955,completed,5819277
16,2,7956,completed,5808819
16,2,7957,completed,5798110
16,2,7958,completed,5787902
16,2,7959,completed,5777527
16,2,7960,completed,5767777
16,2,7961,completed,5757819
16,2,7962,completed,5747902
16,2,7963,completed,5737902
16,2,7964,completed,5727568
16,2,7965,completed,5717527
16,2,7966,completed,5707318
16,2,7967,completed,5697277
16,2,7968,completed,5687278
16,2,7969,completed,6080984
16,2,7970,completed,6084109
16,2,7971,completed,6085026
16,2,7972,completed,6086318
16,2,7973,completed,6087484
16,2,7974,completed,6088567
16,2,7975,completed,6089734
16,2,7976,completed,6090860
16,2,7977,completed,6091901
16,2,7978,completed,6093193
16,2,7979,completed,6094276
16,2,7980,completed,6095234
16,2,7981,completed,6096485
16,2,7982,completed,6109818
16,2,7983,completed,6110901
16,2,7984,completed,6112068
16,2,7985,completed,5570069
16,2,7986,completed,5572527
16,2,7987,completed,5573403
16,2,7988,completed,5574319
16,2,7989,completed,5575236
16,2,7990,completed,5575944
16,2,7991,completed,5576902
16,2,7992,completed,5577736
16,2,7993,completed,5578485
16,2,7994,completed,5579361
16,2,7995,completed,5580111
16,2,7996,completed,5580819
16,2,7997,completed,5581611
16,2,7998,completed,5582361
16,2,7999,completed,5583152
16,2,8000,completed,5583694
16,2,8001,completed,6341567
16,2,8002,completed,6350983
16,2,8003,completed,6358567
16,2,8004,completed,6365359
16,2,8005,completed,6383483
16,2,8006,completed,6390192
16,2,8007,completed,6396859
16,2,8008,completed,6403400
16,2,8009,completed,6409567
16,2,8010,completed,6416025
16,2,8011,completed,6422150
16,2,8012,completed,6427484
16,2,8013,completed,6433400
16,2,8014,completed,6439192
16,2,8015,completed,6445151
16,2,8016,completed,6451150
16,2,8017,completed,6000401
16,2,8018,completed,5995401
16,2,8019,completed,5989610
16,2,8020,completed,5972984
16,2,8021,completed,5966985
16,2,8022,completed,5961443
16,2,8023,completed,5955694
16,2,8024,completed,5949943
16,2,8025,completed,5944693
16,2,8026,completed,5939568
16,2,8027,completed,5934694
16,2,8028,completed,5939902
16,2,8029,completed,5935151
16,2,8030,completed,5930359
16,2,8031,completed,5925193
16,2,8032,completed,5920318
16,2,8033,completed,5991734
16,2,8034,completed,6000568
16,2,8035,completed,6001568
16,2,8036,completed,6003276
16,2,8037,completed,6005485
16,2,8038,completed,6006276
16,2,8039,completed,6007277
16,2,8040,completed,6008193
16,2,8041,completed,6009527
16,2,8042,completed,6010568
16,2,8043,completed,6012193
16,2,8044,completed,6013193
16,2,8045,completed,6014318
16,2,8046,completed,6015151
16,2,8047,completed,6016068
16,2,8048,completed,6017068
16,2,8049,completed,5946443
16,2,8050,completed,5945443
16,2,8051,completed,5945651
16,2,8052,completed,5945984
16,2,8053,completed,5946318
16,2,8054,completed,5947026
16,2,8055,completed,5947902
16,2,8056,completed,5948443
16,2,8057,completed,5949068
16,2,8058,completed,5949443
16,2,8059,completed,5949985
16,2,8060,completed,5950276
16,2,8061,completed,5950610
16,2,8062,completed,5951193
16,2,8063,completed,5951943
16,2,8064,completed,5952359
16,2,8065,completed,5948360
16,2,8066,completed,5949693
16,2,8067,completed,5950526
16,2,8068,completed,5951568
16,2,8069,completed,5952401
16,2,8070,completed,5953235
16,2,8071,completed,5953943
16,2,8072,completed,5954776
16,2,8073,completed,5955818
16,2,8074,completed,5965402
16,2,8075,completed,5966568
16,2,8076,completed,5967318
16,2,8077,completed,5968234
16,2,8078,completed,5969026
16,2,8079,completed,5970068
16,2,8080,completed,5970902
16,2,8081,completed,5961901
16,2,8082,completed,5963693
16,2,8083,completed,5963984
16,2,8084,completed,5964485
16,2,8085,completed,5965109
16,2,8086,completed,5965943
16,2,8087,completed,5966735
16,2,8088,completed,5967359
16,2,8089,completed,5977527
16,2,8090,completed,5978235
16,2,8091,completed,5978734
16,2,8092,completed,5979193
16,2,8093,completed,5979777
16,2,8094,completed,5980318
16,2,8095,completed,5980943
16,2,8096,completed,5981443
16,2,8097,completed,5954609
16,2,8098,completed,5955609
16,2,8099,completed,5955777
16,2,8100,completed,5956443
16,2,8101,completed,5956568
16,2,8102,completed,5956985
16,2,8103,completed,5957110
16,2,8104,completed,5957401
16,2,8105,completed,5957943
16,2,8106,completed,5958943
16,2,8107,completed,5959609
16,2,8108,completed,5960110
16,2,8109,completed,5960652
16,2,8110,completed,5961193
16,2,8111,completed,5961985
16,2,8112,completed,5962527
16,2,8113,completed,5997068
16,2,8114,completed,6000318
16,2,8115,completed,6000651
16,2,8116,completed,6001193
16,2,8117,completed,6001735
16,2,8118,completed,6002401
16,2,8119,completed,6002901
16,2,8120,completed,6003360
16,2,8121,completed,6004152
16,2,8122,completed,6004777
16,2,8123,completed,6005401
16,2,8124,completed,6005901
16,2,8125,completed,6006485
16,2,8126,completed,6007193
16,2,8127,completed,6007902
16,2,8128,completed,6008485
16,2,8129,completed,5984693
16,2,8130,completed,5989652
16,2,8131,completed,5991360
16,2,8132,completed,5993526
16,2,8133,completed,5995277
16,2,8134,completed,5997401
16,2,8135,completed,5998984
16,2,8136,completed,6001151
16,2,8137,completed,6002901
16,2,8138,completed,6005443
16,2,8139,completed,6007860
16,2,8140,completed,6009651
16,2,8141,completed,6011359
16,2,8142,completed,6013609
16,2,8143,completed,6015651
16,2,8144,completed,6017526
16,2,8145,completed,5904402
16,2,8146,completed,5905360
16,2,8147,completed,5905568
16,2,8148,completed,5905569
16,2,8149,completed,5905693
16,2,8150,completed,5905819
16,2,8151,completed,5906027
16,2,8152,completed,5905944
16,2,8153,completed,5906152
16,2,8154,completed,5906235
16,2,8155,completed,5906277
16,2,8156,completed,5906194
16,2,8157,completed,5906110
16,2,8158,completed,5906027
16,2,8159,completed,5906235
16,2,8160,completed,5906193
16,2,8161,completed,5995526
16,2,8162,completed,5997693
16,2,8163,completed,5999026
16,2,8164,completed,6000527
16,2,8165,completed,6002568
16,2,8166,completed,6016817
16,2,8167,completed,6018109
16,2,8168,completed,6019943
16,2,8169,completed,6021568
16,2,8170,completed,6023485
16,2,8171,completed,6025276
16,2,8172,completed,6020734
16,2,8173,completed,6022234
16,2,8174,completed,6023693
16,2,8175,completed,6025235
16,2,8176,completed,6027151
16,2,8177,completed,5926860
16,2,8178,completed,5928027
16,2,8179,completed,5928194
16,2,8180,completed,5928527
16,2,8181,completed,5928693
16,2,8182,completed,5929110
16,2,8183,completed,5929444
16,2,8184,completed,5929818
16,2,8185,completed,5930152
16,2,8186,completed,5930443
16,2,8187,completed,5930777
16,2,8188,completed,5931110
16,2,8189,completed,5931527
16,2,8190,completed,5931901
16,2,8191,completed,5932276
16,2,8192,completed,5932443
16,2,8193,completed,5968568
16,2,8194,completed,5961443
16,2,8195,completed,5962318
16,2,8196,completed,5963193
16,2,8197,completed,5964277
16,2,8198,completed,5965235
16,2,8199,completed,5966235
16,2,8200,completed,5967318
16,2,8201,completed,5968318
16,2,8202,completed,5969402
16,2,8203,completed,5970526
16,2,8204,completed,5971526
16,2,8205,completed,5972609
16,2,8206,completed,5973652
16,2,8207,completed,5974651
16,2,8208,completed,5975859
16,2,8209,completed,6053943
16,2,8210,completed,6051985
16,2,8211,completed,6052901
16,2,8212,completed,6054110
16,2,8213,completed,6055526
16,2,8214,completed,6056068
16,2,8215,completed,6056776
16,2,8216,completed,6058110
16,2,8217,completed,6059610
16,2,8218,completed,6060943
16,2,8219,completed,6061693
16,2,8220,completed,6062610
16,2,8221,completed,6063484
16,2,8222,completed,6064568
16,2,8223,completed,6065484
16,2,8224,completed,6066651
16,2,8225,completed,5912568
16,2,8226,completed,5915485
16,2,8227,completed,5916485
16,2,8228,completed,5917444
16,2,8229,completed,5918110
16,2,8230,completed,5918610
16,2,8231,completed,5919235
16,2,8232,completed,5919943
16,2,8233,completed,5920652
16,2,8234,completed,5921485
16,2,8235,completed,5922526
16,2,8236,completed,5923402
16,2,8237,completed,5923860
16,2,8238,completed,5924860
16,2,8239,completed,5925402
16,2,8240,completed,5926485
16,2,8241,completed,5936860
16,2,8242,completed,5939026
16,2,8243,completed,5940276
16,2,8244,completed,5941484
16,2,8245,completed,5942818
16,2,8246,completed,5944277
16,2,8247,completed,5945693
16,2,8248,completed,5959901
16,2,8249,completed,5961277
16,2,8250,completed,5962777
16,2,8251,completed,5964360
16,2,8252,completed,5965859
16,2,8253,completed,5967318
16,2,8254,completed,5968735
16,2,8255,completed,5970109
16,2,8256,completed,5971443
16,2,8257,completed,5947235
16,2,8258,completed,5949318
16,2,8259,completed,5950235
16,2,8260,completed,5951318
16,2,8261,completed,5952360
16,2,8262,completed,5953318
16,2,8263,completed,5967027
16,2,8264,completed,5968110
16,2,8265,completed,5969151
16,2,8266,completed,5970235
16,2,8267,completed,5971235
16,2,8268,completed,5972359
16,2,8269,completed,5973318
16,2,8270,completed,5974318
16,2,8271,completed,5975484
16,2,8272,completed,5976526
16,2,8273,completed,5975943
16,2,8274,completed,5995318
16,2,8275,completed,6007151
16,2,8276,completed,6019651
16,2,8277,completed,6030984
16,2,8278,completed,6042943
16,2,8279,completed,6054193
16,2,8280,completed,6066110
16,2,8281,completed,6076776
16,2,8282,completed,6087151
16,2,8283,completed,6097817
16,2,8284,completed,6107818
16,2,8285,completed,6119442
16,2,8286,completed,6129443
16,2,8287,completed,6139567
16,2,8288,completed,6150067
16,2,8289,completed,6001609
16,2,8290,completed,5993484
16,2,8291,completed,5981193
16,2,8292,completed,5970610
16,2,8293,completed,5960193
16,2,8294,completed,5949277
16,2,8295,completed,5937193
16,2,8296,completed,5927526
16,2,8297,completed,5917651
16,2,8298,completed,5907985
16,2,8299,completed,5898110
16,2,8300,completed,5887568
16,2,8301,completed,5877735
16,2,8302,completed,5867860
16,2,8303,completed,5858443
16,2,8304,completed,5848443
16,2,8305,completed,5890485
16,2,8306,completed,5901860
16,2,8307,completed,5903693
16,2,8308,completed,5905735
16,2,8309,completed,5907277
16,2,8310,completed,5908901
16,2,8311,completed,5910443
16,2,8312,completed,5912235
16,2,8313,completed,5914152
16,2,8314,completed,5915735
16,2,8315,completed,5917902
16,2,8316,completed,5919860
16,2,8317,completed,5939027
16,2,8318,completed,5940818
16,2,8319,completed,5942443
16,2,8320,completed,5944984
16,2,8321,completed,5954610
16,2,8322,completed,5967026
16,2,8323,completed,5967402
16,2,8324,completed,5967902
16,2,8325,completed,5968776
16,2,8326,completed,5969401
16,2,8327,completed,5969818
16,2,8328,completed,5970693
16,2,8329,completed,5971152
16,2,8330,completed,5971901
16,2,8331,completed,5973026
16,2,8332,completed,5974110
16,2,8333,completed,5974860
16,2,8334,completed,5975443
16,2,8335,completed,5975943
16,2,8336,completed,5976568
16,2,8337,completed,5942027
16,2,8338,completed,5944610
16,2,8339,completed,5945318
16,2,8340,completed,5955359
16,2,8341,completed,5955943
16,2,8342,completed,5956818
16,2,8343,completed,5957193
16,2,8344,completed,5957860
16,2,8345,completed,5958526
16,2,8346,completed,5959318
16,2,8347,completed,5960026
16,2,8348,completed,5961068
16,2,8349,completed,5961777
16,2,8350,completed,5962401
16,2,8351,completed,5962943
16,2,8352,completed,5963735
16,2,8353,completed,5974943
16,2,8354,completed,5977609
16,2,8355,completed,5978943
16,2,8356,completed,5980610
16,2,8357,completed,5981859
16,2,8358,completed,5983568
16,2,8359,completed,5984985
16,2,8360,completed,5986651
16,2,8361,completed,5988068
16,2,8362,completed,5989860
16,2,8363,completed,5991568
16,2,8364,completed,5993234
16,2,8365,completed,5994610
16,2,8366,completed,5996193
16,2,8367,completed,5997818
16,2,8368,completed,5999443
16,2,8369,completed,5930693
16,2,8370,completed,5932068
16,2,8371,completed,5932359
16,2,8372,completed,5932568
16,2,8373,completed,5932901
16,2,8374,completed,5933234
16,2,8375,completed,5933443
16,2,8376,completed,5933734
16,2,8377,completed,5934027
16,2,8378,completed,5934276
16,2,8379,completed,5944818
16,2,8380,completed,5945276
16,2,8381,completed,5945484
16,2,8382,completed,5945693
16,2,8383,completed,5945984
16,2,8384,completed,5946151
16,2,8385,completed,5576944
16,2,8386,completed,5578611
16,2,8387,completed,5579444
16,2,8388,completed,5580277
16,2,8389,completed,5581111
16,2,8390,completed,5581902
16,2,8391,completed,5582611
16,2,8392,completed,5583444
16,2,8393,completed,5584152
16,2,8394,completed,5585027
16,2,8395,completed,5585861
16,2,8396,completed,5586819
16,2,8397,completed,5587611
16,2,8398,completed,5588527
16,2,8399,completed,5589403
16,2,8400,completed,5590444
16,2,8401,completed,6391734
16,2,8402,completed,6407276
16,2,8403,completed,6415900
16,2,8404,completed,6423109
16,2,8405,completed,6430067
16,2,8406,completed,6437317
16,2,8407,completed,6444650
16,2,8408,completed,6450983
16,2,8409,completed,6457150
16,2,8410,completed,6463358
16,2,8411,completed,6469858
16,2,8412,completed,6476442
16,2,8413,completed,6482941
16,2,8414,completed,6489067
16,2,8415,completed,6495108
16,2,8416,completed,6501650
16,2,8417,completed,6431525
16,2,8418,completed,6435192
16,2,8419,completed,6430025
16,2,8420,completed,6424608
16,2,8421,completed,6419858
16,2,8422,completed,6414317
16,2,8423,completed,6409484
16,2,8424,completed,6405401
16,2,8425,completed,6400359
16,2,8426,completed,6396026
16,2,8427,completed,6391317
16,2,8428,completed,6416734
16,2,8429,completed,6413734
16,2,8430,completed,6420150
16,2,8431,completed,6415817
16,2,8432,completed,6411192
16,2,8433,completed,5489070
16,2,8434,completed,5479986
16,2,8435,completed,5479236
16,2,8436,completed,5478652
16,2,8437,completed,5478028
16,2,8438,completed,5477486
16,2,8439,completed,5476986
16,2,8440,completed,5476444
16,2,8441,completed,5475819
16,2,8442,completed,5475278
16,2,8443,completed,5472861
16,2,8444,completed,5472778
16,2,8445,completed,5451027
16,2,8446,completed,5450402
16,2,8447,completed,5449236
16,2,8448,completed,5449236
16,2,8449,completed,6007276
16,2,8450,completed,6015901
16,2,8451,completed,6017734
16,2,8452,completed,6019734
16,2,8453,completed,6021818
16,2,8454,completed,6024276
16,2,8455,completed,6026359
16,2,8456,completed,6027984
16,2,8457,completed,6029693
16,2,8458,completed,6031610
16,2,8459,completed,6033359
16,2,8460,completed,6035401
16,2,8461,completed,6037693
16,2,8462,completed,6039401
16,2,8463,completed,6040984
16,2,8464,completed,6077151
16,2,8465,completed,5973401
16,2,8466,completed,5968860
16,2,8467,completed,5968485
16,2,8468,completed,5968360
16,2,8469,completed,5968734
16,2,8470,completed,5968943
16,2,8471,completed,5968985
16,2,8472,completed,5969526
16,2,8473,completed,5969609
16,2,8474,completed,5969735
16,2,8475,completed,5969735
16,2,8476,completed,5970026
16,2,8477,completed,5970235
16,2,8478,completed,5968235
16,2,8479,completed,6009068
16,2,8480,completed,6017401
16,2,8481,completed,5999110
16,2,8482,completed,6005943
16,2,8483,completed,6006652
16,2,8484,completed,6008109
16,2,8485,completed,6009651
16,2,8486,completed,6011360
16,2,8487,completed,6012901
16,2,8488,completed,6013902
16,2,8489,completed,6014984
16,2,8490,completed,6016610
16,2,8491,completed,6017818
16,2,8492,completed,6019443
16,2,8493,completed,6021485
16,2,8494,completed,6022693
16,2,8495,completed,5973693
16,2,8496,completed,5973777
16,2,8497,completed,5477194
16,2,8498,completed,5473903
16,2,8499,completed,5474986
16,2,8500,completed,5476028
16,2,8501,completed,5477652
16,2,8502,completed,5479611
16,2,8503,completed,5481111
16,2,8504,completed,5483070
16,2,8505,completed,5484195
16,2,8506,completed,5485527
16,2,8507,completed,5486902
16,2,8508,completed,5488403
16,2,8509,completed,5490111
16,2,8510,completed,5540486
16,2,8511,completed,5557986
16,2,8512,completed,5558903
16,2,8513,completed,6332984
16,2,8514,completed,6334192
16,2,8515,completed,6334983
16,2,8516,completed,6335567
16,2,8517,completed,6336525
16,2,8518,completed,6337401
16,2,8519,completed,6338359
16,2,8520,completed,6338901
16,2,8521,completed,6339650
16,2,8522,completed,6340442
16,2,8523,completed,6341025
16,2,8524,completed,6341775
16,2,8525,completed,6342775
16,2,8526,completed,6275067
16,2,8527,completed,6273567
16,2,8528,completed,6308859
16,2,8529,completed,6097984
16,2,8530,completed,6098609
16,2,8531,completed,6098609
16,2,8532,completed,6098776
16,2,8533,completed,6099693
16,2,8534,completed,6100484
16,2,8535,completed,6101151
16,2,8536,completed,6101901
16,2,8537,completed,6102484
16,2,8538,completed,6103193
16,2,8539,completed,6103901
16,2,8540,completed,6105151
16,2,8541,completed,6106318
16,2,8542,completed,6106776
16,2,8543,completed,6105776
16,2,8544,completed,6160776
16,2,8545,completed,5859194
16,2,8546,completed,5856318
16,2,8547,completed,5856069
16,2,8548,completed,5856069
16,2,8549,completed,5856277
16,2,8550,completed,5856568
16,2,8551,completed,5857068
16,2,8552,completed,5856944
16,2,8553,completed,5881068
16,2,8554,completed,5888776
16,2,8555,completed,5888943
16,2,8556,completed,5889276
16,2,8557,completed,5889901
16,2,8558,completed,5889735
16,2,8559,completed,5903193
16,2,8560,completed,5847027
16,2,8561,completed,6043526
16,2,8562,completed,6046401
16,2,8563,completed,6047151
16,2,8564,completed,6047609
16,2,8565,completed,6048610
16,2,8566,completed,6049485
16,2,8567,completed,6050318
16,2,8568,completed,6051609
16,2,8569,completed,6030109
16,2,8570,completed,6030818
16,2,8571,completed,6023776
16,2,8572,completed,6024818
16,2,8573,completed,6025859
16,2,8574,completed,6052401
16,2,8575,completed,6047859
16,2,8576,completed,6042526
16,2,8577,completed,6040276
16,2,8578,completed,6046359
16,2,8579,completed,6047526
16,2,8580,completed,6048526
16,2,8581,completed,6050817
16,2,8582,completed,6052193
16,2,8583,completed,6053860
16,2,8584,completed,6054776
16,2,8585,completed,6055818
16,2,8586,completed,6057276
16,2,8587,completed,6058568
16,2,8588,completed,6059943
16,2,8589,completed,6061734
16,2,8590,completed,6046818
16,2,8591,completed,6046026
16,2,8592,completed,6047859
16,2,8593,completed,5807526
16,2,8594,completed,5803902
16,2,8595,completed,5804277
16,2,8596,completed,5804777
16,2,8597,completed,5806110
16,2,8598,completed,5807194
16,2,8599,completed,5808110
16,2,8600,completed,5809276
16,2,8601,completed,5809860
16,2,8602,completed,5810443
16,2,8603,completed,5811027
16,2,8604,completed,5812069
16,2,8605,completed,5813068
16,2,8606,completed,5813360
16,2,8607,completed,5840943
16,2,8608,completed,5852694
16,2,8609,completed,5928402
16,2,8610,completed,5928985
16,2,8611,completed,5929193
16,2,8612,completed,5929651
16,2,8613,completed,5930235
16,2,8614,completed,5931068
16,2,8615,completed,5931860
16,2,8616,completed,5932401
16,2,8617,completed,5932984
16,2,8618,completed,5933693
16,2,8619,completed,5934235
16,2,8620,completed,5934943
16,2,8621,completed,5935735
16,2,8622,completed,5936235
16,2,8623,completed,5904485
16,2,8624,completed,5897151
16,2,8625,completed,5969443
16,2,8626,completed,5979984
16,2,8627,completed,5978610
16,2,8628,completed,5979110
16,2,8629,completed,5979485
16,2,8630,completed,5980735
16,2,8631,completed,5981693
16,2,8632,completed,5983068
16,2,8633,completed,5975360
16,2,8634,completed,5976068
16,2,8635,completed,5976735
16,2,8636,completed,5977818
16,2,8637,completed,5978818
16,2,8638,completed,5979360
16,2,8639,completed,5979943
16,2,8640,completed,5980526
16,2,8641,completed,5933193
16,2,8642,completed,5928026
16,2,8643,completed,5928110
16,2,8644,completed,5928068
16,2,8645,completed,5928818
16,2,8646,completed,5929526
16,2,8647,completed,5929985
16,2,8648,completed,5930193
16,2,8649,completed,5930485
16,2,8650,completed,5930818
16,2,8651,completed,5931026
16,2,8652,completed,5931318
16,2,8653,completed,5931735
16,2,8654,completed,5931943
16,2,8655,completed,5958152
16,2,8656,completed,5967318
16,2,8657,completed,5995026
16,2,8658,completed,6003985
16,2,8659,completed,6005235
16,2,8660,completed,6006734
16,2,8661,completed,6008526
16,2,8662,completed,6010651
16,2,8663,completed,6011985
16,2,8664,completed,6013735
16,2,8665,completed,6015235
16,2,8666,completed,6016485
16,2,8667,completed,6017693
16,2,8668,completed,6019360
16,2,8669,completed,6021193
16,2,8670,completed,6023068
16,2,8671,completed,6034317
16,2,8672,completed,6037651
16,2,8673,completed,5912651
16,2,8674,completed,5904277
16,2,8675,completed,5903693
16,2,8676,completed,5902860
16,2,8677,completed,5903318
16,2,8678,completed,5902819
16,2,8679,completed,5902818
16,2,8680,completed,5902110
16,2,8681,completed,5901693
16,2,8682,completed,5901735
16,2,8683,completed,5901401
16,2,8684,completed,5902027
16,2,8685,completed,5902193
16,2,8686,completed,5900360
16,2,8687,completed,5900527
16,2,8688,completed,5901402
16,2,8689,completed,6035777
16,2,8690,completed,6040234
16,2,8691,completed,6041526
16,2,8692,completed,6042734
16,2,8693,completed,6044068
16,2,8694,completed,6045610
16,2,8695,completed,6047068
16,2,8696,completed,6049443
16,2,8697,completed,6050776
16,2,8698,completed,6052235
16,2,8699,completed,6053693
16,2,8700,completed,6055359
16,2,8701,completed,6057234
16,2,8702,completed,6058484
16,2,8703,completed,6092942
16,2,8704,completed,6087609
16,2,8705,completed,5923944
16,2,8706,completed,5920652
16,2,8707,completed,5920068
16,2,8708,completed,5919985
16,2,8709,completed,5919610
16,2,8710,completed,5919527
16,2,8711,completed,5919485
16,2,8712,completed,5919319
16,2,8713,completed,5919068
16,2,8714,completed,5918944
16,2,8715,completed,5918735
16,2,8716,completed,5918819
16,2,8717,completed,5918735
16,2,8718,completed,5918777
16,2,8719,completed,5917152
16,2,8720,completed,5917485
16,2,8721,completed,6011109
16,2,8722,completed,6020527
16,2,8723,completed,6021568
16,2,8724,completed,6022152
16,2,8725,completed,6023443
16,2,8726,completed,6024568
16,2,8727,completed,6025276
16,2,8728,completed,6026359
16,2,8729,completed,6026985
16,2,8730,completed,6027735
16,2,8731,completed,6028359
16,2,8732,completed,6056360
16,2,8733,completed,6065318
16,2,8734,completed,6066068
16,2,8735,completed,6066693
16,2,8736,completed,6032818
16,2,8737,completed,5893860
16,2,8738,completed,5895610
16,2,8739,completed,5896068
16,2,8740,completed,5896443
16,2,8741,completed,5897235
16,2,8742,completed,5897985
16,2,8743,completed,5898776
16,2,8744,completed,5899235
16,2,8745,completed,5900027
16,2,8746,completed,5900735
16,2,8747,completed,5901277
16,2,8748,completed,5865318
16,2,8749,completed,5864443
16,2,8750,completed,5865110
16,2,8751,completed,5892734
16,2,8752,completed,5903318
16,2,8753,completed,6086026
16,2,8754,completed,6091193
16,2,8755,completed,6092527
16,2,8756,completed,6093651
16,2,8757,completed,6095402
16,2,8758,completed,6096902
16,2,8759,completed,6098235
16,2,8760,completed,6099860
16,2,8761,completed,6100985
16,2,8762,completed,6102151
16,2,8763,completed,6103276
16,2,8764,completed,6104568
16,2,8765,completed,6106026
16,2,8766,completed,6106901
16,2,8767,completed,6090776
16,2,8768,completed,6128484
16,2,8769,completed,5823194
16,2,8770,completed,5819652
16,2,8771,completed,5819735
16,2,8772,completed,5819694
16,2,8773,completed,5820360
16,2,8774,completed,5820776
16,2,8775,completed,5820943
16,2,8776,completed,5821026
16,2,8777,completed,5821110
16,2,8778,completed,5821318
16,2,8779,completed,5821360
16,2,8780,completed,5821943
16,2,8781,completed,5822110
16,2,8782,completed,5822152
16,2,8783,completed,5822193
16,2,8784,completed,5790402
16,2,8785,completed,5964402
16,2,8786,completed,5960318
16,2,8787,completed,5960651
16,2,8788,completed,5961068
16,2,8789,completed,5961693
16,2,8790,completed,5962693
16,2,8791,completed,5963318
16,2,8792,completed,5964276
16,2,8793,completed,5964943
16,2,8794,completed,5965568
16,2,8795,completed,5966235
16,2,8796,completed,5967026
16,2,8797,completed,5967818
16,2,8798,completed,5968402
16,2,8799,completed,5969026
16,2,8800,completed,6018318
16,2,8801,completed,5985443
16,2,8802,completed,5983860
16,2,8803,completed,5983318
16,2,8804,completed,5982568
16,2,8805,completed,5982693
16,2,8806,completed,5982359
16,2,8807,completed,5982485
16,2,8808,completed,5982193
16,2,8809,completed,5981901
16,2,8810,completed,5981859
16,2,8811,completed,5981568
16,2,8812,completed,5981735
16,2,8813,completed,5981693
16,2,8814,completed,5981402
16,2,8815,completed,6014318
16,2,8816,completed,5978318
16,2,8817,completed,5945610
16,2,8818,completed,5947485
16,2,8819,completed,5948068
16,2,8820,completed,5948568
16,2,8821,completed,5949609
16,2,8822,completed,5950360
16,2,8823,completed,5951401
16,2,8824,completed,5953026
16,2,8825,completed,5953818
16,2,8826,completed,5954568
16,2,8827,completed,5955402
16,2,8828,completed,5956526
16,2,8829,completed,5987318
16,2,8830,completed,6000735
16,2,8831,completed,5966360
16,2,8832,completed,5961027
16,2,8833,completed,5975777
16,2,8834,completed,5980693
16,2,8835,completed,5981568
16,2,8836,completed,5982318
16,2,8837,completed,5983693
16,2,8838,completed,5984568
16,2,8839,completed,5985818
16,2,8840,completed,5986318
16,2,8841,completed,5987276
16,2,8842,completed,5988276
16,2,8843,completed,5988943
16,2,8844,completed,5989943
16,2,8845,completed,5951693
16,2,8846,completed,5981985
16,2,8847,completed,5992776
16,2,8848,completed,5993318
16,2,8849,completed,5947152
16,2,8850,completed,5942277
16,2,8851,completed,5942443
16,2,8852,completed,5942485
16,2,8853,completed,5942901
16,2,8854,completed,5943609
16,2,8855,completed,5944027
16,2,8856,completed,5944985
16,2,8857,completed,5945276
16,2,8858,completed,5945651
16,2,8859,completed,5945860
16,2,8860,completed,5946568
16,2,8861,completed,5947110
16,2,8862,completed,5906985
16,2,8863,completed,5921026
16,2,8864,completed,5928235
16,2,8865,completed,6038734
16,2,8866,completed,6038651
16,2,8867,completed,6039026
16,2,8868,completed,6039526
16,2,8869,completed,6040776
16,2,8870,completed,6041693
16,2,8871,completed,6042442
16,2,8872,completed,6043109
16,2,8873,completed,6043817
16,2,8874,completed,6044735
16,2,8875,completed,6045401
16,2,8876,completed,6046192
16,2,8877,completed,6047026
16,2,8878,completed,6047651
16,2,8879,completed,6029484
16,2,8880,completed,6022526
16,2,8881,completed,6002360
16,2,8882,completed,6005026
16,2,8883,completed,6006193
16,2,8884,completed,6007443
16,2,8885,completed,6008901
16,2,8886,completed,6010401
16,2,8887,completed,6011860
16,2,8888,completed,6013651
16,2,8889,completed,6015151
16,2,8890,completed,6016818
16,2,8891,completed,6018277
16,2,8892,completed,6019901
16,2,8893,completed,6021568
16,2,8894,completed,6022984
16,2,8895,completed,6058776
16,2,8896,completed,6062318
16,2,8897,completed,6007610
16,2,8898,completed,6008818
16,2,8899,completed,6009401
16,2,8900,completed,6009943
16,2,8901,completed,6011068
16,2,8902,completed,6012068
16,2,8903,completed,6013276
16,2,8904,completed,6013943
16,2,8905,completed,6014776
16,2,8906,completed,6015651
16,2,8907,completed,6016360
16,2,8908,completed,6017276
16,2,8909,completed,6018276
16,2,8910,completed,6019026
16,2,8911,completed,6016985
16,2,8912,completed,6057860
16,2,8913,completed,5852777
16,2,8914,completed,5853568
16,2,8915,completed,5853569
16,2,8916,completed,5853776
16,2,8917,completed,5854527
16,2,8918,completed,5855235
16,2,8919,completed,5855568
16,2,8920,completed,5856693
16,2,8921,completed,5857235
16,2,8922,completed,5857485
16,2,8923,completed,5857610
16,2,8924,completed,5858193
16,2,8925,completed,5858944
16,2,8926,completed,5858860
16,2,8927,completed,5858776
16,2,8928,completed,5783860
16,2,8929,completed,5977734
16,2,8930,completed,5977193
16,2,8931,completed,5977609
16,2,8932,completed,5978484
16,2,8933,completed,5979402
16,2,8934,completed,5980152
16,2,8935,completed,5981527
16,2,8936,completed,5981818
16,2,8937,completed,5982568
16,2,8938,completed,5983568
16,2,8939,completed,5984068
16,2,8940,completed,5985068
16,2,8941,completed,6010443
16,2,8942,completed,6019151
16,2,8943,completed,6019526
16,2,8944,completed,6020151
16,2,8945,completed,6015901
16,2,8946,completed,6025193
16,2,8947,completed,6026942
16,2,8948,completed,6028193
16,2,8949,completed,6029693
16,2,8950,completed,6031693
16,2,8951,completed,6033026
16,2,8952,completed,6034860
16,2,8953,completed,6035984
16,2,8954,completed,6037235
16,2,8955,completed,6038526
16,2,8956,completed,6040026
16,2,8957,completed,6021943
16,2,8958,completed,6022693
16,2,8959,completed,6024318
16,2,8960,completed,6020776
16,2,8961,completed,5853360
16,2,8962,completed,5853902
16,2,8963,completed,5855402
16,2,8964,completed,5848652
16,2,8965,completed,5849818
16,2,8966,completed,5851027
16,2,8967,completed,5852193
16,2,8968,completed,5853401
16,2,8969,completed,5854819
16,2,8970,completed,5856527
16,2,8971,completed,5857860
16,2,8972,completed,5859443
16,2,8973,completed,5860860
16,2,8974,completed,5862194
16,2,8975,completed,5863360
16,2,8976,completed,5864652
16,2,8977,completed,5878151
16,2,8978,completed,5874693
16,2,8979,completed,5874693
16,2,8980,completed,5874610
16,2,8981,completed,5875318
16,2,8982,completed,5875985
16,2,8983,completed,5876069
16,2,8984,completed,5877068
16,2,8985,completed,5877444
16,2,8986,completed,5877610
16,2,8987,completed,5877819
16,2,8988,completed,5878277
16,2,8989,completed,5895235
16,2,8990,completed,5900402
16,2,8991,completed,5900360
16,2,8992,completed,5900068
16,2,8993,completed,6019110
16,2,8994,completed,6026484
16,2,8995,completed,6028068
16,2,8996,completed,6029318
16,2,8997,completed,6031359
16,2,8998,completed,6032985
16,2,8999,completed,6034984
16,2,9000,completed,6036402
16,2,9001,completed,6038193
16,2,9002,completed,6040110
16,2,9003,completed,6041693
16,2,9004,completed,6043693
16,2,9005,completed,6031693
16,2,9006,completed,6028776
16,2,9007,completed,6062734
16,2,9008,completed,6066026
16,2,9009,completed,5946401
16,2,9010,completed,5943276
16,2,9011,completed,5943818
16,2,9012,completed,5944360
16,2,9013,completed,5945193
16,2,9014,completed,5946068
16,2,9015,completed,5946859
16,2,9016,completed,5947652
16,2,9017,completed,5948235
16,2,9018,completed,5948860
16,2,9019,completed,5949443
16,2,9020,completed,5950235
16,2,9021,completed,5951151
16,2,9022,completed,5949860
16,2,9023,completed,5950860
16,2,9024,completed,5921110
16,2,9025,completed,5923026
16,2,9026,completed,5919360
16,2,9027,completed,5919818
16,2,9028,completed,5920068
16,2,9029,completed,5920693
16,2,9030,completed,5921193
16,2,9031,completed,5921527
16,2,9032,completed,5921693
16,2,9033,completed,5921901
16,2,9034,completed,5922360
16,2,9035,completed,5922527
16,2,9036,completed,5923068
16,2,9037,completed,5923443
16,2,9038,completed,5923610
16,2,9039,completed,5923735
16,2,9040,completed,5950360
16,2,9041,completed,6006651
16,2,9042,completed,6013402
16,2,9043,completed,6014693
16,2,9044,completed,6015943
16,2,9045,completed,6017568
16,2,9046,completed,6019235
16,2,9047,completed,6020652
16,2,9048,completed,6022651
16,2,9049,completed,6023943
16,2,9050,completed,6025234
16,2,9051,completed,6026609
16,2,9052,completed,6028193
16,2,9053,completed,6029901
16,2,9054,completed,6031110
16,2,9055,completed,6032443
16,2,9056,completed,6054401
16,2,9057,completed,5972235
16,2,9058,completed,5969818
16,2,9059,completed,5969235
16,2,9060,completed,5968818
16,2,9061,completed,5969068
16,2,9062,completed,5968568
16,2,9063,completed,5968776
16,2,9064,completed,5968151
16,2,9065,completed,5967651
16,2,9066,completed,5967527
16,2,9067,completed,5967151
16,2,9068,completed,5967026
16,2,9069,completed,5967443
16,2,9070,completed,5991651
16,2,9071,completed,5997568
16,2,9072,completed,5940610
16,2,9073,completed,6003610
16,2,9074,completed,6003693
16,2,9075,completed,6004610
16,2,9076,completed,6005568
16,2,9077,completed,6006610
16,2,9078,completed,6008151
16,2,9079,completed,6009401
16,2,9080,completed,6010818
16,2,9081,completed,6011735
16,2,9082,completed,6012735
16,2,9083,completed,6013651
16,2,9084,completed,6014818
16,2,9085,completed,6063651
16,2,9086,completed,6051442
16,2,9087,completed,6047609
16,2,9088,completed,6047776
16,2,9089,completed,5913443
16,2,9090,completed,5910902
16,2,9091,completed,5911068
16,2,9092,completed,5911526
16,2,9093,completed,5912277
16,2,9094,completed,5912985
16,2,9095,completed,5913651
16,2,9096,completed,5913943
16,2,9097,completed,5914443
16,2,9098,completed,5915027
16,2,9099,completed,5915485
16,2,9100,completed,5916276
16,2,9101,completed,5860318
16,2,9102,completed,5873444
16,2,9103,completed,5879610
16,2,9104,completed,5879568
16,2,9105,completed,5746819
16,2,9106,completed,5755360
16,2,9107,completed,5757027
16,2,9108,completed,5758277
16,2,9109,completed,5759944
16,2,9110,completed,5761861
16,2,9111,completed,5763569
16,2,9112,completed,5765652
16,2,9113,completed,5767360
16,2,9114,completed,5768943
16,2,9115,completed,5770277
16,2,9116,completed,5772318
16,2,9117,completed,5774110
16,2,9118,completed,5759069
16,2,9119,completed,5753819
16,2,9120,completed,5755277
16,2,9121,completed,6159900
16,2,9122,completed,6155817
16,2,9123,completed,6155984
16,2,9124,completed,6156525
16,2,9125,completed,6157734
16,2,9126,completed,6158609
16,2,9127,completed,6159776
16,2,9128,completed,6160484
16,2,9129,completed,6161109
16,2,9130,completed,6161942
16,2,9131,completed,6162818
16,2,9132,completed,6163984
16,2,9133,completed,6165026
16,2,9134,completed,6165651
16,2,9135,completed,6213026
16,2,9136,completed,6233401
16,2,9137,completed,5942651
16,2,9138,completed,5936943
16,2,9139,completed,5936443
16,2,9140,completed,5935943
16,2,9141,completed,5935818
16,2,9142,completed,5935485
16,2,9143,completed,5935193
16,2,9144,completed,5935359
16,2,9145,completed,5935359
16,2,9146,completed,5935277
16,2,9147,completed,5935235
16,2,9148,completed,5935360
16,2,9149,completed,5935610
16,2,9150,completed,5935485
16,2,9151,completed,5902110
16,2,9152,completed,5896068
16,2,9153,completed,5972401
16,2,9154,completed,5974277
16,2,9155,completed,5974901
16,2,9156,completed,5975610
16,2,9157,completed,5976484
16,2,9158,completed,5977276
16,2,9159,completed,5978318
16,2,9160,completed,5978818
16,2,9161,completed,5979401
16,2,9162,completed,5980277
16,2,9163,completed,5980901
16,2,9164,completed,5981818
16,2,9165,completed,5982860
16,2,9166,completed,5982651
16,2,9167,completed,5983360
16,2,9168,completed,5953235
16,2,9169,completed,5942652
16,2,9170,completed,5938443
16,2,9171,completed,5938526
16,2,9172,completed,5938401
16,2,9173,completed,5938901
16,2,9174,completed,5939110
16,2,9175,completed,5939360
16,2,9176,completed,5939943
16,2,9177,completed,5939901
16,2,9178,completed,5940151
16,2,9179,completed,5940276
16,2,9180,completed,5940527
16,2,9181,completed,5940735
16,2,9182,completed,5940734
16,2,9183,completed,5940777
16,2,9184,completed,5955193
16,2,9185,completed,6031109
16,2,9186,completed,6035943
16,2,9187,completed,6036568
16,2,9188,completed,6037359
16,2,9189,completed,6038443
16,2,9190,completed,6039776
16,2,9191,completed,6040776
16,2,9192,completed,6041359
16,2,9193,completed,6042318
16,2,9194,completed,6043318
16,2,9195,completed,6044318
16,2,9196,completed,6045568
16,2,9197,completed,6073818
16,2,9198,completed,6082776
16,2,9199,completed,6083693
16,2,9200,completed,6084401
16,2,9201,completed,5957235
16,2,9202,completed,5957234
16,2,9203,completed,5957943
16,2,9204,completed,5958401
16,2,9205,completed,5958943
16,2,9206,completed,5960068
16,2,9207,completed,5960818
16,2,9208,completed,5962110
16,2,9209,completed,5962651
16,2,9210,completed,5963443
16,2,9211,completed,5964026
16,2,9212,completed,5965068
16,2,9213,completed,5935818
16,2,9214,completed,5930235
16,2,9215,completed,5963193
16,2,9216,completed,5972193
16,2,9217,completed,5945859
16,2,9218,completed,5944818
16,2,9219,completed,5945110
16,2,9220,completed,5945484
16,2,9221,completed,5945860
16,2,9222,completed,5946526
16,2,9223,completed,5947110
16,2,9224,completed,5947401
16,2,9225,completed,5947776
16,2,9226,completed,5948277
16,2,9227,completed,5948568
16,2,9228,completed,5949443
16,2,9229,completed,5949818
16,2,9230,completed,5950068
16,2,9231,completed,5947610
16,2,9232,completed,5946735
16,2,9233,completed,6052193
16,2,9234,completed,6057984
16,2,9235,completed,6058860
16,2,9236,completed,6059734
16,2,9237,completed,6061151
16,2,9238,completed,6063110
16,2,9239,completed,6063901
16,2,9240,completed,6065067
16,2,9241,completed,6065901
16,2,9242,completed,6066484
16,2,9243,completed,6067067
16,2,9244,completed,6067985
16,2,9245,completed,6069151
16,2,9246,completed,6069401
16,2,9247,completed,6065235
16,2,9248,completed,6067068
16,2,9249,completed,5951901
16,2,9250,completed,5951901
16,2,9251,completed,5952693
16,2,9252,completed,5953693
16,2,9253,completed,5955027
16,2,9254,completed,5956276
16,2,9255,completed,5957818
16,2,9256,completed,5958193
16,2,9257,completed,5958943
16,2,9258,completed,5960151
16,2,9259,completed,5960985
16,2,9260,completed,5962068
16,2,9261,completed,5963484
16,2,9262,completed,5964276
16,2,9263,completed,5935234
16,2,9264,completed,5934985
16,2,9265,completed,5938901
16,2,9266,completed,5939776
16,2,9267,completed,5940401
16,2,9268,completed,5940818
16,2,9269,completed,5941652
16,2,9270,completed,5942651
16,2,9271,completed,5943485
16,2,9272,completed,5944776
16,2,9273,completed,5945693
16,2,9274,completed,5946443
16,2,9275,completed,5947068
16,2,9276,completed,5948152
16,2,9277,completed,5949484
16,2,9278,completed,5949985
16,2,9279,completed,5950484
16,2,9280,completed,5977901
16,2,9281,completed,5621777
16,2,9282,completed,5627236
16,2,9283,completed,5628027
16,2,9284,completed,5628819
16,2,9285,completed,5630194
16,2,9286,completed,5631277
16,2,9287,completed,5632277
16,2,9288,completed,5632486
16,2,9289,completed,5633153
16,2,9290,completed,5658402
16,2,9291,completed,5664819
16,2,9292,completed,5665860
16,2,9293,completed,5667235
16,2,9294,completed,5667819
16,2,9295,completed,5668111
16,2,9296,completed,5649361
16,2,9297,completed,6266650
16,2,9298,completed,6263359
16,2,9299,completed,6263859
16,2,9300,completed,6264067
16,2,9301,completed,6265150
16,2,9302,completed,6266109
16,2,9303,completed,6266942
16,2,9304,completed,6268276
16,2,9305,completed,6268734
16,2,9306,completed,6250109
16,2,9307,completed,6250651
16,2,9308,completed,6251609
16,2,9309,completed,6251901
16,2,9310,completed,6252984
16,2,9311,completed,6257984
16,2,9312,completed,6259151
16,2,9313,completed,5978401
16,2,9314,completed,5982943
16,2,9315,completed,5983777
16,2,9316,completed,5984985
16,2,9317,completed,5986235
16,2,9318,completed,5987859
16,2,9319,completed,5988985
16,2,9320,completed,5989859
16,2,9321,completed,5990859
16,2,9322,completed,5991985
16,2,9323,completed,5992985
16,2,9324,completed,5994110
16,2,9325,completed,5995276
16,2,9326,completed,5995901
16,2,9327,completed,6024443
16,2,9328,completed,6032651
16,2,9329,completed,5844860
16,2,9330,completed,5843860
16,2,9331,completed,5843943
16,2,9332,completed,5843985
16,2,9333,completed,5845152
16,2,9334,completed,5845902
16,2,9335,completed,5846402
16,2,9336,completed,5847610
16,2,9337,completed,5848152
16,2,9338,completed,5848651
16,2,9339,completed,5849027
16,2,9340,completed,5850026
16,2,9341,completed,5850610
16,2,9342,completed,5874819
16,2,9343,completed,5855235
16,2,9344,completed,5849569
16,2,9345,completed,6068401
16,2,9346,completed,6069568
16,2,9347,completed,6070318
16,2,9348,completed,6071109
16,2,9349,completed,6072276
16,2,9350,completed,6073401
16,2,9351,completed,6074442
16,2,9352,completed,6075151
16,2,9353,completed,6075735
16,2,9354,completed,6076693
16,2,9355,completed,6077567
16,2,9356,completed,6078609
16,2,9357,completed,6079735
16,2,9358,completed,6053985
16,2,9359,completed,6049526
16,2,9360,completed,6049901
16,2,9361,completed,5950818
16,2,9362,completed,5949610
16,2,9363,completed,5950026
16,2,9364,completed,5950443
16,2,9365,completed,5951402
16,2,9366,completed,5952443
16,2,9367,completed,5953193
16,2,9368,completed,5954193
16,2,9369,completed,5954943
16,2,9370,completed,5955777
16,2,9371,completed,5956527
16,2,9372,completed,5957485
16,2,9373,completed,5958360
16,2,9374,completed,5988318
16,2,9375,completed,5993277
16,2,9376,completed,5993943
16,2,9377,completed,6040527
16,2,9378,completed,6048484
16,2,9379,completed,6050276
16,2,9380,completed,6051901
16,2,9381,completed,6053943
16,2,9382,completed,6055692
16,2,9383,completed,6057943
16,2,9384,completed,6059610
16,2,9385,completed,6061443
16,2,9386,completed,6063567
16,2,9387,completed,6065526
16,2,9388,completed,6067818
16,2,9389,completed,6069026
16,2,9390,completed,6038651
16,2,9391,completed,6033568
16,2,9392,completed,6054984
16,2,9393,completed,5928401
16,2,9394,completed,5927943
16,2,9395,completed,5928401
16,2,9396,completed,5928527
16,2,9397,completed,5929235
16,2,9398,completed,5929777
16,2,9399,completed,5930152
16,2,9400,completed,5931026
16,2,9401,completed,5931443
16,2,9402,completed,5931735
16,2,9403,completed,5932069
16,2,9404,completed,5932610
16,2,9405,completed,5933152
16,2,9406,completed,5933360
16,2,9407,completed,5932776
16,2,9408,completed,5951443
16,2,9409,completed,6014026
16,2,9410,completed,6026068
16,2,9411,completed,6027860
16,2,9412,completed,6029610
16,2,9413,completed,6031609
16,2,9414,completed,6033818
16,2,9415,completed,6035818
16,2,9416,completed,6037110
16,2,9417,completed,6038901
16,2,9418,completed,6040818
16,2,9419,completed,6042235
16,2,9420,completed,6044318
16,2,9421,completed,6046568
16,2,9422,completed,6047985
16,2,9423,completed,6048401
16,2,9424,completed,6050235
16,2,9425,completed,5888152
16,2,9426,completed,5878235
16,2,9427,completed,5878402
16,2,9428,completed,5878318
16,2,9429,completed,5878985
16,2,9430,completed,5879734
16,2,9431,completed,5880026
16,2,9432,completed,5880943
16,2,9433,completed,5881151
16,2,9434,completed,5881526
16,2,9435,completed,5881902
16,2,9436,completed,5882485
16,2,9437,completed,5903068
16,2,9438,completed,5907443
16,2,9439,completed,5907860
16,2,9440,completed,5907776
16,2,9441,completed,5975360
16,2,9442,completed,5976401
16,2,9443,completed,5976568
16,2,9444,completed,5976859
16,2,9445,completed,5977568
16,2,9446,completed,5977943
16,2,9447,completed,5978610
16,2,9448,completed,5978984
16,2,9449,completed,5979652
16,2,9450,completed,5980443
16,2,9451,completed,5985902
16,2,9452,completed,5986277
16,2,9453,completed,5997527
16,2,9454,completed,6003985
16,2,9455,completed,6004777
16,2,9456,completed,6005693
16,2,9457,completed,5719860
16,2,9458,completed,5722985
16,2,9459,completed,5723443
16,2,9460,completed,5724152
16,2,9461,completed,5725235
16,2,9462,completed,5726194
16,2,9463,completed,5726610
16,2,9464,completed,5727569
16,2,9465,completed,5727943
16,2,9466,completed,5728361
16,2,9467,completed,5728652
16,2,9468,completed,5729361
16,2,9469,completed,5712861
16,2,9470,completed,5737527
16,2,9471,completed,5744236
16,2,9472,completed,5744027
16,2,9473,completed,6278651
16,2,9474,completed,6278817
16,2,9475,completed,6279276
16,2,9476,completed,6279651
16,2,9477,completed,6280609
16,2,9478,completed,6281567
16,2,9479,completed,6282568
16,2,9480,completed,6282984
16,2,9481,completed,6283443
16,2,9482,completed,6283984
16,2,9483,completed,6284567
16,2,9484,completed,6285442
16,2,9485,completed,6286234
16,2,9486,completed,6261192
16,2,9487,completed,6254067
16,2,9488,completed,6273942
16,2,9489,completed,5969943
16,2,9490,completed,5968610
16,2,9491,completed,5968902
16,2,9492,completed,5968901
16,2,9493,completed,5969652
16,2,9494,completed,5970068
16,2,9495,completed,5970569
16,2,9496,completed,5971235
16,2,9497,completed,5971568
16,2,9498,completed,5971777
16,2,9499,completed,5972152
16,2,9500,completed,5972693
16,2,9501,completed,5973318
16,2,9502,completed,5973485
16,2,9503,completed,5973777
16,2,9504,completed,5973527
16,2,9505,completed,6325276
16,2,9506,completed,6325984
16,2,9507,completed,6327317
16,2,9508,completed,6328526
16,2,9509,completed,6330067
16,2,9510,completed,6331109
16,2,9511,completed,6332359
16,2,9512,completed,6332942
16,2,9513,completed,6334150
16,2,9514,completed,6335401
16,2,9515,completed,6336484
16,2,9516,completed,6337984
16,2,9517,completed,6339443
16,2,9518,completed,6340400
16,2,9519,completed,6341568
16,2,9520,completed,6364859
16,2,9521,completed,5610735
16,2,9522,completed,5617361
16,2,9523,completed,5618818
16,2,9524,completed,5620069
16,2,9525,completed,5621943
16,2,9526,completed,5623610
16,2,9527,completed,5625402
16,2,9528,completed,5627485
16,2,9529,completed,5624902
16,2,9530,completed,5626277
16,2,9531,completed,5627528
16,2,9532,completed,5629027
16,2,9533,completed,5630486
16,2,9534,completed,5631278
16,2,9535,completed,5632402
16,2,9536,completed,5667027
16,2,9537,completed,5898860
16,2,9538,completed,5888651
16,2,9539,completed,5888110
16,2,9540,completed,5887277
16,2,9541,completed,5887151
16,2,9542,completed,5886860
16,2,9543,completed,5886610
16,2,9544,completed,5886693
16,2,9545,completed,5887194
16,2,9546,completed,5887776
16,2,9547,completed,5888193
16,2,9548,completed,5888818
16,2,9549,completed,5889485
16,2,9550,completed,5889776
16,2,9551,completed,5890110
16,2,9552,completed,5904110
16,2,9553,completed,6008567
16,2,9554,completed,6015693
16,2,9555,completed,6017442
16,2,9556,completed,6018942
16,2,9557,completed,6020901
16,2,9558,completed,6023109
16,2,9559,completed,6024776
16,2,9560,completed,6026985
16,2,9561,completed,6028817
16,2,9562,completed,6030317
16,2,9563,completed,6031734
16,2,9564,completed,6033485
16,2,9565,completed,6035317
16,2,9566,completed,6036526
16,2,9567,completed,6073109
16,2,9568,completed,6059651
16,2,9569,completed,5909444
16,2,9570,completed,5904443
16,2,9571,completed,5903902
16,2,9572,completed,5903360
16,2,9573,completed,5903110
16,2,9574,completed,5902652
16,2,9575,completed,5902818
16,2,9576,completed,5902485
16,2,9577,completed,5902152
16,2,9578,completed,5901902
16,2,9579,completed,5901568
16,2,9580,completed,5901610
16,2,9581,completed,5901610
16,2,9582,completed,5901235
16,2,9583,completed,5878527
16,2,9584,completed,5877610
16,2,9585,completed,5978859
16,2,9586,completed,5977151
16,2,9587,completed,5977402
16,2,9588,completed,5977901
16,2,9589,completed,5978609
16,2,9590,completed,5979526
16,2,9591,completed,5980276
16,2,9592,completed,5981110
16,2,9593,completed,5981568
16,2,9594,completed,5982026
16,2,9595,completed,5982527
16,2,9596,completed,5983234
16,2,9597,completed,5983943
16,2,9598,completed,5984234
16,2,9599,completed,5984693
16,2,9600,completed,5985193
16,2,9601,completed,5985068
16,2,9602,completed,5988568
16,2,9603,completed,5989693
16,2,9604,completed,5990568
16,2,9605,completed,5992068
16,2,9606,completed,5993484
16,2,9607,completed,5995110
16,2,9608,completed,5995943
16,2,9609,completed,5997193
16,2,9610,completed,5998443
16,2,9611,completed,5999609
16,2,9612,completed,6001027
16,2,9613,completed,6002693
16,2,9614,completed,6003609
16,2,9615,completed,6004527
16,2,9616,completed,6005610
16,2,9617,completed,5958985
16,2,9618,completed,5958901
16,2,9619,completed,5959276
16,2,9620,completed,5959443
16,2,9621,completed,5960152
16,2,9622,completed,5961026
16,2,9623,completed,5961318
16,2,9624,completed,5962151
16,2,9625,completed,5962693
16,2,9626,completed,5963110
16,2,9627,completed,5963443
16,2,9628,completed,5964110
16,2,9629,completed,5964901
16,2,9630,completed,5989026
16,2,9631,completed,5996318
16,2,9632,completed,5996609
16,2,9633,completed,6033110
16,2,9634,completed,6038235
16,2,9635,completed,6038818
16,2,9636,completed,6039527
16,2,9637,completed,6040735
16,2,9638,completed,6041859
16,2,9639,completed,6042818
16,2,9640,completed,6043193
16,2,9641,completed,6043651
16,2,9642,completed,6044651
16,2,9643,completed,6045276
16,2,9644,completed,6046443
16,2,9645,completed,6047735
16,2,9646,completed,6021152
16,2,9647,completed,6015193
16,2,9648,completed,6042484
16,2,9649,completed,5963943
16,2,9650,completed,5962402
16,2,9651,completed,5962943
16,2,9652,completed,5963068
16,2,9653,completed,5964110
16,2,9654,completed,5964985
16,2,9655,completed,5965735
16,2,9656,completed,5966943
16,2,9657,completed,5967944
16,2,9658,completed,5968610
16,2,9659,completed,5969068
16,2,9660,completed,5970068
16,2,9661,completed,5970943
16,2,9662,completed,5971359
16,2,9663,completed,5971859
16,2,9664,completed,5947151
16,2,9665,completed,5924068
16,2,9666,completed,5926443
16,2,9667,completed,5927110
16,2,9668,completed,5927985
16,2,9669,completed,5928818
16,2,9670,completed,5929818
16,2,9671,completed,5930985
16,2,9672,completed,5931610
16,2,9673,completed,5932485
16,2,9674,completed,5933443
16,2,9675,completed,5934235
16,2,9676,completed,5935194
16,2,9677,completed,5936360
16,2,9678,completed,5936985
16,2,9679,completed,5937526
16,2,9680,completed,5957901
16,2,9681,completed,6090317
16,2,9682,completed,6097151
16,2,9683,completed,6097734
16,2,9684,completed,6098692
16,2,9685,completed,6099817
16,2,9686,completed,6101693
16,2,9687,completed,6102359
16,2,9688,completed,6103401
16,2,9689,completed,6103734
16,2,9690,completed,6104401
16,2,9691,completed,6104901
16,2,9692,completed,6105859
16,2,9693,completed,6107068
16,2,9694,completed,6107359
16,2,9695,completed,6107776
16,2,9696,completed,6124443
16,2,9697,completed,5881777
16,2,9698,completed,5887776
16,2,9699,completed,5889027
16,2,9700,completed,5889985
16,2,9701,completed,5891777
16,2,9702,completed,5893026
16,2,9703,completed,5894777
16,2,9704,completed,5896068
16,2,9705,completed,5897777
16,2,9706,completed,5899443
16,2,9707,completed,5900860
16,2,9708,completed,5902652
16,2,9709,completed,5904402
16,2,9710,completed,5905693
16,2,9711,completed,5944026
16,2,9712,completed,5922735
16,2,9713,completed,5905068
16,2,9714,completed,5898610
16,2,9715,completed,5898485
16,2,9716,completed,5898110
16,2,9717,completed,5899152
16,2,9718,completed,5898901
16,2,9719,completed,5898735
16,2,9720,completed,5898985
16,2,9721,completed,5898777
16,2,9722,completed,5898402
16,2,9723,completed,5897901
16,2,9724,completed,5897693
16,2,9725,completed,5914235
16,2,9726,completed,5918526
16,2,9727,completed,5886609
16,2,9728,completed,5878777
16,2,9729,completed,6145359
16,2,9730,completed,6153151
16,2,9731,completed,6154610
16,2,9732,completed,6156151
16,2,9733,completed,6158401
16,2,9734,completed,6159943
16,2,9735,completed,6161860
16,2,9736,completed,6163443
16,2,9737,completed,6164942
16,2,9738,completed,6166693
16,2,9739,completed,6168234
16,2,9740,completed,6170151
16,2,9741,completed,6156193
16,2,9742,completed,6157401
16,2,9743,completed,6155276
16,2,9744,completed,6206442
16,2,9745,completed,5781860
16,2,9746,completed,5777068
16,2,9747,completed,5776902
16,2,9748,completed,5776693
16,2,9749,completed,5776819
16,2,9750,completed,5776860
16,2,9751,completed,5776568
16,2,9752,completed,5776610
16,2,9753,completed,5776318
16,2,9754,completed,5776110
16,2,9755,completed,5775777
16,2,9756,completed,5775901
16,2,9757,completed,5775944
16,2,9758,completed,5775527
16,2,9759,completed,5775152
16,2,9760,completed,5703652
16,2,9761,completed,6004359
16,2,9762,completed,6003901
16,2,9763,completed,6004109
16,2,9764,completed,6004568
16,2,9765,completed,6005568
16,2,9766,completed,6006151
16,2,9767,completed,6006818
16,2,9768,completed,6007277
16,2,9769,completed,6007943
16,2,9770,completed,6008777
16,2,9771,completed,6009110
16,2,9772,completed,6010360
16,2,9773,completed,6011568
16,2,9774,completed,6006651
16,2,9775,completed,6034693
16,2,9776,completed,6042235
16,2,9777,completed,5965943
16,2,9778,completed,5965109
16,2,9779,completed,5965734
16,2,9780,completed,5965568
16,2,9781,completed,5966527
16,2,9782,completed,5967777
16,2,9783,completed,5968609
16,2,9784,completed,5969985
16,2,9785,completed,5970818
16,2,9786,completed,5971610
16,2,9787,completed,5972276
16,2,9788,completed,5973235
16,2,9789,completed,5974277
16,2,9790,completed,5974859
16,2,9791,completed,5945276
16,2,9792,completed,5970735
16,2,9793,completed,5962068
16,2,9794,completed,5963318
16,2,9795,completed,5963734
16,2,9796,completed,5963859
16,2,9797,completed,5964527
16,2,9798,completed,5965026
16,2,9799,completed,5965818
16,2,9800,completed,5966110
16,2,9801,completed,5966610
16,2,9802,completed,5967234
16,2,9803,completed,5967735
16,2,9804,completed,5968401
16,2,9805,completed,5969360
16,2,9806,completed,5969652
16,2,9807,completed,5969901
16,2,9808,completed,5962068
16,2,9809,completed,6062151
16,2,9810,completed,6064484
16,2,9811,completed,6064859
16,2,9812,completed,6065484
16,2,9813,completed,6066735
16,2,9814,completed,6067318
16,2,9815,completed,6067776
16,2,9816,completed,6068734
16,2,9817,completed,6068943
16,2,9818,completed,6069651
16,2,9819,completed,6070318
16,2,9820,completed,6071068
16,2,9821,completed,6072318
16,2,9822,completed,6072485
16,2,9823,completed,6072692
16,2,9824,completed,6044443
16,2,9825,completed,5856527
16,2,9826,completed,5854402
16,2,9827,completed,5854860
16,2,9828,completed,5855194
16,2,9829,completed,5856069
16,2,9830,completed,5856652
16,2,9831,completed,5857860
16,2,9832,completed,5858152
16,2,9833,completed,5859110
16,2,9834,completed,5860027
16,2,9835,completed,5860818
16,2,9836,completed,5861818
16,2,9837,completed,5863027
16,2,9838,completed,5863527
16,2,9839,completed,5863776
16,2,9840,completed,5893402
16,2,9841,completed,5977318
16,2,9842,completed,5976735
16,2,9843,completed,5976902
16,2,9844,completed,5977193
16,2,9845,completed,5977777
16,2,9846,completed,5978276
16,2,9847,completed,5978734
16,2,9848,completed,5979777
16,2,9849,completed,5980234
16,2,9850,completed,5980860
16,2,9851,completed,5981318
16,2,9852,completed,5981984
16,2,9853,completed,5982484
16,2,9854,completed,5977943
16,2,9855,completed,5978193
16,2,9856,completed,5978693
16,2,9857,completed,6005193
16,2,9858,completed,6013568
16,2,9859,completed,6015110
16,2,9860,completed,6016651
16,2,9861,completed,6018735
16,2,9862,completed,6020568
16,2,9863,completed,6022443
16,2,9864,completed,6023818
16,2,9865,completed,6025610
16,2,9866,completed,6027318
16,2,9867,completed,6028901
16,2,9868,completed,6030693
16,2,9869,completed,6032610
16,2,9870,completed,6033860
16,2,9871,completed,6035151
16,2,9872,completed,6062652
16,2,9873,completed,5906485
16,2,9874,completed,5899943
16,2,9875,completed,5899902
16,2,9876,completed,5899860
16,2,9877,completed,5900193
16,2,9878,completed,5900401
16,2,9879,completed,5900610
16,2,9880,completed,5901068
16,2,9881,completed,5900776
16,2,9882,completed,5900652
16,2,9883,completed,5900401
16,2,9884,completed,5900401
16,2,9885,completed,5900443
16,2,9886,completed,5900026
16,2,9887,completed,5918526
16,2,9888,completed,5847027
16,2,9889,completed,6025818
16,2,9890,completed,6033318
16,2,9891,completed,6034652
16,2,9892,completed,6035860
16,2,9893,completed,6037068
16,2,9894,completed,6038401
16,2,9895,completed,6040027
16,2,9896,completed,6041360
16,2,9897,completed,6042777
16,2,9898,completed,6044276
16,2,9899,completed,6045609
16,2,9900,completed,6047068
16,2,9901,completed,6048693
16,2,9902,completed,6049943
16,2,9903,completed,6050318
16,2,9904,completed,6035610
16,2,9905,completed,5874860
16,2,9906,completed,5871818
16,2,9907,completed,5871818
16,2,9908,completed,5871860
16,2,9909,completed,5871984
16,2,9910,completed,5872235
16,2,9911,completed,5872693
16,2,9912,completed,5872984
16,2,9913,completed,5873151
16,2,9914,completed,5873485
16,2,9915,completed,5873735
16,2,9916,completed,5873984
16,2,9917,completed,5874484
16,2,9918,completed,5874568
16,2,9919,completed,5874735
16,2,9920,completed,5908027
16,2,9921,completed,6049360
16,2,9922,completed,6054610
16,2,9923,completed,6055568
16,2,9924,completed,6056735
16,2,9925,completed,6057943
16,2,9926,completed,6059151
16,2,9927,completed,6060360
16,2,9928,completed,6061443
16,2,9929,completed,6062402
16,2,9930,completed,6063735
16,2,9931,completed,6064818
16,2,9932,completed,6066235
16,2,9933,completed,6067318
16,2,9934,completed,6063818
16,2,9935,completed,6065068
16,2,9936,completed,6037818
16,2,9937,completed,5905193
16,2,9938,completed,5903319
16,2,9939,completed,5903652
16,2,9940,completed,5903735
16,2,9941,completed,5904610
16,2,9942,completed,5905069
16,2,9943,completed,5905360
16,2,9944,completed,5906360
16,2,9945,completed,5906194
16,2,9946,completed,5906777
16,2,9947,completed,5907193
16,2,9948,completed,5907818
16,2,9949,completed,5929318
16,2,9950,completed,5935610
16,2,9951,completed,5935902
16,2,9952,completed,5931860
16,2,9953,completed,5946026
16,2,9954,completed,5946068
16,2,9955,completed,5946484
16,2,9956,completed,5946652
16,2,9957,completed,5947027
16,2,9958,completed,5947443
16,2,9959,completed,5948068
16,2,9960,completed,5948360
16,2,9961,completed,5948776
16,2,9962,completed,5949443
16,2,9963,completed,5950027
16,2,9964,completed,5950651
16,2,9965,completed,5932777
16,2,9966,completed,5926610
16,2,9967,completed,5926943
16,2,9968,completed,5944734
16,2,9969,completed,5409403
16,2,9970,completed,5407486
16,2,9971,completed,5407486
16,2,9972,completed,5407277
16,2,9973,completed,5407653
16,2,9974,completed,5407944
16,2,9975,completed,5408028
16,2,9976,completed,5408611
16,2,9977,completed,5408695
16,2,9978,completed,5408819
16,2,9979,completed,5422361
16,2,9980,completed,5426069
16,2,9981,completed,5426277
16,2,9982,completed,5425611
16,2,9983,completed,5426153
16,2,9984,completed,5426195
16,2,9985,completed,6611192
16,2,9986,completed,6616983
16,2,9987,completed,6617483
16,2,9988,completed,6618774
16,2,9989,completed,6620066
16,2,9990,completed,6621691
16,2,9991,completed,6622816
16,2,9992,completed,6623566
16,2,9993,completed,6624525
16,2,9994,completed,6625692
16,2,9995,completed,6606733
16,2,9996,completed,6602775
16,2,9997,completed,6605024
16,2,9998,completed,6606067
16,2,9999,completed,6612650
16,2,10000,completed,6613233
