limit,round,id,result,latency_ns
16,3,1,completed,7497106
16,3,2,completed,7553898
16,3,3,completed,7561814
16,3,4,completed,7568647
16,3,5,completed,7575356
16,3,6,completed,7581355
16,3,7,completed,7588064
16,3,8,completed,7595439
16,3,9,completed,7605814
16,3,10,completed,7608856
16,3,11,completed,7615147
16,3,12,completed,7621231
16,3,13,completed,7626981
16,3,14,completed,7632856
16,3,15,completed,7638898
16,3,16,completed,7645522
16,3,17,completed,5862443
16,3,18,completed,5857360
16,3,19,completed,5852110
16,3,20,completed,5847152
16,3,21,completed,5842735
16,3,22,completed,5838151
16,3,23,completed,5833652
16,3,24,completed,5827860
16,3,25,completed,5819485
16,3,26,completed,5814735
16,3,27,completed,5809402
16,3,28,completed,5804818
16,3,29,completed,5799943
16,3,30,completed,5795027
16,3,31,completed,5790152
16,3,32,completed,5785944
16,3,33,completed,6037777
16,3,34,completed,6038651
16,3,35,completed,6040318
16,3,36,completed,6041901
16,3,37,completed,6043234
16,3,38,completed,6044985
16,3,39,completed,6046609
16,3,40,completed,6023068
16,3,41,completed,6024359
16,3,42,completed,6025734
16,3,43,completed,6026860
16,3,44,completed,6028151
16,3,45,completed,6029693
16,3,46,completed,6031192
16,3,47,completed,6032568
16,3,48,completed,6033901
16,3,49,completed,6043526
16,3,50,completed,6046610
16,3,51,completed,6047235
16,3,52,completed,6047527
16,3,53,completed,6048068
16,3,54,completed,6048818
16,3,55,completed,6036068
16,3,56,completed,6036943
16,3,57,completed,6037193
16,3,58,completed,6038193
16,3,59,completed,6036693
16,3,60,completed,6037151
16,3,61,completed,6037568
16,3,62,completed,6038110
16,3,63,completed,6038984
16,3,64,completed,6039109
16,3,65,completed,5834777
16,3,66,completed,5839193
16,3,67,completed,5840319
16,3,68,completed,5841235
16,3,69,completed,5841819
16,3,70,completed,5842652
16,3,71,completed,5843652
16,3,72,completed,5844736
16,3,73,completed,5845277
16,3,74,completed,5846318
16,3,75,completed,5847235
16,3,76,completed,5847943
16,3,77,completed,5848568
16,3,78,completed,5849485
16,3,79,completed,5850485
16,3,80,completed,5850819
16,3,81,completed,6029776
16,3,82,completed,6035443
16,3,83,completed,6036318
16,3,84,completed,6037151
16,3,85,completed,6037777
16,3,86,completed,6038943
16,3,87,completed,6039485
16,3,88,completed,6040484
16,3,89,completed,6041193
16,3,90,completed,6042235
16,3,91,completed,6043234
16,3,92,completed,6043943
16,3,93,completed,6044485
16,3,94,completed,6045443
16,3,95,completed,6046151
16,3,96,completed,6046568
16,3,97,completed,6073859
16,3,98,completed,6075026
16,3,99,completed,6076693
16,3,100,completed,6077609
16,3,101,completed,6078984
16,3,102,completed,6079943
16,3,103,completed,6080901
16,3,104,completed,6082401
16,3,105,completed,6083734
16,3,106,completed,6084401
16,3,107,completed,6085734
16,3,108,completed,6086734
16,3,109,completed,6087651
16,3,110,completed,6088693
16,3,111,completed,6089401
16,3,112,completed,6090359
16,3,113,completed,5784443
16,3,114,completed,5787901
16,3,115,completed,5788818
16,3,116,completed,5789401
16,3,117,completed,5790360
16,3,118,completed,5791194
16,3,119,completed,5791901
16,3,120,completed,5793193
16,3,121,completed,5794069
16,3,122,completed,5794860
16,3,123,completed,5795902
16,3,124,completed,5796443
16,3,125,completed,5796985
16,3,126,completed,5797319
16,3,127,completed,5797693
16,3,128,completed,5798485
16,3,129,completed,5975818
16,3,130,completed,5979443
16,3,131,completed,5980859
16,3,132,completed,5982235
16,3,133,completed,5982402
16,3,134,completed,5983068
16,3,135,completed,5983818
16,3,136,completed,5984609
16,3,137,completed,5985235
16,3,138,completed,5986318
16,3,139,completed,5987027
16,3,140,completed,5987859
16,3,141,completed,5988526
16,3,142,completed,5989652
16,3,143,completed,5990985
16,3,144,completed,5991735
16,3,145,completed,6020818
16,3,146,completed,6025276
16,3,147,completed,6026193
16,3,148,completed,6026943
16,3,149,completed,6028152
16,3,150,completed,6028693
16,3,151,completed,6029651
16,3,152,completed,6031234
16,3,153,completed,6032193
16,3,154,completed,6032985
16,3,155,completed,6034026
16,3,156,completed,6034860
16,3,157,completed,6035401
16,3,158,completed,6036193
16,3,159,completed,6037443
16,3,160,completed,6038151
16,3,161,completed,5947152
16,3,162,completed,5945610
16,3,163,completed,5945985
16,3,164,completed,5946319
16,3,165,completed,5946652
16,3,166,completed,5947110
16,3,167,completed,5947527
16,3,168,completed,5948777
16,3,169,completed,5949193
16,3,170,completed,5949568
16,3,171,completed,5949860
16,3,172,completed,5950401
16,3,173,completed,5951193
16,3,174,completed,5951652
16,3,175,completed,5952235
16,3,176,completed,5953068
16,3,177,completed,5973735
16,3,178,completed,5982818
16,3,179,completed,5983901
16,3,180,completed,5985027
16,3,181,completed,5985401
16,3,182,completed,5986943
16,3,183,completed,5987818
16,3,184,completed,5988985
16,3,185,completed,5990193
16,3,186,completed,5990652
16,3,187,completed,5991651
16,3,188,completed,5992318
16,3,189,completed,5993401
16,3,190,completed,5994234
16,3,191,completed,5994693
16,3,192,completed,5995235
16,3,193,completed,5881819
16,3,194,completed,5881902
16,3,195,completed,5882610
16,3,196,completed,5883360
16,3,197,completed,5884693
16,3,198,completed,5885193
16,3,199,completed,5885944
16,3,200,completed,5887194
16,3,201,completed,5888068
16,3,202,completed,5888777
16,3,203,completed,5889568
16,3,204,completed,5890527
16,3,205,completed,5891194
16,3,206,completed,5891693
16,3,207,completed,5892901
16,3,208,completed,5894443
16,3,209,completed,6090651
16,3,210,completed,6092443
16,3,211,completed,6092859
16,3,212,completed,6093443
16,3,213,completed,6093610
16,3,214,completed,6093526
16,3,215,completed,6094484
16,3,216,completed,6095068
16,3,217,completed,6095942
16,3,218,completed,6096609
16,3,219,completed,6097526
16,3,220,completed,6098068
16,3,221,completed,6098735
16,3,222,completed,6099151
16,3,223,completed,6122942
16,3,224,completed,6123693
16,3,225,completed,5934818
16,3,226,completed,5941860
16,3,227,completed,5942984
16,3,228,completed,5944068
16,3,229,completed,5945360
16,3,230,completed,5946401
16,3,231,completed,5947235
16,3,232,completed,5948651
16,3,233,completed,5949818
16,3,234,completed,5950402
16,3,235,completed,5951235
16,3,236,completed,5951859
16,3,237,completed,5952443
16,3,238,completed,5953402
16,3,239,completed,5954151
16,3,240,completed,5955943
16,3,241,completed,6045943
16,3,242,completed,6051901
16,3,243,completed,6053317
16,3,244,completed,6054234
16,3,245,completed,6055192
16,3,246,completed,6056109
16,3,247,completed,6057734
16,3,248,completed,6059651
16,3,249,completed,6060943
16,3,250,completed,6062276
16,3,251,completed,6063401
16,3,252,completed,6064193
16,3,253,completed,6065276
16,3,254,completed,6066276
16,3,255,completed,6066943
16,3,256,completed,6068193
16,3,257,completed,5921193
16,3,258,completed,5922401
16,3,259,completed,5923234
16,3,260,completed,5924068
16,3,261,completed,5925026
16,3,262,completed,5925860
16,3,263,completed,5926859
16,3,264,completed,5928234
16,3,265,completed,5929068
16,3,266,completed,5929860
16,3,267,completed,5930693
16,3,268,completed,5931277
16,3,269,completed,5931943
16,3,270,completed,5932735
16,3,271,completed,5933485
16,3,272,completed,5934693
16,3,273,completed,5863818
16,3,274,completed,5867819
16,3,275,completed,5868318
16,3,276,completed,5869027
16,3,277,completed,5869652
16,3,278,completed,5870318
16,3,279,completed,5871193
16,3,280,completed,5872652
16,3,281,completed,5873610
16,3,282,completed,5874193
16,3,283,completed,5875151
16,3,284,completed,5875777
16,3,285,completed,5876402
16,3,286,completed,5876819
16,3,287,completed,5877235
16,3,288,completed,5878194
16,3,289,completed,5965652
16,3,290,completed,5969777
16,3,291,completed,5971109
16,3,292,completed,5973027
16,3,293,completed,5974610
16,3,294,completed,5976401
16,3,295,completed,5978068
16,3,296,completed,5980152
16,3,297,completed,5982026
16,3,298,completed,5983776
16,3,299,completed,5984902
16,3,300,completed,5986026
16,3,301,completed,5986984
16,3,302,completed,5988193
16,3,303,completed,5989068
16,3,304,completed,5990276
16,3,305,completed,6247651
16,3,306,completed,6251859
16,3,307,completed,6252567
16,3,308,completed,6253151
16,3,309,completed,6253359
16,3,310,completed,6254026
16,3,311,completed,6254900
16,3,312,completed,6256068
16,3,313,completed,6257109
16,3,314,completed,6257609
16,3,315,completed,6258443
16,3,316,completed,6259276
16,3,317,completed,6260109
16,3,318,completed,6260734
16,3,319,completed,6261317
16,3,320,completed,6261984
16,3,321,completed,5651152
16,3,322,completed,5661277
16,3,323,completed,5662152
16,3,324,completed,5662861
16,3,325,completed,5663402
16,3,326,completed,5663568
16,3,327,completed,5664152
16,3,328,completed,5665652
16,3,329,completed,5666735
16,3,330,completed,5667569
16,3,331,completed,5668694
16,3,332,completed,5669777
16,3,333,completed,5670569
16,3,334,completed,5671360
16,3,335,completed,5672152
16,3,336,completed,5673152
16,3,337,completed,5919651
16,3,338,completed,5928235
16,3,339,completed,5928694
16,3,340,completed,5929319
16,3,341,completed,5929527
16,3,342,completed,5930735
16,3,343,completed,5931235
16,3,344,completed,5932694
16,3,345,completed,5933652
16,3,346,completed,5934569
16,3,347,completed,5935902
16,3,348,completed,5937068
16,3,349,completed,5937568
16,3,350,completed,5938027
16,3,351,completed,5939068
16,3,352,completed,5940068
16,3,353,completed,5910818
16,3,354,completed,5921527
16,3,355,completed,5922277
16,3,356,completed,5922777
16,3,357,completed,5923110
16,3,358,completed,5924319
16,3,359,completed,5925069
16,3,360,completed,5926485
16,3,361,completed,5927652
16,3,362,completed,5928568
16,3,363,completed,5929735
16,3,364,completed,5930652
16,3,365,completed,5931526
16,3,366,completed,5932235
16,3,367,completed,5932860
16,3,368,completed,5934068
16,3,369,completed,5849527
16,3,370,completed,5861193
16,3,371,completed,5861485
16,3,372,completed,5862068
16,3,373,completed,5862318
16,3,374,completed,5864027
16,3,375,completed,5864443
16,3,376,completed,5865319
16,3,377,completed,5866443
16,3,378,completed,5867110
16,3,379,completed,5868193
16,3,380,completed,5868902
16,3,381,completed,5869527
16,3,382,completed,5870110
16,3,383,completed,5870943
16,3,384,completed,5871777
16,3,385,completed,9178685
16,3,386,completed,9187602
16,3,387,completed,9187935
16,3,388,completed,9188977
16,3,389,completed,9189935
16,3,390,completed,9191393
16,3,391,completed,9192476
16,3,392,completed,9192935
16,3,393,completed,9194102
16,3,394,completed,9195393
16,3,395,completed,9196352
16,3,396,completed,9197268
16,3,397,completed,9197602
16,3,398,completed,9198226
16,3,399,completed,9198726
16,3,400,completed,9199643
16,3,401,completed,5915526
16,3,402,completed,5931694
16,3,403,completed,5931943
16,3,404,completed,5933485
16,3,405,completed,5934277
16,3,406,completed,5936276
16,3,407,completed,5937194
16,3,408,completed,5937652
16,3,409,completed,5938735
16,3,410,completed,5940402
16,3,411,completed,5941318
16,3,412,completed,5942651
16,3,413,completed,5943152
16,3,414,completed,5943818
16,3,415,completed,5944360
16,3,416,completed,5945235
16,3,417,completed,5822610
16,3,418,completed,5828194
16,3,419,completed,5828610
16,3,420,completed,5829151
16,3,421,completed,5829943
16,3,422,completed,5830819
16,3,423,completed,5831568
16,3,424,completed,5831943
16,3,425,completed,5832902
16,3,426,completed,5834027
16,3,427,completed,5834651
16,3,428,completed,5835360
16,3,429,completed,5835735
16,3,430,completed,5836319
16,3,431,completed,5836818
16,3,432,completed,5837568
16,3,433,completed,6029318
16,3,434,completed,6046902
16,3,435,completed,6047360
16,3,436,completed,6047818
16,3,437,completed,6048859
16,3,438,completed,6050151
16,3,439,completed,6051401
16,3,440,completed,6051860
16,3,441,completed,6052526
16,3,442,completed,6053692
16,3,443,completed,6054776
16,3,444,completed,6055568
16,3,445,completed,6056192
16,3,446,completed,6056776
16,3,447,completed,6057193
16,3,448,completed,6058401
16,3,449,completed,5915651
16,3,450,completed,5955152
16,3,451,completed,5955527
16,3,452,completed,5956443
16,3,453,completed,5957276
16,3,454,completed,5958235
16,3,455,completed,5959818
16,3,456,completed,5960402
16,3,457,completed,5961568
16,3,458,completed,5962651
16,3,459,completed,5963318
16,3,460,completed,5964068
16,3,461,completed,5964651
16,3,462,completed,5965443
16,3,463,completed,5965860
16,3,464,completed,5966401
16,3,465,completed,5988443
16,3,466,completed,5635902
16,3,467,completed,5635194
16,3,468,completed,5636027
16,3,469,completed,5637152
16,3,470,completed,5638444
16,3,471,completed,5640361
16,3,472,completed,5640819
16,3,473,completed,5641903
16,3,474,completed,5642944
16,3,475,completed,5644111
16,3,476,completed,5644652
16,3,477,completed,5644902
16,3,478,completed,5645402
16,3,479,completed,5645777
16,3,480,completed,5646777
16,3,481,completed,6030901
16,3,482,completed,6058859
16,3,483,completed,6065068
16,3,484,completed,6066193
16,3,485,completed,6066984
16,3,486,completed,6068318
16,3,487,completed,6069526
16,3,488,completed,6069984
16,3,489,completed,6071026
16,3,490,completed,6071151
16,3,491,completed,6071984
16,3,492,completed,6072568
16,3,493,completed,6072859
16,3,494,completed,6072318
16,3,495,completed,6072734
16,3,496,completed,6073276
16,3,497,completed,5753236
16,3,498,completed,5752235
16,3,499,completed,5752985
16,3,500,completed,5754110
16,3,501,completed,5755402
16,3,502,completed,5757026
16,3,503,completed,5758194
16,3,504,completed,5758902
16,3,505,completed,5760360
16,3,506,completed,5761860
16,3,507,completed,5763110
16,3,508,completed,5764068
16,3,509,completed,5764777
16,3,510,completed,5765568
16,3,511,completed,5766360
16,3,512,completed,5766943
16,3,513,completed,9839808
16,3,514,completed,9870183
16,3,515,completed,9871017
16,3,516,completed,9873891
16,3,517,completed,9875641
16,3,518,completed,9877808
16,3,519,completed,9880642
16,3,520,completed,9881558
16,3,521,completed,10126849
16,3,522,completed,10287849
16,3,523,completed,10300182
16,3,524,completed,10304141
16,3,525,completed,10307390
16,3,526,completed,10310390
16,3,527,completed,10313057
16,3,528,completed,10316307
16,3,529,completed,6939691
16,3,530,completed,6988065
16,3,531,completed,6998232
16,3,532,completed,6998898
16,3,533,completed,7000607
16,3,534,completed,7011941
16,3,535,completed,7016982
16,3,536,completed,7018190
16,3,537,completed,7018524
16,3,538,completed,7019440
16,3,539,completed,7020232
16,3,540,completed,7020982
16,3,541,completed,7022399
16,3,542,completed,7023107
16,3,543,completed,7023815
16,3,544,completed,7024899
16,3,545,completed,6069402
16,3,546,completed,6068318
16,3,547,completed,6068985
16,3,548,completed,6069276
16,3,549,completed,6066693
16,3,550,completed,6036068
16,3,551,completed,6035901
16,3,552,completed,6036276
16,3,553,completed,6036443
16,3,554,completed,6037359
16,3,555,completed,6038360
16,3,556,completed,6039484
16,3,557,completed,6040442
16,3,558,completed,6040943
16,3,559,completed,6041818
16,3,560,completed,6042526
16,3,561,completed,6048318
16,3,562,completed,6063110
16,3,563,completed,6063776
16,3,564,completed,6064568
16,3,565,completed,6065485
16,3,566,completed,6065943
16,3,567,completed,6067360
16,3,568,completed,6068026
16,3,569,completed,6068693
16,3,570,completed,6069985
16,3,571,completed,6071609
16,3,572,completed,6072401
16,3,573,completed,6087318
16,3,574,completed,6088817
16,3,575,completed,6089567
16,3,576,completed,6089943
16,3,577,completed,5672485
16,3,578,completed,5691569
16,3,579,completed,5692277
16,3,580,completed,5693110
16,3,581,completed,5694403
16,3,582,completed,5695027
16,3,583,completed,5696153
16,3,584,completed,5696611
16,3,585,completed,5697194
16,3,586,completed,5698194
16,3,587,completed,5699402
16,3,588,completed,5700652
16,3,589,completed,5701528
16,3,590,completed,5701944
16,3,591,completed,5702652
16,3,592,completed,5703069
16,3,593,completed,6020860
16,3,594,completed,6038652
16,3,595,completed,6039318
16,3,596,completed,6040151
16,3,597,completed,6040985
16,3,598,completed,6041818
16,3,599,completed,6042901
16,3,600,completed,6043485
16,3,601,completed,6044068
16,3,602,completed,6045568
16,3,603,completed,6046777
16,3,604,completed,6047526
16,3,605,completed,6049234
16,3,606,completed,6049818
16,3,607,completed,6051027
16,3,608,completed,6051526
16,3,609,completed,9007143
16,3,610,completed,9026477
16,3,611,completed,9028226
16,3,612,completed,9029435
16,3,613,completed,9031310
16,3,614,completed,9033810
16,3,615,completed,9035102
16,3,616,completed,9037102
16,3,617,completed,9039060
16,3,618,completed,9040310
16,3,619,completed,9041851
16,3,620,completed,9042894
16,3,621,completed,9044310
16,3,622,completed,9044935
16,3,623,completed,9045893
16,3,624,completed,9046976
16,3,625,completed,7349065
16,3,626,completed,7363481
16,3,627,completed,7364398
16,3,628,completed,7365356
16,3,629,completed,7366439
16,3,630,completed,7367981
16,3,631,completed,7368940
16,3,632,completed,7370356
16,3,633,completed,7371648
16,3,634,completed,7372981
16,3,635,completed,7374315
16,3,636,completed,7375106
16,3,637,completed,7375856
16,3,638,completed,7376314
16,3,639,completed,7376731
16,3,640,completed,7346648
16,3,641,completed,5995151
16,3,642,completed,6002193
16,3,643,completed,6003235
16,3,644,completed,6003818
16,3,645,completed,6004902
16,3,646,completed,6005651
16,3,647,completed,6006360
16,3,648,completed,6007401
16,3,649,completed,6008110
16,3,650,completed,6009193
16,3,651,completed,6009901
16,3,652,completed,6010360
16,3,653,completed,6011068
16,3,654,completed,6011568
16,3,655,completed,6012068
16,3,656,completed,6012776
16,3,657,completed,7382398
16,3,658,completed,7377731
16,3,659,completed,7378439
16,3,660,completed,7378981
16,3,661,completed,7379689
16,3,662,completed,7380106
16,3,663,completed,7380648
16,3,664,completed,7381647
16,3,665,completed,7382689
16,3,666,completed,7383314
16,3,667,completed,7384273
16,3,668,completed,7384690
16,3,669,completed,7385481
16,3,670,completed,7386564
16,3,671,completed,7387648
16,3,672,completed,7388648
16,3,673,completed,5921401
16,3,674,completed,5932235
16,3,675,completed,5933402
16,3,676,completed,5934734
16,3,677,completed,5936401
16,3,678,completed,5937151
16,3,679,completed,5937610
16,3,680,completed,5939609
16,3,681,completed,5940943
16,3,682,completed,5941776
16,3,683,completed,5942902
16,3,684,completed,5943193
16,3,685,completed,5944568
16,3,686,completed,5944901
16,3,687,completed,5946318
16,3,688,completed,5947401
16,3,689,completed,5962526
16,3,690,completed,5966068
16,3,691,completed,5967193
16,3,692,completed,5968068
16,3,693,completed,5968943
16,3,694,completed,5969652
16,3,695,completed,5970776
16,3,696,completed,5971984
16,3,697,completed,5973777
16,3,698,completed,5974485
16,3,699,completed,5975693
16,3,700,completed,5976277
16,3,701,completed,5977318
16,3,702,completed,5978609
16,3,703,completed,5979152
16,3,704,completed,5979943
16,3,705,completed,6036360
16,3,706,completed,6050442
16,3,707,completed,6051818
16,3,708,completed,6052317
16,3,709,completed,6053192
16,3,710,completed,6054026
16,3,711,completed,6054942
16,3,712,completed,6055943
16,3,713,completed,6056901
16,3,714,completed,6057901
16,3,715,completed,6058359
16,3,716,completed,6058776
16,3,717,completed,6059234
16,3,718,completed,6060193
16,3,719,completed,6061401
16,3,720,completed,6062192
16,3,721,completed,6035026
16,3,722,completed,6015526
16,3,723,completed,6016193
16,3,724,completed,6017110
16,3,725,completed,6017776
16,3,726,completed,6018193
16,3,727,completed,6019276
16,3,728,completed,6020860
16,3,729,completed,6022235
16,3,730,completed,6022943
16,3,731,completed,6024109
16,3,732,completed,6025110
16,3,733,completed,6025943
16,3,734,completed,6027068
16,3,735,completed,6027818
16,3,736,completed,6029276
16,3,737,completed,5962610
16,3,738,completed,5962193
16,3,739,completed,5962902
16,3,740,completed,5963735
16,3,741,completed,5964443
16,3,742,completed,5964818
16,3,743,completed,5965860
16,3,744,completed,5967110
16,3,745,completed,5968026
16,3,746,completed,5968776
16,3,747,completed,5969818
16,3,748,completed,5970318
16,3,749,completed,5970902
16,3,750,completed,5971651
16,3,751,completed,5972276
16,3,752,completed,5973068
16,3,753,completed,6013901
16,3,754,completed,6015110
16,3,755,completed,6015901
16,3,756,completed,6016568
16,3,757,completed,6017193
16,3,758,completed,6017818
16,3,759,completed,6018943
16,3,760,completed,6019817
16,3,761,completed,6020776
16,3,762,completed,6022026
16,3,763,completed,6022484
16,3,764,completed,6023401
16,3,765,completed,6023776
16,3,766,completed,6024443
16,3,767,completed,6024901
16,3,768,completed,6025610
16,3,769,completed,5977568
16,3,770,completed,5980110
16,3,771,completed,5981068
16,3,772,completed,5981985
16,3,773,completed,5982984
16,3,774,completed,5983401
16,3,775,completed,5984401
16,3,776,completed,5985152
16,3,777,completed,5986110
16,3,778,completed,5987318
16,3,779,completed,5987735
16,3,780,completed,5988443
16,3,781,completed,5988734
16,3,782,completed,5989610
16,3,783,completed,5990110
16,3,784,completed,5990860
16,3,785,completed,5440278
16,3,786,completed,5442236
16,3,787,completed,5442736
16,3,788,completed,5443236
16,3,789,completed,5443653
16,3,790,completed,5444361
16,3,791,completed,5444944
16,3,792,completed,5446486
16,3,793,completed,5447445
16,3,794,completed,5448444
16,3,795,completed,5449569
16,3,796,completed,5450320
16,3,797,completed,5450986
16,3,798,completed,5451986
16,3,799,completed,5452778
16,3,800,completed,5453152
16,3,801,completed,6419983
16,3,802,completed,6428817
16,3,803,completed,6429609
16,3,804,completed,6430567
16,3,805,completed,6431609
16,3,806,completed,6432525
16,3,807,completed,6433275
16,3,808,completed,6434817
16,3,809,completed,6435442
16,3,810,completed,6435776
16,3,811,completed,6436567
16,3,812,completed,6437400
16,3,813,completed,6437942
16,3,814,completed,6438651
16,3,815,completed,6439400
16,3,816,completed,6440234
16,3,817,completed,6097068
16,3,818,completed,6098859
16,3,819,completed,6099401
16,3,820,completed,6100068
16,3,821,completed,6100818
16,3,822,completed,6101485
16,3,823,completed,6102110
16,3,824,completed,6103235
16,3,825,completed,6104609
16,3,826,completed,6105151
16,3,827,completed,6106068
16,3,828,completed,6106902
16,3,829,completed,6107693
16,3,830,completed,6108943
16,3,831,completed,6109234
16,3,832,completed,6109527
16,3,833,completed,5852527
16,3,834,completed,5854527
16,3,835,completed,5855235
16,3,836,completed,5855735
16,3,837,completed,5856152
16,3,838,completed,5857026
16,3,839,completed,5857860
16,3,840,completed,5859152
16,3,841,completed,5860027
16,3,842,completed,5860651
16,3,843,completed,5861610
16,3,844,completed,5862277
16,3,845,completed,5863360
16,3,846,completed,5864277
16,3,847,completed,5864777
16,3,848,completed,5866151
16,3,849,completed,6045235
16,3,850,completed,6051151
16,3,851,completed,6051568
16,3,852,completed,6052401
16,3,853,completed,6053110
16,3,854,completed,6054235
16,3,855,completed,6054985
16,3,856,completed,6056402
16,3,857,completed,6057443
16,3,858,completed,6057859
16,3,859,completed,6059151
16,3,860,completed,6059818
16,3,861,completed,6060652
16,3,862,completed,6061568
16,3,863,completed,6062109
16,3,864,completed,6063234
16,3,865,completed,5882068
16,3,866,completed,5886443
16,3,867,completed,5887568
16,3,868,completed,5888610
16,3,869,completed,5889526
16,3,870,completed,5890193
16,3,871,completed,5890735
16,3,872,completed,5892318
16,3,873,completed,5893193
16,3,874,completed,5894151
16,3,875,completed,5894902
16,3,876,completed,5896109
16,3,877,completed,5897568
16,3,878,completed,5898610
16,3,879,completed,5899359
16,3,880,completed,5899777
16,3,881,completed,5930360
16,3,882,completed,5936068
16,3,883,completed,5937527
16,3,884,completed,5938818
16,3,885,completed,5939985
16,3,886,completed,5941526
16,3,887,completed,5942818
16,3,888,completed,5944235
16,3,889,completed,5945193
16,3,890,completed,5946068
16,3,891,completed,5947109
16,3,892,completed,5948901
16,3,893,completed,5950360
16,3,894,completed,5951527
16,3,895,completed,5952484
16,3,896,completed,5953818
16,3,897,completed,5937277
16,3,898,completed,5934527
16,3,899,completed,5935360
16,3,900,completed,5935485
16,3,901,completed,5936026
16,3,902,completed,5936194
16,3,903,completed,5936485
16,3,904,completed,5936943
16,3,905,completed,5937151
16,3,906,completed,5937277
16,3,907,completed,5937734
16,3,908,completed,5938234
16,3,909,completed,5938735
16,3,910,completed,5939276
16,3,911,completed,5939401
16,3,912,completed,5939985
16,3,913,completed,5963777
16,3,914,completed,5964360
16,3,915,completed,5965068
16,3,916,completed,5965652
16,3,917,completed,5966277
16,3,918,completed,5966902
16,3,919,completed,5967568
16,3,920,completed,5968526
16,3,921,completed,5969318
16,3,922,completed,5969901
16,3,923,completed,5988318
16,3,924,completed,5988943
16,3,925,completed,5989568
16,3,926,completed,5990485
16,3,927,completed,5991235
16,3,928,completed,5991901
16,3,929,completed,5970735
16,3,930,completed,5981151
16,3,931,completed,5989110
16,3,932,completed,5996901
16,3,933,completed,6003526
16,3,934,completed,6009902
16,3,935,completed,6016360
16,3,936,completed,6022776
16,3,937,completed,6029151
16,3,938,completed,6035484
16,3,939,completed,6041776
16,3,940,completed,6048818
16,3,941,completed,6055110
16,3,942,completed,6061485
16,3,943,completed,6067610
16,3,944,completed,6073860
16,3,945,completed,7220523
16,3,946,completed,7213399
16,3,947,completed,7206273
16,3,948,completed,7200231
16,3,949,completed,7194399
16,3,950,completed,7188649
16,3,951,completed,7182731
16,3,952,completed,7176982
16,3,953,completed,7171315
16,3,954,completed,7165565
16,3,955,completed,7159357
16,3,956,completed,7153481
16,3,957,completed,7147898
16,3,958,completed,7142065
16,3,959,completed,7136565
16,3,960,completed,7131482
16,3,961,completed,4824738
16,3,962,completed,4827488
16,3,963,completed,4827821
16,3,964,completed,4828529
16,3,965,completed,4829404
16,3,966,completed,4830196
16,3,967,completed,4830904
16,3,968,completed,4831779
16,3,969,completed,4832612
16,3,970,completed,4833445
16,3,971,completed,4873404
16,3,972,completed,4885613
16,3,973,completed,4886696
16,3,974,completed,4887654
16,3,975,completed,4888654
16,3,976,completed,4889654
16,3,977,completed,5905485
16,3,978,completed,5899735
16,3,979,completed,5899902
16,3,980,completed,5900193
16,3,981,completed,5900276
16,3,982,completed,5900610
16,3,983,completed,5900943
16,3,984,completed,5901318
16,3,985,completed,5901485
16,3,986,completed,5901776
16,3,987,completed,5855027
16,3,988,completed,5853777
16,3,989,completed,5854444
16,3,990,completed,5855194
16,3,991,completed,5855902
16,3,992,completed,5856652
16,3,993,completed,8240604
16,3,994,completed,8259771
16,3,995,completed,8260937
16,3,996,completed,8261145
16,3,997,completed,8262020
16,3,998,completed,8302437
16,3,999,completed,8378645
16,3,1000,completed,8380811
16,3,1001,completed,8381895
16,3,1002,completed,8383145
16,3,1003,completed,8384686
16,3,1004,completed,8385561
16,3,1005,completed,8386686
16,3,1006,completed,8387895
16,3,1007,completed,8388770
16,3,1008,completed,8413728
16,3,1009,completed,4953238
16,3,1010,completed,4957529
16,3,1011,completed,4958738
16,3,1012,completed,4961612
16,3,1013,completed,4984362
16,3,1014,completed,4989195
16,3,1015,completed,4990029
16,3,1016,completed,4998112
16,3,1017,completed,5002903
16,3,1018,completed,5003237
16,3,1019,completed,5004196
16,3,1020,completed,5004820
16,3,1021,completed,5005737
16,3,1022,completed,5006570
16,3,1023,completed,5007612
16,3,1024,completed,5008737
16,3,1025,completed,5172737
16,3,1026,completed,5179237
16,3,1027,completed,5180070
16,3,1028,completed,5181278
16,3,1029,completed,5167362
16,3,1030,completed,5167528
16,3,1031,completed,5165487
16,3,1032,completed,5144696
16,3,1033,completed,5140904
16,3,1034,completed,5140820
16,3,1035,completed,5142237
16,3,1036,completed,5142778
16,3,1037,completed,5143737
16,3,1038,completed,5144570
16,3,1039,completed,5145445
16,3,1040,completed,5146653
16,3,1041,completed,5851944
16,3,1042,completed,5858526
16,3,1043,completed,5858860
16,3,1044,completed,5859610
16,3,1045,completed,5860735
16,3,1046,completed,5861193
16,3,1047,completed,5861901
16,3,1048,completed,5862318
16,3,1049,completed,5863068
16,3,1050,completed,5863694
16,3,1051,completed,5864193
16,3,1052,completed,5864610
16,3,1053,completed,5865276
16,3,1054,completed,5865610
16,3,1055,completed,5865985
16,3,1056,completed,5866318
16,3,1057,completed,7434273
16,3,1058,completed,7449523
16,3,1059,completed,7452689
16,3,1060,completed,7453523
16,3,1061,completed,7454439
16,3,1062,completed,7455022
16,3,1063,completed,7455981
16,3,1064,completed,7456940
16,3,1065,completed,7457898
16,3,1066,completed,7459522
16,3,1067,completed,7460939
16,3,1068,completed,7460190
16,3,1069,completed,7461106
16,3,1070,completed,7463064
16,3,1071,completed,7463856
16,3,1072,completed,7464606
16,3,1073,completed,5816985
16,3,1074,completed,5808819
16,3,1075,completed,5815444
16,3,1076,completed,5820319
16,3,1077,completed,5826277
16,3,1078,completed,5831485
16,3,1079,completed,5837402
16,3,1080,completed,5843151
16,3,1081,completed,5848735
16,3,1082,completed,5854443
16,3,1083,completed,5859277
16,3,1084,completed,5864777
16,3,1085,completed,5869068
16,3,1086,completed,5874026
16,3,1087,completed,5879651
16,3,1088,completed,5884609
16,3,1089,completed,6359776
16,3,1090,completed,6356984
16,3,1091,completed,6351733
16,3,1092,completed,6347067
16,3,1093,completed,6342025
16,3,1094,completed,6337734
16,3,1095,completed,6332692
16,3,1096,completed,6328525
16,3,1097,completed,6324151
16,3,1098,completed,6319900
16,3,1099,completed,6315025
16,3,1100,completed,6311026
16,3,1101,completed,6307025
16,3,1102,completed,6302484
16,3,1103,completed,6297692
16,3,1104,completed,6293317
16,3,1105,completed,5881777
16,3,1106,completed,5888527
16,3,1107,completed,5889277
16,3,1108,completed,5889943
16,3,1109,completed,5890985
16,3,1110,completed,5892027
16,3,1111,completed,5893569
16,3,1112,completed,5894818
16,3,1113,completed,5895693
16,3,1114,completed,5897318
16,3,1115,completed,5898526
16,3,1116,completed,5899110
16,3,1117,completed,5900610
16,3,1118,completed,5901734
16,3,1119,completed,5902318
16,3,1120,completed,5903110
16,3,1121,completed,5852985
16,3,1122,completed,5856568
16,3,1123,completed,5857360
16,3,1124,completed,5858443
16,3,1125,completed,5859193
16,3,1126,completed,5860152
16,3,1127,completed,5861235
16,3,1128,completed,5861860
16,3,1129,completed,5862652
16,3,1130,completed,5863568
16,3,1131,completed,5864652
16,3,1132,completed,5865610
16,3,1133,completed,5866360
16,3,1134,completed,5867151
16,3,1135,completed,5868235
16,3,1136,completed,5868735
16,3,1137,completed,6010026
16,3,1138,completed,6017901
16,3,1139,completed,6019610
16,3,1140,completed,6020985
16,3,1141,completed,6022610
16,3,1142,completed,6023651
16,3,1143,completed,6024652
16,3,1144,completed,6026485
16,3,1145,completed,6028359
16,3,1146,completed,6030027
16,3,1147,completed,6031901
16,3,1148,completed,6032776
16,3,1149,completed,6033443
16,3,1150,completed,6034776
16,3,1151,completed,6035485
16,3,1152,completed,6036985
16,3,1153,completed,6065067
16,3,1154,completed,6074109
16,3,1155,completed,6076860
16,3,1156,completed,6079692
16,3,1157,completed,6081859
16,3,1158,completed,6083860
16,3,1159,completed,6086151
16,3,1160,completed,6088693
16,3,1161,completed,6090443
16,3,1162,completed,6093068
16,3,1163,completed,6095443
16,3,1164,completed,6097318
16,3,1165,completed,6106901
16,3,1166,completed,6109485
16,3,1167,completed,6110943
16,3,1168,completed,6112443
16,3,1169,completed,5649027
16,3,1170,completed,5650319
16,3,1171,completed,5650860
16,3,1172,completed,5651236
16,3,1173,completed,5651569
16,3,1174,completed,5651944
16,3,1175,completed,5652152
16,3,1176,completed,5652903
16,3,1177,completed,5653944
16,3,1178,completed,5654694
16,3,1179,completed,5654986
16,3,1180,completed,5655902
16,3,1181,completed,5656027
16,3,1182,completed,5656361
16,3,1183,completed,5656819
16,3,1184,completed,5657527
16,3,1185,completed,6081526
16,3,1186,completed,6082859
16,3,1187,completed,6083651
16,3,1188,completed,6084610
16,3,1189,completed,6085984
16,3,1190,completed,6087110
16,3,1191,completed,6087901
16,3,1192,completed,6089776
16,3,1193,completed,6090901
16,3,1194,completed,6092359
16,3,1195,completed,6093651
16,3,1196,completed,6094818
16,3,1197,completed,6096526
16,3,1198,completed,6098234
16,3,1199,completed,6099318
16,3,1200,completed,6100359
16,3,1201,completed,6016776
16,3,1202,completed,6021693
16,3,1203,completed,6023067
16,3,1204,completed,6024484
16,3,1205,completed,6025985
16,3,1206,completed,6027401
16,3,1207,completed,6029026
16,3,1208,completed,6030401
16,3,1209,completed,6032192
16,3,1210,completed,6033818
16,3,1211,completed,6035609
16,3,1212,completed,6037026
16,3,1213,completed,6038568
16,3,1214,completed,6040151
16,3,1215,completed,6041401
16,3,1216,completed,6042568
16,3,1217,completed,5890985
16,3,1218,completed,5891985
16,3,1219,completed,5892651
16,3,1220,completed,5893319
16,3,1221,completed,5894193
16,3,1222,completed,5894860
16,3,1223,completed,5895943
16,3,1224,completed,5896651
16,3,1225,completed,5897360
16,3,1226,completed,5898193
16,3,1227,completed,5898902
16,3,1228,completed,5899443
16,3,1229,completed,5899944
16,3,1230,completed,5900694
16,3,1231,completed,5901110
16,3,1232,completed,5901943
16,3,1233,completed,5986526
16,3,1234,completed,5991485
16,3,1235,completed,5991943
16,3,1236,completed,5992777
16,3,1237,completed,5993818
16,3,1238,completed,5994527
16,3,1239,completed,5995443
16,3,1240,completed,5996276
16,3,1241,completed,5997068
16,3,1242,completed,5998568
16,3,1243,completed,5999485
16,3,1244,completed,6000235
16,3,1245,completed,6000818
16,3,1246,completed,6009985
16,3,1247,completed,6010693
16,3,1248,completed,6011485
16,3,1249,completed,5992151
16,3,1250,completed,5999318
16,3,1251,completed,6000277
16,3,1252,completed,6000777
16,3,1253,completed,6001777
16,3,1254,completed,6002651
16,3,1255,completed,6003943
16,3,1256,completed,6004984
16,3,1257,completed,6006401
16,3,1258,completed,6007401
16,3,1259,completed,6008151
16,3,1260,completed,6008776
16,3,1261,completed,6009193
16,3,1262,completed,6010401
16,3,1263,completed,6010818
16,3,1264,completed,6011735
16,3,1265,completed,5885527
16,3,1266,completed,5883319
16,3,1267,completed,5883152
16,3,1268,completed,5883651
16,3,1269,completed,5883901
16,3,1270,completed,5884444
16,3,1271,completed,5884735
16,3,1272,completed,5885402
16,3,1273,completed,5885693
16,3,1274,completed,5886235
16,3,1275,completed,5886818
16,3,1276,completed,5887568
16,3,1277,completed,5887859
16,3,1278,completed,5888402
16,3,1279,completed,5888651
16,3,1280,completed,5888818
16,3,1281,completed,5872193
16,3,1282,completed,5879901
16,3,1283,completed,5881818
16,3,1284,completed,5884110
16,3,1285,completed,5886194
16,3,1286,completed,5887818
16,3,1287,completed,5889651
16,3,1288,completed,5891485
16,3,1289,completed,5893402
16,3,1290,completed,5895526
16,3,1291,completed,5898194
16,3,1292,completed,5900277
16,3,1293,completed,5902151
16,3,1294,completed,5904402
16,3,1295,completed,5905943
16,3,1296,completed,5908068
16,3,1297,completed,6051735
16,3,1298,completed,6051859
16,3,1299,completed,6052151
16,3,1300,completed,6052568
16,3,1301,completed,6052859
16,3,1302,completed,6053067
16,3,1303,completed,6053068
16,3,1304,completed,6053401
16,3,1305,completed,6053776
16,3,1306,completed,6054234
16,3,1307,completed,6054943
16,3,1308,completed,6055401
16,3,1309,completed,6055693
16,3,1310,completed,6056151
16,3,1311,completed,6056318
16,3,1312,completed,6056609
16,3,1313,completed,5696943
16,3,1314,completed,5698527
16,3,1315,completed,5699527
16,3,1316,completed,5700360
16,3,1317,completed,5701444
16,3,1318,completed,5702486
16,3,1319,completed,5703235
16,3,1320,completed,5704569
16,3,1321,completed,5705777
16,3,1322,completed,5706860
16,3,1323,completed,5707986
16,3,1324,completed,5709235
16,3,1325,completed,5710194
16,3,1326,completed,5711361
16,3,1327,completed,5712318
16,3,1328,completed,5713235
16,3,1329,completed,5942818
16,3,1330,completed,5952860
16,3,1331,completed,5954443
16,3,1332,completed,5955609
16,3,1333,completed,5956985
16,3,1334,completed,5958151
16,3,1335,completed,5959277
16,3,1336,completed,5960443
16,3,1337,completed,5961526
16,3,1338,completed,5962610
16,3,1339,completed,5964068
16,3,1340,completed,5965443
16,3,1341,completed,5966359
16,3,1342,completed,5967985
16,3,1343,completed,5968693
16,3,1344,completed,5969402
16,3,1345,completed,6248817
16,3,1346,completed,6252109
16,3,1347,completed,6252609
16,3,1348,completed,6253109
16,3,1349,completed,6253692
16,3,1350,completed,6253900
16,3,1351,completed,6254817
16,3,1352,completed,6255484
16,3,1353,completed,6256109
16,3,1354,completed,6256692
16,3,1355,completed,6257734
16,3,1356,completed,6258776
16,3,1357,completed,6259359
16,3,1358,completed,6260359
16,3,1359,completed,6260609
16,3,1360,completed,6261025
16,3,1361,completed,6003110
16,3,1362,completed,6009068
16,3,1363,completed,6010860
16,3,1364,completed,6012610
16,3,1365,completed,6014443
16,3,1366,completed,6016360
16,3,1367,completed,6017818
16,3,1368,completed,6019984
16,3,1369,completed,6021485
16,3,1370,completed,6023485
16,3,1371,completed,6025359
16,3,1372,completed,6027359
16,3,1373,completed,6029151
16,3,1374,completed,6030985
16,3,1375,completed,6032776
16,3,1376,completed,6034401
16,3,1377,completed,5978693
16,3,1378,completed,5983276
16,3,1379,completed,5983651
16,3,1380,completed,5984235
16,3,1381,completed,5984652
16,3,1382,completed,5984693
16,3,1383,completed,5984527
16,3,1384,completed,5985360
16,3,1385,completed,5985484
16,3,1386,completed,5986193
16,3,1387,completed,5987151
16,3,1388,completed,5987651
16,3,1389,completed,5988318
16,3,1390,completed,5988860
16,3,1391,completed,5988943
16,3,1392,completed,5988943
16,3,1393,completed,5951109
16,3,1394,completed,5958443
16,3,1395,completed,5960610
16,3,1396,completed,5962693
16,3,1397,completed,5964860
16,3,1398,completed,5966443
16,3,1399,completed,5968443
16,3,1400,completed,5970651
16,3,1401,completed,5972235
16,3,1402,completed,5974943
16,3,1403,completed,5977318
16,3,1404,completed,5979234
16,3,1405,completed,5981568
16,3,1406,completed,5983776
16,3,1407,completed,5985485
16,3,1408,completed,5987068
16,3,1409,completed,5683236
16,3,1410,completed,5684569
16,3,1411,completed,5685735
16,3,1412,completed,5686777
16,3,1413,completed,5687861
16,3,1414,completed,5688610
16,3,1415,completed,5689277
16,3,1416,completed,5690361
16,3,1417,completed,5690777
16,3,1418,completed,5706902
16,3,1419,completed,5707652
16,3,1420,completed,5708568
16,3,1421,completed,5709402
16,3,1422,completed,5710110
16,3,1423,completed,5710735
16,3,1424,completed,5711361
16,3,1425,completed,6308984
16,3,1426,completed,6320233
16,3,1427,completed,6322817
16,3,1428,completed,6324692
16,3,1429,completed,6326817
16,3,1430,completed,6328400
16,3,1431,completed,6330108
16,3,1432,completed,6332192
16,3,1433,completed,6333609
16,3,1434,completed,6335817
16,3,1435,completed,6337942
16,3,1436,completed,6340317
16,3,1437,completed,6342234
16,3,1438,completed,6344483
16,3,1439,completed,6346692
16,3,1440,completed,6348483
16,3,1441,completed,5816527
16,3,1442,completed,5816235
16,3,1443,completed,5817110
16,3,1444,completed,5818152
16,3,1445,completed,5819152
16,3,1446,completed,5819777
16,3,1447,completed,5820318
16,3,1448,completed,5821402
16,3,1449,completed,5821901
16,3,1450,completed,5822943
16,3,1451,completed,5823652
16,3,1452,completed,5824402
16,3,1453,completed,5825193
16,3,1454,completed,5826110
16,3,1455,completed,5826735
16,3,1456,completed,5827152
16,3,1457,completed,5490861
16,3,1458,completed,5493611
16,3,1459,completed,5495152
16,3,1460,completed,5496527
16,3,1461,completed,5497902
16,3,1462,completed,5499236
16,3,1463,completed,5500694
16,3,1464,completed,5503111
16,3,1465,completed,5504361
16,3,1466,completed,5506152
16,3,1467,completed,5507652
16,3,1468,completed,5509111
16,3,1469,completed,5510611
16,3,1470,completed,5512110
16,3,1471,completed,5513611
16,3,1472,completed,5514652
16,3,1473,completed,6462234
16,3,1474,completed,6462025
16,3,1475,completed,6462317
16,3,1476,completed,6462900
16,3,1477,completed,6463317
16,3,1478,completed,6463608
16,3,1479,completed,6463858
16,3,1480,completed,6464358
16,3,1481,completed,6464525
16,3,1482,completed,6464983
16,3,1483,completed,6465233
16,3,1484,completed,6465566
16,3,1485,completed,6465900
16,3,1486,completed,6466275
16,3,1487,completed,6466567
16,3,1488,completed,6466816
16,3,1489,completed,5458486
16,3,1490,completed,5463486
16,3,1491,completed,5465069
16,3,1492,completed,5466861
16,3,1493,completed,5468652
16,3,1494,completed,5470361
16,3,1495,completed,5471820
16,3,1496,completed,5473820
16,3,1497,completed,5475153
16,3,1498,completed,5476736
16,3,1499,completed,5478444
16,3,1500,completed,5480486
16,3,1501,completed,5481986
16,3,1502,completed,5483653
16,3,1503,completed,5485236
16,3,1504,completed,5486528
16,3,1505,completed,6146692
16,3,1506,completed,6149609
16,3,1507,completed,6150692
16,3,1508,completed,6151776
16,3,1509,completed,6152693
16,3,1510,completed,6153651
16,3,1511,completed,6154484
16,3,1512,completed,6155859
16,3,1513,completed,6156776
16,3,1514,completed,6157943
16,3,1515,completed,6159026
16,3,1516,completed,6160068
16,3,1517,completed,6161193
16,3,1518,completed,6162276
16,3,1519,completed,6163318
16,3,1520,completed,6164234
16,3,1521,completed,6096610
16,3,1522,completed,6100901
16,3,1523,completed,6101984
16,3,1524,completed,6102943
16,3,1525,completed,6104151
16,3,1526,completed,6091609
16,3,1527,completed,6092817
16,3,1528,completed,6093859
16,3,1529,completed,6094943
16,3,1530,completed,6096901
16,3,1531,completed,6098151
16,3,1532,completed,6099568
16,3,1533,completed,6100526
16,3,1534,completed,6101859
16,3,1535,completed,6102859
16,3,1536,completed,6103984
16,3,1537,completed,6050610
16,3,1538,completed,6054027
16,3,1539,completed,6054776
16,3,1540,completed,6055568
16,3,1541,completed,6056402
16,3,1542,completed,6056984
16,3,1543,completed,6057777
16,3,1544,completed,6058359
16,3,1545,completed,6058984
16,3,1546,completed,6060276
16,3,1547,completed,6061151
16,3,1548,completed,6061860
16,3,1549,completed,6062485
16,3,1550,completed,6063235
16,3,1551,completed,6063860
16,3,1552,completed,6064401
16,3,1553,completed,5793402
16,3,1554,completed,5800777
16,3,1555,completed,5802611
16,3,1556,completed,5804444
16,3,1557,completed,5806319
16,3,1558,completed,5808027
16,3,1559,completed,5809819
16,3,1560,completed,5811485
16,3,1561,completed,5812902
16,3,1562,completed,5815361
16,3,1563,completed,5817027
16,3,1564,completed,5819194
16,3,1565,completed,5820736
16,3,1566,completed,5822652
16,3,1567,completed,5824110
16,3,1568,completed,5825402
16,3,1569,completed,6113151
16,3,1570,completed,6115901
16,3,1571,completed,6115776
16,3,1572,completed,6115651
16,3,1573,completed,6115734
16,3,1574,completed,6115859
16,3,1575,completed,6115776
16,3,1576,completed,6115943
16,3,1577,completed,6115942
16,3,1578,completed,6116943
16,3,1579,completed,6117109
16,3,1580,completed,6117735
16,3,1581,completed,6117818
16,3,1582,completed,6118192
16,3,1583,completed,6118276
16,3,1584,completed,6118110
16,3,1585,completed,5944443
16,3,1586,completed,5945152
16,3,1587,completed,5945527
16,3,1588,completed,5946110
16,3,1589,completed,5946777
16,3,1590,completed,5947610
16,3,1591,completed,5948568
16,3,1592,completed,5949068
16,3,1593,completed,5949694
16,3,1594,completed,5950901
16,3,1595,completed,5951443
16,3,1596,completed,5952318
16,3,1597,completed,5952902
16,3,1598,completed,5953859
16,3,1599,completed,5954485
16,3,1600,completed,5954651
16,3,1601,completed,6005234
16,3,1602,completed,6010068
16,3,1603,completed,6012193
16,3,1604,completed,6013901
16,3,1605,completed,6015484
16,3,1606,completed,6017401
16,3,1607,completed,6019151
16,3,1608,completed,6021235
16,3,1609,completed,6022859
16,3,1610,completed,6025526
16,3,1611,completed,6027235
16,3,1612,completed,6029276
16,3,1613,completed,6030902
16,3,1614,completed,6032902
16,3,1615,completed,6034734
16,3,1616,completed,6036359
16,3,1617,completed,5935068
16,3,1618,completed,5935943
16,3,1619,completed,5936443
16,3,1620,completed,5936901
16,3,1621,completed,5937651
16,3,1622,completed,5938276
16,3,1623,completed,5938818
16,3,1624,completed,5939318
16,3,1625,completed,5939859
16,3,1626,completed,5940943
16,3,1627,completed,5941526
16,3,1628,completed,5942193
16,3,1629,completed,5942693
16,3,1630,completed,5943360
16,3,1631,completed,5943860
16,3,1632,completed,5944360
16,3,1633,completed,5961484
16,3,1634,completed,5963985
16,3,1635,completed,5964568
16,3,1636,completed,5965318
16,3,1637,completed,5966151
16,3,1638,completed,5966985
16,3,1639,completed,5967652
16,3,1640,completed,5968568
16,3,1641,completed,5969443
16,3,1642,completed,5971068
16,3,1643,completed,5971943
16,3,1644,completed,5972943
16,3,1645,completed,5973735
16,3,1646,completed,5974651
16,3,1647,completed,5975484
16,3,1648,completed,5976276
16,3,1649,completed,5983651
16,3,1650,completed,5986401
16,3,1651,completed,5986776
16,3,1652,completed,5987068
16,3,1653,completed,5987318
16,3,1654,completed,5987776
16,3,1655,completed,5988235
16,3,1656,completed,5988693
16,3,1657,completed,5989068
16,3,1658,completed,5990318
16,3,1659,completed,5990818
16,3,1660,completed,5991526
16,3,1661,completed,5991902
16,3,1662,completed,5992526
16,3,1663,completed,5992943
16,3,1664,completed,5993026
16,3,1665,completed,5937485
16,3,1666,completed,5939026
16,3,1667,completed,5939943
16,3,1668,completed,5940443
16,3,1669,completed,5941359
16,3,1670,completed,5942860
16,3,1671,completed,5944152
16,3,1672,completed,5945693
16,3,1673,completed,5947110
16,3,1674,completed,5948902
16,3,1675,completed,5950526
16,3,1676,completed,5951860
16,3,1677,completed,5953568
16,3,1678,completed,5955152
16,3,1679,completed,5956109
16,3,1680,completed,5957610
16,3,1681,completed,6046693
16,3,1682,completed,6053026
16,3,1683,completed,6054360
16,3,1684,completed,6055609
16,3,1685,completed,6057110
16,3,1686,completed,6058776
16,3,1687,completed,6059860
16,3,1688,completed,6061818
16,3,1689,completed,6063026
16,3,1690,completed,6064818
16,3,1691,completed,6066442
16,3,1692,completed,6067735
16,3,1693,completed,6069442
16,3,1694,completed,6070818
16,3,1695,completed,6071568
16,3,1696,completed,6072818
16,3,1697,completed,5916735
16,3,1698,completed,5917318
16,3,1699,completed,5917944
16,3,1700,completed,5918401
16,3,1701,completed,5919026
16,3,1702,completed,5919693
16,3,1703,completed,5920068
16,3,1704,completed,5920568
16,3,1705,completed,5921027
16,3,1706,completed,5921860
16,3,1707,completed,5922484
16,3,1708,completed,5923026
16,3,1709,completed,5923527
16,3,1710,completed,5923859
16,3,1711,completed,5924277
16,3,1712,completed,5924860
16,3,1713,completed,5639361
16,3,1714,completed,5641444
16,3,1715,completed,5642361
16,3,1716,completed,5643069
16,3,1717,completed,5643903
16,3,1718,completed,5644694
16,3,1719,completed,5645402
16,3,1720,completed,5646194
16,3,1721,completed,5646985
16,3,1722,completed,5648027
16,3,1723,completed,5649028
16,3,1724,completed,5650152
16,3,1725,completed,5650861
16,3,1726,completed,5651652
16,3,1727,completed,5652361
16,3,1728,completed,5653152
16,3,1729,completed,6276193
16,3,1730,completed,6282525
16,3,1731,completed,6283776
16,3,1732,completed,6284192
16,3,1733,completed,6285275
16,3,1734,completed,6285901
16,3,1735,completed,6287109
16,3,1736,completed,6287859
16,3,1737,completed,6288692
16,3,1738,completed,6290108
16,3,1739,completed,6291317
16,3,1740,completed,6292567
16,3,1741,completed,6293484
16,3,1742,completed,6294775
16,3,1743,completed,6295233
16,3,1744,completed,6295900
16,3,1745,completed,5528361
16,3,1746,completed,5530069
16,3,1747,completed,5530861
16,3,1748,completed,5531445
16,3,1749,completed,5532236
16,3,1750,completed,5533402
16,3,1751,completed,5534111
16,3,1752,completed,5534903
16,3,1753,completed,5535611
16,3,1754,completed,5536778
16,3,1755,completed,5537445
16,3,1756,completed,5538611
16,3,1757,completed,5539569
16,3,1758,completed,5541361
16,3,1759,completed,5542027
16,3,1760,completed,5542861
16,3,1761,completed,6578399
16,3,1762,completed,6577441
16,3,1763,completed,6578316
16,3,1764,completed,6579233
16,3,1765,completed,6580483
16,3,1766,completed,6581692
16,3,1767,completed,6581900
16,3,1768,completed,6582983
16,3,1769,completed,6583858
16,3,1770,completed,6584733
16,3,1771,completed,6585567
16,3,1772,completed,6586400
16,3,1773,completed,6586983
16,3,1774,completed,6587650
16,3,1775,completed,6588275
16,3,1776,completed,6589358
16,3,1777,completed,5932860
16,3,1778,completed,5943151
16,3,1779,completed,5945443
16,3,1780,completed,5947110
16,3,1781,completed,5949151
16,3,1782,completed,5951318
16,3,1783,completed,5953401
16,3,1784,completed,5956152
16,3,1785,completed,5958110
16,3,1786,completed,5960360
16,3,1787,completed,5962526
16,3,1788,completed,5964777
16,3,1789,completed,5966359
16,3,1790,completed,5968985
16,3,1791,completed,5970359
16,3,1792,completed,5972276
16,3,1793,completed,5844527
16,3,1794,completed,5847235
16,3,1795,completed,5848568
16,3,1796,completed,5849693
16,3,1797,completed,5851235
16,3,1798,completed,5852735
16,3,1799,completed,5854027
16,3,1800,completed,5855401
16,3,1801,completed,5856277
16,3,1802,completed,5858110
16,3,1803,completed,5859402
16,3,1804,completed,5860860
16,3,1805,completed,5861943
16,3,1806,completed,5863068
16,3,1807,completed,5863943
16,3,1808,completed,5865193
16,3,1809,completed,6006610
16,3,1810,completed,6012277
16,3,1811,completed,6012818
16,3,1812,completed,6012776
16,3,1813,completed,6013568
16,3,1814,completed,6013985
16,3,1815,completed,6014276
16,3,1816,completed,6014818
16,3,1817,completed,6014943
16,3,1818,completed,6015735
16,3,1819,completed,6016443
16,3,1820,completed,6016777
16,3,1821,completed,6016984
16,3,1822,completed,6016985
16,3,1823,completed,6016943
16,3,1824,completed,6017901
16,3,1825,completed,6104359
16,3,1826,completed,6114401
16,3,1827,completed,6115443
16,3,1828,completed,6116692
16,3,1829,completed,6117526
16,3,1830,completed,6118359
16,3,1831,completed,6119609
16,3,1832,completed,6120776
16,3,1833,completed,6122192
16,3,1834,completed,6123567
16,3,1835,completed,6124026
16,3,1836,completed,6125109
16,3,1837,completed,6125776
16,3,1838,completed,6126984
16,3,1839,completed,6127859
16,3,1840,completed,6129443
16,3,1841,completed,7740022
16,3,1842,completed,7666897
16,3,1843,completed,7653230
16,3,1844,completed,7644522
16,3,1845,completed,7633022
16,3,1846,completed,7624398
16,3,1847,completed,7617356
16,3,1848,completed,7617522
16,3,1849,completed,7618231
16,3,1850,completed,7619731
16,3,1851,completed,7620398
16,3,1852,completed,7621439
16,3,1853,completed,7622439
16,3,1854,completed,7623106
16,3,1855,completed,7623981
16,3,1856,completed,7624855
16,3,1857,completed,5420445
16,3,1858,completed,5439444
16,3,1859,completed,5440528
16,3,1860,completed,5441403
16,3,1861,completed,5440362
16,3,1862,completed,5441278
16,3,1863,completed,5442278
16,3,1864,completed,5442487
16,3,1865,completed,5443153
16,3,1866,completed,5444362
16,3,1867,completed,5444987
16,3,1868,completed,5446111
16,3,1869,completed,5440111
16,3,1870,completed,5440903
16,3,1871,completed,5441611
16,3,1872,completed,5442194
16,3,1873,completed,6416150
16,3,1874,completed,6426234
16,3,1875,completed,6427400
16,3,1876,completed,6428692
16,3,1877,completed,6430275
16,3,1878,completed,6432192
16,3,1879,completed,6433401
16,3,1880,completed,6434108
16,3,1881,completed,6434817
16,3,1882,completed,6436401
16,3,1883,completed,6437234
16,3,1884,completed,6438942
16,3,1885,completed,6440192
16,3,1886,completed,6441192
16,3,1887,completed,6442525
16,3,1888,completed,6443609
16,3,1889,completed,5955610
16,3,1890,completed,5965360
16,3,1891,completed,5966068
16,3,1892,completed,5966776
16,3,1893,completed,5967568
16,3,1894,completed,5968526
16,3,1895,completed,5968985
16,3,1896,completed,5969318
16,3,1897,completed,5969651
16,3,1898,completed,5970651
16,3,1899,completed,5970985
16,3,1900,completed,5971860
16,3,1901,completed,5972734
16,3,1902,completed,5973735
16,3,1903,completed,5974443
16,3,1904,completed,5974818
16,3,1905,completed,5975818
16,3,1906,completed,5997818
16,3,1907,completed,5999943
16,3,1908,completed,6001818
16,3,1909,completed,6004068
16,3,1910,completed,6006360
16,3,1911,completed,6008443
16,3,1912,completed,6009901
16,3,1913,completed,6011568
16,3,1914,completed,6013943
16,3,1915,completed,6015401
16,3,1916,completed,6017693
16,3,1917,completed,6019735
16,3,1918,completed,6021484
16,3,1919,completed,6023484
16,3,1920,completed,6025401
16,3,1921,completed,5881318
16,3,1922,completed,5882985
16,3,1923,completed,5884235
16,3,1924,completed,5885402
16,3,1925,completed,5886735
16,3,1926,completed,5888402
16,3,1927,completed,5889526
16,3,1928,completed,5890443
16,3,1929,completed,5891443
16,3,1930,completed,5892652
16,3,1931,completed,5893652
16,3,1932,completed,5894818
16,3,1933,completed,5896235
16,3,1934,completed,5897360
16,3,1935,completed,5898527
16,3,1936,completed,5899485
16,3,1937,completed,5916652
16,3,1938,completed,5914610
16,3,1939,completed,5914569
16,3,1940,completed,5914194
16,3,1941,completed,5914194
16,3,1942,completed,5914068
16,3,1943,completed,5913818
16,3,1944,completed,5913652
16,3,1945,completed,5913526
16,3,1946,completed,5913485
16,3,1947,completed,5913360
16,3,1948,completed,5913318
16,3,1949,completed,5913235
16,3,1950,completed,5913360
16,3,1951,completed,5913610
16,3,1952,completed,5913443
16,3,1953,completed,6036693
16,3,1954,completed,6052026
16,3,1955,completed,6053609
16,3,1956,completed,6055026
16,3,1957,completed,6057067
16,3,1958,completed,6058526
16,3,1959,completed,6060110
16,3,1960,completed,6061693
16,3,1961,completed,6063234
16,3,1962,completed,6065068
16,3,1963,completed,6066526
16,3,1964,completed,6068360
16,3,1965,completed,6070193
16,3,1966,completed,6071985
16,3,1967,completed,6073985
16,3,1968,completed,6075443
16,3,1969,completed,5840235
16,3,1970,completed,5839401
16,3,1971,completed,5839527
16,3,1972,completed,5839318
16,3,1973,completed,5839277
16,3,1974,completed,5839444
16,3,1975,completed,5839485
16,3,1976,completed,5839360
16,3,1977,completed,5839277
16,3,1978,completed,5839318
16,3,1979,completed,5839360
16,3,1980,completed,5839402
16,3,1981,completed,5839360
16,3,1982,completed,5839526
16,3,1983,completed,5839569
16,3,1984,completed,5839485
16,3,1985,completed,6119109
16,3,1986,completed,6130776
16,3,1987,completed,6131942
16,3,1988,completed,6132276
16,3,1989,completed,6133276
16,3,1990,completed,6134068
16,3,1991,completed,6134609
16,3,1992,completed,6135067
16,3,1993,completed,6135485
16,3,1994,completed,6136443
16,3,1995,completed,6136860
16,3,1996,completed,6137818
16,3,1997,completed,6138568
16,3,1998,completed,6139318
16,3,1999,completed,6140151
16,3,2000,completed,6140651
16,3,2001,completed,5969777
16,3,2002,completed,5972735
16,3,2003,completed,5973776
16,3,2004,completed,5974693
16,3,2005,completed,5975943
16,3,2006,completed,5976902
16,3,2007,completed,5977735
16,3,2008,completed,5978485
16,3,2009,completed,5979526
16,3,2010,completed,5980526
16,3,2011,completed,5981276
16,3,2012,completed,5982235
16,3,2013,completed,5983068
16,3,2014,completed,5983859
16,3,2015,completed,5984818
16,3,2016,completed,5985485
16,3,2017,completed,5801902
16,3,2018,completed,5796860
16,3,2019,completed,5797026
16,3,2020,completed,5796735
16,3,2021,completed,5796985
16,3,2022,completed,5797443
16,3,2023,completed,5796776
16,3,2024,completed,5797110
16,3,2025,completed,5797485
16,3,2026,completed,5797860
16,3,2027,completed,5797943
16,3,2028,completed,5793277
16,3,2029,completed,5793443
16,3,2030,completed,5793610
16,3,2031,completed,5793860
16,3,2032,completed,5768818
16,3,2033,completed,5993568
16,3,2034,completed,6009984
16,3,2035,completed,6011568
16,3,2036,completed,6013193
16,3,2037,completed,6015318
16,3,2038,completed,6017527
16,3,2039,completed,6019318
16,3,2040,completed,6020735
16,3,2041,completed,6022234
16,3,2042,completed,6024359
16,3,2043,completed,6025734
16,3,2044,completed,6027777
16,3,2045,completed,6029568
16,3,2046,completed,6031193
16,3,2047,completed,6033276
16,3,2048,completed,6034609
16,3,2049,completed,5919818
16,3,2050,completed,5918109
16,3,2051,completed,5918651
16,3,2052,completed,5919193
16,3,2053,completed,5920319
16,3,2054,completed,5920860
16,3,2055,completed,5921360
16,3,2056,completed,5921860
16,3,2057,completed,5922319
16,3,2058,completed,5922944
16,3,2059,completed,5923360
16,3,2060,completed,5923943
16,3,2061,completed,5924735
16,3,2062,completed,5925360
16,3,2063,completed,5926319
16,3,2064,completed,5926777
16,3,2065,completed,7071440
16,3,2066,completed,7069232
16,3,2067,completed,7069690
16,3,2068,completed,7070107
16,3,2069,completed,7070190
16,3,2070,completed,7070440
16,3,2071,completed,7070690
16,3,2072,completed,7071357
16,3,2073,completed,7072023
16,3,2074,completed,7072565
16,3,2075,completed,7073024
16,3,2076,completed,7074107
16,3,2077,completed,7074482
16,3,2078,completed,7074815
16,3,2079,completed,7075231
16,3,2080,completed,7076231
16,3,2081,completed,5895444
16,3,2082,completed,5901360
16,3,2083,completed,5903402
16,3,2084,completed,5904985
16,3,2085,completed,5906610
16,3,2086,completed,5908610
16,3,2087,completed,5910068
16,3,2088,completed,5911651
16,3,2089,completed,5913610
16,3,2090,completed,5915610
16,3,2091,completed,5917235
16,3,2092,completed,5918693
16,3,2093,completed,5920651
16,3,2094,completed,5922402
16,3,2095,completed,5923860
16,3,2096,completed,5925568
16,3,2097,completed,6017485
16,3,2098,completed,6023234
16,3,2099,completed,6024818
16,3,2100,completed,6026151
16,3,2101,completed,6027318
16,3,2102,completed,6028984
16,3,2103,completed,6030234
16,3,2104,completed,6031567
16,3,2105,completed,6033068
16,3,2106,completed,6034776
16,3,2107,completed,6035152
16,3,2108,completed,6035068
16,3,2109,completed,6035277
16,3,2110,completed,6035568
16,3,2111,completed,6035568
16,3,2112,completed,6035610
16,3,2113,completed,5689277
16,3,2114,completed,5694819
16,3,2115,completed,5695486
16,3,2116,completed,5696319
16,3,2117,completed,5697361
16,3,2118,completed,5698235
16,3,2119,completed,5698777
16,3,2120,completed,5699194
16,3,2121,completed,5700069
16,3,2122,completed,5700819
16,3,2123,completed,5701568
16,3,2124,completed,5701902
16,3,2125,completed,5702861
16,3,2126,completed,5703610
16,3,2127,completed,5704111
16,3,2128,completed,5704444
16,3,2129,completed,6164609
16,3,2130,completed,6172484
16,3,2131,completed,6174568
16,3,2132,completed,6176651
16,3,2133,completed,6178610
16,3,2134,completed,6180901
16,3,2135,completed,6182526
16,3,2136,completed,6184151
16,3,2137,completed,6186234
16,3,2138,completed,6188275
16,3,2139,completed,6190359
16,3,2140,completed,6191901
16,3,2141,completed,6194359
16,3,2142,completed,6196401
16,3,2143,completed,6197942
16,3,2144,completed,6199568
16,3,2145,completed,5310278
16,3,2146,completed,5307445
16,3,2147,completed,5307445
16,3,2148,completed,5307653
16,3,2149,completed,5307570
16,3,2150,completed,5307862
16,3,2151,completed,5307736
16,3,2152,completed,5307695
16,3,2153,completed,5307819
16,3,2154,completed,5307987
16,3,2155,completed,5308070
16,3,2156,completed,5308028
16,3,2157,completed,5308320
16,3,2158,completed,5308486
16,3,2159,completed,5308694
16,3,2160,completed,5308862
16,3,2161,completed,6535109
16,3,2162,completed,6540067
16,3,2163,completed,6540567
16,3,2164,completed,6541442
16,3,2165,completed,6542233
16,3,2166,completed,6542983
16,3,2167,completed,6543525
16,3,2168,completed,6543775
16,3,2169,completed,6544442
16,3,2170,completed,6545109
16,3,2171,completed,6545775
16,3,2172,completed,6546067
16,3,2173,completed,6546858
16,3,2174,completed,6547691
16,3,2175,completed,6548067
16,3,2176,completed,6548400
16,3,2177,completed,6018693
16,3,2178,completed,6019901
16,3,2179,completed,6021026
16,3,2180,completed,6022068
16,3,2181,completed,6022735
16,3,2182,completed,6024068
16,3,2183,completed,6024734
16,3,2184,completed,6025234
16,3,2185,completed,6025943
16,3,2186,completed,6026526
16,3,2187,completed,6027235
16,3,2188,completed,6027693
16,3,2189,completed,6028401
16,3,2190,completed,6029067
16,3,2191,completed,6029693
16,3,2192,completed,6030276
16,3,2193,completed,5747402
16,3,2194,completed,5749110
16,3,2195,completed,5749568
16,3,2196,completed,5749986
16,3,2197,completed,5750527
16,3,2198,completed,5751027
16,3,2199,completed,5751360
16,3,2200,completed,5751985
16,3,2201,completed,5752610
16,3,2202,completed,5753193
16,3,2203,completed,5753861
16,3,2204,completed,5754361
16,3,2205,completed,5755069
16,3,2206,completed,5755777
16,3,2207,completed,5756318
16,3,2208,completed,5757152
16,3,2209,completed,7374481
16,3,2210,completed,7383440
16,3,2211,completed,7384564
16,3,2212,completed,7385231
16,3,2213,completed,7386272
16,3,2214,completed,7387606
16,3,2215,completed,7389064
16,3,2216,completed,7389689
16,3,2217,completed,7391106
16,3,2218,completed,7391773
16,3,2219,completed,7392398
16,3,2220,completed,7393773
16,3,2221,completed,7395439
16,3,2222,completed,7396064
16,3,2223,completed,7397189
16,3,2224,completed,7398606
16,3,2225,completed,5862693
16,3,2226,completed,5864985
16,3,2227,completed,5866402
16,3,2228,completed,5867902
16,3,2229,completed,5869485
16,3,2230,completed,5871027
16,3,2231,completed,5872485
16,3,2232,completed,5874401
16,3,2233,completed,5876027
16,3,2234,completed,5877735
16,3,2235,completed,5879443
16,3,2236,completed,5880819
16,3,2237,completed,5882610
16,3,2238,completed,5884027
16,3,2239,completed,5885693
16,3,2240,completed,5887402
16,3,2241,completed,5887235
16,3,2242,completed,5887610
16,3,2243,completed,5887693
16,3,2244,completed,5887652
16,3,2245,completed,5887818
16,3,2246,completed,5887777
16,3,2247,completed,5887984
16,3,2248,completed,5888068
16,3,2249,completed,5888235
16,3,2250,completed,5888359
16,3,2251,completed,5888318
16,3,2252,completed,5888401
16,3,2253,completed,5888318
16,3,2254,completed,5888151
16,3,2255,completed,5888234
16,3,2256,completed,5888318
16,3,2257,completed,5941444
16,3,2258,completed,5943402
16,3,2259,completed,5943860
16,3,2260,completed,5944360
16,3,2261,completed,5945193
16,3,2262,completed,5945776
16,3,2263,completed,5946693
16,3,2264,completed,5947359
16,3,2265,completed,5948109
16,3,2266,completed,5948776
16,3,2267,completed,5949693
16,3,2268,completed,5950402
16,3,2269,completed,5951027
16,3,2270,completed,5951818
16,3,2271,completed,5974026
16,3,2272,completed,5974734
16,3,2273,completed,5935526
16,3,2274,completed,5935819
16,3,2275,completed,5936068
16,3,2276,completed,5936693
16,3,2277,completed,5937027
16,3,2278,completed,5937485
16,3,2279,completed,5937860
16,3,2280,completed,5938235
16,3,2281,completed,5938735
16,3,2282,completed,5939110
16,3,2283,completed,5939568
16,3,2284,completed,5939985
16,3,2285,completed,5940360
16,3,2286,completed,5940818
16,3,2287,completed,5941360
16,3,2288,completed,5941734
16,3,2289,completed,6087985
16,3,2290,completed,6095318
16,3,2291,completed,6095859
16,3,2292,completed,6096860
16,3,2293,completed,6097818
16,3,2294,completed,6098901
16,3,2295,completed,6100026
16,3,2296,completed,6100526
16,3,2297,completed,6101568
16,3,2298,completed,6102110
16,3,2299,completed,6102776
16,3,2300,completed,6103818
16,3,2301,completed,6104151
16,3,2302,completed,6105276
16,3,2303,completed,6106151
16,3,2304,completed,6106401
16,3,2305,completed,5916443
16,3,2306,completed,5918902
16,3,2307,completed,5919485
16,3,2308,completed,5920526
16,3,2309,completed,5921651
16,3,2310,completed,5922735
16,3,2311,completed,5923860
16,3,2312,completed,5924652
16,3,2313,completed,5925819
16,3,2314,completed,5926610
16,3,2315,completed,5927526
16,3,2316,completed,5928401
16,3,2317,completed,5929151
16,3,2318,completed,5930110
16,3,2319,completed,5931027
16,3,2320,completed,5931860
16,3,2321,completed,6017235
16,3,2322,completed,6018776
16,3,2323,completed,6019109
16,3,2324,completed,6019401
16,3,2325,completed,6019985
16,3,2326,completed,6020693
16,3,2327,completed,6021068
16,3,2328,completed,6021401
16,3,2329,completed,6021859
16,3,2330,completed,6022276
16,3,2331,completed,6022735
16,3,2332,completed,6023193
16,3,2333,completed,6023568
16,3,2334,completed,6024026
16,3,2335,completed,6024526
16,3,2336,completed,6024818
16,3,2337,completed,5917401
16,3,2338,completed,5924194
16,3,2339,completed,5924443
16,3,2340,completed,5925152
16,3,2341,completed,5925943
16,3,2342,completed,5926568
16,3,2343,completed,5927402
16,3,2344,completed,5927735
16,3,2345,completed,5928569
16,3,2346,completed,5928902
16,3,2347,completed,5929777
16,3,2348,completed,5930360
16,3,2349,completed,5930693
16,3,2350,completed,5932027
16,3,2351,completed,5933235
16,3,2352,completed,5933651
16,3,2353,completed,5990443
16,3,2354,completed,5991110
16,3,2355,completed,5992151
16,3,2356,completed,5993318
16,3,2357,completed,5994193
16,3,2358,completed,5995359
16,3,2359,completed,5996735
16,3,2360,completed,5997651
16,3,2361,completed,5998735
16,3,2362,completed,5999818
16,3,2363,completed,6000818
16,3,2364,completed,6001568
16,3,2365,completed,6002610
16,3,2366,completed,6003568
16,3,2367,completed,6004693
16,3,2368,completed,6005610
16,3,2369,completed,5991735
16,3,2370,completed,5992109
16,3,2371,completed,5992985
16,3,2372,completed,5993693
16,3,2373,completed,5994277
16,3,2374,completed,5994776
16,3,2375,completed,5995234
16,3,2376,completed,5995902
16,3,2377,completed,5996568
16,3,2378,completed,5996943
16,3,2379,completed,5997401
16,3,2380,completed,5997859
16,3,2381,completed,5998068
16,3,2382,completed,5998776
16,3,2383,completed,5999068
16,3,2384,completed,5999360
16,3,2385,completed,5894694
16,3,2386,completed,5900860
16,3,2387,completed,5901693
16,3,2388,completed,5902569
16,3,2389,completed,5903443
16,3,2390,completed,5904152
16,3,2391,completed,5905068
16,3,2392,completed,5906277
16,3,2393,completed,5907276
16,3,2394,completed,5908193
16,3,2395,completed,5909194
16,3,2396,completed,5909610
16,3,2397,completed,5910985
16,3,2398,completed,5911360
16,3,2399,completed,5912568
16,3,2400,completed,5903484
16,3,2401,completed,5973777
16,3,2402,completed,5972693
16,3,2403,completed,5973235
16,3,2404,completed,5974276
16,3,2405,completed,5975027
16,3,2406,completed,5975776
16,3,2407,completed,5976943
16,3,2408,completed,5977776
16,3,2409,completed,5978568
16,3,2410,completed,5979610
16,3,2411,completed,5980276
16,3,2412,completed,5980984
16,3,2413,completed,5981693
16,3,2414,completed,5982526
16,3,2415,completed,5983402
16,3,2416,completed,5984068
16,3,2417,completed,5965734
16,3,2418,completed,5966609
16,3,2419,completed,5967026
16,3,2420,completed,5967068
16,3,2421,completed,5967443
16,3,2422,completed,5967901
16,3,2423,completed,5968401
16,3,2424,completed,5968777
16,3,2425,completed,5969568
16,3,2426,completed,5969901
16,3,2427,completed,5970443
16,3,2428,completed,5970901
16,3,2429,completed,5971235
16,3,2430,completed,5971735
16,3,2431,completed,5972276
16,3,2432,completed,5972568
16,3,2433,completed,5966068
16,3,2434,completed,5968484
16,3,2435,completed,5969443
16,3,2436,completed,5970485
16,3,2437,completed,5971360
16,3,2438,completed,5972485
16,3,2439,completed,5973402
16,3,2440,completed,5974318
16,3,2441,completed,5975151
16,3,2442,completed,5976151
16,3,2443,completed,5976985
16,3,2444,completed,5977777
16,3,2445,completed,5978902
16,3,2446,completed,5979693
16,3,2447,completed,5980651
16,3,2448,completed,5981402
16,3,2449,completed,5671361
16,3,2450,completed,5673236
16,3,2451,completed,5673569
16,3,2452,completed,5674111
16,3,2453,completed,5674735
16,3,2454,completed,5674944
16,3,2455,completed,5675444
16,3,2456,completed,5676027
16,3,2457,completed,5676652
16,3,2458,completed,5677403
16,3,2459,completed,5678027
16,3,2460,completed,5678486
16,3,2461,completed,5679027
16,3,2462,completed,5679444
16,3,2463,completed,5680153
16,3,2464,completed,5680569
16,3,2465,completed,6414984
16,3,2466,completed,6418650
16,3,2467,completed,6419984
16,3,2468,completed,6421608
16,3,2469,completed,6423150
16,3,2470,completed,6424734
16,3,2471,completed,6426233
16,3,2472,completed,6427859
16,3,2473,completed,6429484
16,3,2474,completed,6431109
16,3,2475,completed,6432609
16,3,2476,completed,6433983
16,3,2477,completed,6435484
16,3,2478,completed,6436984
16,3,2479,completed,6438483
16,3,2480,completed,6440025
16,3,2481,completed,5874735
16,3,2482,completed,5876443
16,3,2483,completed,5876651
16,3,2484,completed,5876944
16,3,2485,completed,5877068
16,3,2486,completed,5877443
16,3,2487,completed,5877860
16,3,2488,completed,5878276
16,3,2489,completed,5878735
16,3,2490,completed,5879193
16,3,2491,completed,5879819
16,3,2492,completed,5880152
16,3,2493,completed,5880485
16,3,2494,completed,5880693
16,3,2495,completed,5881276
16,3,2496,completed,5881360
16,3,2497,completed,5923401
16,3,2498,completed,5924568
16,3,2499,completed,5925027
16,3,2500,completed,5925818
16,3,2501,completed,5926443
16,3,2502,completed,5927026
16,3,2503,completed,5927610
16,3,2504,completed,5928277
16,3,2505,completed,5928652
16,3,2506,completed,5929360
16,3,2507,completed,5929985
16,3,2508,completed,5930485
16,3,2509,completed,5931026
16,3,2510,completed,5931485
16,3,2511,completed,5932110
16,3,2512,completed,5932526
16,3,2513,completed,6086859
16,3,2514,completed,6096151
16,3,2515,completed,6096734
16,3,2516,completed,6105151
16,3,2517,completed,6106692
16,3,2518,completed,6107859
16,3,2519,completed,6109192
16,3,2520,completed,6110526
16,3,2521,completed,6122068
16,3,2522,completed,6123984
16,3,2523,completed,6125110
16,3,2524,completed,6125693
16,3,2525,completed,6127110
16,3,2526,completed,6127609
16,3,2527,completed,6128860
16,3,2528,completed,6129360
16,3,2529,completed,5938402
16,3,2530,completed,5936110
16,3,2531,completed,5936360
16,3,2532,completed,5937068
16,3,2533,completed,5937693
16,3,2534,completed,5938235
16,3,2535,completed,5938569
16,3,2536,completed,5939151
16,3,2537,completed,5939735
16,3,2538,completed,5940444
16,3,2539,completed,5941319
16,3,2540,completed,5941735
16,3,2541,completed,5942319
16,3,2542,completed,5942694
16,3,2543,completed,5943402
16,3,2544,completed,5943776
16,3,2545,completed,5717110
16,3,2546,completed,5719819
16,3,2547,completed,5720902
16,3,2548,completed,5721902
16,3,2549,completed,5723736
16,3,2550,completed,5724985
16,3,2551,completed,5726277
16,3,2552,completed,5727443
16,3,2553,completed,5728777
16,3,2554,completed,5730069
16,3,2555,completed,5731152
16,3,2556,completed,5732319
16,3,2557,completed,5733527
16,3,2558,completed,5734569
16,3,2559,completed,5735985
16,3,2560,completed,5736860
16,3,2561,completed,6098568
16,3,2562,completed,6101652
16,3,2563,completed,6102318
16,3,2564,completed,6102651
16,3,2565,completed,6103360
16,3,2566,completed,6103859
16,3,2567,completed,6104318
16,3,2568,completed,6104693
16,3,2569,completed,6105234
16,3,2570,completed,6105735
16,3,2571,completed,6105776
16,3,2572,completed,6106151
16,3,2573,completed,6106526
16,3,2574,completed,6106609
16,3,2575,completed,6107151
16,3,2576,completed,6107109
16,3,2577,completed,5999360
16,3,2578,completed,6003068
16,3,2579,completed,6004152
16,3,2580,completed,6004901
16,3,2581,completed,6006526
16,3,2582,completed,6007485
16,3,2583,completed,6008276
16,3,2584,completed,6009026
16,3,2585,completed,6010151
16,3,2586,completed,6011527
16,3,2587,completed,6012193
16,3,2588,completed,6013276
16,3,2589,completed,6014027
16,3,2590,completed,6014651
16,3,2591,completed,6015985
16,3,2592,completed,6016818
16,3,2593,completed,5951568
16,3,2594,completed,5951068
16,3,2595,completed,5952026
16,3,2596,completed,5952777
16,3,2597,completed,5953818
16,3,2598,completed,5954652
16,3,2599,completed,5955443
16,3,2600,completed,5956193
16,3,2601,completed,5957068
16,3,2602,completed,5957984
16,3,2603,completed,5958693
16,3,2604,completed,5959485
16,3,2605,completed,5960276
16,3,2606,completed,5960985
16,3,2607,completed,5961735
16,3,2608,completed,5962568
16,3,2609,completed,5981026
16,3,2610,completed,5985693
16,3,2611,completed,5986943
16,3,2612,completed,5987818
16,3,2613,completed,5988985
16,3,2614,completed,5990026
16,3,2615,completed,5991110
16,3,2616,completed,5992234
16,3,2617,completed,5993693
16,3,2618,completed,5994610
16,3,2619,completed,5996026
16,3,2620,completed,5997776
16,3,2621,completed,5998776
16,3,2622,completed,6000026
16,3,2623,completed,6001110
16,3,2624,completed,6001734
16,3,2625,completed,5438695
16,3,2626,completed,5437319
16,3,2627,completed,5437070
16,3,2628,completed,5437278
16,3,2629,completed,5437736
16,3,2630,completed,5437819
16,3,2631,completed,5438236
16,3,2632,completed,5438361
16,3,2633,completed,5438778
16,3,2634,completed,5438944
16,3,2635,completed,5439028
16,3,2636,completed,5439194
16,3,2637,completed,5439277
16,3,2638,completed,5439278
16,3,2639,completed,5439611
16,3,2640,completed,5439944
16,3,2641,completed,6471150
16,3,2642,completed,6475150
16,3,2643,completed,6476484
16,3,2644,completed,6477858
16,3,2645,completed,6479359
16,3,2646,completed,6481025
16,3,2647,completed,6482358
16,3,2648,completed,6483942
16,3,2649,completed,6485734
16,3,2650,completed,6487441
16,3,2651,completed,6488983
16,3,2652,completed,6490900
16,3,2653,completed,6492609
16,3,2654,completed,6494191
16,3,2655,completed,6495900
16,3,2656,completed,6497483
16,3,2657,completed,5992859
16,3,2658,completed,5995360
16,3,2659,completed,5996443
16,3,2660,completed,5997484
16,3,2661,completed,5998568
16,3,2662,completed,5999610
16,3,2663,completed,6000651
16,3,2664,completed,6001943
16,3,2665,completed,6003110
16,3,2666,completed,6004318
16,3,2667,completed,6005277
16,3,2668,completed,6006609
16,3,2669,completed,6007818
16,3,2670,completed,6008693
16,3,2671,completed,6009859
16,3,2672,completed,6010776
16,3,2673,completed,5978860
16,3,2674,completed,5982360
16,3,2675,completed,5983276
16,3,2676,completed,5983734
16,3,2677,completed,5984402
16,3,2678,completed,5984985
16,3,2679,completed,5985443
16,3,2680,completed,5986068
16,3,2681,completed,5986777
16,3,2682,completed,5987443
16,3,2683,completed,5987818
16,3,2684,completed,5988526
16,3,2685,completed,5989152
16,3,2686,completed,5989693
16,3,2687,completed,5990234
16,3,2688,completed,5990943
16,3,2689,completed,6039526
16,3,2690,completed,6042401
16,3,2691,completed,6043360
16,3,2692,completed,6044026
16,3,2693,completed,6045068
16,3,2694,completed,6045735
16,3,2695,completed,6046235
16,3,2696,completed,6047068
16,3,2697,completed,6047818
16,3,2698,completed,6048526
16,3,2699,completed,6049068
16,3,2700,completed,6049985
16,3,2701,completed,6050735
16,3,2702,completed,6051276
16,3,2703,completed,6051943
16,3,2704,completed,6052527
16,3,2705,completed,5975110
16,3,2706,completed,5977193
16,3,2707,completed,5977526
16,3,2708,completed,5977610
16,3,2709,completed,5978026
16,3,2710,completed,5978318
16,3,2711,completed,5978484
16,3,2712,completed,5978818
16,3,2713,completed,5979234
16,3,2714,completed,5979610
16,3,2715,completed,5979818
16,3,2716,completed,5980360
16,3,2717,completed,5980735
16,3,2718,completed,5980902
16,3,2719,completed,5981359
16,3,2720,completed,5981610
16,3,2721,completed,5952277
16,3,2722,completed,5962860
16,3,2723,completed,5964943
16,3,2724,completed,5966944
16,3,2725,completed,5968943
16,3,2726,completed,5971068
16,3,2727,completed,5973151
16,3,2728,completed,5974944
16,3,2729,completed,5977068
16,3,2730,completed,5978693
16,3,2731,completed,5980860
16,3,2732,completed,5983027
16,3,2733,completed,5984693
16,3,2734,completed,5987110
16,3,2735,completed,5988985
16,3,2736,completed,5991068
16,3,2737,completed,6043776
16,3,2738,completed,6045693
16,3,2739,completed,6047110
16,3,2740,completed,6048235
16,3,2741,completed,6049443
16,3,2742,completed,6050734
16,3,2743,completed,6052318
16,3,2744,completed,6053443
16,3,2745,completed,6054776
16,3,2746,completed,6055985
16,3,2747,completed,6057235
16,3,2748,completed,6058110
16,3,2749,completed,6059568
16,3,2750,completed,6060485
16,3,2751,completed,6062068
16,3,2752,completed,6062859
16,3,2753,completed,5817818
16,3,2754,completed,5817736
16,3,2755,completed,5818194
16,3,2756,completed,5818568
16,3,2757,completed,5819319
16,3,2758,completed,5819860
16,3,2759,completed,5820069
16,3,2760,completed,5820527
16,3,2761,completed,5820861
16,3,2762,completed,5821193
16,3,2763,completed,5821611
16,3,2764,completed,5821777
16,3,2765,completed,5822110
16,3,2766,completed,5822319
16,3,2767,completed,5822735
16,3,2768,completed,5822985
16,3,2769,completed,5481486
16,3,2770,completed,5483861
16,3,2771,completed,5484819
16,3,2772,completed,5485860
16,3,2773,completed,5486944
16,3,2774,completed,5488236
16,3,2775,completed,5489527
16,3,2776,completed,5490569
16,3,2777,completed,5491944
16,3,2778,completed,5493069
16,3,2779,completed,5494236
16,3,2780,completed,5495152
16,3,2781,completed,5496319
16,3,2782,completed,5497194
16,3,2783,completed,5498361
16,3,2784,completed,5499486
16,3,2785,completed,5900944
16,3,2786,completed,5906943
16,3,2787,completed,5908193
16,3,2788,completed,5909610
16,3,2789,completed,5910694
16,3,2790,completed,5912068
16,3,2791,completed,5912901
16,3,2792,completed,5914194
16,3,2793,completed,5915110
16,3,2794,completed,5916444
16,3,2795,completed,5917902
16,3,2796,completed,5918610
16,3,2797,completed,5919902
16,3,2798,completed,5921152
16,3,2799,completed,5922485
16,3,2800,completed,5923277
16,3,2801,completed,6412983
16,3,2802,completed,6413483
16,3,2803,completed,6414317
16,3,2804,completed,6415026
16,3,2805,completed,6415567
16,3,2806,completed,6416151
16,3,2807,completed,6416692
16,3,2808,completed,6417317
16,3,2809,completed,6418359
16,3,2810,completed,6418900
16,3,2811,completed,6419483
16,3,2812,completed,6419776
16,3,2813,completed,6420359
16,3,2814,completed,6420650
16,3,2815,completed,6421234
16,3,2816,completed,6421650
16,3,2817,completed,6013776
16,3,2818,completed,6014818
16,3,2819,completed,6016068
16,3,2820,completed,6017360
16,3,2821,completed,6018985
16,3,2822,completed,6020401
16,3,2823,completed,6021902
16,3,2824,completed,6023359
16,3,2825,completed,6024943
16,3,2826,completed,6026443
16,3,2827,completed,6027985
16,3,2828,completed,6029360
16,3,2829,completed,6030859
16,3,2830,completed,6032318
16,3,2831,completed,6033776
16,3,2832,completed,6035151
16,3,2833,completed,5966402
16,3,2834,completed,5971152
16,3,2835,completed,5972276
16,3,2836,completed,5973194
16,3,2837,completed,5974444
16,3,2838,completed,5975818
16,3,2839,completed,5977026
16,3,2840,completed,5978193
16,3,2841,completed,5979485
16,3,2842,completed,5980734
16,3,2843,completed,5982110
16,3,2844,completed,5982985
16,3,2845,completed,5984360
16,3,2846,completed,5985276
16,3,2847,completed,5986568
16,3,2848,completed,5987818
16,3,2849,completed,5951777
16,3,2850,completed,5954819
16,3,2851,completed,5955901
16,3,2852,completed,5956943
16,3,2853,completed,5958152
16,3,2854,completed,5959026
16,3,2855,completed,5960277
16,3,2856,completed,5961443
16,3,2857,completed,5962651
16,3,2858,completed,5963901
16,3,2859,completed,5965151
16,3,2860,completed,5966110
16,3,2861,completed,5967318
16,3,2862,completed,5968318
16,3,2863,completed,5969443
16,3,2864,completed,5970527
16,3,2865,completed,5987776
16,3,2866,completed,5991818
16,3,2867,completed,5993026
16,3,2868,completed,5994276
16,3,2869,completed,5995401
16,3,2870,completed,5996943
16,3,2871,completed,5998234
16,3,2872,completed,5999568
16,3,2873,completed,6000901
16,3,2874,completed,6002359
16,3,2875,completed,6003651
16,3,2876,completed,6004735
16,3,2877,completed,6006110
16,3,2878,completed,6007235
16,3,2879,completed,6008568
16,3,2880,completed,6009318
16,3,2881,completed,5932401
16,3,2882,completed,5935485
16,3,2883,completed,5936693
16,3,2884,completed,5938152
16,3,2885,completed,5939526
16,3,2886,completed,5941027
16,3,2887,completed,5942193
16,3,2888,completed,5943568
16,3,2889,completed,5944776
16,3,2890,completed,5946151
16,3,2891,completed,5947485
16,3,2892,completed,5948526
16,3,2893,completed,5949901
16,3,2894,completed,5950985
16,3,2895,completed,5952277
16,3,2896,completed,5953568
16,3,2897,completed,5932984
16,3,2898,completed,5935776
16,3,2899,completed,5935902
16,3,2900,completed,5935985
16,3,2901,completed,5936193
16,3,2902,completed,5936484
16,3,2903,completed,5936276
16,3,2904,completed,5936360
16,3,2905,completed,5936235
16,3,2906,completed,5936277
16,3,2907,completed,5936860
16,3,2908,completed,5936693
16,3,2909,completed,5936943
16,3,2910,completed,5936776
16,3,2911,completed,5937318
16,3,2912,completed,5937193
16,3,2913,completed,6091984
16,3,2914,completed,6094734
16,3,2915,completed,6095692
16,3,2916,completed,6096943
16,3,2917,completed,6098359
16,3,2918,completed,6099984
16,3,2919,completed,6101234
16,3,2920,completed,6102484
16,3,2921,completed,6103860
16,3,2922,completed,6105151
16,3,2923,completed,6106442
16,3,2924,completed,6107484
16,3,2925,completed,6108776
16,3,2926,completed,6109859
16,3,2927,completed,6111276
16,3,2928,completed,6112443
16,3,2929,completed,5861526
16,3,2930,completed,5863735
16,3,2931,completed,5864193
16,3,2932,completed,5864777
16,3,2933,completed,5864943
16,3,2934,completed,5865568
16,3,2935,completed,5866069
16,3,2936,completed,5866527
16,3,2937,completed,5867068
16,3,2938,completed,5867444
16,3,2939,completed,5868152
16,3,2940,completed,5868485
16,3,2941,completed,5869152
16,3,2942,completed,5869943
16,3,2943,completed,5870276
16,3,2944,completed,5871110
16,3,2945,completed,5951985
16,3,2946,completed,5953485
16,3,2947,completed,5954651
16,3,2948,completed,5956277
16,3,2949,completed,5957943
16,3,2950,completed,5959485
16,3,2951,completed,5961026
16,3,2952,completed,5962610
16,3,2953,completed,5964318
16,3,2954,completed,5965651
16,3,2955,completed,5967193
16,3,2956,completed,5968652
16,3,2957,completed,5970234
16,3,2958,completed,5971860
16,3,2959,completed,5973234
16,3,2960,completed,5974860
16,3,2961,completed,5956151
16,3,2962,completed,5957234
16,3,2963,completed,5958027
16,3,2964,completed,5958776
16,3,2965,completed,5959484
16,3,2966,completed,5960485
16,3,2967,completed,5961443
16,3,2968,completed,5962485
16,3,2969,completed,5963693
16,3,2970,completed,5964610
16,3,2971,completed,5965693
16,3,2972,completed,5966693
16,3,2973,completed,5967735
16,3,2974,completed,5968693
16,3,2975,completed,5969818
16,3,2976,completed,5970652
16,3,2977,completed,5973277
16,3,2978,completed,5976443
16,3,2979,completed,5976818
16,3,2980,completed,5977109
16,3,2981,completed,5977152
16,3,2982,completed,5977110
16,3,2983,completed,5977109
16,3,2984,completed,5977276
16,3,2985,completed,5977359
16,3,2986,completed,5977360
16,3,2987,completed,5977443
16,3,2988,completed,5977443
16,3,2989,completed,5977693
16,3,2990,completed,5977693
16,3,2991,completed,5977610
16,3,2992,completed,5977526
16,3,2993,completed,6444692
16,3,2994,completed,6477483
16,3,2995,completed,6478566
16,3,2996,completed,6479316
16,3,2997,completed,6479983
16,3,2998,completed,6481234
16,3,2999,completed,6482484
16,3,3000,completed,6483650
16,3,3001,completed,6484733
16,3,3002,completed,6485775
16,3,3003,completed,6486817
16,3,3004,completed,6488067
16,3,3005,completed,6489650
16,3,3006,completed,6490775
16,3,3007,completed,6492025
16,3,3008,completed,6493276
16,3,3009,completed,5518485
16,3,3010,completed,5430028
16,3,3011,completed,5429486
16,3,3012,completed,5431111
16,3,3013,completed,5432445
16,3,3014,completed,5433778
16,3,3015,completed,5435486
16,3,3016,completed,5437236
16,3,3017,completed,5438986
16,3,3018,completed,5440153
16,3,3019,completed,5442528
16,3,3020,completed,5444194
16,3,3021,completed,5446319
16,3,3022,completed,5447986
16,3,3023,completed,5449111
16,3,3024,completed,5450445
16,3,3025,completed,5952276
16,3,3026,completed,5954485
16,3,3027,completed,5955110
16,3,3028,completed,5955735
16,3,3029,completed,5956485
16,3,3030,completed,5957276
16,3,3031,completed,5957735
16,3,3032,completed,5959026
16,3,3033,completed,5960026
16,3,3034,completed,5960359
16,3,3035,completed,5961152
16,3,3036,completed,5961526
16,3,3037,completed,5962651
16,3,3038,completed,5963609
16,3,3039,completed,5963943
16,3,3040,completed,5964235
16,3,3041,completed,6006402
16,3,3042,completed,6012443
16,3,3043,completed,6014151
16,3,3044,completed,6016151
16,3,3045,completed,6017985
16,3,3046,completed,6019942
16,3,3047,completed,6021776
16,3,3048,completed,6023567
16,3,3049,completed,6025651
16,3,3050,completed,6027026
16,3,3051,completed,6028859
16,3,3052,completed,6030610
16,3,3053,completed,6032943
16,3,3054,completed,6034735
16,3,3055,completed,6036192
16,3,3056,completed,6037859
16,3,3057,completed,6050360
16,3,3058,completed,6054568
16,3,3059,completed,6055526
16,3,3060,completed,6056526
16,3,3061,completed,6057526
16,3,3062,completed,6058693
16,3,3063,completed,6060027
16,3,3064,completed,6061318
16,3,3065,completed,6062443
16,3,3066,completed,6063651
16,3,3067,completed,6064859
16,3,3068,completed,6065776
16,3,3069,completed,6067943
16,3,3070,completed,6068901
16,3,3071,completed,6069610
16,3,3072,completed,6070609
16,3,3073,completed,5787277
16,3,3074,completed,5789486
16,3,3075,completed,5790486
16,3,3076,completed,5791694
16,3,3077,completed,5792568
16,3,3078,completed,5793818
16,3,3079,completed,5795027
16,3,3080,completed,5796235
16,3,3081,completed,5797485
16,3,3082,completed,5798152
16,3,3083,completed,5799486
16,3,3084,completed,5800361
16,3,3085,completed,5801777
16,3,3086,completed,5802652
16,3,3087,completed,5803319
16,3,3088,completed,5804193
16,3,3089,completed,5948068
16,3,3090,completed,5949735
16,3,3091,completed,5950860
16,3,3092,completed,5951777
16,3,3093,completed,5952443
16,3,3094,completed,5953610
16,3,3095,completed,5954277
16,3,3096,completed,5955443
16,3,3097,completed,5956401
16,3,3098,completed,5957194
16,3,3099,completed,5958402
16,3,3100,completed,5959443
16,3,3101,completed,5960901
16,3,3102,completed,5961902
16,3,3103,completed,5962735
16,3,3104,completed,5963652
16,3,3105,completed,5984318
16,3,3106,completed,5991027
16,3,3107,completed,5991985
16,3,3108,completed,5992943
16,3,3109,completed,5994276
16,3,3110,completed,5995235
16,3,3111,completed,5996276
16,3,3112,completed,5997484
16,3,3113,completed,5998652
16,3,3114,completed,5999235
16,3,3115,completed,6000568
16,3,3116,completed,6001860
16,3,3117,completed,6003193
16,3,3118,completed,6004151
16,3,3119,completed,6004610
16,3,3120,completed,6005276
16,3,3121,completed,5992318
16,3,3122,completed,5998152
16,3,3123,completed,5998985
16,3,3124,completed,6000568
16,3,3125,completed,6002109
16,3,3126,completed,6003860
16,3,3127,completed,6005734
16,3,3128,completed,6007318
16,3,3129,completed,6009151
16,3,3130,completed,6010693
16,3,3131,completed,6012027
16,3,3132,completed,6012776
16,3,3133,completed,6014443
16,3,3134,completed,6015485
16,3,3135,completed,6016235
16,3,3136,completed,6017777
16,3,3137,completed,5880401
16,3,3138,completed,5882027
16,3,3139,completed,5882651
16,3,3140,completed,5883652
16,3,3141,completed,5884776
16,3,3142,completed,5885944
16,3,3143,completed,5887026
16,3,3144,completed,5887985
16,3,3145,completed,5889276
16,3,3146,completed,5890443
16,3,3147,completed,5891443
16,3,3148,completed,5892068
16,3,3149,completed,5893235
16,3,3150,completed,5893818
16,3,3151,completed,5894443
16,3,3152,completed,5895526
16,3,3153,completed,6085485
16,3,3154,completed,6095067
16,3,3155,completed,6095318
16,3,3156,completed,6096276
16,3,3157,completed,6096526
16,3,3158,completed,6097818
16,3,3159,completed,6098776
16,3,3160,completed,6099943
16,3,3161,completed,6101359
16,3,3162,completed,6102276
16,3,3163,completed,6103318
16,3,3164,completed,6103735
16,3,3165,completed,6105151
16,3,3166,completed,6105651
16,3,3167,completed,6106026
16,3,3168,completed,6107609
16,3,3169,completed,5866610
16,3,3170,completed,5866360
16,3,3171,completed,5866610
16,3,3172,completed,5867610
16,3,3173,completed,5868527
16,3,3174,completed,5869235
16,3,3175,completed,5869860
16,3,3176,completed,5870735
16,3,3177,completed,5871651
16,3,3178,completed,5872527
16,3,3179,completed,5872735
16,3,3180,completed,5873026
16,3,3181,completed,5874443
16,3,3182,completed,5874776
16,3,3183,completed,5875193
16,3,3184,completed,5875693
16,3,3185,completed,5896152
16,3,3186,completed,5896485
16,3,3187,completed,5897360
16,3,3188,completed,5898527
16,3,3189,completed,5899401
16,3,3190,completed,5900735
16,3,3191,completed,5902110
16,3,3192,completed,5903277
16,3,3193,completed,5904943
16,3,3194,completed,5906151
16,3,3195,completed,5907234
16,3,3196,completed,5908234
16,3,3197,completed,5909443
16,3,3198,completed,5910402
16,3,3199,completed,5911402
16,3,3200,completed,5912609
16,3,3201,completed,5988568
16,3,3202,completed,5989777
16,3,3203,completed,5990110
16,3,3204,completed,5990818
16,3,3205,completed,5991235
16,3,3206,completed,5992110
16,3,3207,completed,5992776
16,3,3208,completed,5993443
16,3,3209,completed,5994151
16,3,3210,completed,5994777
16,3,3211,completed,5995193
16,3,3212,completed,5995526
16,3,3213,completed,5996443
16,3,3214,completed,5996818
16,3,3215,completed,5997109
16,3,3216,completed,5997776
16,3,3217,completed,5995609
16,3,3218,completed,5998235
16,3,3219,completed,5998818
16,3,3220,completed,5999693
16,3,3221,completed,6000359
16,3,3222,completed,6001693
16,3,3223,completed,6002401
16,3,3224,completed,6003360
16,3,3225,completed,6004277
16,3,3226,completed,6005151
16,3,3227,completed,6006068
16,3,3228,completed,6006777
16,3,3229,completed,6008151
16,3,3230,completed,6008901
16,3,3231,completed,6009693
16,3,3232,completed,6010443
16,3,3233,completed,6025151
16,3,3234,completed,6036317
16,3,3235,completed,6038234
16,3,3236,completed,6040109
16,3,3237,completed,6042151
16,3,3238,completed,6044234
16,3,3239,completed,6045360
16,3,3240,completed,6046776
16,3,3241,completed,6049235
16,3,3242,completed,6051401
16,3,3243,completed,6053734
16,3,3244,completed,6054943
16,3,3245,completed,6057109
16,3,3246,completed,6058401
16,3,3247,completed,6060276
16,3,3248,completed,6061610
16,3,3249,completed,5977484
16,3,3250,completed,5975068
16,3,3251,completed,5975859
16,3,3252,completed,5976068
16,3,3253,completed,5976068
16,3,3254,completed,5976234
16,3,3255,completed,5976610
16,3,3256,completed,5976860
16,3,3257,completed,5977277
16,3,3258,completed,5977277
16,3,3259,completed,5977651
16,3,3260,completed,5977693
16,3,3261,completed,5977860
16,3,3262,completed,5978234
16,3,3263,completed,5978485
16,3,3264,completed,5978443
16,3,3265,completed,13329049
16,3,3266,completed,13338383
16,3,3267,completed,13339633
16,3,3268,completed,13340882
16,3,3269,completed,13341882
16,3,3270,completed,13342799
16,3,3271,completed,13343840
16,3,3272,completed,13344757
16,3,3273,completed,13345674
16,3,3274,completed,13346132
16,3,3275,completed,13347257
16,3,3276,completed,13347716
16,3,3277,completed,13348632
16,3,3278,completed,13349883
16,3,3279,completed,13350590
16,3,3280,completed,13351258
16,3,3281,completed,6701733
16,3,3282,completed,6704067
16,3,3283,completed,6705066
16,3,3284,completed,6705525
16,3,3285,completed,6706150
16,3,3286,completed,6706941
16,3,3287,completed,6707942
16,3,3288,completed,6708733
16,3,3289,completed,6709608
16,3,3290,completed,6710108
16,3,3291,completed,6710983
16,3,3292,completed,6711316
16,3,3293,completed,6711858
16,3,3294,completed,6712650
16,3,3295,completed,6713316
16,3,3296,completed,6713358
16,3,3297,completed,6125693
16,3,3298,completed,6128651
16,3,3299,completed,6129484
16,3,3300,completed,6130401
16,3,3301,completed,6131151
16,3,3302,completed,6131901
16,3,3303,completed,6132526
16,3,3304,completed,6133568
16,3,3305,completed,6134234
16,3,3306,completed,6134610
16,3,3307,completed,6135568
16,3,3308,completed,6135901
16,3,3309,completed,6136651
16,3,3310,completed,6137234
16,3,3311,completed,6137734
16,3,3312,completed,6138151
16,3,3313,completed,6117776
16,3,3314,completed,6120401
16,3,3315,completed,6120901
16,3,3316,completed,6121526
16,3,3317,completed,6121776
16,3,3318,completed,6122485
16,3,3319,completed,6123276
16,3,3320,completed,6124026
16,3,3321,completed,6124651
16,3,3322,completed,6124984
16,3,3323,completed,6125776
16,3,3324,completed,6126110
16,3,3325,completed,6127026
16,3,3326,completed,6127776
16,3,3327,completed,6128526
16,3,3328,completed,6129068
16,3,3329,completed,6078609
16,3,3330,completed,6082984
16,3,3331,completed,6083610
16,3,3332,completed,6084276
16,3,3333,completed,6084860
16,3,3334,completed,6085693
16,3,3335,completed,6086401
16,3,3336,completed,6087193
16,3,3337,completed,6087818
16,3,3338,completed,6088484
16,3,3339,completed,6089443
16,3,3340,completed,6089776
16,3,3341,completed,6090734
16,3,3342,completed,6091485
16,3,3343,completed,6092276
16,3,3344,completed,6092734
16,3,3345,completed,5897860
16,3,3346,completed,5901777
16,3,3347,completed,5902485
16,3,3348,completed,5903027
16,3,3349,completed,5903318
16,3,3350,completed,5903944
16,3,3351,completed,5904610
16,3,3352,completed,5905360
16,3,3353,completed,5906027
16,3,3354,completed,5906485
16,3,3355,completed,5907318
16,3,3356,completed,5907610
16,3,3357,completed,5908652
16,3,3358,completed,5909360
16,3,3359,completed,5910194
16,3,3360,completed,5910818
16,3,3361,completed,5987110
16,3,3362,completed,5990776
16,3,3363,completed,5991192
16,3,3364,completed,5992151
16,3,3365,completed,5992901
16,3,3366,completed,5993651
16,3,3367,completed,5994443
16,3,3368,completed,5995193
16,3,3369,completed,5995901
16,3,3370,completed,6007026
16,3,3371,completed,6009109
16,3,3372,completed,6009651
16,3,3373,completed,6010818
16,3,3374,completed,6011609
16,3,3375,completed,6012651
16,3,3376,completed,6013109
16,3,3377,completed,5930026
16,3,3378,completed,5932485
16,3,3379,completed,5932985
16,3,3380,completed,5933569
16,3,3381,completed,5934027
16,3,3382,completed,5934652
16,3,3383,completed,5935526
16,3,3384,completed,5936444
16,3,3385,completed,5937193
16,3,3386,completed,5937693
16,3,3387,completed,5938652
16,3,3388,completed,5938985
16,3,3389,completed,5939943
16,3,3390,completed,5940777
16,3,3391,completed,5941527
16,3,3392,completed,5941944
16,3,3393,completed,5992276
16,3,3394,completed,5995193
16,3,3395,completed,5995735
16,3,3396,completed,5996484
16,3,3397,completed,5996652
16,3,3398,completed,5997318
16,3,3399,completed,5998027
16,3,3400,completed,5998818
16,3,3401,completed,5999318
16,3,3402,completed,5999818
16,3,3403,completed,6000568
16,3,3404,completed,6000901
16,3,3405,completed,6001943
16,3,3406,completed,6002776
16,3,3407,completed,6003526
16,3,3408,completed,6003860
16,3,3409,completed,5934944
16,3,3410,completed,5936485
16,3,3411,completed,5937069
16,3,3412,completed,5937610
16,3,3413,completed,5937902
16,3,3414,completed,5938652
16,3,3415,completed,5939318
16,3,3416,completed,5940069
16,3,3417,completed,5940818
16,3,3418,completed,5941151
16,3,3419,completed,5941860
16,3,3420,completed,5942193
16,3,3421,completed,5943068
16,3,3422,completed,5943818
16,3,3423,completed,5944568
16,3,3424,completed,5945068
16,3,3425,completed,5990359
16,3,3426,completed,5992485
16,3,3427,completed,5993109
16,3,3428,completed,5993860
16,3,3429,completed,5994401
16,3,3430,completed,5995109
16,3,3431,completed,5995818
16,3,3432,completed,5996526
16,3,3433,completed,5997151
16,3,3434,completed,5997485
16,3,3435,completed,5998193
16,3,3436,completed,5998485
16,3,3437,completed,5999318
16,3,3438,completed,6000026
16,3,3439,completed,6000777
16,3,3440,completed,6001152
16,3,3441,completed,5976402
16,3,3442,completed,5980443
16,3,3443,completed,5981110
16,3,3444,completed,5981984
16,3,3445,completed,5982568
16,3,3446,completed,5983234
16,3,3447,completed,5984068
16,3,3448,completed,5984860
16,3,3449,completed,5985609
16,3,3450,completed,5986068
16,3,3451,completed,5986860
16,3,3452,completed,5987151
16,3,3453,completed,5988110
16,3,3454,completed,5988818
16,3,3455,completed,5989568
16,3,3456,completed,5989902
16,3,3457,completed,5548611
16,3,3458,completed,5552278
16,3,3459,completed,5552736
16,3,3460,completed,5553736
16,3,3461,completed,5554444
16,3,3462,completed,5555236
16,3,3463,completed,5556194
16,3,3464,completed,5557153
16,3,3465,completed,5557861
16,3,3466,completed,5558402
16,3,3467,completed,5559194
16,3,3468,completed,5559777
16,3,3469,completed,5560861
16,3,3470,completed,5561819
16,3,3471,completed,5562777
16,3,3472,completed,5563361
16,3,3473,completed,6322359
16,3,3474,completed,6322984
16,3,3475,completed,6324109
16,3,3476,completed,6325526
16,3,3477,completed,6326650
16,3,3478,completed,6327942
16,3,3479,completed,6329318
16,3,3480,completed,6330526
16,3,3481,completed,6331942
16,3,3482,completed,6333026
16,3,3483,completed,6334443
16,3,3484,completed,6335567
16,3,3485,completed,6336776
16,3,3486,completed,6337984
16,3,3487,completed,6339151
16,3,3488,completed,6340400
16,3,3489,completed,6008568
16,3,3490,completed,6011152
16,3,3491,completed,6012443
16,3,3492,completed,6013818
16,3,3493,completed,6015068
16,3,3494,completed,6016609
16,3,3495,completed,6018026
16,3,3496,completed,6019360
16,3,3497,completed,6020860
16,3,3498,completed,6022193
16,3,3499,completed,6023610
16,3,3500,completed,6024901
16,3,3501,completed,6026318
16,3,3502,completed,6027735
16,3,3503,completed,6029110
16,3,3504,completed,6030526
16,3,3505,completed,5997443
16,3,3506,completed,6002360
16,3,3507,completed,6002235
16,3,3508,completed,6002318
16,3,3509,completed,6002276
16,3,3510,completed,6002734
16,3,3511,completed,6002818
16,3,3512,completed,6002901
16,3,3513,completed,6002943
16,3,3514,completed,6002901
16,3,3515,completed,6002943
16,3,3516,completed,6002901
16,3,3517,completed,6003277
16,3,3518,completed,6003401
16,3,3519,completed,6003485
16,3,3520,completed,6003360
16,3,3521,completed,6016651
16,3,3522,completed,6027901
16,3,3523,completed,6032526
16,3,3524,completed,6037068
16,3,3525,completed,6041484
16,3,3526,completed,6046693
16,3,3527,completed,6051109
16,3,3528,completed,6059193
16,3,3529,completed,6064526
16,3,3530,completed,6068984
16,3,3531,completed,6073817
16,3,3532,completed,6078109
16,3,3533,completed,6082568
16,3,3534,completed,6086942
16,3,3535,completed,6091401
16,3,3536,completed,6095860
16,3,3537,completed,5919402
16,3,3538,completed,5917026
16,3,3539,completed,5914235
16,3,3540,completed,5911360
16,3,3541,completed,5907985
16,3,3542,completed,5905110
16,3,3543,completed,5902319
16,3,3544,completed,5895401
16,3,3545,completed,5892027
16,3,3546,completed,5889276
16,3,3547,completed,5886402
16,3,3548,completed,5883569
16,3,3549,completed,5880735
16,3,3550,completed,5877943
16,3,3551,completed,5875027
16,3,3552,completed,5872151
16,3,3553,completed,5949235
16,3,3554,completed,5951777
16,3,3555,completed,5951943
16,3,3556,completed,5952026
16,3,3557,completed,5951818
16,3,3558,completed,5952151
16,3,3559,completed,5952484
16,3,3560,completed,5952735
16,3,3561,completed,5952859
16,3,3562,completed,5952901
16,3,3563,completed,5953026
16,3,3564,completed,5952693
16,3,3565,completed,5952985
16,3,3566,completed,5952777
16,3,3567,completed,5952818
16,3,3568,completed,5952652
16,3,3569,completed,6016568
16,3,3570,completed,6017817
16,3,3571,completed,6018568
16,3,3572,completed,6019151
16,3,3573,completed,6019484
16,3,3574,completed,6020276
16,3,3575,completed,6021068
16,3,3576,completed,6021817
16,3,3577,completed,6022484
16,3,3578,completed,6023109
16,3,3579,completed,6023651
16,3,3580,completed,6024067
16,3,3581,completed,6024776
16,3,3582,completed,6025151
16,3,3583,completed,6025693
16,3,3584,completed,6026235
16,3,3585,completed,5967568
16,3,3586,completed,5970027
16,3,3587,completed,5970693
16,3,3588,completed,5971276
16,3,3589,completed,5971610
16,3,3590,completed,5972318
16,3,3591,completed,5972859
16,3,3592,completed,5973401
16,3,3593,completed,5973943
16,3,3594,completed,5974568
16,3,3595,completed,5975110
16,3,3596,completed,5975443
16,3,3597,completed,5976151
16,3,3598,completed,5976401
16,3,3599,completed,5976985
16,3,3600,completed,5977276
16,3,3601,completed,5984151
16,3,3602,completed,5987318
16,3,3603,completed,5988152
16,3,3604,completed,5988985
16,3,3605,completed,5989484
16,3,3606,completed,5990485
16,3,3607,completed,5991110
16,3,3608,completed,5991859
16,3,3609,completed,5992652
16,3,3610,completed,5993443
16,3,3611,completed,5994193
16,3,3612,completed,5994860
16,3,3613,completed,5995735
16,3,3614,completed,5996276
16,3,3615,completed,5997027
16,3,3616,completed,5997651
16,3,3617,completed,5990735
16,3,3618,completed,5995734
16,3,3619,completed,5996485
16,3,3620,completed,5997235
16,3,3621,completed,5997568
16,3,3622,completed,5998277
16,3,3623,completed,5998943
16,3,3624,completed,5999610
16,3,3625,completed,6000359
16,3,3626,completed,6001068
16,3,3627,completed,6001610
16,3,3628,completed,6001860
16,3,3629,completed,6002609
16,3,3630,completed,6002943
16,3,3631,completed,6003402
16,3,3632,completed,6003734
16,3,3633,completed,5630569
16,3,3634,completed,5627236
16,3,3635,completed,5628069
16,3,3636,completed,5628736
16,3,3637,completed,5629360
16,3,3638,completed,5629944
16,3,3639,completed,5630528
16,3,3640,completed,5631194
16,3,3641,completed,5632152
16,3,3642,completed,5632986
16,3,3643,completed,5633402
16,3,3644,completed,5634069
16,3,3645,completed,5634694
16,3,3646,completed,5635194
16,3,3647,completed,5635693
16,3,3648,completed,5636277
16,3,3649,completed,6062526
16,3,3650,completed,6070193
16,3,3651,completed,6071984
16,3,3652,completed,6073526
16,3,3653,completed,6075026
16,3,3654,completed,6076568
16,3,3655,completed,6078443
16,3,3656,completed,6080277
16,3,3657,completed,6082401
16,3,3658,completed,6084318
16,3,3659,completed,6085860
16,3,3660,completed,6087485
16,3,3661,completed,6127818
16,3,3662,completed,6129442
16,3,3663,completed,6131026
16,3,3664,completed,6132735
16,3,3665,completed,6131901
16,3,3666,completed,6144359
16,3,3667,completed,6148859
16,3,3668,completed,6153067
16,3,3669,completed,6157526
16,3,3670,completed,6161609
16,3,3671,completed,6165360
16,3,3672,completed,6169526
16,3,3673,completed,6174234
16,3,3674,completed,6178985
16,3,3675,completed,6183026
16,3,3676,completed,6186818
16,3,3677,completed,6190526
16,3,3678,completed,6193901
16,3,3679,completed,6197359
16,3,3680,completed,6200693
16,3,3681,completed,6031902
16,3,3682,completed,6028152
16,3,3683,completed,6023984
16,3,3684,completed,6019568
16,3,3685,completed,6015234
16,3,3686,completed,6011026
16,3,3687,completed,6007860
16,3,3688,completed,6003568
16,3,3689,completed,5998568
16,3,3690,completed,5994401
16,3,3691,completed,5990401
16,3,3692,completed,5986693
16,3,3693,completed,5983110
16,3,3694,completed,5979776
16,3,3695,completed,5976401
16,3,3696,completed,5973360
16,3,3697,completed,6105443
16,3,3698,completed,6110526
16,3,3699,completed,6112109
16,3,3700,completed,6113651
16,3,3701,completed,6115109
16,3,3702,completed,6117276
16,3,3703,completed,6118693
16,3,3704,completed,6120193
16,3,3705,completed,6122318
16,3,3706,completed,6124318
16,3,3707,completed,6126151
16,3,3708,completed,6127567
16,3,3709,completed,6129443
16,3,3710,completed,6131151
16,3,3711,completed,6132901
16,3,3712,completed,6134026
16,3,3713,completed,5477570
16,3,3714,completed,5479861
16,3,3715,completed,5479903
16,3,3716,completed,5480236
16,3,3717,completed,5480277
16,3,3718,completed,5480652
16,3,3719,completed,5480778
16,3,3720,completed,5480777
16,3,3721,completed,5481278
16,3,3722,completed,5481944
16,3,3723,completed,5482153
16,3,3724,completed,5482153
16,3,3725,completed,5482695
16,3,3726,completed,5482736
16,3,3727,completed,5482861
16,3,3728,completed,5483028
16,3,3729,completed,5979360
16,3,3730,completed,5982193
16,3,3731,completed,5983610
16,3,3732,completed,5984984
16,3,3733,completed,5986401
16,3,3734,completed,5987859
16,3,3735,completed,5989360
16,3,3736,completed,5991068
16,3,3737,completed,5993193
16,3,3738,completed,5994943
16,3,3739,completed,5996610
16,3,3740,completed,5998318
16,3,3741,completed,6000110
16,3,3742,completed,6001776
16,3,3743,completed,6003401
16,3,3744,completed,6005026
16,3,3745,completed,6290025
16,3,3746,completed,6288900
16,3,3747,completed,6288442
16,3,3748,completed,6288067
16,3,3749,completed,6287775
16,3,3750,completed,6287442
16,3,3751,completed,6287067
16,3,3752,completed,6286901
16,3,3753,completed,6286692
16,3,3754,completed,6286567
16,3,3755,completed,6286442
16,3,3756,completed,6286192
16,3,3757,completed,6286026
16,3,3758,completed,6286067
16,3,3759,completed,6285818
16,3,3760,completed,6285651
16,3,3761,completed,5894818
16,3,3762,completed,5897735
16,3,3763,completed,5898485
16,3,3764,completed,5899193
16,3,3765,completed,5900110
16,3,3766,completed,5900985
16,3,3767,completed,5901819
16,3,3768,completed,5902735
16,3,3769,completed,5903735
16,3,3770,completed,5904610
16,3,3771,completed,5905569
16,3,3772,completed,5906360
16,3,3773,completed,5907568
16,3,3774,completed,5908652
16,3,3775,completed,5909777
16,3,3776,completed,5910526
16,3,3777,completed,6047568
16,3,3778,completed,6052818
16,3,3779,completed,6054401
16,3,3780,completed,6056109
16,3,3781,completed,6057568
16,3,3782,completed,6059401
16,3,3783,completed,6060818
16,3,3784,completed,6062610
16,3,3785,completed,6064193
16,3,3786,completed,6065568
16,3,3787,completed,6067235
16,3,3788,completed,6068568
16,3,3789,completed,6070235
16,3,3790,completed,6071735
16,3,3791,completed,6073276
16,3,3792,completed,6074818
16,3,3793,completed,5867651
16,3,3794,completed,5881860
16,3,3795,completed,5883485
16,3,3796,completed,5884693
16,3,3797,completed,5885860
16,3,3798,completed,5887193
16,3,3799,completed,5888193
16,3,3800,completed,5889318
16,3,3801,completed,5891818
16,3,3802,completed,5892818
16,3,3803,completed,5894151
16,3,3804,completed,5895068
16,3,3805,completed,5896609
16,3,3806,completed,5898360
16,3,3807,completed,5899734
16,3,3808,completed,5900818
16,3,3809,completed,6982232
16,3,3810,completed,6986566
16,3,3811,completed,6986940
16,3,3812,completed,6987691
16,3,3813,completed,6988565
16,3,3814,completed,6989273
16,3,3815,completed,6989940
16,3,3816,completed,6990523
16,3,3817,completed,6991524
16,3,3818,completed,6992315
16,3,3819,completed,6993232
16,3,3820,completed,6993857
16,3,3821,completed,6994940
16,3,3822,completed,6996065
16,3,3823,completed,6996649
16,3,3824,completed,7036065
16,3,3825,completed,6001527
16,3,3826,completed,6014277
16,3,3827,completed,6014818
16,3,3828,completed,6015318
16,3,3829,completed,6016485
16,3,3830,completed,6017318
16,3,3831,completed,6017776
16,3,3832,completed,6018818
16,3,3833,completed,6019276
16,3,3834,completed,6013401
16,3,3835,completed,6014401
16,3,3836,completed,6014818
16,3,3837,completed,6015318
16,3,3838,completed,6016401
16,3,3839,completed,6017318
16,3,3840,completed,5998235
16,3,3841,completed,5919359
16,3,3842,completed,5930276
16,3,3843,completed,5931319
16,3,3844,completed,5932568
16,3,3845,completed,5934152
16,3,3846,completed,5935610
16,3,3847,completed,5936985
16,3,3848,completed,5938277
16,3,3849,completed,5939902
16,3,3850,completed,5941360
16,3,3851,completed,5942943
16,3,3852,completed,5944319
16,3,3853,completed,5945693
16,3,3854,completed,5947318
16,3,3855,completed,5948943
16,3,3856,completed,5950235
16,3,3857,completed,7513689
16,3,3858,completed,7517481
16,3,3859,completed,7527397
16,3,3860,completed,7528023
16,3,3861,completed,7529064
16,3,3862,completed,7529981
16,3,3863,completed,7531190
16,3,3864,completed,7531731
16,3,3865,completed,7532481
16,3,3866,completed,7533565
16,3,3867,completed,7534648
16,3,3868,completed,7535023
16,3,3869,completed,7535439
16,3,3870,completed,7535565
16,3,3871,completed,7536356
16,3,3872,completed,7537147
16,3,3873,completed,5938818
16,3,3874,completed,5945818
16,3,3875,completed,5947235
16,3,3876,completed,5948277
16,3,3877,completed,5950276
16,3,3878,completed,5951944
16,3,3879,completed,5953526
16,3,3880,completed,5954694
16,3,3881,completed,5955902
16,3,3882,completed,5957568
16,3,3883,completed,5959277
16,3,3884,completed,5960693
16,3,3885,completed,5961901
16,3,3886,completed,5963193
16,3,3887,completed,5964985
16,3,3888,completed,5966193
16,3,3889,completed,5814486
16,3,3890,completed,5801402
16,3,3891,completed,5800902
16,3,3892,completed,5800402
16,3,3893,completed,5800277
16,3,3894,completed,5800110
16,3,3895,completed,5799943
16,3,3896,completed,5799736
16,3,3897,completed,5799569
16,3,3898,completed,5799360
16,3,3899,completed,5799318
16,3,3900,completed,5799152
16,3,3901,completed,5798985
16,3,3902,completed,5798818
16,3,3903,completed,5798861
16,3,3904,completed,5798944
16,3,3905,completed,5977277
16,3,3906,completed,5982527
16,3,3907,completed,5983276
16,3,3908,completed,5983818
16,3,3909,completed,5984693
16,3,3910,completed,5985484
16,3,3911,completed,5986235
16,3,3912,completed,5986860
16,3,3913,completed,5987610
16,3,3914,completed,5988277
16,3,3915,completed,5989068
16,3,3916,completed,5989776
16,3,3917,completed,5990443
16,3,3918,completed,5991110
16,3,3919,completed,5991860
16,3,3920,completed,5992818
16,3,3921,completed,5975360
16,3,3922,completed,5979984
16,3,3923,completed,5981027
16,3,3924,completed,5982276
16,3,3925,completed,5983693
16,3,3926,completed,5984985
16,3,3927,completed,5986318
16,3,3928,completed,5987777
16,3,3929,completed,5989193
16,3,3930,completed,5990735
16,3,3931,completed,5992360
16,3,3932,completed,5993859
16,3,3933,completed,5995359
16,3,3934,completed,5996818
16,3,3935,completed,5998402
16,3,3936,completed,5999902
16,3,3937,completed,5962027
16,3,3938,completed,5963318
16,3,3939,completed,5963776
16,3,3940,completed,5964193
16,3,3941,completed,5964568
16,3,3942,completed,5965151
16,3,3943,completed,5965651
16,3,3944,completed,5966110
16,3,3945,completed,5966526
16,3,3946,completed,5967068
16,3,3947,completed,5967651
16,3,3948,completed,5968152
16,3,3949,completed,5968610
16,3,3950,completed,5969110
16,3,3951,completed,5969693
16,3,3952,completed,5970610
16,3,3953,completed,7117482
16,3,3954,completed,7120482
16,3,3955,completed,7121440
16,3,3956,completed,7122106
16,3,3957,completed,7123107
16,3,3958,completed,7124357
16,3,3959,completed,7125482
16,3,3960,completed,7126857
16,3,3961,completed,7127523
16,3,3962,completed,7128774
16,3,3963,completed,7129482
16,3,3964,completed,7130190
16,3,3965,completed,7132107
16,3,3966,completed,7133565
16,3,3967,completed,7134815
16,3,3968,completed,7136107
16,3,3969,completed,5847485
16,3,3970,completed,5851235
16,3,3971,completed,5852485
16,3,3972,completed,5854027
16,3,3973,completed,5855568
16,3,3974,completed,5857152
16,3,3975,completed,5858652
16,3,3976,completed,5860485
16,3,3977,completed,5861735
16,3,3978,completed,5863360
16,3,3979,completed,5864651
16,3,3980,completed,5866069
16,3,3981,completed,5867818
16,3,3982,completed,5869443
16,3,3983,completed,5870985
16,3,3984,completed,5873027
16,3,3985,completed,6073693
16,3,3986,completed,6077277
16,3,3987,completed,6078318
16,3,3988,completed,6079193
16,3,3989,completed,6080276
16,3,3990,completed,6081527
16,3,3991,completed,6082526
16,3,3992,completed,6084027
16,3,3993,completed,6085026
16,3,3994,completed,6086485
16,3,3995,completed,6087610
16,3,3996,completed,6088859
16,3,3997,completed,6090652
16,3,3998,completed,6091860
16,3,3999,completed,6093109
16,3,4000,completed,6094527
16,3,4001,completed,5850027
16,3,4002,completed,5854026
16,3,4003,completed,5854944
16,3,4004,completed,5856193
16,3,4005,completed,5857527
16,3,4006,completed,5858902
16,3,4007,completed,5860027
16,3,4008,completed,5861235
16,3,4009,completed,5862193
16,3,4010,completed,5863651
16,3,4011,completed,5864652
16,3,4012,completed,5865735
16,3,4013,completed,5867235
16,3,4014,completed,5868318
16,3,4015,completed,5869527
16,3,4016,completed,5870735
16,3,4017,completed,5901194
16,3,4018,completed,5904943
16,3,4019,completed,5906152
16,3,4020,completed,5907152
16,3,4021,completed,5908193
16,3,4022,completed,5909235
16,3,4023,completed,5910319
16,3,4024,completed,5911319
16,3,4025,completed,5912651
16,3,4026,completed,5913693
16,3,4027,completed,5915401
16,3,4028,completed,5916193
16,3,4029,completed,5917902
16,3,4030,completed,5918902
16,3,4031,completed,5919860
16,3,4032,completed,5921027
16,3,4033,completed,5816194
16,3,4034,completed,5821277
16,3,4035,completed,5822319
16,3,4036,completed,5823027
16,3,4037,completed,5823694
16,3,4038,completed,5824069
16,3,4039,completed,5824861
16,3,4040,completed,5825569
16,3,4041,completed,5826486
16,3,4042,completed,5827319
16,3,4043,completed,5828527
16,3,4044,completed,5829110
16,3,4045,completed,5830319
16,3,4046,completed,5831194
16,3,4047,completed,5831736
16,3,4048,completed,5832402
16,3,4049,completed,5924235
16,3,4050,completed,5933319
16,3,4051,completed,5935068
16,3,4052,completed,5937027
16,3,4053,completed,5938527
16,3,4054,completed,5940276
16,3,4055,completed,5942027
16,3,4056,completed,5943526
16,3,4057,completed,5945152
16,3,4058,completed,5946526
16,3,4059,completed,5948610
16,3,4060,completed,5949777
16,3,4061,completed,5951610
16,3,4062,completed,5952943
16,3,4063,completed,5954401
16,3,4064,completed,5955819
16,3,4065,completed,5800568
16,3,4066,completed,5800902
16,3,4067,completed,5801360
16,3,4068,completed,5801943
16,3,4069,completed,5802735
16,3,4070,completed,5803319
16,3,4071,completed,5803735
16,3,4072,completed,5804360
16,3,4073,completed,5805110
16,3,4074,completed,5805735
16,3,4075,completed,5806360
16,3,4076,completed,5806985
16,3,4077,completed,5808027
16,3,4078,completed,5808611
16,3,4079,completed,5809110
16,3,4080,completed,5786068
16,3,4081,completed,6273526
16,3,4082,completed,6279109
16,3,4083,completed,6280651
16,3,4084,completed,6281984
16,3,4085,completed,6283484
16,3,4086,completed,6284733
16,3,4087,completed,6286276
16,3,4088,completed,6288109
16,3,4089,completed,6289483
16,3,4090,completed,6290942
16,3,4091,completed,6292234
16,3,4092,completed,6293817
16,3,4093,completed,6295775
16,3,4094,completed,6297484
16,3,4095,completed,6298817
16,3,4096,completed,6300275
16,3,4097,completed,6007818
16,3,4098,completed,6012318
16,3,4099,completed,6013777
16,3,4100,completed,6014818
16,3,4101,completed,6016401
16,3,4102,completed,6017568
16,3,4103,completed,6018943
16,3,4104,completed,6020568
16,3,4105,completed,6021902
16,3,4106,completed,6023152
16,3,4107,completed,6024276
16,3,4108,completed,6026109
16,3,4109,completed,6027651
16,3,4110,completed,6029443
16,3,4111,completed,6030360
16,3,4112,completed,6031984
16,3,4113,completed,5891610
16,3,4114,completed,5893902
16,3,4115,completed,5894819
16,3,4116,completed,5895777
16,3,4117,completed,5897110
16,3,4118,completed,5898110
16,3,4119,completed,5899485
16,3,4120,completed,5900985
16,3,4121,completed,5902277
16,3,4122,completed,5903444
16,3,4123,completed,5904401
16,3,4124,completed,5905819
16,3,4125,completed,5907276
16,3,4126,completed,5908651
16,3,4127,completed,5909527
16,3,4128,completed,5910819
16,3,4129,completed,5929151
16,3,4130,completed,5930401
16,3,4131,completed,5931193
16,3,4132,completed,5931943
16,3,4133,completed,5932902
16,3,4134,completed,5933859
16,3,4135,completed,5934860
16,3,4136,completed,5935943
16,3,4137,completed,5937027
16,3,4138,completed,5938026
16,3,4139,completed,5939026
16,3,4140,completed,5940110
16,3,4141,completed,5941318
16,3,4142,completed,5942485
16,3,4143,completed,5943443
16,3,4144,completed,5944359
16,3,4145,completed,5903902
16,3,4146,completed,5908901
16,3,4147,completed,5910068
16,3,4148,completed,5911194
16,3,4149,completed,5912402
16,3,4150,completed,5913401
16,3,4151,completed,5928901
16,3,4152,completed,5930318
16,3,4153,completed,5931360
16,3,4154,completed,5932485
16,3,4155,completed,5933568
16,3,4156,completed,5934776
16,3,4157,completed,5936026
16,3,4158,completed,5937568
16,3,4159,completed,5938443
16,3,4160,completed,5939693
16,3,4161,completed,5909944
16,3,4162,completed,5913735
16,3,4163,completed,5914277
16,3,4164,completed,5914693
16,3,4165,completed,5915402
16,3,4166,completed,5915860
16,3,4167,completed,5916652
16,3,4168,completed,5917652
16,3,4169,completed,5918193
16,3,4170,completed,5918693
16,3,4171,completed,5919193
16,3,4172,completed,5919777
16,3,4173,completed,5920444
16,3,4174,completed,5921277
16,3,4175,completed,5921568
16,3,4176,completed,5922027
16,3,4177,completed,6091776
16,3,4178,completed,6099693
16,3,4179,completed,6100985
16,3,4180,completed,6102360
16,3,4181,completed,6103943
16,3,4182,completed,6104818
16,3,4183,completed,6105902
16,3,4184,completed,6107192
16,3,4185,completed,6108651
16,3,4186,completed,6109442
16,3,4187,completed,6111360
16,3,4188,completed,6113359
16,3,4189,completed,6115110
16,3,4190,completed,6116526
16,3,4191,completed,6117526
16,3,4192,completed,6118735
16,3,4193,completed,5928277
16,3,4194,completed,5929735
16,3,4195,completed,5930944
16,3,4196,completed,5931985
16,3,4197,completed,5933901
16,3,4198,completed,5934776
16,3,4199,completed,5935777
16,3,4200,completed,5937318
16,3,4201,completed,5939110
16,3,4202,completed,5940276
16,3,4203,completed,5941610
16,3,4204,completed,5943068
16,3,4205,completed,5944944
16,3,4206,completed,5946401
16,3,4207,completed,5947609
16,3,4208,completed,5948859
16,3,4209,completed,6048026
16,3,4210,completed,6059693
16,3,4211,completed,6060818
16,3,4212,completed,6061693
16,3,4213,completed,6062777
16,3,4214,completed,6063776
16,3,4215,completed,6064902
16,3,4216,completed,6066068
16,3,4217,completed,6069402
16,3,4218,completed,6070401
16,3,4219,completed,6071568
16,3,4220,completed,6110693
16,3,4221,completed,6122776
16,3,4222,completed,6123860
16,3,4223,completed,6124943
16,3,4224,completed,6125817
16,3,4225,completed,5936318
16,3,4226,completed,5939151
16,3,4227,completed,5939777
16,3,4228,completed,5940526
16,3,4229,completed,5941276
16,3,4230,completed,5942110
16,3,4231,completed,5942985
16,3,4232,completed,5943735
16,3,4233,completed,5944694
16,3,4234,completed,5945193
16,3,4235,completed,5945860
16,3,4236,completed,5912444
16,3,4237,completed,5903526
16,3,4238,completed,5904235
16,3,4239,completed,5904735
16,3,4240,completed,5905276
16,3,4241,completed,5465153
16,3,4242,completed,5463903
16,3,4243,completed,5464486
16,3,4244,completed,5465194
16,3,4245,completed,5466361
16,3,4246,completed,5467903
16,3,4247,completed,5469152
16,3,4248,completed,5470402
16,3,4249,completed,5471820
16,3,4250,completed,5472986
16,3,4251,completed,5474194
16,3,4252,completed,5475319
16,3,4253,completed,5476653
16,3,4254,completed,5477861
16,3,4255,completed,5478861
16,3,4256,completed,5528444
16,3,4257,completed,6371275
16,3,4258,completed,6368358
16,3,4259,completed,6367858
16,3,4260,completed,6367734
16,3,4261,completed,6367608
16,3,4262,completed,6367859
16,3,4263,completed,6367692
16,3,4264,completed,6367692
16,3,4265,completed,6368108
16,3,4266,completed,6367984
16,3,4267,completed,6367942
16,3,4268,completed,6367734
16,3,4269,completed,6367734
16,3,4270,completed,6367775
16,3,4271,completed,6367567
16,3,4272,completed,6311401
16,3,4273,completed,5994235
16,3,4274,completed,5993193
16,3,4275,completed,5993485
16,3,4276,completed,5994109
16,3,4277,completed,5994943
16,3,4278,completed,5995776
16,3,4279,completed,5996527
16,3,4280,completed,5997110
16,3,4281,completed,5998526
16,3,4282,completed,5999109
16,3,4283,completed,6021527
16,3,4284,completed,6027943
16,3,4285,completed,6028943
16,3,4286,completed,6029818
16,3,4287,completed,6030401
16,3,4288,completed,6030401
16,3,4289,completed,5975110
16,3,4290,completed,5977235
16,3,4291,completed,5978026
16,3,4292,completed,5978818
16,3,4293,completed,5979651
16,3,4294,completed,5980527
16,3,4295,completed,5981360
16,3,4296,completed,5982068
16,3,4297,completed,5983068
16,3,4298,completed,5983776
16,3,4299,completed,5965193
16,3,4300,completed,5989152
16,3,4301,completed,5991110
16,3,4302,completed,5999609
16,3,4303,completed,6000485
16,3,4304,completed,6000526
16,3,4305,completed,6031942
16,3,4306,completed,6042901
16,3,4307,completed,6043484
16,3,4308,completed,6044318
16,3,4309,completed,6036068
16,3,4310,completed,6037277
16,3,4311,completed,6038235
16,3,4312,completed,6039110
16,3,4313,completed,6040360
16,3,4314,completed,6040901
16,3,4315,completed,6040527
16,3,4316,completed,6041401
16,3,4317,completed,6020734
16,3,4318,completed,6020651
16,3,4319,completed,6071651
16,3,4320,completed,6065193
16,3,4321,completed,5873610
16,3,4322,completed,5874652
16,3,4323,completed,5876026
16,3,4324,completed,5877652
16,3,4325,completed,5879318
16,3,4326,completed,5880985
16,3,4327,completed,5882568
16,3,4328,completed,5884110
16,3,4329,completed,5885985
16,3,4330,completed,5887235
16,3,4331,completed,5888735
16,3,4332,completed,5890110
16,3,4333,completed,5891693
16,3,4334,completed,5893443
16,3,4335,completed,5894735
16,3,4336,completed,5896443
16,3,4337,completed,5856027
16,3,4338,completed,5849027
16,3,4339,completed,5848860
16,3,4340,completed,5848860
16,3,4341,completed,5849110
16,3,4342,completed,5849569
16,3,4343,completed,5849860
16,3,4344,completed,5849985
16,3,4345,completed,5850610
16,3,4346,completed,5850735
16,3,4347,completed,5850943
16,3,4348,completed,5868401
16,3,4349,completed,5873901
16,3,4350,completed,5874194
16,3,4351,completed,5874569
16,3,4352,completed,5874610
16,3,4353,completed,6013277
16,3,4354,completed,6019068
16,3,4355,completed,6019817
16,3,4356,completed,6020818
16,3,4357,completed,6021776
16,3,4358,completed,6022943
16,3,4359,completed,6023734
16,3,4360,completed,6024360
16,3,4361,completed,6026068
16,3,4362,completed,6026485
16,3,4363,completed,6027109
16,3,4364,completed,6011651
16,3,4365,completed,6012443
16,3,4366,completed,6008318
16,3,4367,completed,6008609
16,3,4368,completed,6009651
16,3,4369,completed,5976776
16,3,4370,completed,5979652
16,3,4371,completed,5980901
16,3,4372,completed,5982401
16,3,4373,completed,5983985
16,3,4374,completed,5985568
16,3,4375,completed,5986985
16,3,4376,completed,5988318
16,3,4377,completed,5990277
16,3,4378,completed,5991443
16,3,4379,completed,5992777
16,3,4380,completed,5994110
16,3,4381,completed,5995859
16,3,4382,completed,6032193
16,3,4383,completed,6035526
16,3,4384,completed,6047693
16,3,4385,completed,6073235
16,3,4386,completed,6067026
16,3,4387,completed,6066359
16,3,4388,completed,6066109
16,3,4389,completed,6065651
16,3,4390,completed,6065526
16,3,4391,completed,6065193
16,3,4392,completed,6064901
16,3,4393,completed,6065442
16,3,4394,completed,6065068
16,3,4395,completed,6064735
16,3,4396,completed,6064401
16,3,4397,completed,6090235
16,3,4398,completed,6095776
16,3,4399,completed,6073318
16,3,4400,completed,6072817
16,3,4401,completed,5828985
16,3,4402,completed,5830277
16,3,4403,completed,5830235
16,3,4404,completed,5830235
16,3,4405,completed,5830527
16,3,4406,completed,5831194
16,3,4407,completed,5831818
16,3,4408,completed,5832569
16,3,4409,completed,5833735
16,3,4410,completed,5833943
16,3,4411,completed,5834235
16,3,4412,completed,5834443
16,3,4413,completed,5803318
16,3,4414,completed,5797276
16,3,4415,completed,5797318
16,3,4416,completed,5797652
16,3,4417,completed,6001651
16,3,4418,completed,6006360
16,3,4419,completed,6007902
16,3,4420,completed,6009818
16,3,4421,completed,6011276
16,3,4422,completed,6013276
16,3,4423,completed,6015193
16,3,4424,completed,6016860
16,3,4425,completed,6019193
16,3,4426,completed,6020693
16,3,4427,completed,6022485
16,3,4428,completed,6024068
16,3,4429,completed,6025943
16,3,4430,completed,6027735
16,3,4431,completed,6029318
16,3,4432,completed,6084859
16,3,4433,completed,6049359
16,3,4434,completed,6047984
16,3,4435,completed,6047651
16,3,4436,completed,6047567
16,3,4437,completed,6047485
16,3,4438,completed,6048318
16,3,4439,completed,6048235
16,3,4440,completed,6048484
16,3,4441,completed,6049276
16,3,4442,completed,6072651
16,3,4443,completed,6076985
16,3,4444,completed,6076526
16,3,4445,completed,6076818
16,3,4446,completed,6077109
16,3,4447,completed,6076609
16,3,4448,completed,6031526
16,3,4449,completed,5812068
16,3,4450,completed,5811943
16,3,4451,completed,5812527
16,3,4452,completed,5813527
16,3,4453,completed,5814485
16,3,4454,completed,5816026
16,3,4455,completed,5817069
16,3,4456,completed,5817776
16,3,4457,completed,5818527
16,3,4458,completed,5787443
16,3,4459,completed,5786943
16,3,4460,completed,5787152
16,3,4461,completed,5788485
16,3,4462,completed,5789485
16,3,4463,completed,5816818
16,3,4464,completed,5823944
16,3,4465,completed,6052526
16,3,4466,completed,6054443
16,3,4467,completed,6055318
16,3,4468,completed,6056443
16,3,4469,completed,6057276
16,3,4470,completed,6058817
16,3,4471,completed,6060068
16,3,4472,completed,6061276
16,3,4473,completed,6062443
16,3,4474,completed,6062942
16,3,4475,completed,6063860
16,3,4476,completed,6064443
16,3,4477,completed,6065318
16,3,4478,completed,6087901
16,3,4479,completed,6073567
16,3,4480,completed,6069609
16,3,4481,completed,5694110
16,3,4482,completed,5692985
16,3,4483,completed,5693069
16,3,4484,completed,5693777
16,3,4485,completed,5694193
16,3,4486,completed,5694777
16,3,4487,completed,5695402
16,3,4488,completed,5695986
16,3,4489,completed,5696818
16,3,4490,completed,5697236
16,3,4491,completed,5697652
16,3,4492,completed,5697902
16,3,4493,completed,5698360
16,3,4494,completed,5683110
16,3,4495,completed,5683277
16,3,4496,completed,5679152
16,3,4497,completed,5774277
16,3,4498,completed,5775985
16,3,4499,completed,5776818
16,3,4500,completed,5777652
16,3,4501,completed,5778486
16,3,4502,completed,5779652
16,3,4503,completed,5780694
16,3,4504,completed,5781694
16,3,4505,completed,5778777
16,3,4506,completed,5779194
16,3,4507,completed,5779902
16,3,4508,completed,5780277
16,3,4509,completed,5781110
16,3,4510,completed,5782069
16,3,4511,completed,5782443
16,3,4512,completed,5783444
16,3,4513,completed,6347817
16,3,4514,completed,6345317
16,3,4515,completed,6345567
16,3,4516,completed,6346275
16,3,4517,completed,6346692
16,3,4518,completed,6347400
16,3,4519,completed,6347942
16,3,4520,completed,6348400
16,3,4521,completed,6349733
16,3,4522,completed,6350109
16,3,4523,completed,6350483
16,3,4524,completed,6350817
16,3,4525,completed,6351359
16,3,4526,completed,6352067
16,3,4527,completed,6352400
16,3,4528,completed,6352775
16,3,4529,completed,6008443
16,3,4530,completed,6012692
16,3,4531,completed,6013235
16,3,4532,completed,6013984
16,3,4533,completed,6014984
16,3,4534,completed,6016526
16,3,4535,completed,6017735
16,3,4536,completed,6018692
16,3,4537,completed,6020110
16,3,4538,completed,6020567
16,3,4539,completed,6021193
16,3,4540,completed,6021692
16,3,4541,completed,6042151
16,3,4542,completed,6048651
16,3,4543,completed,6049401
16,3,4544,completed,6050068
16,3,4545,completed,5987443
16,3,4546,completed,5991568
16,3,4547,completed,5993193
16,3,4548,completed,5994984
16,3,4549,completed,5996651
16,3,4550,completed,5998443
16,3,4551,completed,6000318
16,3,4552,completed,6002027
16,3,4553,completed,6004443
16,3,4554,completed,6005734
16,3,4555,completed,6007110
16,3,4556,completed,6008568
16,3,4557,completed,5995735
16,3,4558,completed,5997318
16,3,4559,completed,5998860
16,3,4560,completed,6000735
16,3,4561,completed,5940151
16,3,4562,completed,5930651
16,3,4563,completed,5930318
16,3,4564,completed,5930610
16,3,4565,completed,5930818
16,3,4566,completed,5931068
16,3,4567,completed,5931235
16,3,4568,completed,5931359
16,3,4569,completed,5931902
16,3,4570,completed,5931943
16,3,4571,completed,5931985
16,3,4572,completed,5931984
16,3,4573,completed,5932235
16,3,4574,completed,5932568
16,3,4575,completed,5932568
16,3,4576,completed,5961526
16,3,4577,completed,5988276
16,3,4578,completed,6000860
16,3,4579,completed,6002652
16,3,4580,completed,6004818
16,3,4581,completed,6007151
16,3,4582,completed,6009735
16,3,4583,completed,6012026
16,3,4584,completed,6014151
16,3,4585,completed,6016610
16,3,4586,completed,6071610
16,3,4587,completed,6089609
16,3,4588,completed,6091567
16,3,4589,completed,6093859
16,3,4590,completed,6095651
16,3,4591,completed,6093109
16,3,4592,completed,6069193
16,3,4593,completed,6025151
16,3,4594,completed,6021110
16,3,4595,completed,6021401
16,3,4596,completed,6021985
16,3,4597,completed,6022527
16,3,4598,completed,6023485
16,3,4599,completed,6024110
16,3,4600,completed,6057443
16,3,4601,completed,6069234
16,3,4602,completed,6006026
16,3,4603,completed,5991943
16,3,4604,completed,5992277
16,3,4605,completed,5993109
16,3,4606,completed,5993860
16,3,4607,completed,5994359
16,3,4608,completed,6022234
16,3,4609,completed,5929277
16,3,4610,completed,5923110
16,3,4611,completed,5922568
16,3,4612,completed,5922318
16,3,4613,completed,5922110
16,3,4614,completed,5921860
16,3,4615,completed,5921527
16,3,4616,completed,5885485
16,3,4617,completed,5885276
16,3,4618,completed,5876277
16,3,4619,completed,5875734
16,3,4620,completed,5875277
16,3,4621,completed,5874943
16,3,4622,completed,5874568
16,3,4623,completed,5874152
16,3,4624,completed,5853068
16,3,4625,completed,6006360
16,3,4626,completed,6013401
16,3,4627,completed,6014860
16,3,4628,completed,6016318
16,3,4629,completed,6017860
16,3,4630,completed,6019484
16,3,4631,completed,6021151
16,3,4632,completed,6022609
16,3,4633,completed,6024776
16,3,4634,completed,6026402
16,3,4635,completed,6027859
16,3,4636,completed,6029234
16,3,4637,completed,6054318
16,3,4638,completed,6058735
16,3,4639,completed,6058193
16,3,4640,completed,6044568
16,3,4641,completed,5687652
16,3,4642,completed,5684110
16,3,4643,completed,5683569
16,3,4644,completed,5683319
16,3,4645,completed,5683235
16,3,4646,completed,5682902
16,3,4647,completed,5682693
16,3,4648,completed,5682319
16,3,4649,completed,5682194
16,3,4650,completed,5680236
16,3,4651,completed,5680277
16,3,4652,completed,5697193
16,3,4653,completed,5702943
16,3,4654,completed,5703027
16,3,4655,completed,5672069
16,3,4656,completed,5678986
16,3,4657,completed,6195651
16,3,4658,completed,6196359
16,3,4659,completed,6196359
16,3,4660,completed,6196568
16,3,4661,completed,6196942
16,3,4662,completed,6197692
16,3,4663,completed,6198234
16,3,4664,completed,6198526
16,3,4665,completed,6199276
16,3,4666,completed,6213900
16,3,4667,completed,6217776
16,3,4668,completed,6205650
16,3,4669,completed,6205984
16,3,4670,completed,6208067
16,3,4671,completed,6208359
16,3,4672,completed,6179984
16,3,4673,completed,6007276
16,3,4674,completed,6010068
16,3,4675,completed,6010693
16,3,4676,completed,6011859
16,3,4677,completed,6012901
16,3,4678,completed,6013818
16,3,4679,completed,6014860
16,3,4680,completed,6015568
16,3,4681,completed,6016859
16,3,4682,completed,6017902
16,3,4683,completed,6019235
16,3,4684,completed,6019818
16,3,4685,completed,6020568
16,3,4686,completed,6021401
16,3,4687,completed,6022110
16,3,4688,completed,6022777
16,3,4689,completed,5958776
16,3,4690,completed,5956818
16,3,4691,completed,5956859
16,3,4692,completed,5957110
16,3,4693,completed,5957318
16,3,4694,completed,5957859
16,3,4695,completed,5958318
16,3,4696,completed,5958568
16,3,4697,completed,5959277
16,3,4698,completed,5939818
16,3,4699,completed,5939651
16,3,4700,completed,5940068
16,3,4701,completed,5940776
16,3,4702,completed,5941318
16,3,4703,completed,5967277
16,3,4704,completed,5976318
16,3,4705,completed,5946068
16,3,4706,completed,5951318
16,3,4707,completed,5951318
16,3,4708,completed,5951818
16,3,4709,completed,5952693
16,3,4710,completed,5953735
16,3,4711,completed,5954609
16,3,4712,completed,5955318
16,3,4713,completed,5956610
16,3,4714,completed,5956818
16,3,4715,completed,5983901
16,3,4716,completed,5991943
16,3,4717,completed,5992860
16,3,4718,completed,5993318
16,3,4719,completed,5964318
16,3,4720,completed,5959859
16,3,4721,completed,6004484
16,3,4722,completed,6003901
16,3,4723,completed,6004318
16,3,4724,completed,6004693
16,3,4725,completed,6005318
16,3,4726,completed,6006151
16,3,4727,completed,6006943
16,3,4728,completed,6007609
16,3,4729,completed,6008693
16,3,4730,completed,6009276
16,3,4731,completed,5979734
16,3,4732,completed,5996276
16,3,4733,completed,6002943
16,3,4734,completed,6003609
16,3,4735,completed,6004526
16,3,4736,completed,6004734
16,3,4737,completed,6039860
16,3,4738,completed,6039151
16,3,4739,completed,6040068
16,3,4740,completed,6040734
16,3,4741,completed,6041235
16,3,4742,completed,6042026
16,3,4743,completed,6042359
16,3,4744,completed,6042859
16,3,4745,completed,6069860
16,3,4746,completed,6071109
16,3,4747,completed,6072068
16,3,4748,completed,6053776
16,3,4749,completed,6054567
16,3,4750,completed,6055318
16,3,4751,completed,6056234
16,3,4752,completed,6084276
16,3,4753,completed,5916693
16,3,4754,completed,5912568
16,3,4755,completed,5913110
16,3,4756,completed,5914276
16,3,4757,completed,5950110
16,3,4758,completed,5959151
16,3,4759,completed,5960277
16,3,4760,completed,5961151
16,3,4761,completed,5962860
16,3,4762,completed,5963693
16,3,4763,completed,5964610
16,3,4764,completed,5965193
16,3,4765,completed,5961568
16,3,4766,completed,5961984
16,3,4767,completed,5962527
16,3,4768,completed,5982277
16,3,4769,completed,5842402
16,3,4770,completed,5845068
16,3,4771,completed,5846193
16,3,4772,completed,5847402
16,3,4773,completed,5804652
16,3,4774,completed,5790027
16,3,4775,completed,5790069
16,3,4776,completed,5790652
16,3,4777,completed,5791485
16,3,4778,completed,5791985
16,3,4779,completed,5792401
16,3,4780,completed,5792944
16,3,4781,completed,5793818
16,3,4782,completed,5794444
16,3,4783,completed,5795068
16,3,4784,completed,5763569
16,3,4785,completed,5889693
16,3,4786,completed,5886319
16,3,4787,completed,5886402
16,3,4788,completed,5886152
16,3,4789,completed,5886235
16,3,4790,completed,5886360
16,3,4791,completed,5886693
16,3,4792,completed,5886610
16,3,4793,completed,5887068
16,3,4794,completed,5902735
16,3,4795,completed,5906443
16,3,4796,completed,5906610
16,3,4797,completed,5906777
16,3,4798,completed,5907069
16,3,4799,completed,5907110
16,3,4800,completed,5906860
16,3,4801,completed,6147693
16,3,4802,completed,6152025
16,3,4803,completed,6152401
16,3,4804,completed,6153442
16,3,4805,completed,6154359
16,3,4806,completed,6155276
16,3,4807,completed,6155859
16,3,4808,completed,6156609
16,3,4809,completed,6158193
16,3,4810,completed,6145026
16,3,4811,completed,6145275
16,3,4812,completed,6145776
16,3,4813,completed,6145817
16,3,4814,completed,6146567
16,3,4815,completed,6172359
16,3,4816,completed,6176317
16,3,4817,completed,5936360
16,3,4818,completed,5939527
16,3,4819,completed,5941110
16,3,4820,completed,5942943
16,3,4821,completed,5944818
16,3,4822,completed,5946777
16,3,4823,completed,5948652
16,3,4824,completed,5950402
16,3,4825,completed,5952485
16,3,4826,completed,5954068
16,3,4827,completed,5956443
16,3,4828,completed,5993110
16,3,4829,completed,6004110
16,3,4830,completed,6005818
16,3,4831,completed,5982402
16,3,4832,completed,5980235
16,3,4833,completed,6058984
16,3,4834,completed,6053276
16,3,4835,completed,6052651
16,3,4836,completed,6052610
16,3,4837,completed,6052484
16,3,4838,completed,6052401
16,3,4839,completed,6052276
16,3,4840,completed,6051985
16,3,4841,completed,6081151
16,3,4842,completed,6091026
16,3,4843,completed,6091026
16,3,4844,completed,6057901
16,3,4845,completed,6047276
16,3,4846,completed,6047276
16,3,4847,completed,6046901
16,3,4848,completed,6046442
16,3,4849,completed,5939443
16,3,4850,completed,5943068
16,3,4851,completed,5943526
16,3,4852,completed,5944443
16,3,4853,completed,5945984
16,3,4854,completed,5946735
16,3,4855,completed,5947401
16,3,4856,completed,5948027
16,3,4857,completed,5909610
16,3,4858,completed,5900235
16,3,4859,completed,5921319
16,3,4860,completed,5927901
16,3,4861,completed,5928652
16,3,4862,completed,5929694
16,3,4863,completed,5930526
16,3,4864,completed,5930943
16,3,4865,completed,5949568
16,3,4866,completed,5948318
16,3,4867,completed,5948818
16,3,4868,completed,5949068
16,3,4869,completed,5949568
16,3,4870,completed,5950068
16,3,4871,completed,5950568
16,3,4872,completed,5950984
16,3,4873,completed,5972277
16,3,4874,completed,5979651
16,3,4875,completed,5960151
16,3,4876,completed,5960443
16,3,4877,completed,5961234
16,3,4878,completed,5961943
16,3,4879,completed,5955860
16,3,4880,completed,5956068
16,3,4881,completed,5996110
16,3,4882,completed,5999734
16,3,4883,completed,5999943
16,3,4884,completed,6000402
16,3,4885,completed,6001026
16,3,4886,completed,6002068
16,3,4887,completed,6002860
16,3,4888,completed,6003360
16,3,4889,completed,5973359
16,3,4890,completed,5994693
16,3,4891,completed,6002026
16,3,4892,completed,6002485
16,3,4893,completed,6003234
16,3,4894,completed,6003901
16,3,4895,completed,6004276
16,3,4896,completed,6004735
16,3,4897,completed,5983777
16,3,4898,completed,5982110
16,3,4899,completed,5982693
16,3,4900,completed,5983151
16,3,4901,completed,5983777
16,3,4902,completed,5984318
16,3,4903,completed,5984776
16,3,4904,completed,5985068
16,3,4905,completed,5986068
16,3,4906,completed,5949110
16,3,4907,completed,5947819
16,3,4908,completed,5964443
16,3,4909,completed,5968485
16,3,4910,completed,5969234
16,3,4911,completed,5969818
16,3,4912,completed,5970193
16,3,4913,completed,5969860
16,3,4914,completed,5971860
16,3,4915,completed,5972484
16,3,4916,completed,5973110
16,3,4917,completed,5973818
16,3,4918,completed,5974527
16,3,4919,completed,5975443
16,3,4920,completed,5976194
16,3,4921,completed,5977277
16,3,4922,completed,5998776
16,3,4923,completed,6005526
16,3,4924,completed,5996777
16,3,4925,completed,5997777
16,3,4926,completed,5998943
16,3,4927,completed,5999901
16,3,4928,completed,5999860
16,3,4929,completed,5448611
16,3,4930,completed,5451486
16,3,4931,completed,5451903
16,3,4932,completed,5452403
16,3,4933,completed,5453153
16,3,4934,completed,5454153
16,3,4935,completed,5454903
16,3,4936,completed,5455444
16,3,4937,completed,5456528
16,3,4938,completed,5436695
16,3,4939,completed,5465736
16,3,4940,completed,5474736
16,3,4941,completed,5476028
16,3,4942,completed,5476986
16,3,4943,completed,5477695
16,3,4944,completed,5478486
16,3,4945,completed,6474150
16,3,4946,completed,6472900
16,3,4947,completed,6473067
16,3,4948,completed,6473733
16,3,4949,completed,6474275
16,3,4950,completed,6474858
16,3,4951,completed,6475942
16,3,4952,completed,6476483
16,3,4953,completed,6477734
16,3,4954,completed,6478192
16,3,4955,completed,6465067
16,3,4956,completed,6464567
16,3,4957,completed,6465025
16,3,4958,completed,6466066
16,3,4959,completed,6466567
16,3,4960,completed,6467025
16,3,4961,completed,6003193
16,3,4962,completed,6005402
16,3,4963,completed,6005401
16,3,4964,completed,6005943
16,3,4965,completed,6006818
16,3,4966,completed,6007652
16,3,4967,completed,6008193
16,3,4968,completed,6008735
16,3,4969,completed,6028818
16,3,4970,completed,6034068
16,3,4971,completed,6018610
16,3,4972,completed,6018943
16,3,4973,completed,6019443
16,3,4974,completed,6019734
16,3,4975,completed,6020443
16,3,4976,completed,6021151
16,3,4977,completed,6008776
16,3,4978,completed,6011818
16,3,4979,completed,6012526
16,3,4980,completed,6013610
16,3,4981,completed,6014610
16,3,4982,completed,6015818
16,3,4983,completed,6016860
16,3,4984,completed,6017610
16,3,4985,completed,6001318
16,3,4986,completed,6036401
16,3,4987,completed,6047276
16,3,4988,completed,6046360
16,3,4989,completed,6047401
16,3,4990,completed,6048401
16,3,4991,completed,6048860
16,3,4992,completed,6049484
16,3,4993,completed,5969152
16,3,4994,completed,5968276
16,3,4995,completed,5969193
16,3,4996,completed,5970859
16,3,4997,completed,5972777
16,3,4998,completed,5974318
16,3,4999,completed,5975860
16,3,5000,completed,5977151
16,3,5001,completed,5978985
16,3,5002,completed,5940402
16,3,5003,completed,5935110
16,3,5004,completed,5968860
16,3,5005,completed,5978818
16,3,5006,completed,5980360
16,3,5007,completed,5981651
16,3,5008,completed,5982735
16,3,5009,completed,5970985
16,3,5010,completed,5967734
16,3,5011,completed,5967234
16,3,5012,completed,5966818
16,3,5013,completed,5966652
16,3,5014,completed,5966443
16,3,5015,completed,5966193
16,3,5016,completed,5965984
16,3,5017,completed,5986068
16,3,5018,completed,5991360
16,3,5019,completed,6046984
16,3,5020,completed,6014234
16,3,5021,completed,6003735
16,3,5022,completed,6003818
16,3,5023,completed,6003651
16,3,5024,completed,6003443
16,3,5025,completed,6073776
16,3,5026,completed,6079984
16,3,5027,completed,6081401
16,3,5028,completed,6082901
16,3,5029,completed,6084359
16,3,5030,completed,6086026
16,3,5031,completed,6087651
16,3,5032,completed,6089068
16,3,5033,completed,6057609
16,3,5034,completed,6068693
16,3,5035,completed,6070318
16,3,5036,completed,6071568
16,3,5037,completed,6073026
16,3,5038,completed,6074693
16,3,5039,completed,6076151
16,3,5040,completed,6077401
16,3,5041,completed,5836694
16,3,5042,completed,5830485
16,3,5043,completed,5829694
16,3,5044,completed,5829527
16,3,5045,completed,5829110
16,3,5046,completed,5828985
16,3,5047,completed,5828902
16,3,5048,completed,5828776
16,3,5049,completed,5797110
16,3,5050,completed,5777860
16,3,5051,completed,5777485
16,3,5052,completed,5776819
16,3,5053,completed,5776694
16,3,5054,completed,5775985
16,3,5055,completed,5775943
16,3,5056,completed,5768068
16,3,5057,completed,5985651
16,3,5058,completed,5985985
16,3,5059,completed,5986568
16,3,5060,completed,5987068
16,3,5061,completed,5987860
16,3,5062,completed,5988901
16,3,5063,completed,5989568
16,3,5064,completed,5990110
16,3,5065,completed,5967318
16,3,5066,completed,5968026
16,3,5067,completed,5968526
16,3,5068,completed,5968901
16,3,5069,completed,5969401
16,3,5070,completed,5969818
16,3,5071,completed,5970235
16,3,5072,completed,5970443
16,3,5073,completed,6030193
16,3,5074,completed,6035442
16,3,5075,completed,6035942
16,3,5076,completed,6037109
16,3,5077,completed,6037943
16,3,5078,completed,6039067
16,3,5079,completed,6040068
16,3,5080,completed,6041110
16,3,5081,completed,6008609
16,3,5082,completed,6026068
16,3,5083,completed,6032818
16,3,5084,completed,6033360
16,3,5085,completed,6034151
16,3,5086,completed,6034735
16,3,5087,completed,6035318
16,3,5088,completed,6035860
16,3,5089,completed,5933235
16,3,5090,completed,5928860
16,3,5091,completed,5928859
16,3,5092,completed,5928901
16,3,5093,completed,5929026
16,3,5094,completed,5929318
16,3,5095,completed,5929860
16,3,5096,completed,5930568
16,3,5097,completed,5963152
16,3,5098,completed,5942235
16,3,5099,completed,5941527
16,3,5100,completed,5942360
16,3,5101,completed,5943109
16,3,5102,completed,5943984
16,3,5103,completed,5944693
16,3,5104,completed,5945235
16,3,5105,completed,5974359
16,3,5106,completed,5978609
16,3,5107,completed,5978901
16,3,5108,completed,5979568
16,3,5109,completed,5980110
16,3,5110,completed,5980943
16,3,5111,completed,5981693
16,3,5112,completed,5982234
16,3,5113,completed,5960234
16,3,5114,completed,5964234
16,3,5115,completed,5964277
16,3,5116,completed,5964443
16,3,5117,completed,5965402
16,3,5118,completed,5966068
16,3,5119,completed,5966193
16,3,5120,completed,5982526
16,3,5121,completed,6082151
16,3,5122,completed,6083235
16,3,5123,completed,6083859
16,3,5124,completed,6084776
16,3,5125,completed,6085235
16,3,5126,completed,6086109
16,3,5127,completed,6086818
16,3,5128,completed,6087442
16,3,5129,completed,6071026
16,3,5130,completed,6092735
16,3,5131,completed,6094235
16,3,5132,completed,6094693
16,3,5133,completed,6095401
16,3,5134,completed,6096026
16,3,5135,completed,6096692
16,3,5136,completed,6070151
16,3,5137,completed,5892776
16,3,5138,completed,5895110
16,3,5139,completed,5895777
16,3,5140,completed,5896360
16,3,5141,completed,5897402
16,3,5142,completed,5898526
16,3,5143,completed,5899444
16,3,5144,completed,5900235
16,3,5145,completed,5901569
16,3,5146,completed,5880610
16,3,5147,completed,5874860
16,3,5148,completed,5898652
16,3,5149,completed,5905527
16,3,5150,completed,5906027
16,3,5151,completed,5906527
16,3,5152,completed,5907069
16,3,5153,completed,5941610
16,3,5154,completed,5944276
16,3,5155,completed,5944484
16,3,5156,completed,5944693
16,3,5157,completed,5945151
16,3,5158,completed,5946027
16,3,5159,completed,5946651
16,3,5160,completed,5947110
16,3,5161,completed,5948110
16,3,5162,completed,5948109
16,3,5163,completed,5948318
16,3,5164,completed,5932609
16,3,5165,completed,5958985
16,3,5166,completed,5960443
16,3,5167,completed,5960651
16,3,5168,completed,5960902
16,3,5169,completed,5973026
16,3,5170,completed,5970276
16,3,5171,completed,5970735
16,3,5172,completed,5971776
16,3,5173,completed,5973026
16,3,5174,completed,5973985
16,3,5175,completed,5974860
16,3,5176,completed,5975568
16,3,5177,completed,5976985
16,3,5178,completed,5997235
16,3,5179,completed,6003068
16,3,5180,completed,6013860
16,3,5181,completed,6014318
16,3,5182,completed,6021192
16,3,5183,completed,6022318
16,3,5184,completed,6022818
16,3,5185,completed,5993235
16,3,5186,completed,5992318
16,3,5187,completed,5992735
16,3,5188,completed,5993485
16,3,5189,completed,5994109
16,3,5190,completed,5994693
16,3,5191,completed,5995193
16,3,5192,completed,5995527
16,3,5193,completed,5996693
16,3,5194,completed,5974860
16,3,5195,completed,5988318
16,3,5196,completed,5994234
16,3,5197,completed,5949776
16,3,5198,completed,5943652
16,3,5199,completed,5944068
16,3,5200,completed,5944527
16,3,5201,completed,5968652
16,3,5202,completed,5972443
16,3,5203,completed,5972651
16,3,5204,completed,5973776
16,3,5205,completed,5974526
16,3,5206,completed,5975693
16,3,5207,completed,5976485
16,3,5208,completed,5977401
16,3,5209,completed,5978943
16,3,5210,completed,5979485
16,3,5211,completed,5961277
16,3,5212,completed,5960901
16,3,5213,completed,5994068
16,3,5214,completed,6004277
16,3,5215,completed,6004610
16,3,5216,completed,6004943
16,3,5217,completed,5430986
16,3,5218,completed,5432736
16,3,5219,completed,5433862
16,3,5220,completed,5435403
16,3,5221,completed,5436820
16,3,5222,completed,5438320
16,3,5223,completed,5439945
16,3,5224,completed,5441486
16,3,5225,completed,5443570
16,3,5226,completed,5478777
16,3,5227,completed,5522986
16,3,5228,completed,5540403
16,3,5229,completed,5508277
16,3,5230,completed,5504361
16,3,5231,completed,5505694
16,3,5232,completed,5507028
16,3,5233,completed,6452317
16,3,5234,completed,6434733
16,3,5235,completed,6433984
16,3,5236,completed,6433608
16,3,5237,completed,6433484
16,3,5238,completed,6433234
16,3,5239,completed,6431275
16,3,5240,completed,6431317
16,3,5241,completed,6432109
16,3,5242,completed,6448567
16,3,5243,completed,6369442
16,3,5244,completed,6356234
16,3,5245,completed,6355942
16,3,5246,completed,6355734
16,3,5247,completed,6355317
16,3,5248,completed,6354984
16,3,5249,completed,5754027
16,3,5250,completed,5756069
16,3,5251,completed,5756652
16,3,5252,completed,5757569
16,3,5253,completed,5757944
16,3,5254,completed,5758652
16,3,5255,completed,5759485
16,3,5256,completed,5760110
16,3,5257,completed,5761027
16,3,5258,completed,5767235
16,3,5259,completed,5773485
16,3,5260,completed,5774319
16,3,5261,completed,5775319
16,3,5262,completed,5776235
16,3,5263,completed,5772610
16,3,5264,completed,5773277
16,3,5265,completed,4793404
16,3,5266,completed,4800321
16,3,5267,completed,4801071
16,3,5268,completed,4801905
16,3,5269,completed,4802904
16,3,5270,completed,4804029
16,3,5271,completed,4805196
16,3,5272,completed,4806321
16,3,5273,completed,4807655
16,3,5274,completed,4789362
16,3,5275,completed,4789696
16,3,5276,completed,4791029
16,3,5277,completed,4792487
16,3,5278,completed,4793488
16,3,5279,completed,4794821
16,3,5280,completed,4795654
16,3,5281,completed,7447064
16,3,5282,completed,7443856
16,3,5283,completed,7444648
16,3,5284,completed,7445148
16,3,5285,completed,7446147
16,3,5286,completed,7447023
16,3,5287,completed,7448189
16,3,5288,completed,7449231
16,3,5289,completed,7450481
16,3,5290,completed,7451397
16,3,5291,completed,7452439
16,3,5292,completed,7453523
16,3,5293,completed,7454648
16,3,5294,completed,7456147
16,3,5295,completed,7457939
16,3,5296,completed,7459106
16,3,5297,completed,5820360
16,3,5298,completed,5824943
16,3,5299,completed,5825902
16,3,5300,completed,5827193
16,3,5301,completed,5828776
16,3,5302,completed,5829693
16,3,5303,completed,5847818
16,3,5304,completed,5848902
16,3,5305,completed,5850068
16,3,5306,completed,5851151
16,3,5307,completed,5852152
16,3,5308,completed,5853360
16,3,5309,completed,5854610
16,3,5310,completed,5856026
16,3,5311,completed,5857276
16,3,5312,completed,5858026
16,3,5313,completed,5860610
16,3,5314,completed,5862485
16,3,5315,completed,5862568
16,3,5316,completed,5862901
16,3,5317,completed,5863693
16,3,5318,completed,5864110
16,3,5319,completed,5864527
16,3,5320,completed,5864985
16,3,5321,completed,5865402
16,3,5322,completed,5865735
16,3,5323,completed,5866026
16,3,5324,completed,5866568
16,3,5325,completed,5867027
16,3,5326,completed,5867569
16,3,5327,completed,5868027
16,3,5328,completed,5868485
16,3,5329,completed,6202235
16,3,5330,completed,6212900
16,3,5331,completed,6213817
16,3,5332,completed,6214734
16,3,5333,completed,6215943
16,3,5334,completed,6216526
16,3,5335,completed,6217359
16,3,5336,completed,6218525
16,3,5337,completed,6219693
16,3,5338,completed,6220276
16,3,5339,completed,6220859
16,3,5340,completed,6222026
16,3,5341,completed,6222942
16,3,5342,completed,6223692
16,3,5343,completed,6224484
16,3,5344,completed,6225192
16,3,5345,completed,5873735
16,3,5346,completed,5875443
16,3,5347,completed,5876527
16,3,5348,completed,5877527
16,3,5349,completed,5878652
16,3,5350,completed,5879152
16,3,5351,completed,5879735
16,3,5352,completed,5879902
16,3,5353,completed,5880443
16,3,5354,completed,5881110
16,3,5355,completed,5881402
16,3,5356,completed,5881777
16,3,5357,completed,5882360
16,3,5358,completed,5882693
16,3,5359,completed,5883860
16,3,5360,completed,5884610
16,3,5361,completed,5596986
16,3,5362,completed,5602403
16,3,5363,completed,5603694
16,3,5364,completed,5605444
16,3,5365,completed,5607152
16,3,5366,completed,5609028
16,3,5367,completed,5610528
16,3,5368,completed,5611611
16,3,5369,completed,5612860
16,3,5370,completed,5614527
16,3,5371,completed,5615569
16,3,5372,completed,5616611
16,3,5373,completed,5617944
16,3,5374,completed,5618944
16,3,5375,completed,5620569
16,3,5376,completed,5621402
16,3,5377,completed,6452150
16,3,5378,completed,6464192
16,3,5379,completed,6466442
16,3,5380,completed,6468817
16,3,5381,completed,6471317
16,3,5382,completed,6473484
16,3,5383,completed,6475233
16,3,5384,completed,6476859
16,3,5385,completed,6479025
16,3,5386,completed,6480984
16,3,5387,completed,6482109
16,3,5388,completed,6483400
16,3,5389,completed,6485109
16,3,5390,completed,6486525
16,3,5391,completed,6488734
16,3,5392,completed,6490608
16,3,5393,completed,5440903
16,3,5394,completed,5444278
16,3,5395,completed,5445278
16,3,5396,completed,5446528
16,3,5397,completed,5447778
16,3,5398,completed,5449111
16,3,5399,completed,5450236
16,3,5400,completed,5451152
16,3,5401,completed,5452194
16,3,5402,completed,5453444
16,3,5403,completed,5454402
16,3,5404,completed,5456069
16,3,5405,completed,5457569
16,3,5406,completed,5458653
16,3,5407,completed,5460361
16,3,5408,completed,5461486
16,3,5409,completed,5842443
16,3,5410,completed,5843693
16,3,5411,completed,5844402
16,3,5412,completed,5844818
16,3,5413,completed,5845360
16,3,5414,completed,5846277
16,3,5415,completed,5846652
16,3,5416,completed,5846819
16,3,5417,completed,5847110
16,3,5418,completed,5847485
16,3,5419,completed,5847777
16,3,5420,completed,5848401
16,3,5421,completed,5848777
16,3,5422,completed,5849193
16,3,5423,completed,5849485
16,3,5424,completed,5849943
16,3,5425,completed,6413775
16,3,5426,completed,6420984
16,3,5427,completed,6423025
16,3,5428,completed,6425026
16,3,5429,completed,6426983
16,3,5430,completed,6429567
16,3,5431,completed,6431150
16,3,5432,completed,6432525
16,3,5433,completed,6433942
16,3,5434,completed,6435776
16,3,5435,completed,6437359
16,3,5436,completed,6439442
16,3,5437,completed,6441484
16,3,5438,completed,6443317
16,3,5439,completed,6445025
16,3,5440,completed,6446108
16,3,5441,completed,5433028
16,3,5442,completed,5433820
16,3,5443,completed,5434486
16,3,5444,completed,5435361
16,3,5445,completed,5436778
16,3,5446,completed,5437653
16,3,5447,completed,5438444
16,3,5448,completed,5439153
16,3,5449,completed,5439861
16,3,5450,completed,5440611
16,3,5451,completed,5441278
16,3,5452,completed,5442027
16,3,5453,completed,5442986
16,3,5454,completed,5443986
16,3,5455,completed,5445403
16,3,5456,completed,5446320
16,3,5457,completed,6001818
16,3,5458,completed,6002360
16,3,5459,completed,6002735
16,3,5460,completed,6002818
16,3,5461,completed,6003152
16,3,5462,completed,6003484
16,3,5463,completed,6003777
16,3,5464,completed,6003693
16,3,5465,completed,6003735
16,3,5466,completed,6003985
16,3,5467,completed,6003985
16,3,5468,completed,6004360
16,3,5469,completed,6004526
16,3,5470,completed,6004776
16,3,5471,completed,6004943
16,3,5472,completed,6005027
16,3,5473,completed,6443525
16,3,5474,completed,6451567
16,3,5475,completed,6452984
16,3,5476,completed,6454483
16,3,5477,completed,6456192
16,3,5478,completed,6457608
16,3,5479,completed,6458817
16,3,5480,completed,6459484
16,3,5481,completed,6460233
16,3,5482,completed,6461442
16,3,5483,completed,6462191
16,3,5484,completed,6463608
16,3,5485,completed,6464775
16,3,5486,completed,6465733
16,3,5487,completed,6467025
16,3,5488,completed,6467858
16,3,5489,completed,5938527
16,3,5490,completed,5937484
16,3,5491,completed,5938318
16,3,5492,completed,5939068
16,3,5493,completed,5940027
16,3,5494,completed,5940651
16,3,5495,completed,5941276
16,3,5496,completed,5941943
16,3,5497,completed,5942610
16,3,5498,completed,5943485
16,3,5499,completed,5944318
16,3,5500,completed,5944985
16,3,5501,completed,5945652
16,3,5502,completed,5946235
16,3,5503,completed,5947068
16,3,5504,completed,5947693
16,3,5505,completed,6058485
16,3,5506,completed,6065401
16,3,5507,completed,6066318
16,3,5508,completed,6067360
16,3,5509,completed,6068735
16,3,5510,completed,6069609
16,3,5511,completed,6070443
16,3,5512,completed,6071110
16,3,5513,completed,6071651
16,3,5514,completed,6072527
16,3,5515,completed,6073610
16,3,5516,completed,6074276
16,3,5517,completed,6074902
16,3,5518,completed,6075401
16,3,5519,completed,6076568
16,3,5520,completed,6077776
16,3,5521,completed,5365278
16,3,5522,completed,5365736
16,3,5523,completed,5366528
16,3,5524,completed,5366986
16,3,5525,completed,5368069
16,3,5526,completed,5368528
16,3,5527,completed,5368778
16,3,5528,completed,5369653
16,3,5529,completed,5370319
16,3,5530,completed,5371195
16,3,5531,completed,5371820
16,3,5532,completed,5372695
16,3,5533,completed,5373362
16,3,5534,completed,5373903
16,3,5535,completed,5374778
16,3,5536,completed,5375236
16,3,5537,completed,6443775
16,3,5538,completed,6444525
16,3,5539,completed,6444942
16,3,5540,completed,6445484
16,3,5541,completed,6446484
16,3,5542,completed,6447066
16,3,5543,completed,6447483
16,3,5544,completed,6448150
16,3,5545,completed,6448984
16,3,5546,completed,6449650
16,3,5547,completed,6450358
16,3,5548,completed,6450942
16,3,5549,completed,6451650
16,3,5550,completed,6452192
16,3,5551,completed,6453025
16,3,5552,completed,6453609
16,3,5553,completed,6004235
16,3,5554,completed,6010651
16,3,5555,completed,6011651
16,3,5556,completed,6012943
16,3,5557,completed,6014610
16,3,5558,completed,6015693
16,3,5559,completed,6016068
16,3,5560,completed,6017276
16,3,5561,completed,6018527
16,3,5562,completed,6019526
16,3,5563,completed,6020318
16,3,5564,completed,6021109
16,3,5565,completed,6022735
16,3,5566,completed,6023234
16,3,5567,completed,6024318
16,3,5568,completed,6024860
16,3,5569,completed,5967318
16,3,5570,completed,5967943
16,3,5571,completed,5969734
16,3,5572,completed,5971360
16,3,5573,completed,5973443
16,3,5574,completed,5974984
16,3,5575,completed,5976401
16,3,5576,completed,5978360
16,3,5577,completed,5980193
16,3,5578,completed,5981693
16,3,5579,completed,5983359
16,3,5580,completed,5984860
16,3,5581,completed,5986485
16,3,5582,completed,5987859
16,3,5583,completed,5989485
16,3,5584,completed,5990818
16,3,5585,completed,6113567
16,3,5586,completed,6114984
16,3,5587,completed,6115317
16,3,5588,completed,6115401
16,3,5589,completed,6116026
16,3,5590,completed,6116235
16,3,5591,completed,6116317
16,3,5592,completed,6116568
16,3,5593,completed,6117109
16,3,5594,completed,6117276
16,3,5595,completed,6117818
16,3,5596,completed,6117984
16,3,5597,completed,6118401
16,3,5598,completed,6118650
16,3,5599,completed,6118901
16,3,5600,completed,6119026
16,3,5601,completed,5843943
16,3,5602,completed,5848068
16,3,5603,completed,5849818
16,3,5604,completed,5851360
16,3,5605,completed,5853068
16,3,5606,completed,5854610
16,3,5607,completed,5855777
16,3,5608,completed,5857527
16,3,5609,completed,5859485
16,3,5610,completed,5860943
16,3,5611,completed,5862652
16,3,5612,completed,5864110
16,3,5613,completed,5865735
16,3,5614,completed,5867152
16,3,5615,completed,5868735
16,3,5616,completed,5870235
16,3,5617,completed,5925068
16,3,5618,completed,5926735
16,3,5619,completed,5927818
16,3,5620,completed,5928901
16,3,5621,completed,5930193
16,3,5622,completed,5931277
16,3,5623,completed,5932527
16,3,5624,completed,5933777
16,3,5625,completed,5934777
16,3,5626,completed,5935818
16,3,5627,completed,5936943
16,3,5628,completed,5938151
16,3,5629,completed,5939235
16,3,5630,completed,5940276
16,3,5631,completed,5941526
16,3,5632,completed,5942609
16,3,5633,completed,5959485
16,3,5634,completed,5959026
16,3,5635,completed,5958777
16,3,5636,completed,5958776
16,3,5637,completed,5958777
16,3,5638,completed,5958735
16,3,5639,completed,5958818
16,3,5640,completed,5958735
16,3,5641,completed,5958693
16,3,5642,completed,5958860
16,3,5643,completed,5958735
16,3,5644,completed,5958693
16,3,5645,completed,5958860
16,3,5646,completed,5958943
16,3,5647,completed,5958943
16,3,5648,completed,5958776
16,3,5649,completed,6013110
16,3,5650,completed,6018859
16,3,5651,completed,6019901
16,3,5652,completed,6020651
16,3,5653,completed,6022735
16,3,5654,completed,6023943
16,3,5655,completed,6024568
16,3,5656,completed,6026068
16,3,5657,completed,6027443
16,3,5658,completed,6028235
16,3,5659,completed,6029068
16,3,5660,completed,6029860
16,3,5661,completed,6030735
16,3,5662,completed,6031735
16,3,5663,completed,6032860
16,3,5664,completed,6033776
16,3,5665,completed,5942443
16,3,5666,completed,5942610
16,3,5667,completed,5943402
16,3,5668,completed,5943902
16,3,5669,completed,5944693
16,3,5670,completed,5945318
16,3,5671,completed,5945693
16,3,5672,completed,5946276
16,3,5673,completed,5946776
16,3,5674,completed,5947484
16,3,5675,completed,5947985
16,3,5676,completed,5948610
16,3,5677,completed,5949151
16,3,5678,completed,5949776
16,3,5679,completed,5950609
16,3,5680,completed,5951359
16,3,5681,completed,6106651
16,3,5682,completed,6111235
16,3,5683,completed,6111817
16,3,5684,completed,6112734
16,3,5685,completed,6113776
16,3,5686,completed,6114360
16,3,5687,completed,6115109
16,3,5688,completed,6115651
16,3,5689,completed,6116443
16,3,5690,completed,6117485
16,3,5691,completed,6117901
16,3,5692,completed,6118901
16,3,5693,completed,6129901
16,3,5694,completed,6131359
16,3,5695,completed,6132526
16,3,5696,completed,6133318
16,3,5697,completed,5804235
16,3,5698,completed,5807194
16,3,5699,completed,5808527
16,3,5700,completed,5809360
16,3,5701,completed,5810776
16,3,5702,completed,5811527
16,3,5703,completed,5812485
16,3,5704,completed,5813319
16,3,5705,completed,5814485
16,3,5706,completed,5815568
16,3,5707,completed,5816276
16,3,5708,completed,5817193
16,3,5709,completed,5817944
16,3,5710,completed,5819027
16,3,5711,completed,5820152
16,3,5712,completed,5820985
16,3,5713,completed,5947818
16,3,5714,completed,5947068
16,3,5715,completed,5947360
16,3,5716,completed,5947651
16,3,5717,completed,5948401
16,3,5718,completed,5948943
16,3,5719,completed,5949484
16,3,5720,completed,5950026
16,3,5721,completed,5950985
16,3,5722,completed,5951568
16,3,5723,completed,5952068
16,3,5724,completed,5952734
16,3,5725,completed,5953152
16,3,5726,completed,5953777
16,3,5727,completed,5954818
16,3,5728,completed,5955235
16,3,5729,completed,6000610
16,3,5730,completed,6006318
16,3,5731,completed,6007277
16,3,5732,completed,6008193
16,3,5733,completed,6009234
16,3,5734,completed,6009776
16,3,5735,completed,6010568
16,3,5736,completed,6011318
16,3,5737,completed,6012193
16,3,5738,completed,6013402
16,3,5739,completed,6013734
16,3,5740,completed,6014401
16,3,5741,completed,6014818
16,3,5742,completed,6015901
16,3,5743,completed,6016902
16,3,5744,completed,6017318
16,3,5745,completed,5945359
16,3,5746,completed,5945776
16,3,5747,completed,5946401
16,3,5748,completed,5946901
16,3,5749,completed,5947234
16,3,5750,completed,5947693
16,3,5751,completed,5948235
16,3,5752,completed,5948652
16,3,5753,completed,5949235
16,3,5754,completed,5949734
16,3,5755,completed,5950234
16,3,5756,completed,5950651
16,3,5757,completed,5950985
16,3,5758,completed,5951485
16,3,5759,completed,5952485
16,3,5760,completed,5952902
16,3,5761,completed,6017276
16,3,5762,completed,6020901
16,3,5763,completed,6021984
16,3,5764,completed,6023151
16,3,5765,completed,6024359
16,3,5766,completed,6025068
16,3,5767,completed,6026317
16,3,5768,completed,6027109
16,3,5769,completed,6027693
16,3,5770,completed,6028443
16,3,5771,completed,6029817
16,3,5772,completed,6030484
16,3,5773,completed,6031193
16,3,5774,completed,6032026
16,3,5775,completed,6033026
16,3,5776,completed,6033859
16,3,5777,completed,5957068
16,3,5778,completed,5965568
16,3,5779,completed,5967443
16,3,5780,completed,5969318
16,3,5781,completed,5971318
16,3,5782,completed,5973110
16,3,5783,completed,5974985
16,3,5784,completed,5976735
16,3,5785,completed,5978902
16,3,5786,completed,5981151
16,3,5787,completed,5982484
16,3,5788,completed,5984110
16,3,5789,completed,5985568
16,3,5790,completed,5987693
16,3,5791,completed,5989693
16,3,5792,completed,5991026
16,3,5793,completed,5926318
16,3,5794,completed,5927277
16,3,5795,completed,5928526
16,3,5796,completed,5929318
16,3,5797,completed,5930818
16,3,5798,completed,5931901
16,3,5799,completed,5932901
16,3,5800,completed,5934193
16,3,5801,completed,5935193
16,3,5802,completed,5936193
16,3,5803,completed,5937652
16,3,5804,completed,5938651
16,3,5805,completed,5939901
16,3,5806,completed,5941068
16,3,5807,completed,5942610
16,3,5808,completed,5943693
16,3,5809,completed,5951484
16,3,5810,completed,5951776
16,3,5811,completed,5952526
16,3,5812,completed,5952901
16,3,5813,completed,5953110
16,3,5814,completed,5953276
16,3,5815,completed,5953484
16,3,5816,completed,5953734
16,3,5817,completed,5953484
16,3,5818,completed,5953818
16,3,5819,completed,5954026
16,3,5820,completed,5954109
16,3,5821,completed,5954277
16,3,5822,completed,5954360
16,3,5823,completed,5954610
16,3,5824,completed,5954859
16,3,5825,completed,6015193
16,3,5826,completed,6019901
16,3,5827,completed,6021902
16,3,5828,completed,6023443
16,3,5829,completed,6024693
16,3,5830,completed,6029985
16,3,5831,completed,6031318
16,3,5832,completed,6032610
16,3,5833,completed,6033818
16,3,5834,completed,6035276
16,3,5835,completed,6037068
16,3,5836,completed,6038443
16,3,5837,completed,6039651
16,3,5838,completed,6041526
16,3,5839,completed,6042818
16,3,5840,completed,6044151
16,3,5841,completed,5575194
16,3,5842,completed,5577652
16,3,5843,completed,5578486
16,3,5844,completed,5579235
16,3,5845,completed,5580111
16,3,5846,completed,5580985
16,3,5847,completed,5581569
16,3,5848,completed,5582361
16,3,5849,completed,5583194
16,3,5850,completed,5584194
16,3,5851,completed,5584986
16,3,5852,completed,5585819
16,3,5853,completed,5586569
16,3,5854,completed,5587819
16,3,5855,completed,5588945
16,3,5856,completed,5590027
16,3,5857,completed,5965152
16,3,5858,completed,5968693
16,3,5859,completed,5969151
16,3,5860,completed,5969651
16,3,5861,completed,5971193
16,3,5862,completed,5971777
16,3,5863,completed,5972193
16,3,5864,completed,5972985
16,3,5865,completed,5973485
16,3,5866,completed,5974110
16,3,5867,completed,5974318
16,3,5868,completed,5974693
16,3,5869,completed,5975276
16,3,5870,completed,5975526
16,3,5871,completed,5966984
16,3,5872,completed,5967568
16,3,5873,completed,6256276
16,3,5874,completed,6256859
16,3,5875,completed,6257693
16,3,5876,completed,6258442
16,3,5877,completed,6259484
16,3,5878,completed,6260192
16,3,5879,completed,6261026
16,3,5880,completed,6262150
16,3,5881,completed,6262817
16,3,5882,completed,6263568
16,3,5883,completed,6264484
16,3,5884,completed,6265484
16,3,5885,completed,6266192
16,3,5886,completed,6266901
16,3,5887,completed,6268025
16,3,5888,completed,6268901
16,3,5889,completed,5973901
16,3,5890,completed,5973859
16,3,5891,completed,5974318
16,3,5892,completed,5974901
16,3,5893,completed,5975693
16,3,5894,completed,5976110
16,3,5895,completed,5976652
16,3,5896,completed,5977193
16,3,5897,completed,5977693
16,3,5898,completed,5978277
16,3,5899,completed,5978693
16,3,5900,completed,5979193
16,3,5901,completed,5979734
16,3,5902,completed,5980152
16,3,5903,completed,5980777
16,3,5904,completed,5981110
16,3,5905,completed,6031276
16,3,5906,completed,6037818
16,3,5907,completed,6038776
16,3,5908,completed,6039568
16,3,5909,completed,6040818
16,3,5910,completed,6042151
16,3,5911,completed,6042527
16,3,5912,completed,6043109
16,3,5913,completed,6043901
16,3,5914,completed,6044443
16,3,5915,completed,6045026
16,3,5916,completed,6046443
16,3,5917,completed,6047526
16,3,5918,completed,6048359
16,3,5919,completed,6049318
16,3,5920,completed,6050317
16,3,5921,completed,5925151
16,3,5922,completed,5924151
16,3,5923,completed,5924527
16,3,5924,completed,5925318
16,3,5925,completed,5926485
16,3,5926,completed,5927151
16,3,5927,completed,5927776
16,3,5928,completed,5928485
16,3,5929,completed,5929235
16,3,5930,completed,5930151
16,3,5931,completed,5930944
16,3,5932,completed,5931860
16,3,5933,completed,5932485
16,3,5934,completed,5933235
16,3,5935,completed,5934485
16,3,5936,completed,5934943
16,3,5937,completed,5527486
16,3,5938,completed,5529402
16,3,5939,completed,5529986
16,3,5940,completed,5530777
16,3,5941,completed,5531444
16,3,5942,completed,5532110
16,3,5943,completed,5532861
16,3,5944,completed,5533611
16,3,5945,completed,5534319
16,3,5946,completed,5534944
16,3,5947,completed,5535652
16,3,5948,completed,5536278
16,3,5949,completed,5536861
16,3,5950,completed,5537527
16,3,5951,completed,5538277
16,3,5952,completed,5538736
16,3,5953,completed,6392609
16,3,5954,completed,6396401
16,3,5955,completed,6396775
16,3,5956,completed,6397400
16,3,5957,completed,6398401
16,3,5958,completed,6398859
16,3,5959,completed,6399400
16,3,5960,completed,6399983
16,3,5961,completed,6400192
16,3,5962,completed,6400734
16,3,5963,completed,6401234
16,3,5964,completed,6401484
16,3,5965,completed,6401650
16,3,5966,completed,6402275
16,3,5967,completed,6403151
16,3,5968,completed,6403358
16,3,5969,completed,5436486
16,3,5970,completed,5439694
16,3,5971,completed,5441236
16,3,5972,completed,5442778
16,3,5973,completed,5444527
16,3,5974,completed,5446028
16,3,5975,completed,5447569
16,3,5976,completed,5449236
16,3,5977,completed,5450986
16,3,5978,completed,5452694
16,3,5979,completed,5454236
16,3,5980,completed,5455778
16,3,5981,completed,5457403
16,3,5982,completed,5459152
16,3,5983,completed,5460986
16,3,5984,completed,5462778
16,3,5985,completed,6506525
16,3,5986,completed,6508316
16,3,5987,completed,6509233
16,3,5988,completed,6510275
16,3,5989,completed,6511733
16,3,5990,completed,6512567
16,3,5991,completed,6513650
16,3,5992,completed,6514650
16,3,5993,completed,6515733
16,3,5994,completed,6516817
16,3,5995,completed,6517858
16,3,5996,completed,6518900
16,3,5997,completed,6520067
16,3,5998,completed,6521025
16,3,5999,completed,6522150
16,3,6000,completed,6522942
16,3,6001,completed,5914985
16,3,6002,completed,5920110
16,3,6003,completed,5921277
16,3,6004,completed,5922277
16,3,6005,completed,5923526
16,3,6006,completed,5924235
16,3,6007,completed,5925151
16,3,6008,completed,5925818
16,3,6009,completed,5926651
16,3,6010,completed,5927735
16,3,6011,completed,5928860
16,3,6012,completed,5930027
16,3,6013,completed,5931277
16,3,6014,completed,5932152
16,3,6015,completed,5933318
16,3,6016,completed,5934568
16,3,6017,completed,6079485
16,3,6018,completed,6083943
16,3,6019,completed,6085193
16,3,6020,completed,6086235
16,3,6021,completed,6087401
16,3,6022,completed,6088818
16,3,6023,completed,6089943
16,3,6024,completed,6091484
16,3,6025,completed,6092568
16,3,6026,completed,6093651
16,3,6027,completed,6094776
16,3,6028,completed,6095984
16,3,6029,completed,6096942
16,3,6030,completed,6098651
16,3,6031,completed,6099776
16,3,6032,completed,6101359
16,3,6033,completed,5970943
16,3,6034,completed,5969818
16,3,6035,completed,5969402
16,3,6036,completed,5969277
16,3,6037,completed,5969151
16,3,6038,completed,5968818
16,3,6039,completed,5968943
16,3,6040,completed,5968818
16,3,6041,completed,5968776
16,3,6042,completed,5968818
16,3,6043,completed,5968902
16,3,6044,completed,5968984
16,3,6045,completed,5969068
16,3,6046,completed,5969026
16,3,6047,completed,5969068
16,3,6048,completed,5969026
16,3,6049,completed,5979943
16,3,6050,completed,5986902
16,3,6051,completed,5988318
16,3,6052,completed,5990234
16,3,6053,completed,5992943
16,3,6054,completed,5994568
16,3,6055,completed,5996568
16,3,6056,completed,5997902
16,3,6057,completed,5999610
16,3,6058,completed,6001526
16,3,6059,completed,6002943
16,3,6060,completed,6004526
16,3,6061,completed,6005985
16,3,6062,completed,6007485
16,3,6063,completed,6008818
16,3,6064,completed,6010776
16,3,6065,completed,5680569
16,3,6066,completed,5684777
16,3,6067,completed,5686527
16,3,6068,completed,5688027
16,3,6069,completed,5690235
16,3,6070,completed,5691652
16,3,6071,completed,5693111
16,3,6072,completed,5694236
16,3,6073,completed,5711902
16,3,6074,completed,5713902
16,3,6075,completed,5714777
16,3,6076,completed,5715694
16,3,6077,completed,5716818
16,3,6078,completed,5718652
16,3,6079,completed,5719652
16,3,6080,completed,5720485
16,3,6081,completed,6132818
16,3,6082,completed,6134693
16,3,6083,completed,6135985
16,3,6084,completed,6137193
16,3,6085,completed,6138984
16,3,6086,completed,6140234
16,3,6087,completed,6141650
16,3,6088,completed,6142775
16,3,6089,completed,6144234
16,3,6090,completed,6145818
16,3,6091,completed,6146901
16,3,6092,completed,6148109
16,3,6093,completed,6149609
16,3,6094,completed,6150901
16,3,6095,completed,6152442
16,3,6096,completed,6153609
16,3,6097,completed,6049151
16,3,6098,completed,6051609
16,3,6099,completed,6051985
16,3,6100,completed,6052151
16,3,6101,completed,6052610
16,3,6102,completed,6053026
16,3,6103,completed,6053277
16,3,6104,completed,6053443
16,3,6105,completed,6053985
16,3,6106,completed,6054401
16,3,6107,completed,6054651
16,3,6108,completed,6054818
16,3,6109,completed,6055151
16,3,6110,completed,6055360
16,3,6111,completed,6055735
16,3,6112,completed,6056193
16,3,6113,completed,5875693
16,3,6114,completed,5877068
16,3,6115,completed,5878318
16,3,6116,completed,5879777
16,3,6117,completed,5881360
16,3,6118,completed,5882693
16,3,6119,completed,5883901
16,3,6120,completed,5885360
16,3,6121,completed,5886693
16,3,6122,completed,5888151
16,3,6123,completed,5889484
16,3,6124,completed,5890984
16,3,6125,completed,5892402
16,3,6126,completed,5893735
16,3,6127,completed,5895194
16,3,6128,completed,5875527
16,3,6129,completed,5493444
16,3,6130,completed,5496861
16,3,6131,completed,5497736
16,3,6132,completed,5498777
16,3,6133,completed,5499777
16,3,6134,completed,5500736
16,3,6135,completed,5501736
16,3,6136,completed,5503152
16,3,6137,completed,5503944
16,3,6138,completed,5505027
16,3,6139,completed,5505986
16,3,6140,completed,5507111
16,3,6141,completed,5508153
16,3,6142,completed,5509153
16,3,6143,completed,5510194
16,3,6144,completed,5511486
16,3,6145,completed,6411316
16,3,6146,completed,6415900
16,3,6147,completed,6417317
16,3,6148,completed,6418567
16,3,6149,completed,6420025
16,3,6150,completed,6421067
16,3,6151,completed,6422317
16,3,6152,completed,6423609
16,3,6153,completed,6424566
16,3,6154,completed,6425650
16,3,6155,completed,6426817
16,3,6156,completed,6428151
16,3,6157,completed,6429276
16,3,6158,completed,6430359
16,3,6159,completed,6431650
16,3,6160,completed,6432608
16,3,6161,completed,6008943
16,3,6162,completed,6013484
16,3,6163,completed,6013860
16,3,6164,completed,6014110
16,3,6165,completed,6014485
16,3,6166,completed,6014443
16,3,6167,completed,6014651
16,3,6168,completed,6015402
16,3,6169,completed,6015443
16,3,6170,completed,6015484
16,3,6171,completed,6015818
16,3,6172,completed,6016568
16,3,6173,completed,6016734
16,3,6174,completed,6016943
16,3,6175,completed,6017443
16,3,6176,completed,6017443
16,3,6177,completed,5945318
16,3,6178,completed,5951276
16,3,6179,completed,5952277
16,3,6180,completed,5953026
16,3,6181,completed,5955068
16,3,6182,completed,5956235
16,3,6183,completed,5957110
16,3,6184,completed,5958235
16,3,6185,completed,5958777
16,3,6186,completed,5959735
16,3,6187,completed,5960777
16,3,6188,completed,5961568
16,3,6189,completed,5962777
16,3,6190,completed,5963277
16,3,6191,completed,5964068
16,3,6192,completed,5965152
16,3,6193,completed,5973693
16,3,6194,completed,5974484
16,3,6195,completed,5976068
16,3,6196,completed,5978068
16,3,6197,completed,5980234
16,3,6198,completed,5982152
16,3,6199,completed,5983485
16,3,6200,completed,5984943
16,3,6201,completed,5986568
16,3,6202,completed,5988235
16,3,6203,completed,5989693
16,3,6204,completed,5991359
16,3,6205,completed,5992610
16,3,6206,completed,5994068
16,3,6207,completed,5995526
16,3,6208,completed,5997360
16,3,6209,completed,5970526
16,3,6210,completed,5973027
16,3,6211,completed,5974152
16,3,6212,completed,5975693
16,3,6213,completed,5977235
16,3,6214,completed,5978651
16,3,6215,completed,5979735
16,3,6216,completed,5980734
16,3,6217,completed,5981902
16,3,6218,completed,5983151
16,3,6219,completed,5984360
16,3,6220,completed,5985401
16,3,6221,completed,5986443
16,3,6222,completed,5987443
16,3,6223,completed,5989109
16,3,6224,completed,5990485
16,3,6225,completed,5945610
16,3,6226,completed,5951151
16,3,6227,completed,5951985
16,3,6228,completed,5952401
16,3,6229,completed,5953318
16,3,6230,completed,5954151
16,3,6231,completed,5954860
16,3,6232,completed,5955068
16,3,6233,completed,5956027
16,3,6234,completed,5957068
16,3,6235,completed,5957568
16,3,6236,completed,5957859
16,3,6237,completed,5958527
16,3,6238,completed,5958943
16,3,6239,completed,5959943
16,3,6240,completed,5960360
16,3,6241,completed,5916235
16,3,6242,completed,5915944
16,3,6243,completed,5917527
16,3,6244,completed,5919151
16,3,6245,completed,5920943
16,3,6246,completed,5922484
16,3,6247,completed,5923943
16,3,6248,completed,5925443
16,3,6249,completed,5927110
16,3,6250,completed,5928735
16,3,6251,completed,5930276
16,3,6252,completed,5962234
16,3,6253,completed,5964277
16,3,6254,completed,5965651
16,3,6255,completed,5967526
16,3,6256,completed,5969110
16,3,6257,completed,5969985
16,3,6258,completed,5988527
16,3,6259,completed,5997526
16,3,6260,completed,6005735
16,3,6261,completed,6015734
16,3,6262,completed,6023943
16,3,6263,completed,6031651
16,3,6264,completed,6039235
16,3,6265,completed,6047151
16,3,6266,completed,6054901
16,3,6267,completed,6062609
16,3,6268,completed,6071067
16,3,6269,completed,6078110
16,3,6270,completed,6085234
16,3,6271,completed,6092651
16,3,6272,completed,6099443
16,3,6273,completed,5949527
16,3,6274,completed,5944235
16,3,6275,completed,5935943
16,3,6276,completed,5926401
16,3,6277,completed,5918235
16,3,6278,completed,5909943
16,3,6279,completed,5902235
16,3,6280,completed,5894777
16,3,6281,completed,5886777
16,3,6282,completed,5879360
16,3,6283,completed,5870610
16,3,6284,completed,5863444
16,3,6285,completed,5856027
16,3,6286,completed,5849027
16,3,6287,completed,5841901
16,3,6288,completed,5834818
16,3,6289,completed,5962777
16,3,6290,completed,5964109
16,3,6291,completed,5965277
16,3,6292,completed,5966818
16,3,6293,completed,5968693
16,3,6294,completed,5969943
16,3,6295,completed,5971485
16,3,6296,completed,5973151
16,3,6297,completed,5974985
16,3,6298,completed,5976651
16,3,6299,completed,5978234
16,3,6300,completed,5980402
16,3,6301,completed,5981943
16,3,6302,completed,5983776
16,3,6303,completed,5985485
16,3,6304,completed,5987151
16,3,6305,completed,5462820
16,3,6306,completed,5463153
16,3,6307,completed,5463819
16,3,6308,completed,5464486
16,3,6309,completed,5465278
16,3,6310,completed,5466027
16,3,6311,completed,5466736
16,3,6312,completed,5467528
16,3,6313,completed,5468403
16,3,6314,completed,5469236
16,3,6315,completed,5470070
16,3,6316,completed,5470944
16,3,6317,completed,5471778
16,3,6318,completed,5472652
16,3,6319,completed,5473528
16,3,6320,completed,5474319
16,3,6321,completed,6438650
16,3,6322,completed,6444150
16,3,6323,completed,6445608
16,3,6324,completed,6447067
16,3,6325,completed,6448400
16,3,6326,completed,6449859
16,3,6327,completed,6451234
16,3,6328,completed,6452484
16,3,6329,completed,6453984
16,3,6330,completed,6455317
16,3,6331,completed,6456442
16,3,6332,completed,6457650
16,3,6333,completed,6459067
16,3,6334,completed,6460650
16,3,6335,completed,6461983
16,3,6336,completed,6462942
16,3,6337,completed,6031526
16,3,6338,completed,6034776
16,3,6339,completed,6035651
16,3,6340,completed,6036735
16,3,6341,completed,6037568
16,3,6342,completed,6038234
16,3,6343,completed,6039234
16,3,6344,completed,6040109
16,3,6345,completed,6041193
16,3,6346,completed,6042026
16,3,6347,completed,6042693
16,3,6348,completed,6043651
16,3,6349,completed,6044568
16,3,6350,completed,6045901
16,3,6351,completed,6046735
16,3,6352,completed,6047484
16,3,6353,completed,5429194
16,3,6354,completed,5431444
16,3,6355,completed,5431903
16,3,6356,completed,5432653
16,3,6357,completed,5433403
16,3,6358,completed,5433944
16,3,6359,completed,5434486
16,3,6360,completed,5435028
16,3,6361,completed,5435861
16,3,6362,completed,5436694
16,3,6363,completed,5437236
16,3,6364,completed,5437861
16,3,6365,completed,5438611
16,3,6366,completed,5439361
16,3,6367,completed,5457277
16,3,6368,completed,5457778
16,3,6369,completed,6391150
16,3,6370,completed,6411651
16,3,6371,completed,6418817
16,3,6372,completed,6424151
16,3,6373,completed,6429526
16,3,6374,completed,6434983
16,3,6375,completed,6440442
16,3,6376,completed,6447650
16,3,6377,completed,6452525
16,3,6378,completed,6457316
16,3,6379,completed,6461567
16,3,6380,completed,6465817
16,3,6381,completed,6470359
16,3,6382,completed,6475108
16,3,6383,completed,6479900
16,3,6384,completed,6485233
16,3,6385,completed,6005276
16,3,6386,completed,5999193
16,3,6387,completed,5995359
16,3,6388,completed,5991401
16,3,6389,completed,5987485
16,3,6390,completed,5983193
16,3,6391,completed,5977985
16,3,6392,completed,5973735
16,3,6393,completed,5970319
16,3,6394,completed,5967069
16,3,6395,completed,5964443
16,3,6396,completed,5961526
16,3,6397,completed,5958485
16,3,6398,completed,5954985
16,3,6399,completed,5951985
16,3,6400,completed,5948151
16,3,6401,completed,5954901
16,3,6402,completed,5958027
16,3,6403,completed,5959068
16,3,6404,completed,5959985
16,3,6405,completed,5961444
16,3,6406,completed,5962443
16,3,6407,completed,5963568
16,3,6408,completed,5964776
16,3,6409,completed,5965902
16,3,6410,completed,5967068
16,3,6411,completed,5968109
16,3,6412,completed,5969277
16,3,6413,completed,5970484
16,3,6414,completed,5971735
16,3,6415,completed,5972943
16,3,6416,completed,5973985
16,3,6417,completed,5949777
16,3,6418,completed,5951734
16,3,6419,completed,5952651
16,3,6420,completed,5953693
16,3,6421,completed,5954693
16,3,6422,completed,5955526
16,3,6423,completed,5956735
16,3,6424,completed,5957860
16,3,6425,completed,5959068
16,3,6426,completed,5960110
16,3,6427,completed,5961151
16,3,6428,completed,5962152
16,3,6429,completed,5963276
16,3,6430,completed,5964484
16,3,6431,completed,5965943
16,3,6432,completed,5966985
16,3,6433,completed,5964276
16,3,6434,completed,5967610
16,3,6435,completed,5968734
16,3,6436,completed,5969485
16,3,6437,completed,5970401
16,3,6438,completed,5971110
16,3,6439,completed,5972026
16,3,6440,completed,5973027
16,3,6441,completed,5974110
16,3,6442,completed,5975110
16,3,6443,completed,5976068
16,3,6444,completed,5977068
16,3,6445,completed,5978193
16,3,6446,completed,5979318
16,3,6447,completed,5980568
16,3,6448,completed,5981360
16,3,6449,completed,5996776
16,3,6450,completed,6000026
16,3,6451,completed,6000985
16,3,6452,completed,6002277
16,3,6453,completed,6003360
16,3,6454,completed,6004360
16,3,6455,completed,6005568
16,3,6456,completed,6006735
16,3,6457,completed,6007943
16,3,6458,completed,6009110
16,3,6459,completed,6010026
16,3,6460,completed,6011110
16,3,6461,completed,6012360
16,3,6462,completed,6013609
16,3,6463,completed,6014818
16,3,6464,completed,6015693
16,3,6465,completed,5672193
16,3,6466,completed,5672527
16,3,6467,completed,5672110
16,3,6468,completed,5672152
16,3,6469,completed,5672110
16,3,6470,completed,5671860
16,3,6471,completed,5671777
16,3,6472,completed,5671694
16,3,6473,completed,5671735
16,3,6474,completed,5671819
16,3,6475,completed,5671611
16,3,6476,completed,5671360
16,3,6477,completed,5671402
16,3,6478,completed,5671694
16,3,6479,completed,5671694
16,3,6480,completed,5671443
16,3,6481,completed,6236984
16,3,6482,completed,6240359
16,3,6483,completed,6241817
16,3,6484,completed,6243109
16,3,6485,completed,6244692
16,3,6486,completed,6245984
16,3,6487,completed,6247609
16,3,6488,completed,6249318
16,3,6489,completed,6251484
16,3,6490,completed,6253401
16,3,6491,completed,6254984
16,3,6492,completed,6256859
16,3,6493,completed,6258734
16,3,6494,completed,6260526
16,3,6495,completed,6262400
16,3,6496,completed,6264025
16,3,6497,completed,5946360
16,3,6498,completed,5949735
16,3,6499,completed,5950027
16,3,6500,completed,5950526
16,3,6501,completed,5951068
16,3,6502,completed,5951277
16,3,6503,completed,5951777
16,3,6504,completed,5952026
16,3,6505,completed,5952776
16,3,6506,completed,5953276
16,3,6507,completed,5953526
16,3,6508,completed,5953902
16,3,6509,completed,5954609
16,3,6510,completed,5955526
16,3,6511,completed,5956110
16,3,6512,completed,5956443
16,3,6513,completed,5975151
16,3,6514,completed,5975484
16,3,6515,completed,5976027
16,3,6516,completed,5976610
16,3,6517,completed,5976985
16,3,6518,completed,5977235
16,3,6519,completed,5977860
16,3,6520,completed,5978193
16,3,6521,completed,5978943
16,3,6522,completed,5979485
16,3,6523,completed,5979818
16,3,6524,completed,5980276
16,3,6525,completed,5980734
16,3,6526,completed,5981318
16,3,6527,completed,5981735
16,3,6528,completed,5981901
16,3,6529,completed,6015776
16,3,6530,completed,6021901
16,3,6531,completed,6023360
16,3,6532,completed,6024901
16,3,6533,completed,6026568
16,3,6534,completed,6027609
16,3,6535,completed,6029193
16,3,6536,completed,6030401
16,3,6537,completed,6031859
16,3,6538,completed,6033317
16,3,6539,completed,6034359
16,3,6540,completed,6035484
16,3,6541,completed,6037401
16,3,6542,completed,6038985
16,3,6543,completed,6040401
16,3,6544,completed,6041568
16,3,6545,completed,5975734
16,3,6546,completed,5981443
16,3,6547,completed,5982693
16,3,6548,completed,5984443
16,3,6549,completed,5986068
16,3,6550,completed,5987234
16,3,6551,completed,5988777
16,3,6552,completed,5990235
16,3,6553,completed,5992027
16,3,6554,completed,5993568
16,3,6555,completed,5994901
16,3,6556,completed,5996484
16,3,6557,completed,5994401
16,3,6558,completed,5996027
16,3,6559,completed,5997485
16,3,6560,completed,5998610
16,3,6561,completed,5944693
16,3,6562,completed,5949193
16,3,6563,completed,5950526
16,3,6564,completed,5951735
16,3,6565,completed,5953026
16,3,6566,completed,5954359
16,3,6567,completed,5955901
16,3,6568,completed,5956776
16,3,6569,completed,5957859
16,3,6570,completed,5959401
16,3,6571,completed,5960610
16,3,6572,completed,5962068
16,3,6573,completed,5963110
16,3,6574,completed,5964068
16,3,6575,completed,5965360
16,3,6576,completed,5966568
16,3,6577,completed,6046692
16,3,6578,completed,6056276
16,3,6579,completed,6058318
16,3,6580,completed,6060026
16,3,6581,completed,6062193
16,3,6582,completed,6063860
16,3,6583,completed,6065360
16,3,6584,completed,6066776
16,3,6585,completed,6068985
16,3,6586,completed,6069943
16,3,6587,completed,6071859
16,3,6588,completed,6073234
16,3,6589,completed,6074651
16,3,6590,completed,6076360
16,3,6591,completed,6078109
16,3,6592,completed,6079526
16,3,6593,completed,5834027
16,3,6594,completed,5835027
16,3,6595,completed,5836360
16,3,6596,completed,5837652
16,3,6597,completed,5839027
16,3,6598,completed,5839652
16,3,6599,completed,5841026
16,3,6600,completed,5842069
16,3,6601,completed,5843151
16,3,6602,completed,5844527
16,3,6603,completed,5845443
16,3,6604,completed,5847027
16,3,6605,completed,5848693
16,3,6606,completed,5849693
16,3,6607,completed,5850860
16,3,6608,completed,5852277
16,3,6609,completed,5930734
16,3,6610,completed,5933401
16,3,6611,completed,5934318
16,3,6612,completed,5934859
16,3,6613,completed,5936151
16,3,6614,completed,5936652
16,3,6615,completed,5937318
16,3,6616,completed,5938027
16,3,6617,completed,5938776
16,3,6618,completed,5939610
16,3,6619,completed,5940152
16,3,6620,completed,5940735
16,3,6621,completed,5941443
16,3,6622,completed,5942026
16,3,6623,completed,5942569
16,3,6624,completed,5943401
16,3,6625,completed,5627318
16,3,6626,completed,5636444
16,3,6627,completed,5638027
16,3,6628,completed,5639111
16,3,6629,completed,5641027
16,3,6630,completed,5641777
16,3,6631,completed,5643194
16,3,6632,completed,5644319
16,3,6633,completed,5645777
16,3,6634,completed,5647277
16,3,6635,completed,5648152
16,3,6636,completed,5649444
16,3,6637,completed,5651235
16,3,6638,completed,5652402
16,3,6639,completed,5653402
16,3,6640,completed,5655277
16,3,6641,completed,6403526
16,3,6642,completed,6403026
16,3,6643,completed,6404067
16,3,6644,completed,6405109
16,3,6645,completed,6406317
16,3,6646,completed,6407109
16,3,6647,completed,6408109
16,3,6648,completed,6409401
16,3,6649,completed,6410026
16,3,6650,completed,6411192
16,3,6651,completed,6412151
16,3,6652,completed,6412942
16,3,6653,completed,6413984
16,3,6654,completed,6414859
16,3,6655,completed,6416276
16,3,6656,completed,6416692
16,3,6657,completed,5848693
16,3,6658,completed,5851986
16,3,6659,completed,5853068
16,3,6660,completed,5854360
16,3,6661,completed,5855860
16,3,6662,completed,5857401
16,3,6663,completed,5858402
16,3,6664,completed,5859943
16,3,6665,completed,5861110
16,3,6666,completed,5862402
16,3,6667,completed,5863568
16,3,6668,completed,5864652
16,3,6669,completed,5865777
16,3,6670,completed,5866818
16,3,6671,completed,5868277
16,3,6672,completed,5869777
16,3,6673,completed,5978693
16,3,6674,completed,5985693
16,3,6675,completed,5986776
16,3,6676,completed,5988151
16,3,6677,completed,5990276
16,3,6678,completed,5992651
16,3,6679,completed,5993568
16,3,6680,completed,5995234
16,3,6681,completed,5996526
16,3,6682,completed,5998110
16,3,6683,completed,5999359
16,3,6684,completed,6000568
16,3,6685,completed,6002068
16,3,6686,completed,6003318
16,3,6687,completed,6004860
16,3,6688,completed,6006484
16,3,6689,completed,5913193
16,3,6690,completed,5915609
16,3,6691,completed,5916234
16,3,6692,completed,5917276
16,3,6693,completed,5918443
16,3,6694,completed,5919776
16,3,6695,completed,5920735
16,3,6696,completed,5922359
16,3,6697,completed,5923734
16,3,6698,completed,5925151
16,3,6699,completed,5926568
16,3,6700,completed,5927568
16,3,6701,completed,5928735
16,3,6702,completed,5929693
16,3,6703,completed,5931027
16,3,6704,completed,5932277
16,3,6705,completed,6015110
16,3,6706,completed,6020526
16,3,6707,completed,6021026
16,3,6708,completed,6022193
16,3,6709,completed,6023651
16,3,6710,completed,6024693
16,3,6711,completed,6025485
16,3,6712,completed,6026568
16,3,6713,completed,6027568
16,3,6714,completed,6028984
16,3,6715,completed,6030027
16,3,6716,completed,6030943
16,3,6717,completed,6031943
16,3,6718,completed,6032651
16,3,6719,completed,6033818
16,3,6720,completed,6034693
16,3,6721,completed,5902110
16,3,6722,completed,5908651
16,3,6723,completed,5909027
16,3,6724,completed,5910193
16,3,6725,completed,5912235
16,3,6726,completed,5914110
16,3,6727,completed,5914818
16,3,6728,completed,5915901
16,3,6729,completed,5917110
16,3,6730,completed,5918444
16,3,6731,completed,5919110
16,3,6732,completed,5919985
16,3,6733,completed,5920610
16,3,6734,completed,5920860
16,3,6735,completed,5921485
16,3,6736,completed,5922693
16,3,6737,completed,5961609
16,3,6738,completed,5963485
16,3,6739,completed,5964735
16,3,6740,completed,5966651
16,3,6741,completed,5968402
16,3,6742,completed,5970026
16,3,6743,completed,5971401
16,3,6744,completed,5973109
16,3,6745,completed,5974610
16,3,6746,completed,5976193
16,3,6747,completed,5977859
16,3,6748,completed,5979276
16,3,6749,completed,5980902
16,3,6750,completed,5982276
16,3,6751,completed,5983943
16,3,6752,completed,5985818
16,3,6753,completed,5910401
16,3,6754,completed,5912193
16,3,6755,completed,5912943
16,3,6756,completed,5913901
16,3,6757,completed,5915026
16,3,6758,completed,5916068
16,3,6759,completed,5917026
16,3,6760,completed,5918235
16,3,6761,completed,5919318
16,3,6762,completed,5920485
16,3,6763,completed,5921610
16,3,6764,completed,5922818
16,3,6765,completed,5923860
16,3,6766,completed,5924818
16,3,6767,completed,5926526
16,3,6768,completed,5927652
16,3,6769,completed,5989652
16,3,6770,completed,5995777
16,3,6771,completed,5996985
16,3,6772,completed,5998443
16,3,6773,completed,6000693
16,3,6774,completed,6002193
16,3,6775,completed,6003193
16,3,6776,completed,6004985
16,3,6777,completed,6006318
16,3,6778,completed,6007734
16,3,6779,completed,6009193
16,3,6780,completed,6010193
16,3,6781,completed,6011527
16,3,6782,completed,6012484
16,3,6783,completed,6013734
16,3,6784,completed,6015151
16,3,6785,completed,5903652
16,3,6786,completed,5905735
16,3,6787,completed,5906735
16,3,6788,completed,5907860
16,3,6789,completed,5909402
16,3,6790,completed,5910193
16,3,6791,completed,5911485
16,3,6792,completed,5912443
16,3,6793,completed,5913819
16,3,6794,completed,5914693
16,3,6795,completed,5915444
16,3,6796,completed,5916318
16,3,6797,completed,5917318
16,3,6798,completed,5918069
16,3,6799,completed,5918901
16,3,6800,completed,5919735
16,3,6801,completed,6091193
16,3,6802,completed,6100068
16,3,6803,completed,6101068
16,3,6804,completed,6101985
16,3,6805,completed,6103568
16,3,6806,completed,6105151
16,3,6807,completed,6105901
16,3,6808,completed,6106901
16,3,6809,completed,6107276
16,3,6810,completed,6108193
16,3,6811,completed,6109192
16,3,6812,completed,6110442
16,3,6813,completed,6111360
16,3,6814,completed,6112026
16,3,6815,completed,6113318
16,3,6816,completed,6114359
16,3,6817,completed,5840526
16,3,6818,completed,5838943
16,3,6819,completed,5839777
16,3,6820,completed,5841069
16,3,6821,completed,5842527
16,3,6822,completed,5843485
16,3,6823,completed,5844443
16,3,6824,completed,5845860
16,3,6825,completed,5846943
16,3,6826,completed,5847819
16,3,6827,completed,5848985
16,3,6828,completed,5850319
16,3,6829,completed,5851443
16,3,6830,completed,5852360
16,3,6831,completed,5853860
16,3,6832,completed,5854860
16,3,6833,completed,6000818
16,3,6834,completed,6002527
16,3,6835,completed,6003109
16,3,6836,completed,6003901
16,3,6837,completed,6004610
16,3,6838,completed,6005318
16,3,6839,completed,6006026
16,3,6840,completed,6006693
16,3,6841,completed,6007276
16,3,6842,completed,6007860
16,3,6843,completed,6008610
16,3,6844,completed,6009318
16,3,6845,completed,6009943
16,3,6846,completed,6010526
16,3,6847,completed,6011485
16,3,6848,completed,6011901
16,3,6849,completed,5900818
16,3,6850,completed,5900901
16,3,6851,completed,5901401
16,3,6852,completed,5901943
16,3,6853,completed,5902610
16,3,6854,completed,5903068
16,3,6855,completed,5903443
16,3,6856,completed,5904110
16,3,6857,completed,5904485
16,3,6858,completed,5904818
16,3,6859,completed,5905277
16,3,6860,completed,5905943
16,3,6861,completed,5906360
16,3,6862,completed,5906694
16,3,6863,completed,5907652
16,3,6864,completed,5908194
16,3,6865,completed,6073943
16,3,6866,completed,6075151
16,3,6867,completed,6075359
16,3,6868,completed,6076109
16,3,6869,completed,6076818
16,3,6870,completed,6077318
16,3,6871,completed,6077693
16,3,6872,completed,6078109
16,3,6873,completed,6078651
16,3,6874,completed,6079151
16,3,6875,completed,6079735
16,3,6876,completed,6080151
16,3,6877,completed,6080568
16,3,6878,completed,6080942
16,3,6879,completed,6081484
16,3,6880,completed,6082068
16,3,6881,completed,6023526
16,3,6882,completed,6025692
16,3,6883,completed,6026193
16,3,6884,completed,6026942
16,3,6885,completed,6027567
16,3,6886,completed,6028109
16,3,6887,completed,6028401
16,3,6888,completed,6029193
16,3,6889,completed,6029442
16,3,6890,completed,6029984
16,3,6891,completed,6030568
16,3,6892,completed,6031110
16,3,6893,completed,6031609
16,3,6894,completed,6031984
16,3,6895,completed,6032609
16,3,6896,completed,6033192
16,3,6897,completed,5944360
16,3,6898,completed,5950860
16,3,6899,completed,5951568
16,3,6900,completed,5952443
16,3,6901,completed,5953443
16,3,6902,completed,5954234
16,3,6903,completed,5955276
16,3,6904,completed,5956235
16,3,6905,completed,5956777
16,3,6906,completed,5957068
16,3,6907,completed,5958151
16,3,6908,completed,5958901
16,3,6909,completed,5959485
16,3,6910,completed,5960318
16,3,6911,completed,5961693
16,3,6912,completed,5962318
16,3,6913,completed,5874985
16,3,6914,completed,5876277
16,3,6915,completed,5876902
16,3,6916,completed,5877652
16,3,6917,completed,5878527
16,3,6918,completed,5879276
16,3,6919,completed,5879985
16,3,6920,completed,5880485
16,3,6921,completed,5881276
16,3,6922,completed,5881985
16,3,6923,completed,5882485
16,3,6924,completed,5883276
16,3,6925,completed,5884068
16,3,6926,completed,5884485
16,3,6927,completed,5885443
16,3,6928,completed,5885902
16,3,6929,completed,6228109
16,3,6930,completed,6234109
16,3,6931,completed,6234817
16,3,6932,completed,6235817
16,3,6933,completed,6238109
16,3,6934,completed,6238859
16,3,6935,completed,6239359
16,3,6936,completed,6240109
16,3,6937,completed,6240817
16,3,6938,completed,6241692
16,3,6939,completed,6242609
16,3,6940,completed,6243192
16,3,6941,completed,6246900
16,3,6942,completed,6247984
16,3,6943,completed,6248734
16,3,6944,completed,6252526
16,3,6945,completed,5717402
16,3,6946,completed,5719611
16,3,6947,completed,5720110
16,3,6948,completed,5720861
16,3,6949,completed,5721943
16,3,6950,completed,5723152
16,3,6951,completed,5723652
16,3,6952,completed,5740568
16,3,6953,completed,5744860
16,3,6954,completed,5746027
16,3,6955,completed,5746651
16,3,6956,completed,5747152
16,3,6957,completed,5747818
16,3,6958,completed,5758568
16,3,6959,completed,5762819
16,3,6960,completed,5763068
16,3,6961,completed,6009734
16,3,6962,completed,6013735
16,3,6963,completed,6014609
16,3,6964,completed,6015443
16,3,6965,completed,6017027
16,3,6966,completed,6018193
16,3,6967,completed,6019359
16,3,6968,completed,6008401
16,3,6969,completed,6006027
16,3,6970,completed,6007027
16,3,6971,completed,6007568
16,3,6972,completed,6007943
16,3,6973,completed,6031651
16,3,6974,completed,6026484
16,3,6975,completed,6028109
16,3,6976,completed,6029068
16,3,6977,completed,5827443
16,3,6978,completed,5826610
16,3,6979,completed,5827402
16,3,6980,completed,5827693
16,3,6981,completed,5829277
16,3,6982,completed,5830152
16,3,6983,completed,5831193
16,3,6984,completed,5831568
16,3,6985,completed,5832194
16,3,6986,completed,5834610
16,3,6987,completed,5834735
16,3,6988,completed,5834818
16,3,6989,completed,5807151
16,3,6990,completed,5801193
16,3,6991,completed,5801777
16,3,6992,completed,5828985
16,3,6993,completed,5874152
16,3,6994,completed,5883360
16,3,6995,completed,5885027
16,3,6996,completed,5886610
16,3,6997,completed,5888985
16,3,6998,completed,5891402
16,3,6999,completed,5892985
16,3,7000,completed,5894777
16,3,7001,completed,5896985
16,3,7002,completed,5899235
16,3,7003,completed,5900819
16,3,7004,completed,5902277
16,3,7005,completed,5904193
16,3,7006,completed,5905610
16,3,7007,completed,5960235
16,3,7008,completed,5951693
16,3,7009,completed,6112359
16,3,7010,completed,6102110
16,3,7011,completed,6101526
16,3,7012,completed,6101027
16,3,7013,completed,6101235
16,3,7014,completed,6100818
16,3,7015,completed,6100776
16,3,7016,completed,6100401
16,3,7017,completed,6100443
16,3,7018,completed,6100442
16,3,7019,completed,6100110
16,3,7020,completed,6099692
16,3,7021,completed,6099401
16,3,7022,completed,6098984
16,3,7023,completed,6037235
16,3,7024,completed,6034109
16,3,7025,completed,5548194
16,3,7026,completed,5554069
16,3,7027,completed,5555778
16,3,7028,completed,5557278
16,3,7029,completed,5559527
16,3,7030,completed,5561277
16,3,7031,completed,5563069
16,3,7032,completed,5564777
16,3,7033,completed,5566902
16,3,7034,completed,5568694
16,3,7035,completed,5570235
16,3,7036,completed,5571903
16,3,7037,completed,5573652
16,3,7038,completed,5575194
16,3,7039,completed,5576902
16,3,7040,completed,5578528
16,3,7041,completed,6342359
16,3,7042,completed,6344484
16,3,7043,completed,6344859
16,3,7044,completed,6344776
16,3,7045,completed,6344692
16,3,7046,completed,6344900
16,3,7047,completed,6345026
16,3,7048,completed,6344233
16,3,7049,completed,6344442
16,3,7050,completed,6343400
16,3,7051,completed,6343484
16,3,7052,completed,6343400
16,3,7053,completed,6334567
16,3,7054,completed,6334275
16,3,7055,completed,6334026
16,3,7056,completed,6333692
16,3,7057,completed,5406444
16,3,7058,completed,5407111
16,3,7059,completed,5407487
16,3,7060,completed,5407986
16,3,7061,completed,5408903
16,3,7062,completed,5409528
16,3,7063,completed,5409903
16,3,7064,completed,5410320
16,3,7065,completed,5410944
16,3,7066,completed,5389986
16,3,7067,completed,5390362
16,3,7068,completed,5390528
16,3,7069,completed,5391111
16,3,7070,completed,5391361
16,3,7071,completed,5421777
16,3,7072,completed,5421569
16,3,7073,completed,6228567
16,3,7074,completed,6232401
16,3,7075,completed,6232943
16,3,7076,completed,6233442
16,3,7077,completed,6235526
16,3,7078,completed,6236192
16,3,7079,completed,6236984
16,3,7080,completed,6237567
16,3,7081,completed,6238526
16,3,7082,completed,6240150
16,3,7083,completed,6240651
16,3,7084,completed,6241068
16,3,7085,completed,6241651
16,3,7086,completed,6242110
16,3,7087,completed,6210984
16,3,7088,completed,6238275
16,3,7089,completed,6263526
16,3,7090,completed,6260692
16,3,7091,completed,6261026
16,3,7092,completed,6261234
16,3,7093,completed,6262484
16,3,7094,completed,6263025
16,3,7095,completed,6263484
16,3,7096,completed,6263942
16,3,7097,completed,6264442
16,3,7098,completed,6264943
16,3,7099,completed,6285734
16,3,7100,completed,6292900
16,3,7101,completed,6293526
16,3,7102,completed,6293984
16,3,7103,completed,6294400
16,3,7104,completed,6259192
16,3,7105,completed,6038860
16,3,7106,completed,6043985
16,3,7107,completed,6044985
16,3,7108,completed,6045651
16,3,7109,completed,6046651
16,3,7110,completed,6047484
16,3,7111,completed,6048610
16,3,7112,completed,6048984
16,3,7113,completed,6049902
16,3,7114,completed,6051068
16,3,7115,completed,6031484
16,3,7116,completed,6025110
16,3,7117,completed,6025735
16,3,7118,completed,6025984
16,3,7119,completed,6026152
16,3,7120,completed,6026401
16,3,7121,completed,5985318
16,3,7122,completed,5983609
16,3,7123,completed,5984568
16,3,7124,completed,5985401
16,3,7125,completed,5987235
16,3,7126,completed,5987401
16,3,7127,completed,5988026
16,3,7128,completed,5988776
16,3,7129,completed,5989527
16,3,7130,completed,5990984
16,3,7131,completed,5991526
16,3,7132,completed,5992151
16,3,7133,completed,5992860
16,3,7134,completed,5993484
16,3,7135,completed,5994151
16,3,7136,completed,5990318
16,3,7137,completed,5974110
16,3,7138,completed,5985818
16,3,7139,completed,5986943
16,3,7140,completed,5987276
16,3,7141,completed,5988651
16,3,7142,completed,5989235
16,3,7143,completed,5989568
16,3,7144,completed,5990234
16,3,7145,completed,5991193
16,3,7146,completed,6014443
16,3,7147,completed,6019860
16,3,7148,completed,6019485
16,3,7149,completed,6020610
16,3,7150,completed,6020984
16,3,7151,completed,6011359
16,3,7152,completed,6011526
16,3,7153,completed,6050193
16,3,7154,completed,6049651
16,3,7155,completed,6050527
16,3,7156,completed,6050818
16,3,7157,completed,6051943
16,3,7158,completed,6052693
16,3,7159,completed,6053651
16,3,7160,completed,6053984
16,3,7161,completed,6054693
16,3,7162,completed,6038443
16,3,7163,completed,6037818
16,3,7164,completed,6037735
16,3,7165,completed,6034359
16,3,7166,completed,6034276
16,3,7167,completed,6034151
16,3,7168,completed,6034192
16,3,7169,completed,5873110
16,3,7170,completed,5881860
16,3,7171,completed,5883860
16,3,7172,completed,5885360
16,3,7173,completed,5887985
16,3,7174,completed,5889818
16,3,7175,completed,5891651
16,3,7176,completed,5893443
16,3,7177,completed,5895193
16,3,7178,completed,5934194
16,3,7179,completed,5945443
16,3,7180,completed,5947026
16,3,7181,completed,5948943
16,3,7182,completed,5950568
16,3,7183,completed,5952360
16,3,7184,completed,5953943
16,3,7185,completed,5932110
16,3,7186,completed,5925234
16,3,7187,completed,5924652
16,3,7188,completed,5924193
16,3,7189,completed,5923902
16,3,7190,completed,5923610
16,3,7191,completed,5923360
16,3,7192,completed,5923068
16,3,7193,completed,5922860
16,3,7194,completed,5906277
16,3,7195,completed,5901943
16,3,7196,completed,5901527
16,3,7197,completed,5901360
16,3,7198,completed,5901068
16,3,7199,completed,5900693
16,3,7200,completed,5900318
16,3,7201,completed,6061485
16,3,7202,completed,6070109
16,3,7203,completed,6072068
16,3,7204,completed,6073651
16,3,7205,completed,6076484
16,3,7206,completed,6077942
16,3,7207,completed,6079860
16,3,7208,completed,6081609
16,3,7209,completed,6083068
16,3,7210,completed,6067068
16,3,7211,completed,6068234
16,3,7212,completed,6069693
16,3,7213,completed,6071443
16,3,7214,completed,6072859
16,3,7215,completed,6074234
16,3,7216,completed,6075901
16,3,7217,completed,5864319
16,3,7218,completed,5860694
16,3,7219,completed,5860860
16,3,7220,completed,5860652
16,3,7221,completed,5861194
16,3,7222,completed,5861402
16,3,7223,completed,5861526
16,3,7224,completed,5861568
16,3,7225,completed,5861568
16,3,7226,completed,5861901
16,3,7227,completed,5878902
16,3,7228,completed,5883776
16,3,7229,completed,5883818
16,3,7230,completed,5883860
16,3,7231,completed,5883902
16,3,7232,completed,5883651
16,3,7233,completed,5963777
16,3,7234,completed,5962734
16,3,7235,completed,5963068
16,3,7236,completed,5963443
16,3,7237,completed,5963860
16,3,7238,completed,5964277
16,3,7239,completed,5964735
16,3,7240,completed,5964985
16,3,7241,completed,5965401
16,3,7242,completed,5983193
16,3,7243,completed,5972443
16,3,7244,completed,5972610
16,3,7245,completed,5972818
16,3,7246,completed,5968735
16,3,7247,completed,5969152
16,3,7248,completed,5969193
16,3,7249,completed,6134318
16,3,7250,completed,6133901
16,3,7251,completed,6134568
16,3,7252,completed,6135276
16,3,7253,completed,6136235
16,3,7254,completed,6136860
16,3,7255,completed,6137859
16,3,7256,completed,6138651
16,3,7257,completed,6139651
16,3,7258,completed,6141151
16,3,7259,completed,6141609
16,3,7260,completed,6142192
16,3,7261,completed,6138734
16,3,7262,completed,6139193
16,3,7263,completed,6139901
16,3,7264,completed,6140651
16,3,7265,completed,5504278
16,3,7266,completed,5501069
16,3,7267,completed,5501236
16,3,7268,completed,5501527
16,3,7269,completed,5502361
16,3,7270,completed,5503195
16,3,7271,completed,5503944
16,3,7272,completed,5504695
16,3,7273,completed,5505402
16,3,7274,completed,5533278
16,3,7275,completed,5542027
16,3,7276,completed,5542778
16,3,7277,completed,5543486
16,3,7278,completed,5544152
16,3,7279,completed,5544944
16,3,7280,completed,5545444
16,3,7281,completed,6245359
16,3,7282,completed,6248526
16,3,7283,completed,6248775
16,3,7284,completed,6249150
16,3,7285,completed,6250318
16,3,7286,completed,6251151
16,3,7287,completed,6251984
16,3,7288,completed,6252359
16,3,7289,completed,6280775
16,3,7290,completed,6254275
16,3,7291,completed,6250025
16,3,7292,completed,6250359
16,3,7293,completed,6250442
16,3,7294,completed,6250984
16,3,7295,completed,6251400
16,3,7296,completed,6251317
16,3,7297,completed,6089817
16,3,7298,completed,6096192
16,3,7299,completed,6098192
16,3,7300,completed,6099859
16,3,7301,completed,6102109
16,3,7302,completed,6104026
16,3,7303,completed,6105817
16,3,7304,completed,6107359
16,3,7305,completed,6077818
16,3,7306,completed,6073443
16,3,7307,completed,6075110
16,3,7308,completed,6076026
16,3,7309,completed,6076859
16,3,7310,completed,6077568
16,3,7311,completed,6078401
16,3,7312,completed,6079152
16,3,7313,completed,5886110
16,3,7314,completed,5886818
16,3,7315,completed,5887402
16,3,7316,completed,5887652
16,3,7317,completed,5888527
16,3,7318,completed,5888860
16,3,7319,completed,5889569
16,3,7320,completed,5890027
16,3,7321,completed,5890527
16,3,7322,completed,5891110
16,3,7323,completed,5891485
16,3,7324,completed,5907401
16,3,7325,completed,5909568
16,3,7326,completed,5913319
16,3,7327,completed,5913777
16,3,7328,completed,5913902
16,3,7329,completed,6061359
16,3,7330,completed,6065359
16,3,7331,completed,6066067
16,3,7332,completed,6066443
16,3,7333,completed,6068234
16,3,7334,completed,6068818
16,3,7335,completed,6069818
16,3,7336,completed,6070401
16,3,7337,completed,6071234
16,3,7338,completed,6072484
16,3,7339,completed,6072818
16,3,7340,completed,6072235
16,3,7341,completed,6064359
16,3,7342,completed,6064735
16,3,7343,completed,6065067
16,3,7344,completed,6065651
16,3,7345,completed,5428361
16,3,7346,completed,5434819
16,3,7347,completed,5435819
16,3,7348,completed,5436319
16,3,7349,completed,5437611
16,3,7350,completed,5438694
16,3,7351,completed,5439736
16,3,7352,completed,5440486
16,3,7353,completed,5441486
16,3,7354,completed,5442611
16,3,7355,completed,5443194
16,3,7356,completed,5443861
16,3,7357,completed,5444694
16,3,7358,completed,5445444
16,3,7359,completed,5446195
16,3,7360,completed,5446736
16,3,7361,completed,6355484
16,3,7362,completed,6353150
16,3,7363,completed,6353775
16,3,7364,completed,6354651
16,3,7365,completed,6355775
16,3,7366,completed,6356608
16,3,7367,completed,6385484
16,3,7368,completed,6392984
16,3,7369,completed,6394150
16,3,7370,completed,6395108
16,3,7371,completed,6395651
16,3,7372,completed,6396234
16,3,7373,completed,6396900
16,3,7374,completed,6397525
16,3,7375,completed,6398276
16,3,7376,completed,6398609
16,3,7377,completed,5922902
16,3,7378,completed,5934069
16,3,7379,completed,5936109
16,3,7380,completed,5937901
16,3,7381,completed,5939943
16,3,7382,completed,5941985
16,3,7383,completed,5905943
16,3,7384,completed,5938193
16,3,7385,completed,5949109
16,3,7386,completed,5951318
16,3,7387,completed,5952777
16,3,7388,completed,5954276
16,3,7389,completed,5956026
16,3,7390,completed,5957360
16,3,7391,completed,5959109
16,3,7392,completed,5961985
16,3,7393,completed,5819568
16,3,7394,completed,5813902
16,3,7395,completed,5814527
16,3,7396,completed,5815235
16,3,7397,completed,5816611
16,3,7398,completed,5817235
16,3,7399,completed,5817943
16,3,7400,completed,5784527
16,3,7401,completed,5783527
16,3,7402,completed,5784651
16,3,7403,completed,5785235
16,3,7404,completed,5786444
16,3,7405,completed,5787568
16,3,7406,completed,5788319
16,3,7407,completed,5789527
16,3,7408,completed,5781110
16,3,7409,completed,5828152
16,3,7410,completed,5821652
16,3,7411,completed,5821485
16,3,7412,completed,5821193
16,3,7413,completed,5821610
16,3,7414,completed,5821610
16,3,7415,completed,5821777
16,3,7416,completed,5821818
16,3,7417,completed,5837319
16,3,7418,completed,5841818
16,3,7419,completed,5842026
16,3,7420,completed,5841985
16,3,7421,completed,5842026
16,3,7422,completed,5842068
16,3,7423,completed,5842110
16,3,7424,completed,5841902
16,3,7425,completed,6329276
16,3,7426,completed,6338651
16,3,7427,completed,6340193
16,3,7428,completed,6341442
16,3,7429,completed,6344026
16,3,7430,completed,6345776
16,3,7431,completed,6347609
16,3,7432,completed,6381983
16,3,7433,completed,6379192
16,3,7434,completed,6380900
16,3,7435,completed,6382525
16,3,7436,completed,6384234
16,3,7437,completed,6386067
16,3,7438,completed,6387984
16,3,7439,completed,6389526
16,3,7440,completed,6392692
16,3,7441,completed,5935860
16,3,7442,completed,5929944
16,3,7443,completed,5928985
16,3,7444,completed,5928318
16,3,7445,completed,5928027
16,3,7446,completed,5927610
16,3,7447,completed,5927068
16,3,7448,completed,5891152
16,3,7449,completed,5888360
16,3,7450,completed,5888485
16,3,7451,completed,5888443
16,3,7452,completed,5888568
16,3,7453,completed,5888485
16,3,7454,completed,5888276
16,3,7455,completed,5879027
16,3,7456,completed,5878694
16,3,7457,completed,5964693
16,3,7458,completed,5945776
16,3,7459,completed,5946193
16,3,7460,completed,5946693
16,3,7461,completed,5947735
16,3,7462,completed,5948276
16,3,7463,completed,5948901
16,3,7464,completed,5949444
16,3,7465,completed,5950069
16,3,7466,completed,5950777
16,3,7467,completed,5951277
16,3,7468,completed,5969776
16,3,7469,completed,5974984
16,3,7470,completed,5975568
16,3,7471,completed,5976152
16,3,7472,completed,5976610
16,3,7473,completed,5995985
16,3,7474,completed,5999692
16,3,7475,completed,6000401
16,3,7476,completed,6001026
16,3,7477,completed,6002443
16,3,7478,completed,6003276
16,3,7479,completed,6004026
16,3,7480,completed,6004818
16,3,7481,completed,6027692
16,3,7482,completed,6035443
16,3,7483,completed,6036276
16,3,7484,completed,6022234
16,3,7485,completed,6022734
16,3,7486,completed,6019027
16,3,7487,completed,6019693
16,3,7488,completed,6019984
16,3,7489,completed,5551361
16,3,7490,completed,5549986
16,3,7491,completed,5550111
16,3,7492,completed,5550278
16,3,7493,completed,5550611
16,3,7494,completed,5550694
16,3,7495,completed,5550820
16,3,7496,completed,5550861
16,3,7497,completed,5518486
16,3,7498,completed,5511569
16,3,7499,completed,5511486
16,3,7500,completed,5511486
16,3,7501,completed,5511611
16,3,7502,completed,5511694
16,3,7503,completed,5511819
16,3,7504,completed,5511902
16,3,7505,completed,6427067
16,3,7506,completed,6442442
16,3,7507,completed,6444650
16,3,7508,completed,6446442
16,3,7509,completed,6448984
16,3,7510,completed,6450775
16,3,7511,completed,6453151
16,3,7512,completed,6455109
16,3,7513,completed,6511317
16,3,7514,completed,6531608
16,3,7515,completed,6533733
16,3,7516,completed,6535608
16,3,7517,completed,6537650
16,3,7518,completed,6539692
16,3,7519,completed,6541734
16,3,7520,completed,6543234
16,3,7521,completed,6042151
16,3,7522,completed,6041276
16,3,7523,completed,6041609
16,3,7524,completed,6042192
16,3,7525,completed,6043568
16,3,7526,completed,6044026
16,3,7527,completed,6044651
16,3,7528,completed,6076567
16,3,7529,completed,6016526
16,3,7530,completed,6015943
16,3,7531,completed,6005360
16,3,7532,completed,6005818
16,3,7533,completed,6006693
16,3,7534,completed,6007609
16,3,7535,completed,6008568
16,3,7536,completed,6010526
16,3,7537,completed,5846944
16,3,7538,completed,5842443
16,3,7539,completed,5841485
16,3,7540,completed,5840985
16,3,7541,completed,5841110
16,3,7542,completed,5840818
16,3,7543,completed,5840651
16,3,7544,completed,5808985
16,3,7545,completed,5806693
16,3,7546,completed,5806943
16,3,7547,completed,5807027
16,3,7548,completed,5807110
16,3,7549,completed,5807193
16,3,7550,completed,5807235
16,3,7551,completed,5806735
16,3,7552,completed,5807068
16,3,7553,completed,5550277
16,3,7554,completed,5555528
16,3,7555,completed,5556152
16,3,7556,completed,5556610
16,3,7557,completed,5558194
16,3,7558,completed,5559444
16,3,7559,completed,5560152
16,3,7560,completed,5589694
16,3,7561,completed,5597777
16,3,7562,completed,5598736
16,3,7563,completed,5599361
16,3,7564,completed,5600027
16,3,7565,completed,5600986
16,3,7566,completed,5601611
16,3,7567,completed,5602194
16,3,7568,completed,5602485
16,3,7569,completed,6431026
16,3,7570,completed,6434650
16,3,7571,completed,6436150
16,3,7572,completed,6437400
16,3,7573,completed,6439650
16,3,7574,completed,6440901
16,3,7575,completed,6442192
16,3,7576,completed,6411484
16,3,7577,completed,6408109
16,3,7578,completed,6445859
16,3,7579,completed,6458192
16,3,7580,completed,6459608
16,3,7581,completed,6461525
16,3,7582,completed,6462984
16,3,7583,completed,6464441
16,3,7584,completed,6465733
16,3,7585,completed,5959777
16,3,7586,completed,5953693
16,3,7587,completed,5953026
16,3,7588,completed,5952526
16,3,7589,completed,5952610
16,3,7590,completed,5952444
16,3,7591,completed,5975734
16,3,7592,completed,5981943
16,3,7593,completed,5981568
16,3,7594,completed,5943776
16,3,7595,completed,5930651
16,3,7596,completed,5930193
16,3,7597,completed,5929735
16,3,7598,completed,5929276
16,3,7599,completed,5928901
16,3,7600,completed,5928276
16,3,7601,completed,6005360
16,3,7602,completed,6016276
16,3,7603,completed,6017943
16,3,7604,completed,6019318
16,3,7605,completed,6021443
16,3,7606,completed,6023192
16,3,7607,completed,5993568
16,3,7608,completed,5990568
16,3,7609,completed,5992568
16,3,7610,completed,6030610
16,3,7611,completed,6043485
16,3,7612,completed,6044818
16,3,7613,completed,6046651
16,3,7614,completed,6048276
16,3,7615,completed,6049568
16,3,7616,completed,6046943
16,3,7617,completed,5960401
16,3,7618,completed,5959734
16,3,7619,completed,5960485
16,3,7620,completed,5960985
16,3,7621,completed,5962234
16,3,7622,completed,5962859
16,3,7623,completed,5963526
16,3,7624,completed,5964193
16,3,7625,completed,5964901
16,3,7626,completed,5915027
16,3,7627,completed,5941110
16,3,7628,completed,5950485
16,3,7629,completed,5950860
16,3,7630,completed,5951777
16,3,7631,completed,5952318
16,3,7632,completed,5952651
16,3,7633,completed,5968360
16,3,7634,completed,5960860
16,3,7635,completed,5960110
16,3,7636,completed,5959318
16,3,7637,completed,5958985
16,3,7638,completed,5958318
16,3,7639,completed,5957776
16,3,7640,completed,5957360
16,3,7641,completed,5956943
16,3,7642,completed,5971235
16,3,7643,completed,5942360
16,3,7644,completed,5941568
16,3,7645,completed,5932527
16,3,7646,completed,5931943
16,3,7647,completed,5931443
16,3,7648,completed,5930402
16,3,7649,completed,5965068
16,3,7650,completed,5970610
16,3,7651,completed,5971985
16,3,7652,completed,5973318
16,3,7653,completed,5974859
16,3,7654,completed,5976401
16,3,7655,completed,5978027
16,3,7656,completed,5979443
16,3,7657,completed,5981026
16,3,7658,completed,6016735
16,3,7659,completed,6032359
16,3,7660,completed,6029485
16,3,7661,completed,6030984
16,3,7662,completed,6032776
16,3,7663,completed,6034484
16,3,7664,completed,6035984
16,3,7665,completed,5928485
16,3,7666,completed,5920901
16,3,7667,completed,5920026
16,3,7668,completed,5919568
16,3,7669,completed,5919277
16,3,7670,completed,5919026
16,3,7671,completed,5918734
16,3,7672,completed,5918402
16,3,7673,completed,5918026
16,3,7674,completed,5871235
16,3,7675,completed,5864526
16,3,7676,completed,5864318
16,3,7677,completed,5863651
16,3,7678,completed,5863319
16,3,7679,completed,5862985
16,3,7680,completed,5862319
16,3,7681,completed,6163026
16,3,7682,completed,6166151
16,3,7683,completed,6166943
16,3,7684,completed,6167443
16,3,7685,completed,6168901
16,3,7686,completed,6170234
16,3,7687,completed,6171026
16,3,7688,completed,6171484
16,3,7689,completed,6172026
16,3,7690,completed,6155693
16,3,7691,completed,6150651
16,3,7692,completed,6150943
16,3,7693,completed,6151526
16,3,7694,completed,6169401
16,3,7695,completed,6175192
16,3,7696,completed,6175526
16,3,7697,completed,5863693
16,3,7698,completed,5870110
16,3,7699,completed,5870985
16,3,7700,completed,5871819
16,3,7701,completed,5873485
16,3,7702,completed,5875027
16,3,7703,completed,5876235
16,3,7704,completed,5877235
16,3,7705,completed,5878485
16,3,7706,completed,5879776
16,3,7707,completed,5905235
16,3,7708,completed,5912318
16,3,7709,completed,5913485
16,3,7710,completed,5905818
16,3,7711,completed,5906901
16,3,7712,completed,5907734
16,3,7713,completed,5934319
16,3,7714,completed,5932277
16,3,7715,completed,5932777
16,3,7716,completed,5933318
16,3,7717,completed,5934526
16,3,7718,completed,5934985
16,3,7719,completed,5935360
16,3,7720,completed,5935818
16,3,7721,completed,5936027
16,3,7722,completed,5936651
16,3,7723,completed,5901735
16,3,7724,completed,5900277
16,3,7725,completed,5900651
16,3,7726,completed,5901235
16,3,7727,completed,5923860
16,3,7728,completed,5929651
16,3,7729,completed,6065818
16,3,7730,completed,6065984
16,3,7731,completed,6066443
16,3,7732,completed,6066818
16,3,7733,completed,6067651
16,3,7734,completed,6100151
16,3,7735,completed,6107193
16,3,7736,completed,6107692
16,3,7737,completed,6108484
16,3,7738,completed,6110193
16,3,7739,completed,6110526
16,3,7740,completed,6111068
16,3,7741,completed,6111526
16,3,7742,completed,6111859
16,3,7743,completed,6101402
16,3,7744,completed,6101152
16,3,7745,completed,5665736
16,3,7746,completed,5661360
16,3,7747,completed,5661986
16,3,7748,completed,5662819
16,3,7749,completed,5663943
16,3,7750,completed,5630944
16,3,7751,completed,5626277
16,3,7752,completed,5626777
16,3,7753,completed,5627485
16,3,7754,completed,5662069
16,3,7755,completed,5673486
16,3,7756,completed,5674652
16,3,7757,completed,5675819
16,3,7758,completed,5676694
16,3,7759,completed,5677486
16,3,7760,completed,5677902
16,3,7761,completed,6191109
16,3,7762,completed,6195109
16,3,7763,completed,6196109
16,3,7764,completed,6197234
16,3,7765,completed,6199067
16,3,7766,completed,6200275
16,3,7767,completed,6201442
16,3,7768,completed,6202734
16,3,7769,completed,6204151
16,3,7770,completed,6165567
16,3,7771,completed,6157484
16,3,7772,completed,6158484
16,3,7773,completed,6159650
16,3,7774,completed,6160818
16,3,7775,completed,6162067
16,3,7776,completed,6163317
16,3,7777,completed,5942943
16,3,7778,completed,5940526
16,3,7779,completed,5941234
16,3,7780,completed,5942109
16,3,7781,completed,5943234
16,3,7782,completed,5944360
16,3,7783,completed,5945693
16,3,7784,completed,5946901
16,3,7785,completed,5948109
16,3,7786,completed,5998735
16,3,7787,completed,6015818
16,3,7788,completed,6017068
16,3,7789,completed,6018318
16,3,7790,completed,6019776
16,3,7791,completed,6021068
16,3,7792,completed,6021818
16,3,7793,completed,5932069
16,3,7794,completed,5925860
16,3,7795,completed,5925193
16,3,7796,completed,5924443
16,3,7797,completed,5923944
16,3,7798,completed,5923651
16,3,7799,completed,5922985
16,3,7800,completed,5922360
16,3,7801,completed,5921735
16,3,7802,completed,5854401
16,3,7803,completed,5845068
16,3,7804,completed,5844360
16,3,7805,completed,5843818
16,3,7806,completed,5842985
16,3,7807,completed,5858277
16,3,7808,completed,5861027
16,3,7809,completed,5981818
16,3,7810,completed,5989443
16,3,7811,completed,5991401
16,3,7812,completed,5993193
16,3,7813,completed,5995485
16,3,7814,completed,5997318
16,3,7815,completed,5999401
16,3,7816,completed,6001151
16,3,7817,completed,6002859
16,3,7818,completed,6004985
16,3,7819,completed,6040109
16,3,7820,completed,6051110
16,3,7821,completed,6053068
16,3,7822,completed,6054776
16,3,7823,completed,6049360
16,3,7824,completed,6050860
16,3,7825,completed,5977360
16,3,7826,completed,5970735
16,3,7827,completed,5970027
16,3,7828,completed,5969985
16,3,7829,completed,5969943
16,3,7830,completed,5969526
16,3,7831,completed,5969235
16,3,7832,completed,5968859
16,3,7833,completed,5968568
16,3,7834,completed,5968443
16,3,7835,completed,5954485
16,3,7836,completed,5949610
16,3,7837,completed,5949360
16,3,7838,completed,5949068
16,3,7839,completed,5948735
16,3,7840,completed,5948235
16,3,7841,completed,5977693
16,3,7842,completed,5981609
16,3,7843,completed,5982443
16,3,7844,completed,5983068
16,3,7845,completed,5984526
16,3,7846,completed,5985485
16,3,7847,completed,5986359
16,3,7848,completed,5987152
16,3,7849,completed,5987984
16,3,7850,completed,5988985
16,3,7851,completed,5997235
16,3,7852,completed,6003526
16,3,7853,completed,6004568
16,3,7854,completed,6005610
16,3,7855,completed,6027568
16,3,7856,completed,6030902
16,3,7857,completed,6041985
16,3,7858,completed,6041402
16,3,7859,completed,6041651
16,3,7860,completed,6041818
16,3,7861,completed,6042526
16,3,7862,completed,6042943
16,3,7863,completed,6043484
16,3,7864,completed,6043818
16,3,7865,completed,6044235
16,3,7866,completed,6044734
16,3,7867,completed,6029609
16,3,7868,completed,6044651
16,3,7869,completed,6051359
16,3,7870,completed,6051692
16,3,7871,completed,6017902
16,3,7872,completed,6009443
16,3,7873,completed,6028360
16,3,7874,completed,6030818
16,3,7875,completed,6031027
16,3,7876,completed,6030818
16,3,7877,completed,6031860
16,3,7878,completed,6032234
16,3,7879,completed,6032776
16,3,7880,completed,6033235
16,3,7881,completed,6053860
16,3,7882,completed,6060235
16,3,7883,completed,6060610
16,3,7884,completed,6039735
16,3,7885,completed,6039902
16,3,7886,completed,6033401
16,3,7887,completed,6033568
16,3,7888,completed,6033485
16,3,7889,completed,5865860
16,3,7890,completed,5866235
16,3,7891,completed,5866485
16,3,7892,completed,5866735
16,3,7893,completed,5867360
16,3,7894,completed,5867693
16,3,7895,completed,5868110
16,3,7896,completed,5885693
16,3,7897,completed,5871110
16,3,7898,completed,5871485
16,3,7899,completed,5871944
16,3,7900,completed,5871902
16,3,7901,completed,5872443
16,3,7902,completed,5872943
16,3,7903,completed,5873069
16,3,7904,completed,5888151
16,3,7905,completed,5991318
16,3,7906,completed,5996110
16,3,7907,completed,5997235
16,3,7908,completed,5998443
16,3,7909,completed,5999860
16,3,7910,completed,6001193
16,3,7911,completed,6002568
16,3,7912,completed,5986443
16,3,7913,completed,6016527
16,3,7914,completed,6028693
16,3,7915,completed,6030110
16,3,7916,completed,6031359
16,3,7917,completed,6032776
16,3,7918,completed,6034109
16,3,7919,completed,6035526
16,3,7920,completed,6010485
16,3,7921,completed,5985860
16,3,7922,completed,5985568
16,3,7923,completed,5986193
16,3,7924,completed,5986651
16,3,7925,completed,5987277
16,3,7926,completed,5987901
16,3,7927,completed,5988526
16,3,7928,completed,5989151
16,3,7929,completed,5939693
16,3,7930,completed,5962193
16,3,7931,completed,5971818
16,3,7932,completed,5972193
16,3,7933,completed,5972902
16,3,7934,completed,5973526
16,3,7935,completed,5974193
16,3,7936,completed,5974318
16,3,7937,completed,5942610
16,3,7938,completed,5939527
16,3,7939,completed,5939319
16,3,7940,completed,5939735
16,3,7941,completed,5940777
16,3,7942,completed,5940901
16,3,7943,completed,5941068
16,3,7944,completed,5941193
16,3,7945,completed,5941610
16,3,7946,completed,5934318
16,3,7947,completed,5940776
16,3,7948,completed,5940318
16,3,7949,completed,5941152
16,3,7950,completed,5940777
16,3,7951,completed,5941276
16,3,7952,completed,5932109
16,3,7953,completed,6008443
16,3,7954,completed,6015443
16,3,7955,completed,6016359
16,3,7956,completed,6016735
16,3,7957,completed,6018443
16,3,7958,completed,6019818
16,3,7959,completed,6021485
16,3,7960,completed,6022068
16,3,7961,completed,6023026
16,3,7962,completed,5999652
16,3,7963,completed,6000818
16,3,7964,completed,6034818
16,3,7965,completed,6047651
16,3,7966,completed,6048359
16,3,7967,completed,6048859
16,3,7968,completed,6049235
16,3,7969,completed,5972443
16,3,7970,completed,5974068
16,3,7971,completed,5974943
16,3,7972,completed,5975193
16,3,7973,completed,5977484
16,3,7974,completed,5978443
16,3,7975,completed,5979610
16,3,7976,completed,5980652
16,3,7977,completed,5981818
16,3,7978,completed,5982985
16,3,7979,completed,5983943
16,3,7980,completed,5939318
16,3,7981,completed,5932318
16,3,7982,completed,5933152
16,3,7983,completed,5933944
16,3,7984,completed,5934735
16,3,7985,completed,5902776
16,3,7986,completed,5889360
16,3,7987,completed,5889944
16,3,7988,completed,5890527
16,3,7989,completed,5891943
16,3,7990,completed,5865652
16,3,7991,completed,5864735
16,3,7992,completed,5864652
16,3,7993,completed,5865360
16,3,7994,completed,5864694
16,3,7995,completed,5887068
16,3,7996,completed,5889235
16,3,7997,completed,5909652
16,3,7998,completed,5917318
16,3,7999,completed,5917526
16,3,8000,completed,5917319
16,3,8001,completed,6029401
16,3,8002,completed,6031985
16,3,8003,completed,6032735
16,3,8004,completed,6033610
16,3,8005,completed,6035360
16,3,8006,completed,6036818
16,3,8007,completed,6038443
16,3,8008,completed,6039776
16,3,8009,completed,6041068
16,3,8010,completed,6042443
16,3,8011,completed,6035776
16,3,8012,completed,6036609
16,3,8013,completed,5987693
16,3,8014,completed,5979693
16,3,8015,completed,5980443
16,3,8016,completed,5981193
16,3,8017,completed,5957360
16,3,8018,completed,5954943
16,3,8019,completed,5955735
16,3,8020,completed,5956443
16,3,8021,completed,5957943
16,3,8022,completed,5959110
16,3,8023,completed,5960318
16,3,8024,completed,5961443
16,3,8025,completed,5962610
16,3,8026,completed,5963859
16,3,8027,completed,5998485
16,3,8028,completed,6008401
16,3,8029,completed,6009693
16,3,8030,completed,6010860
16,3,8031,completed,6012068
16,3,8032,completed,6012943
16,3,8033,completed,5929027
16,3,8034,completed,5929985
16,3,8035,completed,5930443
16,3,8036,completed,5930818
16,3,8037,completed,5931693
16,3,8038,completed,5932152
16,3,8039,completed,5932652
16,3,8040,completed,5933277
16,3,8041,completed,5933860
16,3,8042,completed,5934568
16,3,8043,completed,5903109
16,3,8044,completed,5903402
16,3,8045,completed,5894943
16,3,8046,completed,5895485
16,3,8047,completed,5896026
16,3,8048,completed,5896401
16,3,8049,completed,5985277
16,3,8050,completed,5991193
16,3,8051,completed,5992027
16,3,8052,completed,5992777
16,3,8053,completed,5994068
16,3,8054,completed,5995027
16,3,8055,completed,5996110
16,3,8056,completed,5997109
16,3,8057,completed,5998068
16,3,8058,completed,5999235
16,3,8059,completed,6033818
16,3,8060,completed,6044443
16,3,8061,completed,6045693
16,3,8062,completed,6046526
16,3,8063,completed,6047735
16,3,8064,completed,6048401
16,3,8065,completed,5643653
16,3,8066,completed,5639986
16,3,8067,completed,5640236
16,3,8068,completed,5640486
16,3,8069,completed,5641861
16,3,8070,completed,5642277
16,3,8071,completed,5642902
16,3,8072,completed,5643319
16,3,8073,completed,5643986
16,3,8074,completed,5671568
16,3,8075,completed,5643819
16,3,8076,completed,5643444
16,3,8077,completed,5644110
16,3,8078,completed,5636402
16,3,8079,completed,5636569
16,3,8080,completed,5636444
16,3,8081,completed,6330234
16,3,8082,completed,6327692
16,3,8083,completed,6327900
16,3,8084,completed,6327942
16,3,8085,completed,6328734
16,3,8086,completed,6329234
16,3,8087,completed,6329734
16,3,8088,completed,6360651
16,3,8089,completed,6370151
16,3,8090,completed,6346276
16,3,8091,completed,6340359
16,3,8092,completed,6340776
16,3,8093,completed,6341150
16,3,8094,completed,6341734
16,3,8095,completed,6342233
16,3,8096,completed,6342276
16,3,8097,completed,5990402
16,3,8098,completed,5994693
16,3,8099,completed,5995027
16,3,8100,completed,5995068
16,3,8101,completed,5996110
16,3,8102,completed,5996859
16,3,8103,completed,5997109
16,3,8104,completed,5956735
16,3,8105,completed,5949485
16,3,8106,completed,5949610
16,3,8107,completed,5949568
16,3,8108,completed,5949527
16,3,8109,completed,5974901
16,3,8110,completed,5981151
16,3,8111,completed,5981526
16,3,8112,completed,5981609
16,3,8113,completed,5600694
16,3,8114,completed,5595111
16,3,8115,completed,5595069
16,3,8116,completed,5595194
16,3,8117,completed,5595861
16,3,8118,completed,5596069
16,3,8119,completed,5596527
16,3,8120,completed,5596860
16,3,8121,completed,5597444
16,3,8122,completed,5597944
16,3,8123,completed,5598402
16,3,8124,completed,5599069
16,3,8125,completed,5595694
16,3,8126,completed,5596694
16,3,8127,completed,5596694
16,3,8128,completed,5596402
16,3,8129,completed,6260817
16,3,8130,completed,6267193
16,3,8131,completed,6268734
16,3,8132,completed,6269984
16,3,8133,completed,6272067
16,3,8134,completed,6273526
16,3,8135,completed,6275150
16,3,8136,completed,6276776
16,3,8137,completed,6312276
16,3,8138,completed,6325692
16,3,8139,completed,6327484
16,3,8140,completed,6328359
16,3,8141,completed,6301901
16,3,8142,completed,6298734
16,3,8143,completed,6299692
16,3,8144,completed,6300484
16,3,8145,completed,5852901
16,3,8146,completed,5851818
16,3,8147,completed,5851985
16,3,8148,completed,5852235
16,3,8149,completed,5853277
16,3,8150,completed,5853485
16,3,8151,completed,5853902
16,3,8152,completed,5854235
16,3,8153,completed,5803736
16,3,8154,completed,5802111
16,3,8155,completed,5802777
16,3,8156,completed,5842444
16,3,8157,completed,5854943
16,3,8158,completed,5856027
16,3,8159,completed,5856985
16,3,8160,completed,5857735
16,3,8161,completed,5935693
16,3,8162,completed,5935068
16,3,8163,completed,5935359
16,3,8164,completed,5935693
16,3,8165,completed,5936235
16,3,8166,completed,5936734
16,3,8167,completed,5937318
16,3,8168,completed,5937901
16,3,8169,completed,5938485
16,3,8170,completed,5939193
16,3,8171,completed,5975610
16,3,8172,completed,5937777
16,3,8173,completed,5928818
16,3,8174,completed,5929319
16,3,8175,completed,5929902
16,3,8176,completed,5929610
16,3,8177,completed,6153109
16,3,8178,completed,6162776
16,3,8179,completed,6164609
16,3,8180,completed,6165817
16,3,8181,completed,6168109
16,3,8182,completed,6169484
16,3,8183,completed,6171359
16,3,8184,completed,6221734
16,3,8185,completed,6235859
16,3,8186,completed,6237984
16,3,8187,completed,6190859
16,3,8188,completed,6182860
16,3,8189,completed,6184318
16,3,8190,completed,6185442
16,3,8191,completed,6186776
16,3,8192,completed,6187609
16,3,8193,completed,5958276
16,3,8194,completed,5950860
16,3,8195,completed,5951360
16,3,8196,completed,5951776
16,3,8197,completed,5953068
16,3,8198,completed,5953652
16,3,8199,completed,5954443
16,3,8200,completed,5894568
16,3,8201,completed,5885110
16,3,8202,completed,5917068
16,3,8203,completed,5926527
16,3,8204,completed,5927026
16,3,8205,completed,5927735
16,3,8206,completed,5928360
16,3,8207,completed,5928943
16,3,8208,completed,5929443
16,3,8209,completed,5385486
16,3,8210,completed,5387361
16,3,8211,completed,5387069
16,3,8212,completed,5386778
16,3,8213,completed,5387236
16,3,8214,completed,5387153
16,3,8215,completed,5387028
16,3,8216,completed,5387153
16,3,8217,completed,5387112
16,3,8218,completed,5355778
16,3,8219,completed,5355403
16,3,8220,completed,5354862
16,3,8221,completed,5355236
16,3,8222,completed,5354112
16,3,8223,completed,5354445
16,3,8224,completed,5345153
16,3,8225,completed,6483817
16,3,8226,completed,6497400
16,3,8227,completed,6499066
16,3,8228,completed,6500025
16,3,8229,completed,6501692
16,3,8230,completed,6525525
16,3,8231,completed,6533399
16,3,8232,completed,6534150
16,3,8233,completed,6517900
16,3,8234,completed,6518775
16,3,8235,completed,6518983
16,3,8236,completed,6536483
16,3,8237,completed,6543108
16,3,8238,completed,6543525
16,3,8239,completed,6543899
16,3,8240,completed,6544025
16,3,8241,completed,5835777
16,3,8242,completed,5832901
16,3,8243,completed,5833194
16,3,8244,completed,5833443
16,3,8245,completed,5834152
16,3,8246,completed,5813319
16,3,8247,completed,5813902
16,3,8248,completed,5828777
16,3,8249,completed,5835485
16,3,8250,completed,5836444
16,3,8251,completed,5836985
16,3,8252,completed,5807986
16,3,8253,completed,5801318
16,3,8254,completed,5801568
16,3,8255,completed,5813569
16,3,8256,completed,5819151
16,3,8257,completed,6154400
16,3,8258,completed,6154026
16,3,8259,completed,6154526
16,3,8260,completed,6154651
16,3,8261,completed,6155151
16,3,8262,completed,6155609
16,3,8263,completed,6156234
16,3,8264,completed,6135984
16,3,8265,completed,6131692
16,3,8266,completed,6132068
16,3,8267,completed,6149776
16,3,8268,completed,6155443
16,3,8269,completed,6155817
16,3,8270,completed,6156068
16,3,8271,completed,6139818
16,3,8272,completed,6134109
16,3,8273,completed,5982818
16,3,8274,completed,5983610
16,3,8275,completed,5983568
16,3,8276,completed,5983568
16,3,8277,completed,5984193
16,3,8278,completed,5984484
16,3,8279,completed,5984818
16,3,8280,completed,5985276
16,3,8281,completed,5985526
16,3,8282,completed,6002651
16,3,8283,completed,5990234
16,3,8284,completed,5990359
16,3,8285,completed,5990276
16,3,8286,completed,5990693
16,3,8287,completed,5991193
16,3,8288,completed,5986943
16,3,8289,completed,5997193
16,3,8290,completed,6002860
16,3,8291,completed,6003943
16,3,8292,completed,6004735
16,3,8293,completed,6006401
16,3,8294,completed,6007610
16,3,8295,completed,6008693
16,3,8296,completed,6037027
16,3,8297,completed,6046277
16,3,8298,completed,6031818
16,3,8299,completed,6032735
16,3,8300,completed,6033734
16,3,8301,completed,6034860
16,3,8302,completed,6035985
16,3,8303,completed,6032568
16,3,8304,completed,6033151
16,3,8305,completed,5994901
16,3,8306,completed,6000568
16,3,8307,completed,6001526
16,3,8308,completed,6002568
16,3,8309,completed,6004318
16,3,8310,completed,6005193
16,3,8311,completed,6006277
16,3,8312,completed,5967151
16,3,8313,completed,5959485
16,3,8314,completed,5960818
16,3,8315,completed,5961360
16,3,8316,completed,5962610
16,3,8317,completed,5990818
16,3,8318,completed,6000068
16,3,8319,completed,6000859
16,3,8320,completed,6001026
16,3,8321,completed,5910443
16,3,8322,completed,5907360
16,3,8323,completed,5907527
16,3,8324,completed,5907693
16,3,8325,completed,5908694
16,3,8326,completed,5908985
16,3,8327,completed,5909610
16,3,8328,completed,5909943
16,3,8329,completed,5910526
16,3,8330,completed,5932568
16,3,8331,completed,5938652
16,3,8332,completed,5938819
16,3,8333,completed,5920569
16,3,8334,completed,5920735
16,3,8335,completed,5913068
16,3,8336,completed,5913193
16,3,8337,completed,6005235
16,3,8338,completed,6007860
16,3,8339,completed,6008943
16,3,8340,completed,6010235
16,3,8341,completed,6011693
16,3,8342,completed,6012943
16,3,8343,completed,6014193
16,3,8344,completed,6015402
16,3,8345,completed,6016735
16,3,8346,completed,6030360
16,3,8347,completed,6040192
16,3,8348,completed,6040943
16,3,8349,completed,6042567
16,3,8350,completed,6044068
16,3,8351,completed,6045526
16,3,8352,completed,6046318
16,3,8353,completed,5434278
16,3,8354,completed,5424403
16,3,8355,completed,5423944
16,3,8356,completed,5423819
16,3,8357,completed,5423861
16,3,8358,completed,5423945
16,3,8359,completed,5423986
16,3,8360,completed,5424028
16,3,8361,completed,5447862
16,3,8362,completed,5404569
16,3,8363,completed,5402569
16,3,8364,completed,5403028
16,3,8365,completed,5403652
16,3,8366,completed,5404278
16,3,8367,completed,5405028
16,3,8368,completed,5405486
16,3,8369,completed,6477983
16,3,8370,completed,6480983
16,3,8371,completed,6481733
16,3,8372,completed,6482525
16,3,8373,completed,6483734
16,3,8374,completed,6484775
16,3,8375,completed,6485984
16,3,8376,completed,6486984
16,3,8377,completed,6462067
16,3,8378,completed,6463234
16,3,8379,completed,6495525
16,3,8380,completed,6506234
16,3,8381,completed,6499983
16,3,8382,completed,6500900
16,3,8383,completed,6501316
16,3,8384,completed,6501983
16,3,8385,completed,5977985
16,3,8386,completed,5976776
16,3,8387,completed,5976776
16,3,8388,completed,5976985
16,3,8389,completed,5977526
16,3,8390,completed,5977734
16,3,8391,completed,5978110
16,3,8392,completed,5978276
16,3,8393,completed,5978444
16,3,8394,completed,5978651
16,3,8395,completed,5946110
16,3,8396,completed,5945651
16,3,8397,completed,5937027
16,3,8398,completed,5937068
16,3,8399,completed,5937110
16,3,8400,completed,5937193
16,3,8401,completed,6017818
16,3,8402,completed,6033651
16,3,8403,completed,6035568
16,3,8404,completed,6036485
16,3,8405,completed,6038609
16,3,8406,completed,6039360
16,3,8407,completed,6041152
16,3,8408,completed,6042443
16,3,8409,completed,6043568
16,3,8410,completed,6081526
16,3,8411,completed,6091443
16,3,8412,completed,6092526
16,3,8413,completed,6094193
16,3,8414,completed,6095276
16,3,8415,completed,6097193
16,3,8416,completed,6097776
16,3,8417,completed,5941443
16,3,8418,completed,5938859
16,3,8419,completed,5939360
16,3,8420,completed,5939777
16,3,8421,completed,5940568
16,3,8422,completed,5940985
16,3,8423,completed,5941693
16,3,8424,completed,5942360
16,3,8425,completed,5942984
16,3,8426,completed,5942944
16,3,8427,completed,5952360
16,3,8428,completed,5952735
16,3,8429,completed,5944235
16,3,8430,completed,5944902
16,3,8431,completed,5945568
16,3,8432,completed,5945610
16,3,8433,completed,6020859
16,3,8434,completed,6082901
16,3,8435,completed,6087068
16,3,8436,completed,6086567
16,3,8437,completed,6086401
16,3,8438,completed,6085818
16,3,8439,completed,6085317
16,3,8440,completed,6084860
16,3,8441,completed,6084359
16,3,8442,completed,6050026
16,3,8443,completed,6049151
16,3,8444,completed,6039193
16,3,8445,completed,6038693
16,3,8446,completed,6038068
16,3,8447,completed,6037484
16,3,8448,completed,6036443
16,3,8449,completed,5895026
16,3,8450,completed,5871193
16,3,8451,completed,5871943
16,3,8452,completed,5870194
16,3,8453,completed,5871693
16,3,8454,completed,5873318
16,3,8455,completed,5874985
16,3,8456,completed,5876568
16,3,8457,completed,5878151
16,3,8458,completed,5879985
16,3,8459,completed,5881402
16,3,8460,completed,5882568
16,3,8461,completed,5884360
16,3,8462,completed,5886069
16,3,8463,completed,5887694
16,3,8464,completed,5888860
16,3,8465,completed,5701318
16,3,8466,completed,5692443
16,3,8467,completed,5693193
16,3,8468,completed,5693818
16,3,8469,completed,5694527
16,3,8470,completed,5695152
16,3,8471,completed,5695819
16,3,8472,completed,5696652
16,3,8473,completed,5697444
16,3,8474,completed,5698319
16,3,8475,completed,5699069
16,3,8476,completed,5699778
16,3,8477,completed,5700569
16,3,8478,completed,5701402
16,3,8479,completed,5734360
16,3,8480,completed,5737111
16,3,8481,completed,6188026
16,3,8482,completed,6193275
16,3,8483,completed,6193942
16,3,8484,completed,6194443
16,3,8485,completed,6195734
16,3,8486,completed,6227443
16,3,8487,completed,6238442
16,3,8488,completed,6239400
16,3,8489,completed,6240401
16,3,8490,completed,6241401
16,3,8491,completed,6242318
16,3,8492,completed,6243151
16,3,8493,completed,6244109
16,3,8494,completed,6245067
16,3,8495,completed,6244359
16,3,8496,completed,6172067
16,3,8497,completed,5961234
16,3,8498,completed,5958443
16,3,8499,completed,5958276
16,3,8500,completed,5957943
16,3,8501,completed,5958110
16,3,8502,completed,5907485
16,3,8503,completed,5897193
16,3,8504,completed,5897068
16,3,8505,completed,5896944
16,3,8506,completed,5896860
16,3,8507,completed,5896694
16,3,8508,completed,5896485
16,3,8509,completed,5896318
16,3,8510,completed,5919860
16,3,8511,completed,5923652
16,3,8512,completed,5922860
16,3,8513,completed,6007443
16,3,8514,completed,6006234
16,3,8515,completed,6007401
16,3,8516,completed,6008401
16,3,8517,completed,6009693
16,3,8518,completed,6010693
16,3,8519,completed,6011735
16,3,8520,completed,6012610
16,3,8521,completed,6013526
16,3,8522,completed,6014693
16,3,8523,completed,6015568
16,3,8524,completed,6054818
16,3,8525,completed,6065526
16,3,8526,completed,6052401
16,3,8527,completed,6053901
16,3,8528,completed,6051234
16,3,8529,completed,5985860
16,3,8530,completed,5986734
16,3,8531,completed,5986860
16,3,8532,completed,5986818
16,3,8533,completed,5987277
16,3,8534,completed,5987651
16,3,8535,completed,5988277
16,3,8536,completed,5988359
16,3,8537,completed,5988526
16,3,8538,completed,6019485
16,3,8539,completed,6026818
16,3,8540,completed,6002610
16,3,8541,completed,6002985
16,3,8542,completed,6002152
16,3,8543,completed,5993610
16,3,8544,completed,5993651
16,3,8545,completed,5959318
16,3,8546,completed,5964151
16,3,8547,completed,5965401
16,3,8548,completed,5966235
16,3,8549,completed,5967984
16,3,8550,completed,5969151
16,3,8551,completed,5970235
16,3,8552,completed,5971234
16,3,8553,completed,5972485
16,3,8554,completed,5935235
16,3,8555,completed,5959652
16,3,8556,completed,5968109
16,3,8557,completed,5969235
16,3,8558,completed,5970235
16,3,8559,completed,5971235
16,3,8560,completed,5971943
16,3,8561,completed,5415570
16,3,8562,completed,5413069
16,3,8563,completed,5413028
16,3,8564,completed,5413111
16,3,8565,completed,5413361
16,3,8566,completed,5413695
16,3,8567,completed,5414027
16,3,8568,completed,5414402
16,3,8569,completed,5414611
16,3,8570,completed,5415194
16,3,8571,completed,5431778
16,3,8572,completed,5446445
16,3,8573,completed,5447570
16,3,8574,completed,5448153
16,3,8575,completed,5448444
16,3,8576,completed,5439694
16,3,8577,completed,6590316
16,3,8578,completed,6602150
16,3,8579,completed,6603816
16,3,8580,completed,6605108
16,3,8581,completed,6607566
16,3,8582,completed,6609650
16,3,8583,completed,6611567
16,3,8584,completed,6648191
16,3,8585,completed,6660358
16,3,8586,completed,6662400
16,3,8587,completed,6618400
16,3,8588,completed,6610816
16,3,8589,completed,6612483
16,3,8590,completed,6613483
16,3,8591,completed,6614941
16,3,8592,completed,6616233
16,3,8593,completed,5839152
16,3,8594,completed,5831902
16,3,8595,completed,5831235
16,3,8596,completed,5830443
16,3,8597,completed,5830944
16,3,8598,completed,5830485
16,3,8599,completed,5830110
16,3,8600,completed,5779902
16,3,8601,completed,5768027
16,3,8602,completed,5767818
16,3,8603,completed,5767568
16,3,8604,completed,5767401
16,3,8605,completed,5767194
16,3,8606,completed,5794152
16,3,8607,completed,5798027
16,3,8608,completed,5797693
16,3,8609,completed,6022610
16,3,8610,completed,6026818
16,3,8611,completed,6028193
16,3,8612,completed,6029526
16,3,8613,completed,6031234
16,3,8614,completed,6032484
16,3,8615,completed,6033943
16,3,8616,completed,6035485
16,3,8617,completed,6037068
16,3,8618,completed,6038693
16,3,8619,completed,6040026
16,3,8620,completed,6088067
16,3,8621,completed,6103235
16,3,8622,completed,6078151
16,3,8623,completed,6075151
16,3,8624,completed,6076484
16,3,8625,completed,5788652
16,3,8626,completed,5785777
16,3,8627,completed,5786235
16,3,8628,completed,5786943
16,3,8629,completed,5787818
16,3,8630,completed,5788360
16,3,8631,completed,5789068
16,3,8632,completed,5789694
16,3,8633,completed,5790360
16,3,8634,completed,5822943
16,3,8635,completed,5834485
16,3,8636,completed,5776944
16,3,8637,completed,5767235
16,3,8638,completed,5767777
16,3,8639,completed,5768402
16,3,8640,completed,5768235
16,3,8641,completed,6127151
16,3,8642,completed,6127401
16,3,8643,completed,6127943
16,3,8644,completed,6128567
16,3,8645,completed,6129610
16,3,8646,completed,6130276
16,3,8647,completed,6130984
16,3,8648,completed,6131568
16,3,8649,completed,6132276
16,3,8650,completed,6098193
16,3,8651,completed,6097276
16,3,8652,completed,6130276
16,3,8653,completed,6140692
16,3,8654,completed,6140942
16,3,8655,completed,6141818
16,3,8656,completed,6141693
16,3,8657,completed,5810985
16,3,8658,completed,5812235
16,3,8659,completed,5812652
16,3,8660,completed,5812610
16,3,8661,completed,5813485
16,3,8662,completed,5814194
16,3,8663,completed,5814860
16,3,8664,completed,5815235
16,3,8665,completed,5867110
16,3,8666,completed,5882943
16,3,8667,completed,5883484
16,3,8668,completed,5852193
16,3,8669,completed,5852777
16,3,8670,completed,5844777
16,3,8671,completed,5845318
16,3,8672,completed,5845651
16,3,8673,completed,5929902
16,3,8674,completed,5932943
16,3,8675,completed,5934360
16,3,8676,completed,5935110
16,3,8677,completed,5936610
16,3,8678,completed,5937651
16,3,8679,completed,5938943
16,3,8680,completed,5939818
16,3,8681,completed,5909110
16,3,8682,completed,5904276
16,3,8683,completed,5903819
16,3,8684,completed,5903360
16,3,8685,completed,5903401
16,3,8686,completed,5903235
16,3,8687,completed,5903235
16,3,8688,completed,5902860
16,3,8689,completed,6167359
16,3,8690,completed,6154526
16,3,8691,completed,6154110
16,3,8692,completed,6153985
16,3,8693,completed,6154734
16,3,8694,completed,6155276
16,3,8695,completed,6156193
16,3,8696,completed,6156776
16,3,8697,completed,6131860
16,3,8698,completed,6133026
16,3,8699,completed,6127734
16,3,8700,completed,6128901
16,3,8701,completed,6130026
16,3,8702,completed,6131442
16,3,8703,completed,6180692
16,3,8704,completed,6196192
16,3,8705,completed,6002984
16,3,8706,completed,6004235
16,3,8707,completed,6004943
16,3,8708,completed,6005193
16,3,8709,completed,6005943
16,3,8710,completed,6006568
16,3,8711,completed,6006984
16,3,8712,completed,6007443
16,3,8713,completed,6008026
16,3,8714,completed,6008693
16,3,8715,completed,6008984
16,3,8716,completed,6009318
16,3,8717,completed,6059401
16,3,8718,completed,6075735
16,3,8719,completed,6018234
16,3,8720,completed,6008109
16,3,8721,completed,5432236
16,3,8722,completed,5431903
16,3,8723,completed,5432528
16,3,8724,completed,5433153
16,3,8725,completed,5434403
16,3,8726,completed,5435319
16,3,8727,completed,5436111
16,3,8728,completed,5436903
16,3,8729,completed,5437736
16,3,8730,completed,5439236
16,3,8731,completed,5451278
16,3,8732,completed,5452319
16,3,8733,completed,5388070
16,3,8734,completed,5375819
16,3,8735,completed,5376737
16,3,8736,completed,5377945
16,3,8737,completed,6370692
16,3,8738,completed,6370442
16,3,8739,completed,6371275
16,3,8740,completed,6372234
16,3,8741,completed,6373442
16,3,8742,completed,6374358
16,3,8743,completed,6375609
16,3,8744,completed,6376817
16,3,8745,completed,6378192
16,3,8746,completed,6379567
16,3,8747,completed,6380692
16,3,8748,completed,6381858
16,3,8749,completed,6383150
16,3,8750,completed,6384317
16,3,8751,completed,6385484
16,3,8752,completed,6386734
16,3,8753,completed,5976026
16,3,8754,completed,5982026
16,3,8755,completed,5982193
16,3,8756,completed,5970818
16,3,8757,completed,5970610
16,3,8758,completed,5970068
16,3,8759,completed,5970193
16,3,8760,completed,5969860
16,3,8761,completed,5969651
16,3,8762,completed,5969568
16,3,8763,completed,5969027
16,3,8764,completed,5968484
16,3,8765,completed,5968276
16,3,8766,completed,5967776
16,3,8767,completed,5992235
16,3,8768,completed,5997776
16,3,8769,completed,5627652
16,3,8770,completed,5626527
16,3,8771,completed,5627236
16,3,8772,completed,5627402
16,3,8773,completed,5628944
16,3,8774,completed,5629486
16,3,8775,completed,5630152
16,3,8776,completed,5630819
16,3,8777,completed,5631277
16,3,8778,completed,5631819
16,3,8779,completed,5632111
16,3,8780,completed,5632610
16,3,8781,completed,5633027
16,3,8782,completed,5633361
16,3,8783,completed,5609194
16,3,8784,completed,5629652
16,3,8785,completed,6304358
16,3,8786,completed,6307317
16,3,8787,completed,6308734
16,3,8788,completed,6309734
16,3,8789,completed,6311609
16,3,8790,completed,6313150
16,3,8791,completed,6314775
16,3,8792,completed,6316358
16,3,8793,completed,6317984
16,3,8794,completed,6369608
16,3,8795,completed,6386358
16,3,8796,completed,6388150
16,3,8797,completed,6389858
16,3,8798,completed,6391608
16,3,8799,completed,6393275
16,3,8800,completed,6368525
16,3,8801,completed,6096151
16,3,8802,completed,6094610
16,3,8803,completed,6094735
16,3,8804,completed,6095276
16,3,8805,completed,6096567
16,3,8806,completed,6097068
16,3,8807,completed,6097734
16,3,8808,completed,6098401
16,3,8809,completed,6099026
16,3,8810,completed,6067985
16,3,8811,completed,6069443
16,3,8812,completed,6070068
16,3,8813,completed,6070860
16,3,8814,completed,6071568
16,3,8815,completed,6072193
16,3,8816,completed,6072526
16,3,8817,completed,5970318
16,3,8818,completed,5971318
16,3,8819,completed,5971485
16,3,8820,completed,5971860
16,3,8821,completed,5973068
16,3,8822,completed,5973776
16,3,8823,completed,5974401
16,3,8824,completed,5975109
16,3,8825,completed,5975776
16,3,8826,completed,5943526
16,3,8827,completed,5974735
16,3,8828,completed,5984401
16,3,8829,completed,5985360
16,3,8830,completed,5985651
16,3,8831,completed,5986693
16,3,8832,completed,5986402
16,3,8833,completed,5884152
16,3,8834,completed,5887443
16,3,8835,completed,5888234
16,3,8836,completed,5889068
16,3,8837,completed,5890318
16,3,8838,completed,5891027
16,3,8839,completed,5891859
16,3,8840,completed,5892610
16,3,8841,completed,5893401
16,3,8842,completed,5894485
16,3,8843,completed,5862943
16,3,8844,completed,5856610
16,3,8845,completed,5857443
16,3,8846,completed,5857985
16,3,8847,completed,5858610
16,3,8848,completed,5859276
16,3,8849,completed,5994193
16,3,8850,completed,6000193
16,3,8851,completed,6001693
16,3,8852,completed,6003027
16,3,8853,completed,6005109
16,3,8854,completed,6007193
16,3,8855,completed,6008776
16,3,8856,completed,6010068
16,3,8857,completed,6011568
16,3,8858,completed,6013568
16,3,8859,completed,6014485
16,3,8860,completed,6015526
16,3,8861,completed,6016943
16,3,8862,completed,6017985
16,3,8863,completed,6019193
16,3,8864,completed,6020527
16,3,8865,completed,5878860
16,3,8866,completed,5877193
16,3,8867,completed,5878235
16,3,8868,completed,5878902
16,3,8869,completed,5880610
16,3,8870,completed,5881319
16,3,8871,completed,5882402
16,3,8872,completed,5883526
16,3,8873,completed,5884610
16,3,8874,completed,5917402
16,3,8875,completed,5927360
16,3,8876,completed,5928235
16,3,8877,completed,5929610
16,3,8878,completed,5930693
16,3,8879,completed,5931819
16,3,8880,completed,5932693
16,3,8881,completed,5973568
16,3,8882,completed,5971735
16,3,8883,completed,5972151
16,3,8884,completed,5972526
16,3,8885,completed,5973235
16,3,8886,completed,5973610
16,3,8887,completed,5974318
16,3,8888,completed,5974901
16,3,8889,completed,6006193
16,3,8890,completed,5985652
16,3,8891,completed,5985943
16,3,8892,completed,5977901
16,3,8893,completed,5978568
16,3,8894,completed,5979276
16,3,8895,completed,5979943
16,3,8896,completed,5980360
16,3,8897,completed,5941484
16,3,8898,completed,5935735
16,3,8899,completed,5936277
16,3,8900,completed,5937026
16,3,8901,completed,5968485
16,3,8902,completed,5979151
16,3,8903,completed,5980318
16,3,8904,completed,5980859
16,3,8905,completed,5947902
16,3,8906,completed,5948651
16,3,8907,completed,5949901
16,3,8908,completed,5950360
16,3,8909,completed,5942193
16,3,8910,completed,5942818
16,3,8911,completed,5943402
16,3,8912,completed,5943526
16,3,8913,completed,6028610
16,3,8914,completed,6028568
16,3,8915,completed,6028901
16,3,8916,completed,6028943
16,3,8917,completed,5977984
16,3,8918,completed,5967943
16,3,8919,completed,5968318
16,3,8920,completed,5968735
16,3,8921,completed,5969109
16,3,8922,completed,6014068
16,3,8923,completed,6029901
16,3,8924,completed,6030985
16,3,8925,completed,6031818
16,3,8926,completed,6032651
16,3,8927,completed,6033443
16,3,8928,completed,6033859
16,3,8929,completed,5982235
16,3,8930,completed,5975693
16,3,8931,completed,5975527
16,3,8932,completed,5975401
16,3,8933,completed,5999943
16,3,8934,completed,6009151
16,3,8935,completed,6009401
16,3,8936,completed,6042943
16,3,8937,completed,6051151
16,3,8938,completed,5994776
16,3,8939,completed,5983027
16,3,8940,completed,5982985
16,3,8941,completed,5982859
16,3,8942,completed,5982860
16,3,8943,completed,5982859
16,3,8944,completed,5982568
16,3,8945,completed,5913902
16,3,8946,completed,5920443
16,3,8947,completed,5920693
16,3,8948,completed,5921110
16,3,8949,completed,5906818
16,3,8950,completed,5897401
16,3,8951,completed,5897818
16,3,8952,completed,5849235
16,3,8953,completed,5862401
16,3,8954,completed,5868776
16,3,8955,completed,5868819
16,3,8956,completed,5869110
16,3,8957,completed,5869527
16,3,8958,completed,5869901
16,3,8959,completed,5870318
16,3,8960,completed,5870401
16,3,8961,completed,6017568
16,3,8962,completed,6021276
16,3,8963,completed,6022568
16,3,8964,completed,6023651
16,3,8965,completed,6025568
16,3,8966,completed,6026901
16,3,8967,completed,6028277
16,3,8968,completed,6029651
16,3,8969,completed,6010901
16,3,8970,completed,6046193
16,3,8971,completed,6058317
16,3,8972,completed,6059651
16,3,8973,completed,6054943
16,3,8974,completed,6056026
16,3,8975,completed,6057317
16,3,8976,completed,6058234
16,3,8977,completed,5707652
16,3,8978,completed,5700902
16,3,8979,completed,5700528
16,3,8980,completed,5699902
16,3,8981,completed,5699611
16,3,8982,completed,5699194
16,3,8983,completed,5698861
16,3,8984,completed,5698485
16,3,8985,completed,5698027
16,3,8986,completed,5662444
16,3,8987,completed,5660778
16,3,8988,completed,5677152
16,3,8989,completed,5682860
16,3,8990,completed,5682152
16,3,8991,completed,5682111
16,3,8992,completed,5680986
16,3,8993,completed,6141692
16,3,8994,completed,6142817
16,3,8995,completed,6142942
16,3,8996,completed,6142817
16,3,8997,completed,6143026
16,3,8998,completed,6143318
16,3,8999,completed,6143734
16,3,9000,completed,6143943
16,3,9001,completed,6144234
16,3,9002,completed,6144610
16,3,9003,completed,6144776
16,3,9004,completed,6117234
16,3,9005,completed,6116318
16,3,9006,completed,6116234
16,3,9007,completed,6116776
16,3,9008,completed,6117276
16,3,9009,completed,5702944
16,3,9010,completed,5705485
16,3,9011,completed,5705818
16,3,9012,completed,5706027
16,3,9013,completed,5706943
16,3,9014,completed,5707485
16,3,9015,completed,5708111
16,3,9016,completed,5723194
16,3,9017,completed,5727986
16,3,9018,completed,5728735
16,3,9019,completed,5729235
16,3,9020,completed,5729652
16,3,9021,completed,5730110
16,3,9022,completed,5730568
16,3,9023,completed,5738652
16,3,9024,completed,5743027
16,3,9025,completed,6267609
16,3,9026,completed,6273067
16,3,9027,completed,6273443
16,3,9028,completed,6273984
16,3,9029,completed,6274609
16,3,9030,completed,6275026
16,3,9031,completed,6275275
16,3,9032,completed,6262401
16,3,9033,completed,6276317
16,3,9034,completed,6280859
16,3,9035,completed,6281151
16,3,9036,completed,6281359
16,3,9037,completed,6281484
16,3,9038,completed,6281817
16,3,9039,completed,6270776
16,3,9040,completed,6267650
16,3,9041,completed,6056359
16,3,9042,completed,6061776
16,3,9043,completed,6063276
16,3,9044,completed,6064651
16,3,9045,completed,6067026
16,3,9046,completed,6068568
16,3,9047,completed,6070192
16,3,9048,completed,6071735
16,3,9049,completed,6060067
16,3,9050,completed,6061651
16,3,9051,completed,6063193
16,3,9052,completed,6060276
16,3,9053,completed,6061817
16,3,9054,completed,6063276
16,3,9055,completed,6064859
16,3,9056,completed,6066276
16,3,9057,completed,5950901
16,3,9058,completed,5959443
16,3,9059,completed,5960401
16,3,9060,completed,5959818
16,3,9061,completed,5948443
16,3,9062,completed,5949026
16,3,9063,completed,5949901
16,3,9064,completed,5950484
16,3,9065,completed,5951526
16,3,9066,completed,5952610
16,3,9067,completed,5986027
16,3,9068,completed,5995568
16,3,9069,completed,5996609
16,3,9070,completed,5997443
16,3,9071,completed,5998193
16,3,9072,completed,5998818
16,3,9073,completed,6028193
16,3,9074,completed,6022235
16,3,9075,completed,6022776
16,3,9076,completed,6023276
16,3,9077,completed,6024151
16,3,9078,completed,6024485
16,3,9079,completed,6025151
16,3,9080,completed,6025901
16,3,9081,completed,6026610
16,3,9082,completed,6027359
16,3,9083,completed,5996276
16,3,9084,completed,5987402
16,3,9085,completed,5988026
16,3,9086,completed,5988526
16,3,9087,completed,6032360
16,3,9088,completed,6042485
16,3,9089,completed,5904985
16,3,9090,completed,5902860
16,3,9091,completed,5903235
16,3,9092,completed,5903901
16,3,9093,completed,5904569
16,3,9094,completed,5905110
16,3,9095,completed,5905735
16,3,9096,completed,5906401
16,3,9097,completed,5907069
16,3,9098,completed,5938693
16,3,9099,completed,5943026
16,3,9100,completed,5943568
16,3,9101,completed,5944276
16,3,9102,completed,5944860
16,3,9103,completed,5912443
16,3,9104,completed,5904985
16,3,9105,completed,5979693
16,3,9106,completed,5979234
16,3,9107,completed,5979651
16,3,9108,completed,5980068
16,3,9109,completed,5980859
16,3,9110,completed,5981360
16,3,9111,completed,5982026
16,3,9112,completed,5982693
16,3,9113,completed,6006735
16,3,9114,completed,5983985
16,3,9115,completed,5975359
16,3,9116,completed,5975860
16,3,9117,completed,5976485
16,3,9118,completed,5977318
16,3,9119,completed,5980068
16,3,9120,completed,5999193
16,3,9121,completed,6072943
16,3,9122,completed,6074651
16,3,9123,completed,6075193
16,3,9124,completed,6075567
16,3,9125,completed,6107651
16,3,9126,completed,6118026
16,3,9127,completed,6118735
16,3,9128,completed,6119442
16,3,9129,completed,6096609
16,3,9130,completed,6097526
16,3,9131,completed,6096985
16,3,9132,completed,6097860
16,3,9133,completed,6098942
16,3,9134,completed,6091859
16,3,9135,completed,6092568
16,3,9136,completed,6061943
16,3,9137,completed,5858443
16,3,9138,completed,5869235
16,3,9139,completed,5870360
16,3,9140,completed,5871652
16,3,9141,completed,5814652
16,3,9142,completed,5812860
16,3,9143,completed,5813861
16,3,9144,completed,5815027
16,3,9145,completed,5816193
16,3,9146,completed,5817444
16,3,9147,completed,5818443
16,3,9148,completed,5819526
16,3,9149,completed,5820694
16,3,9150,completed,5821819
16,3,9151,completed,5822902
16,3,9152,completed,5824069
16,3,9153,completed,5941110
16,3,9154,completed,5936943
16,3,9155,completed,5937693
16,3,9156,completed,5938110
16,3,9157,completed,5938610
16,3,9158,completed,5938902
16,3,9159,completed,5939360
16,3,9160,completed,5939526
16,3,9161,completed,5939777
16,3,9162,completed,5939985
16,3,9163,completed,5940068
16,3,9164,completed,5940110
16,3,9165,completed,5940485
16,3,9166,completed,5940777
16,3,9167,completed,5940985
16,3,9168,completed,5940860
16,3,9169,completed,5922360
16,3,9170,completed,5917902
16,3,9171,completed,5917860
16,3,9172,completed,5917818
16,3,9173,completed,5918027
16,3,9174,completed,5918443
16,3,9175,completed,5918776
16,3,9176,completed,5918944
16,3,9177,completed,5919152
16,3,9178,completed,5919401
16,3,9179,completed,5919610
16,3,9180,completed,5919693
16,3,9181,completed,5919902
16,3,9182,completed,5919985
16,3,9183,completed,5920151
16,3,9184,completed,5934110
16,3,9185,completed,6036692
16,3,9186,completed,6042276
16,3,9187,completed,6043317
16,3,9188,completed,6044193
16,3,9189,completed,6045609
16,3,9190,completed,6046484
16,3,9191,completed,6047526
16,3,9192,completed,6048526
16,3,9193,completed,6049901
16,3,9194,completed,6051359
16,3,9195,completed,6052318
16,3,9196,completed,6079401
16,3,9197,completed,6078734
16,3,9198,completed,6079693
16,3,9199,completed,6080984
16,3,9200,completed,6081109
16,3,9201,completed,5957693
16,3,9202,completed,5969526
16,3,9203,completed,5971318
16,3,9204,completed,5972443
16,3,9205,completed,5974443
16,3,9206,completed,5975859
16,3,9207,completed,5977609
16,3,9208,completed,5978902
16,3,9209,completed,5980443
16,3,9210,completed,5982152
16,3,9211,completed,5983027
16,3,9212,completed,5958651
16,3,9213,completed,5959068
16,3,9214,completed,5960234
16,3,9215,completed,5961109
16,3,9216,completed,5962568
16,3,9217,completed,5961110
16,3,9218,completed,5959568
16,3,9219,completed,5960610
16,3,9220,completed,5961568
16,3,9221,completed,5963860
16,3,9222,completed,5965151
16,3,9223,completed,5966485
16,3,9224,completed,5967609
16,3,9225,completed,5969109
16,3,9226,completed,6003109
16,3,9227,completed,6013109
16,3,9228,completed,6014109
16,3,9229,completed,6015693
16,3,9230,completed,6016818
16,3,9231,completed,6018026
16,3,9232,completed,6019067
16,3,9233,completed,5670194
16,3,9234,completed,5668694
16,3,9235,completed,5668735
16,3,9236,completed,5668735
16,3,9237,completed,5669486
16,3,9238,completed,5669486
16,3,9239,completed,5669485
16,3,9240,completed,5669569
16,3,9241,completed,5669735
16,3,9242,completed,5638069
16,3,9243,completed,5638027
16,3,9244,completed,5663360
16,3,9245,completed,5671236
16,3,9246,completed,5671860
16,3,9247,completed,5663069
16,3,9248,completed,5663152
16,3,9249,completed,6180275
16,3,9250,completed,6179692
16,3,9251,completed,6179401
16,3,9252,completed,6179567
16,3,9253,completed,6180568
16,3,9254,completed,6180818
16,3,9255,completed,6181318
16,3,9256,completed,6181568
16,3,9257,completed,6181859
16,3,9258,completed,6182317
16,3,9259,completed,6182526
16,3,9260,completed,6157692
16,3,9261,completed,6151692
16,3,9262,completed,6151818
16,3,9263,completed,6151984
16,3,9264,completed,6152151
16,3,9265,completed,5980151
16,3,9266,completed,5979693
16,3,9267,completed,5980693
16,3,9268,completed,5981068
16,3,9269,completed,5982651
16,3,9270,completed,5983609
16,3,9271,completed,5984568
16,3,9272,completed,5985610
16,3,9273,completed,5986652
16,3,9274,completed,5987693
16,3,9275,completed,6034735
16,3,9276,completed,6043276
16,3,9277,completed,6044693
16,3,9278,completed,6045652
16,3,9279,completed,6046652
16,3,9280,completed,6047318
16,3,9281,completed,5533903
16,3,9282,completed,5534236
16,3,9283,completed,5531986
16,3,9284,completed,5532486
16,3,9285,completed,5531735
16,3,9286,completed,5532027
16,3,9287,completed,5532444
16,3,9288,completed,5532819
16,3,9289,completed,5565069
16,3,9290,completed,5574777
16,3,9291,completed,5525236
16,3,9292,completed,5516444
16,3,9293,completed,5515569
16,3,9294,completed,5515320
16,3,9295,completed,5515403
16,3,9296,completed,5515028
16,3,9297,completed,6387984
16,3,9298,completed,6394692
16,3,9299,completed,6394984
16,3,9300,completed,6395359
16,3,9301,completed,6396567
16,3,9302,completed,6397109
16,3,9303,completed,6397608
16,3,9304,completed,6398067
16,3,9305,completed,6353692
16,3,9306,completed,6353109
16,3,9307,completed,6353734
16,3,9308,completed,6354358
16,3,9309,completed,6355026
16,3,9310,completed,6355650
16,3,9311,completed,6356359
16,3,9312,completed,6357275
16,3,9313,completed,6013610
16,3,9314,completed,6015818
16,3,9315,completed,6016985
16,3,9316,completed,6017735
16,3,9317,completed,6019443
16,3,9318,completed,6020734
16,3,9319,completed,6022152
16,3,9320,completed,6023318
16,3,9321,completed,6024443
16,3,9322,completed,6025859
16,3,9323,completed,6063360
16,3,9324,completed,6076526
16,3,9325,completed,6077859
16,3,9326,completed,6079026
16,3,9327,completed,6080068
16,3,9328,completed,6080817
16,3,9329,completed,5789319
16,3,9330,completed,5791194
16,3,9331,completed,5791777
16,3,9332,completed,5792318
16,3,9333,completed,5793611
16,3,9334,completed,5793944
16,3,9335,completed,5794860
16,3,9336,completed,5795277
16,3,9337,completed,5796110
16,3,9338,completed,5796944
16,3,9339,completed,5783860
16,3,9340,completed,5784776
16,3,9341,completed,5785276
16,3,9342,completed,5785651
16,3,9343,completed,5786027
16,3,9344,completed,5785902
16,3,9345,completed,5707527
16,3,9346,completed,5711235
16,3,9347,completed,5712569
16,3,9348,completed,5713819
16,3,9349,completed,5715777
16,3,9350,completed,5717194
16,3,9351,completed,5718652
16,3,9352,completed,5719902
16,3,9353,completed,5721318
16,3,9354,completed,5723069
16,3,9355,completed,5688319
16,3,9356,completed,5682527
16,3,9357,completed,5683860
16,3,9358,completed,5684986
16,3,9359,completed,5686194
16,3,9360,completed,5687444
16,3,9361,completed,6318025
16,3,9362,completed,6308484
16,3,9363,completed,6308359
16,3,9364,completed,6308275
16,3,9365,completed,6308650
16,3,9366,completed,6308817
16,3,9367,completed,6309150
16,3,9368,completed,6309359
16,3,9369,completed,6309567
16,3,9370,completed,6309859
16,3,9371,completed,6310443
16,3,9372,completed,6340984
16,3,9373,completed,6351858
16,3,9374,completed,6352525
16,3,9375,completed,6352983
16,3,9376,completed,6353151
16,3,9377,completed,6073359
16,3,9378,completed,6084818
16,3,9379,completed,6086609
16,3,9380,completed,6087776
16,3,9381,completed,6090151
16,3,9382,completed,6091776
16,3,9383,completed,6093610
16,3,9384,completed,6095193
16,3,9385,completed,6097984
16,3,9386,completed,6133235
16,3,9387,completed,6144026
16,3,9388,completed,6100692
16,3,9389,completed,6101359
16,3,9390,completed,6102901
16,3,9391,completed,6104901
16,3,9392,completed,6106360
16,3,9393,completed,5907152
16,3,9394,completed,5902110
16,3,9395,completed,5901609
16,3,9396,completed,5901026
16,3,9397,completed,5901485
16,3,9398,completed,5901193
16,3,9399,completed,5900985
16,3,9400,completed,5900693
16,3,9401,completed,5900443
16,3,9402,completed,5845360
16,3,9403,completed,5842026
16,3,9404,completed,5841776
16,3,9405,completed,5842194
16,3,9406,completed,5842527
16,3,9407,completed,5842860
16,3,9408,completed,5842943
16,3,9409,completed,5995485
16,3,9410,completed,6001985
16,3,9411,completed,6003693
16,3,9412,completed,6005360
16,3,9413,completed,6007193
16,3,9414,completed,6008818
16,3,9415,completed,6010485
16,3,9416,completed,6012152
16,3,9417,completed,6013859
16,3,9418,completed,6015526
16,3,9419,completed,6017027
16,3,9420,completed,6018484
16,3,9421,completed,6020110
16,3,9422,completed,6021693
16,3,9423,completed,6023276
16,3,9424,completed,6024693
16,3,9425,completed,5367694
16,3,9426,completed,5363778
16,3,9427,completed,5363736
16,3,9428,completed,5363527
16,3,9429,completed,5364028
16,3,9430,completed,5363986
16,3,9431,completed,5363986
16,3,9432,completed,5364153
16,3,9433,completed,5364361
16,3,9434,completed,5364569
16,3,9435,completed,5364778
16,3,9436,completed,5392653
16,3,9437,completed,5400653
16,3,9438,completed,5401028
16,3,9439,completed,5401320
16,3,9440,completed,5401320
16,3,9441,completed,6544817
16,3,9442,completed,6549817
16,3,9443,completed,6551191
16,3,9444,completed,6552233
16,3,9445,completed,6553817
16,3,9446,completed,6554942
16,3,9447,completed,6556316
16,3,9448,completed,6557692
16,3,9449,completed,6607650
16,3,9450,completed,6625525
16,3,9451,completed,6627108
16,3,9452,completed,6595525
16,3,9453,completed,6590649
16,3,9454,completed,6592066
16,3,9455,completed,6593483
16,3,9456,completed,6594483
16,3,9457,completed,5973277
16,3,9458,completed,5971402
16,3,9459,completed,5971401
16,3,9460,completed,5971402
16,3,9461,completed,5971776
16,3,9462,completed,5971693
16,3,9463,completed,5972027
16,3,9464,completed,5972318
16,3,9465,completed,5932568
16,3,9466,completed,5931485
16,3,9467,completed,5931734
16,3,9468,completed,5931818
16,3,9469,completed,5932068
16,3,9470,completed,5932318
16,3,9471,completed,5932484
16,3,9472,completed,5932318
16,3,9473,completed,6049443
16,3,9474,completed,6050860
16,3,9475,completed,6050818
16,3,9476,completed,6051026
16,3,9477,completed,6051609
16,3,9478,completed,6051859
16,3,9479,completed,6052276
16,3,9480,completed,6075443
16,3,9481,completed,6054610
16,3,9482,completed,6055151
16,3,9483,completed,6055693
16,3,9484,completed,6056068
16,3,9485,completed,6056234
16,3,9486,completed,6049359
16,3,9487,completed,6049526
16,3,9488,completed,6049318
16,3,9489,completed,5926151
16,3,9490,completed,5926235
16,3,9491,completed,5927609
16,3,9492,completed,5929110
16,3,9493,completed,5930901
16,3,9494,completed,5932235
16,3,9495,completed,5933693
16,3,9496,completed,5878860
16,3,9497,completed,5878777
16,3,9498,completed,5913276
16,3,9499,completed,5923652
16,3,9500,completed,5924943
16,3,9501,completed,5926360
16,3,9502,completed,5928068
16,3,9503,completed,5929401
16,3,9504,completed,5930860
16,3,9505,completed,5870151
16,3,9506,completed,5868485
16,3,9507,completed,5868860
16,3,9508,completed,5869443
16,3,9509,completed,5869985
16,3,9510,completed,5870568
16,3,9511,completed,5871194
16,3,9512,completed,5871776
16,3,9513,completed,5872402
16,3,9514,completed,5839901
16,3,9515,completed,5879902
16,3,9516,completed,5894651
16,3,9517,completed,5895318
16,3,9518,completed,5896068
16,3,9519,completed,5896943
16,3,9520,completed,5897360
16,3,9521,completed,6053067
16,3,9522,completed,6052193
16,3,9523,completed,6052609
16,3,9524,completed,6052859
16,3,9525,completed,6053609
16,3,9526,completed,6054109
16,3,9527,completed,6054860
16,3,9528,completed,6055443
16,3,9529,completed,6056151
16,3,9530,completed,6056818
16,3,9531,completed,6041818
16,3,9532,completed,6044651
16,3,9533,completed,6045318
16,3,9534,completed,6045777
16,3,9535,completed,6046401
16,3,9536,completed,6046901
16,3,9537,completed,5962443
16,3,9538,completed,5961484
16,3,9539,completed,5961901
16,3,9540,completed,5962568
16,3,9541,completed,5963193
16,3,9542,completed,5963734
16,3,9543,completed,5964360
16,3,9544,completed,5964943
16,3,9545,completed,5965609
16,3,9546,completed,5998568
16,3,9547,completed,5948944
16,3,9548,completed,5938985
16,3,9549,completed,5939693
16,3,9550,completed,5940360
16,3,9551,completed,5940943
16,3,9552,completed,5941318
16,3,9553,completed,6092026
16,3,9554,completed,6090859
16,3,9555,completed,6091609
16,3,9556,completed,6092026
16,3,9557,completed,6093026
16,3,9558,completed,6093859
16,3,9559,completed,6094484
16,3,9560,completed,6095109
16,3,9561,completed,6095818
16,3,9562,completed,6087276
16,3,9563,completed,6079734
16,3,9564,completed,6087234
16,3,9565,completed,6088026
16,3,9566,completed,6088692
16,3,9567,completed,6089318
16,3,9568,completed,6089943
16,3,9569,completed,5969818
16,3,9570,completed,5970568
16,3,9571,completed,5971152
16,3,9572,completed,5971651
16,3,9573,completed,5972484
16,3,9574,completed,5973068
16,3,9575,completed,5973818
16,3,9576,completed,5974568
16,3,9577,completed,5975277
16,3,9578,completed,5974568
16,3,9579,completed,5954109
16,3,9580,completed,5988401
16,3,9581,completed,6002318
16,3,9582,completed,5995193
16,3,9583,completed,5995985
16,3,9584,completed,5996610
16,3,9585,completed,5907152
16,3,9586,completed,5909026
16,3,9587,completed,5909610
16,3,9588,completed,5910151
16,3,9589,completed,5911401
16,3,9590,completed,5912068
16,3,9591,completed,5945193
16,3,9592,completed,5955859
16,3,9593,completed,5956818
16,3,9594,completed,5957693
16,3,9595,completed,5958068
16,3,9596,completed,5922444
16,3,9597,completed,5912902
16,3,9598,completed,5913652
16,3,9599,completed,5914360
16,3,9600,completed,5914485
16,3,9601,completed,6028901
16,3,9602,completed,6039985
16,3,9603,completed,6041276
16,3,9604,completed,6042151
16,3,9605,completed,6044277
16,3,9606,completed,6045401
16,3,9607,completed,5995443
16,3,9608,completed,5984818
16,3,9609,completed,5985984
16,3,9610,completed,5987318
16,3,9611,completed,5987777
16,3,9612,completed,5988318
16,3,9613,completed,5989443
16,3,9614,completed,5989901
16,3,9615,completed,5990734
16,3,9616,completed,5991277
16,3,9617,completed,5924527
16,3,9618,completed,5921318
16,3,9619,completed,5921777
16,3,9620,completed,5922110
16,3,9621,completed,5923068
16,3,9622,completed,5923527
16,3,9623,completed,5924110
16,3,9624,completed,5924694
16,3,9625,completed,5925360
16,3,9626,completed,5962193
16,3,9627,completed,5973985
16,3,9628,completed,5974776
16,3,9629,completed,5975443
16,3,9630,completed,5976110
16,3,9631,completed,5976735
16,3,9632,completed,5977026
16,3,9633,completed,5928651
16,3,9634,completed,5928276
16,3,9635,completed,5928110
16,3,9636,completed,5928235
16,3,9637,completed,5928943
16,3,9638,completed,5928985
16,3,9639,completed,5929193
16,3,9640,completed,5929485
16,3,9641,completed,5929651
16,3,9642,completed,5884193
16,3,9643,completed,5876277
16,3,9644,completed,5876193
16,3,9645,completed,5876360
16,3,9646,completed,5908985
16,3,9647,completed,5914610
16,3,9648,completed,5914401
16,3,9649,completed,5945693
16,3,9650,completed,5955276
16,3,9651,completed,5956860
16,3,9652,completed,5958443
16,3,9653,completed,5960776
16,3,9654,completed,5963193
16,3,9655,completed,6000984
16,3,9656,completed,6012985
16,3,9657,completed,6015110
16,3,9658,completed,6017027
16,3,9659,completed,6018318
16,3,9660,completed,6019609
16,3,9661,completed,6021109
16,3,9662,completed,5988276
16,3,9663,completed,5984568
16,3,9664,completed,5985527
16,3,9665,completed,5906360
16,3,9666,completed,5899026
16,3,9667,completed,5898235
16,3,9668,completed,5897943
16,3,9669,completed,5898234
16,3,9670,completed,5898068
16,3,9671,completed,5847152
16,3,9672,completed,5835610
16,3,9673,completed,5835276
16,3,9674,completed,5835485
16,3,9675,completed,5835110
16,3,9676,completed,5853944
16,3,9677,completed,5859485
16,3,9678,completed,5859193
16,3,9679,completed,5858944
16,3,9680,completed,5858360
16,3,9681,completed,5972985
16,3,9682,completed,5983443
16,3,9683,completed,5984109
16,3,9684,completed,5984610
16,3,9685,completed,5985943
16,3,9686,completed,6025276
16,3,9687,completed,6035443
16,3,9688,completed,6036235
16,3,9689,completed,6036985
16,3,9690,completed,6037735
16,3,9691,completed,6038235
16,3,9692,completed,6020401
16,3,9693,completed,6017318
16,3,9694,completed,6017735
16,3,9695,completed,6018360
16,3,9696,completed,6018401
16,3,9697,completed,6000402
16,3,9698,completed,6000193
16,3,9699,completed,6000484
16,3,9700,completed,6000985
16,3,9701,completed,6002318
16,3,9702,completed,5957193
16,3,9703,completed,5957527
16,3,9704,completed,5958193
16,3,9705,completed,5959151
16,3,9706,completed,5959026
16,3,9707,completed,5954776
16,3,9708,completed,5955318
16,3,9709,completed,5955985
16,3,9710,completed,5956651
16,3,9711,completed,5957235
16,3,9712,completed,5957984
16,3,9713,completed,5966568
16,3,9714,completed,5963818
16,3,9715,completed,5963818
16,3,9716,completed,5963943
16,3,9717,completed,5964693
16,3,9718,completed,5965109
16,3,9719,completed,5965693
16,3,9720,completed,5966068
16,3,9721,completed,5966485
16,3,9722,completed,5980276
16,3,9723,completed,5984526
16,3,9724,completed,5984818
16,3,9725,completed,5985234
16,3,9726,completed,5985651
16,3,9727,completed,5986068
16,3,9728,completed,5986151
16,3,9729,completed,5867485
16,3,9730,completed,5873735
16,3,9731,completed,5874652
16,3,9732,completed,5875527
16,3,9733,completed,5876651
16,3,9734,completed,5877444
16,3,9735,completed,5878485
16,3,9736,completed,5879360
16,3,9737,completed,5880360
16,3,9738,completed,5867651
16,3,9739,completed,5889277
16,3,9740,completed,5897151
16,3,9741,completed,5898027
16,3,9742,completed,5898443
16,3,9743,completed,5898943
16,3,9744,completed,5899359
16,3,9745,completed,6090193
16,3,9746,completed,6094859
16,3,9747,completed,6096567
16,3,9748,completed,6098151
16,3,9749,completed,6100360
16,3,9750,completed,6101984
16,3,9751,completed,6103776
16,3,9752,completed,6105360
16,3,9753,completed,6106984
16,3,9754,completed,6109359
16,3,9755,completed,6080652
16,3,9756,completed,6077652
16,3,9757,completed,6087984
16,3,9758,completed,6089942
16,3,9759,completed,6091860
16,3,9760,completed,6094068
16,3,9761,completed,5918193
16,3,9762,completed,5914860
16,3,9763,completed,5914776
16,3,9764,completed,5915027
16,3,9765,completed,5915901
16,3,9766,completed,5916527
16,3,9767,completed,5916902
16,3,9768,completed,5917277
16,3,9769,completed,5917610
16,3,9770,completed,5918193
16,3,9771,completed,5918444
16,3,9772,completed,5940318
16,3,9773,completed,5948443
16,3,9774,completed,5949151
16,3,9775,completed,5949527
16,3,9776,completed,5949776
16,3,9777,completed,5922609
16,3,9778,completed,5930776
16,3,9779,completed,5932068
16,3,9780,completed,5933401
16,3,9781,completed,5934693
16,3,9782,completed,5936110
16,3,9783,completed,5937444
16,3,9784,completed,5938818
16,3,9785,completed,5940610
16,3,9786,completed,5942235
16,3,9787,completed,5978360
16,3,9788,completed,5968777
16,3,9789,completed,5963693
16,3,9790,completed,5965110
16,3,9791,completed,5966693
16,3,9792,completed,5967402
16,3,9793,completed,6028026
16,3,9794,completed,6026734
16,3,9795,completed,6027276
16,3,9796,completed,6027443
16,3,9797,completed,6028068
16,3,9798,completed,6028526
16,3,9799,completed,6029110
16,3,9800,completed,6029442
16,3,9801,completed,6030026
16,3,9802,completed,6030567
16,3,9803,completed,5984359
16,3,9804,completed,6004651
16,3,9805,completed,6013735
16,3,9806,completed,6014110
16,3,9807,completed,6014401
16,3,9808,completed,6014568
16,3,9809,completed,5961901
16,3,9810,completed,5957652
16,3,9811,completed,5957651
16,3,9812,completed,5957276
16,3,9813,completed,5958276
16,3,9814,completed,5958568
16,3,9815,completed,5958485
16,3,9816,completed,5958568
16,3,9817,completed,5958777
16,3,9818,completed,5965193
16,3,9819,completed,5976443
16,3,9820,completed,5931234
16,3,9821,completed,5928984
16,3,9822,completed,5929193
16,3,9823,completed,5929485
16,3,9824,completed,5937901
16,3,9825,completed,6059735
16,3,9826,completed,6070443
16,3,9827,completed,6072360
16,3,9828,completed,6068818
16,3,9829,completed,6071193
16,3,9830,completed,6072734
16,3,9831,completed,6074318
16,3,9832,completed,6075693
16,3,9833,completed,6076943
16,3,9834,completed,6078359
16,3,9835,completed,6069068
16,3,9836,completed,6070193
16,3,9837,completed,6068943
16,3,9838,completed,6080067
16,3,9839,completed,6081443
16,3,9840,completed,6068651
16,3,9841,completed,5828277
16,3,9842,completed,5822985
16,3,9843,completed,5823110
16,3,9844,completed,5823069
16,3,9845,completed,5823985
16,3,9846,completed,5824235
16,3,9847,completed,5853818
16,3,9848,completed,5854443
16,3,9849,completed,5855110
16,3,9850,completed,5855694
16,3,9851,completed,5856235
16,3,9852,completed,5856652
16,3,9853,completed,5857235
16,3,9854,completed,5857694
16,3,9855,completed,5858277
16,3,9856,completed,5858610
16,3,9857,completed,5954277
16,3,9858,completed,5952359
16,3,9859,completed,5952984
16,3,9860,completed,5953568
16,3,9861,completed,5954318
16,3,9862,completed,5954943
16,3,9863,completed,5955693
16,3,9864,completed,5956443
16,3,9865,completed,5957152
16,3,9866,completed,5978652
16,3,9867,completed,5984360
16,3,9868,completed,5984943
16,3,9869,completed,5985735
16,3,9870,completed,5986193
16,3,9871,completed,5986818
16,3,9872,completed,5987026
16,3,9873,completed,5964776
16,3,9874,completed,5968902
16,3,9875,completed,5969651
16,3,9876,completed,5970068
16,3,9877,completed,5971818
16,3,9878,completed,5972526
16,3,9879,completed,5973193
16,3,9880,completed,5973776
16,3,9881,completed,5974568
16,3,9882,completed,5947651
16,3,9883,completed,5942276
16,3,9884,completed,5976110
16,3,9885,completed,5986652
16,3,9886,completed,5987568
16,3,9887,completed,5988526
16,3,9888,completed,5988901
16,3,9889,completed,5732694
16,3,9890,completed,5728777
16,3,9891,completed,5728777
16,3,9892,completed,5728569
16,3,9893,completed,5729194
16,3,9894,completed,5729527
16,3,9895,completed,5729818
16,3,9896,completed,5730111
16,3,9897,completed,5730443
16,3,9898,completed,5730819
16,3,9899,completed,5731027
16,3,9900,completed,5693361
16,3,9901,completed,5687027
16,3,9902,completed,5687152
16,3,9903,completed,5715819
16,3,9904,completed,5723652
16,3,9905,completed,5852735
16,3,9906,completed,5850902
16,3,9907,completed,5851026
16,3,9908,completed,5851152
16,3,9909,completed,5851735
16,3,9910,completed,5852235
16,3,9911,completed,5852693
16,3,9912,completed,5853027
16,3,9913,completed,5853319
16,3,9914,completed,5870068
16,3,9915,completed,5875485
16,3,9916,completed,5875735
16,3,9917,completed,5876110
16,3,9918,completed,5876360
16,3,9919,completed,5845568
16,3,9920,completed,5839818
16,3,9921,completed,6304734
16,3,9922,completed,6309692
16,3,9923,completed,6310525
16,3,9924,completed,6311192
16,3,9925,completed,6312275
16,3,9926,completed,6312984
16,3,9927,completed,6313817
16,3,9928,completed,6314484
16,3,9929,completed,6315192
16,3,9930,completed,6292775
16,3,9931,completed,6288026
16,3,9932,completed,6288484
16,3,9933,completed,6289193
16,3,9934,completed,6289734
16,3,9935,completed,6290317
16,3,9936,completed,6290984
16,3,9937,completed,5973943
16,3,9938,completed,5971609
16,3,9939,completed,5971651
16,3,9940,completed,5971860
16,3,9941,completed,5972485
16,3,9942,completed,5973318
16,3,9943,completed,5973901
16,3,9944,completed,5974401
16,3,9945,completed,5974860
16,3,9946,completed,5975526
16,3,9947,completed,5975901
16,3,9948,completed,5976234
16,3,9949,completed,5993068
16,3,9950,completed,5998193
16,3,9951,completed,5998651
16,3,9952,completed,5998818
16,3,9953,completed,6005401
16,3,9954,completed,6011318
16,3,9955,completed,6012152
16,3,9956,completed,6012610
16,3,9957,completed,6013526
16,3,9958,completed,6014234
16,3,9959,completed,6014776
16,3,9960,completed,6015318
16,3,9961,completed,6016193
16,3,9962,completed,6016943
16,3,9963,completed,6042693
16,3,9964,completed,6049651
16,3,9965,completed,6040651
16,3,9966,completed,6041401
16,3,9967,completed,6042151
16,3,9968,completed,6037984
16,3,9969,completed,6022151
16,3,9970,completed,6025735
16,3,9971,completed,6027402
16,3,9972,completed,6028818
16,3,9973,completed,6030526
16,3,9974,completed,6031818
16,3,9975,completed,6033318
16,3,9976,completed,6034943
16,3,9977,completed,6036443
16,3,9978,completed,6038110
16,3,9979,completed,6011109
16,3,9980,completed,6008193
16,3,9981,completed,6009818
16,3,9982,completed,6011235
16,3,9983,completed,6012443
16,3,9984,completed,6013443
16,3,9985,completed,5887693
16,3,9986,completed,5879277
16,3,9987,completed,5879068
16,3,9988,completed,5879151
16,3,9989,completed,5879985
16,3,9990,completed,5880110
16,3,9991,completed,5880359
16,3,9992,completed,5880526
16,3,9993,completed,5880610
16,3,9994,completed,5880901
16,3,9995,completed,5880860
16,3,9996,completed,5880943
16,3,9997,completed,5881318
16,3,9998,completed,5885235
16,3,9999,completed,5885401
16,3,10000,completed,5885359
