limit,round,id,result,latency_ns
4,5,1,completed,7412648
4,5,2,completed,7465856
4,5,3,completed,7472939
4,5,4,completed,7479772
4,5,5,completed,5961443
4,5,6,completed,5982610
4,5,7,completed,5982402
4,5,8,completed,5981027
4,5,9,completed,5887985
4,5,10,completed,5893860
4,5,11,completed,5895734
4,5,12,completed,5895694
4,5,13,completed,5981443
4,5,14,completed,5990027
4,5,15,completed,5987943
4,5,16,completed,5987902
4,5,17,completed,6176568
4,5,18,completed,6186318
4,5,19,completed,6186817
4,5,20,completed,6187109
4,5,21,completed,5931235
4,5,22,completed,5954860
4,5,23,completed,5963026
4,5,24,completed,5969984
4,5,25,completed,6001401
4,5,26,completed,6015693
4,5,27,completed,6016817
4,5,28,completed,6016693
4,5,29,completed,5940318
4,5,30,completed,5935609
4,5,31,completed,5923777
4,5,32,completed,5911735
4,5,33,completed,5977527
4,5,34,completed,5984401
4,5,35,completed,5985610
4,5,36,completed,5986777
4,5,37,completed,5933360
4,5,38,completed,5934276
4,5,39,completed,5934693
4,5,40,completed,5897235
4,5,41,completed,5876277
4,5,42,completed,5873360
4,5,43,completed,5874027
4,5,44,completed,5874527
4,5,45,completed,6124609
4,5,46,completed,6145443
4,5,47,completed,6150442
4,5,48,completed,6155359
4,5,49,completed,5428569
4,5,50,completed,5424736
4,5,51,completed,5420986
4,5,52,completed,5416736
4,5,53,completed,6480358
4,5,54,completed,6478775
4,5,55,completed,6457358
4,5,56,completed,6450483
4,5,57,completed,6039818
4,5,58,completed,6047776
4,5,59,completed,6034067
4,5,60,completed,6039193
4,5,61,completed,5968526
4,5,62,completed,5963360
4,5,63,completed,5958734
4,5,64,completed,5954485
4,5,65,completed,6000526
4,5,66,completed,6018943
4,5,67,completed,6021193
4,5,68,completed,6021943
4,5,69,completed,5966401
4,5,70,completed,5971026
4,5,71,completed,5983652
4,5,72,completed,5995943
4,5,73,completed,5976860
4,5,74,completed,5983401
4,5,75,completed,5980485
4,5,76,completed,5977235
4,5,77,completed,6030984
4,5,78,completed,6029443
4,5,79,completed,6022526
4,5,80,completed,6015276
4,5,81,completed,5932734
4,5,82,completed,5929860
4,5,83,completed,5934443
4,5,84,completed,5939860
4,5,85,completed,5483570
4,5,86,completed,5490361
4,5,87,completed,5490569
4,5,88,completed,5490027
4,5,89,completed,6615233
4,5,90,completed,6625149
4,5,91,completed,6625775
4,5,92,completed,6625525
4,5,93,completed,9279309
4,5,94,completed,9291851
4,5,95,completed,9289226
4,5,96,completed,9286476
4,5,97,completed,7632480
4,5,98,completed,7646064
4,5,99,completed,7647647
4,5,100,completed,7648022
4,5,101,completed,5837943
4,5,102,completed,5839568
4,5,103,completed,5840360
4,5,104,completed,5840610
4,5,105,completed,5591069
4,5,106,completed,5593486
4,5,107,completed,5594153
4,5,108,completed,5594319
4,5,109,completed,6242317
4,5,110,completed,6260483
4,5,111,completed,6261858
4,5,112,completed,6262442
4,5,113,completed,6066193
4,5,114,completed,6080026
4,5,115,completed,6081526
4,5,116,completed,6081567
4,5,117,completed,5869193
4,5,118,completed,5886319
4,5,119,completed,5887610
4,5,120,completed,5888610
4,5,121,completed,5781277
4,5,122,completed,5794360
4,5,123,completed,5795276
4,5,124,completed,5795943
4,5,125,completed,11016555
4,5,126,completed,11045346
4,5,127,completed,11049680
4,5,128,completed,11052430
4,5,129,completed,6805024
4,5,130,completed,6818691
4,5,131,completed,6819649
4,5,132,completed,6821149
4,5,133,completed,6254692
4,5,134,completed,6277859
4,5,135,completed,6279234
4,5,136,completed,6280817
4,5,137,completed,5884235
4,5,138,completed,5916860
4,5,139,completed,5918568
4,5,140,completed,5919985
4,5,141,completed,5436403
4,5,142,completed,5448777
4,5,143,completed,5449528
4,5,144,completed,5450861
4,5,145,completed,6417901
4,5,146,completed,6435192
4,5,147,completed,6435775
4,5,148,completed,6437025
4,5,149,completed,8782852
4,5,150,completed,8811102
4,5,151,completed,8812269
4,5,152,completed,8813269
4,5,153,completed,7630105
4,5,154,completed,7635105
4,5,155,completed,7636397
4,5,156,completed,7638188
4,5,157,completed,5700902
4,5,158,completed,5717277
4,5,159,completed,5718444
4,5,160,completed,5719318
4,5,161,completed,6273400
4,5,162,completed,6284734
4,5,163,completed,6285859
4,5,164,completed,6287109
4,5,165,completed,6150943
4,5,166,completed,6189151
4,5,167,completed,6190234
4,5,168,completed,6191234
4,5,169,completed,5655277
4,5,170,completed,5669319
4,5,171,completed,5670777
4,5,172,completed,5671903
4,5,173,completed,5478486
4,5,174,completed,5487528
4,5,175,completed,5488236
4,5,176,completed,5489861
4,5,177,completed,7386147
4,5,178,completed,7405147
4,5,179,completed,7411439
4,5,180,completed,7416356
4,5,181,completed,5400362
4,5,182,completed,5404903
4,5,183,completed,5404153
4,5,184,completed,5404611
4,5,185,completed,6610858
4,5,186,completed,6628608
4,5,187,completed,6625900
4,5,188,completed,6621400
4,5,189,completed,5509694
4,5,190,completed,5496361
4,5,191,completed,5497070
4,5,192,completed,5498236
4,5,193,completed,6397150
4,5,194,completed,6405317
4,5,195,completed,6410983
4,5,196,completed,6415442
4,5,197,completed,6052942
4,5,198,completed,6054860
4,5,199,completed,6051443
4,5,200,completed,6047693
4,5,201,completed,5921110
4,5,202,completed,5923610
4,5,203,completed,5925068
4,5,204,completed,5925360
4,5,205,completed,6099943
4,5,206,completed,6090735
4,5,207,completed,6090860
4,5,208,completed,6091777
4,5,209,completed,5640902
4,5,210,completed,5663860
4,5,211,completed,5666027
4,5,212,completed,5667027
4,5,213,completed,6291151
4,5,214,completed,6274692
4,5,215,completed,6274984
4,5,216,completed,6275234
4,5,217,completed,6147276
4,5,218,completed,6156484
4,5,219,completed,6157609
4,5,220,completed,6159359
4,5,221,completed,5786277
4,5,222,completed,5789027
4,5,223,completed,5831569
4,5,224,completed,5836443
4,5,225,completed,5921818
4,5,226,completed,5891402
4,5,227,completed,5892943
4,5,228,completed,5894527
4,5,229,completed,6012234
4,5,230,completed,6022068
4,5,231,completed,6020485
4,5,232,completed,6019068
4,5,233,completed,6175567
4,5,234,completed,6207192
4,5,235,completed,6205400
4,5,236,completed,6201734
4,5,237,completed,5899485
4,5,238,completed,5893485
4,5,239,completed,5898235
4,5,240,completed,5903068
4,5,241,completed,5499861
4,5,242,completed,5511111
4,5,243,completed,5510444
4,5,244,completed,5500570
4,5,245,completed,6551775
4,5,246,completed,6600441
4,5,247,completed,6601274
4,5,248,completed,6602108
4,5,249,completed,6162943
4,5,250,completed,6166068
4,5,251,completed,6161734
4,5,252,completed,6158984
4,5,253,completed,5341403
4,5,254,completed,5356195
4,5,255,completed,5363111
4,5,256,completed,5367528
4,5,257,completed,6199567
4,5,258,completed,6211275
4,5,259,completed,6211025
4,5,260,completed,6211151
4,5,261,completed,5985943
4,5,262,completed,5981985
4,5,263,completed,5977901
4,5,264,completed,5972652
4,5,265,completed,6078068
4,5,266,completed,6086068
4,5,267,completed,6087943
4,5,268,completed,6090234
4,5,269,completed,5863819
4,5,270,completed,5878444
4,5,271,completed,5890985
4,5,272,completed,5901527
4,5,273,completed,5447194
4,5,274,completed,5439111
4,5,275,completed,5428278
4,5,276,completed,5417570
4,5,277,completed,6566483
4,5,278,completed,6579108
4,5,279,completed,6585900
4,5,280,completed,6592358
4,5,281,completed,5464069
4,5,282,completed,5477653
4,5,283,completed,5473944
4,5,284,completed,5468945
4,5,285,completed,6416401
4,5,286,completed,6418233
4,5,287,completed,6425900
4,5,288,completed,6434025
4,5,289,completed,6064234
4,5,290,completed,6062818
4,5,291,completed,6056151
4,5,292,completed,6048860
4,5,293,completed,5956360
4,5,294,completed,5949526
4,5,295,completed,5949735
4,5,296,completed,5950443
4,5,297,completed,5940568
4,5,298,completed,5947901
4,5,299,completed,5950026
4,5,300,completed,5952068
4,5,301,completed,6116735
4,5,302,completed,6117818
4,5,303,completed,6125276
4,5,304,completed,6135485
4,5,305,completed,5904360
4,5,306,completed,5899735
4,5,307,completed,5888610
4,5,308,completed,5877318
4,5,309,completed,5948360
4,5,310,completed,5977610
4,5,311,completed,5981110
4,5,312,completed,5983568
4,5,313,completed,5986318
4,5,314,completed,5965360
4,5,315,completed,5966568
4,5,316,completed,5967652
4,5,317,completed,5961360
4,5,318,completed,5969444
4,5,319,completed,5973568
4,5,320,completed,5976777
4,5,321,completed,5556361
4,5,322,completed,5563778
4,5,323,completed,5561902
4,5,324,completed,5560527
4,5,325,completed,6374484
4,5,326,completed,6357692
4,5,327,completed,6357943
4,5,328,completed,6357859
4,5,329,completed,5993568
4,5,330,completed,6010193
4,5,331,completed,6011568
4,5,332,completed,6012151
4,5,333,completed,6021485
4,5,334,completed,6038568
4,5,335,completed,6041318
4,5,336,completed,6043734
4,5,337,completed,5980526
4,5,338,completed,5970693
4,5,339,completed,5976901
4,5,340,completed,5982151
4,5,341,completed,5863819
4,5,342,completed,5871652
4,5,343,completed,5870319
4,5,344,completed,5869819
4,5,345,completed,5825276
4,5,346,completed,5842610
4,5,347,completed,5845360
4,5,348,completed,5847277
4,5,349,completed,5697402
4,5,350,completed,5691902
4,5,351,completed,5685944
4,5,352,completed,5680944
4,5,353,completed,6568608
4,5,354,completed,6579066
4,5,355,completed,6581400
4,5,356,completed,6583650
4,5,357,completed,5988526
4,5,358,completed,6016443
4,5,359,completed,6025693
4,5,360,completed,6036443
4,5,361,completed,5919402
4,5,362,completed,5910235
4,5,363,completed,5899485
4,5,364,completed,5889776
4,5,365,completed,5982735
4,5,366,completed,6001443
4,5,367,completed,6012693
4,5,368,completed,6024276
4,5,369,completed,6053943
4,5,370,completed,6066318
4,5,371,completed,6067068
4,5,372,completed,6066943
4,5,373,completed,5945735
4,5,374,completed,5934526
4,5,375,completed,5923527
4,5,376,completed,5913110
4,5,377,completed,5978068
4,5,378,completed,5980610
4,5,379,completed,5981943
4,5,380,completed,5983068
4,5,381,completed,5931735
4,5,382,completed,5940943
4,5,383,completed,5946068
4,5,384,completed,5950360
4,5,385,completed,6065568
4,5,386,completed,6066901
4,5,387,completed,6063568
4,5,388,completed,6060442
4,5,389,completed,5979860
4,5,390,completed,5974609
4,5,391,completed,5974568
4,5,392,completed,5974610
4,5,393,completed,5956610
4,5,394,completed,5969860
4,5,395,completed,5972401
4,5,396,completed,5973110
4,5,397,completed,5961110
4,5,398,completed,5970276
4,5,399,completed,5973026
4,5,400,completed,5974568
4,5,401,completed,5654736
4,5,402,completed,5640444
4,5,403,completed,5642028
4,5,404,completed,5643527
4,5,405,completed,5856360
4,5,406,completed,5855651
4,5,407,completed,5855860
4,5,408,completed,5856318
4,5,409,completed,6447733
4,5,410,completed,6454566
4,5,411,completed,6456483
4,5,412,completed,6458317
4,5,413,completed,5952110
4,5,414,completed,5966860
4,5,415,completed,5976610
4,5,416,completed,5988068
4,5,417,completed,5981151
4,5,418,completed,5991318
4,5,419,completed,5992193
4,5,420,completed,5991943
4,5,421,completed,6016735
4,5,422,completed,6014568
4,5,423,completed,6009151
4,5,424,completed,6003652
4,5,425,completed,5956609
4,5,426,completed,5960776
4,5,427,completed,5958943
4,5,428,completed,5957943
4,5,429,completed,6001276
4,5,430,completed,6009443
4,5,431,completed,6011235
4,5,432,completed,6013776
4,5,433,completed,6036193
4,5,434,completed,6051359
4,5,435,completed,6052276
4,5,436,completed,6051651
4,5,437,completed,5984318
4,5,438,completed,5984776
4,5,439,completed,5980234
4,5,440,completed,5976776
4,5,441,completed,5604444
4,5,442,completed,5605569
4,5,443,completed,5606944
4,5,444,completed,5608069
4,5,445,completed,6314984
4,5,446,completed,6332733
4,5,447,completed,6335150
4,5,448,completed,6335317
4,5,449,completed,5994276
4,5,450,completed,5978235
4,5,451,completed,5978110
4,5,452,completed,5978735
4,5,453,completed,5972568
4,5,454,completed,5977693
4,5,455,completed,5979485
4,5,456,completed,5981527
4,5,457,completed,6020568
4,5,458,completed,6022985
4,5,459,completed,6024110
4,5,460,completed,6025152
4,5,461,completed,5924360
4,5,462,completed,5927443
4,5,463,completed,5928026
4,5,464,completed,5928360
4,5,465,completed,6001943
4,5,466,completed,6007443
4,5,467,completed,6008693
4,5,468,completed,6010193
4,5,469,completed,6042443
4,5,470,completed,6047276
4,5,471,completed,6048651
4,5,472,completed,6049651
4,5,473,completed,5918402
4,5,474,completed,5922568
4,5,475,completed,5923568
4,5,476,completed,5924610
4,5,477,completed,5991735
4,5,478,completed,5995568
4,5,479,completed,5996193
4,5,480,completed,5996860
4,5,481,completed,5991860
4,5,482,completed,6003902
4,5,483,completed,6012110
4,5,484,completed,6019276
4,5,485,completed,5984735
4,5,486,completed,5981485
4,5,487,completed,5975693
4,5,488,completed,5969610
4,5,489,completed,5963109
4,5,490,completed,5984860
4,5,491,completed,5992735
4,5,492,completed,5999985
4,5,493,completed,5970360
4,5,494,completed,5972568
4,5,495,completed,5966776
4,5,496,completed,5960318
4,5,497,completed,5938443
4,5,498,completed,5935359
4,5,499,completed,5939568
4,5,500,completed,5944818
4,5,501,completed,6120234
4,5,502,completed,6120193
4,5,503,completed,6116651
4,5,504,completed,6112693
4,5,505,completed,6009402
4,5,506,completed,6030318
4,5,507,completed,6041318
4,5,508,completed,6050609
4,5,509,completed,5918401
4,5,510,completed,5912943
4,5,511,completed,5904610
4,5,512,completed,5897526
4,5,513,completed,5908568
4,5,514,completed,5911985
4,5,515,completed,5923235
4,5,516,completed,5934526
4,5,517,completed,6004360
4,5,518,completed,5996193
4,5,519,completed,5986568
4,5,520,completed,5976652
4,5,521,completed,6013443
4,5,522,completed,6016610
4,5,523,completed,6017485
4,5,524,completed,6018902
4,5,525,completed,5951526
4,5,526,completed,5955027
4,5,527,completed,5955777
4,5,528,completed,5956735
4,5,529,completed,6016068
4,5,530,completed,6020777
4,5,531,completed,6022068
4,5,532,completed,6022818
4,5,533,completed,5963401
4,5,534,completed,5983776
4,5,535,completed,5991609
4,5,536,completed,5998485
4,5,537,completed,5925359
4,5,538,completed,5932443
4,5,539,completed,5927610
4,5,540,completed,5921652
4,5,541,completed,6064442
4,5,542,completed,6053776
4,5,543,completed,6054526
4,5,544,completed,6056067
4,5,545,completed,5731568
4,5,546,completed,5734694
4,5,547,completed,5735486
4,5,548,completed,5736485
4,5,549,completed,6181109
4,5,550,completed,6185860
4,5,551,completed,6187318
4,5,552,completed,6189026
4,5,553,completed,5960610
4,5,554,completed,5981484
4,5,555,completed,5989235
4,5,556,completed,5996110
4,5,557,completed,5562236
4,5,558,completed,5558445
4,5,559,completed,5553236
4,5,560,completed,5548403
4,5,561,completed,6354984
4,5,562,completed,6368317
4,5,563,completed,6379192
4,5,564,completed,6376442
4,5,565,completed,6029901
4,5,566,completed,6023776
4,5,567,completed,6014360
4,5,568,completed,6004734
4,5,569,completed,5969610
4,5,570,completed,5974151
4,5,571,completed,5975359
4,5,572,completed,5976485
4,5,573,completed,5749944
4,5,574,completed,5751819
4,5,575,completed,5752902
4,5,576,completed,5753986
4,5,577,completed,6358275
4,5,578,completed,6362442
4,5,579,completed,6363567
4,5,580,completed,6364901
4,5,581,completed,5277737
4,5,582,completed,5276778
4,5,583,completed,5277153
4,5,584,completed,5277403
4,5,585,completed,6627608
4,5,586,completed,6632025
4,5,587,completed,6633025
4,5,588,completed,6633692
4,5,589,completed,5926319
4,5,590,completed,5928610
4,5,591,completed,5929527
4,5,592,completed,5930484
4,5,593,completed,6006860
4,5,594,completed,6009276
4,5,595,completed,6010027
4,5,596,completed,6011068
4,5,597,completed,5948609
4,5,598,completed,5966443
4,5,599,completed,5974860
4,5,600,completed,5983318
4,5,601,completed,5965526
4,5,602,completed,5959818
4,5,603,completed,5953276
4,5,604,completed,5947151
4,5,605,completed,6112776
4,5,606,completed,6131817
4,5,607,completed,6139609
4,5,608,completed,6148234
4,5,609,completed,5553903
4,5,610,completed,5580653
4,5,611,completed,5574777
4,5,612,completed,5568110
4,5,613,completed,6260984
4,5,614,completed,6245693
4,5,615,completed,6251484
4,5,616,completed,6256776
4,5,617,completed,5455694
4,5,618,completed,5453278
4,5,619,completed,5447945
4,5,620,completed,5443320
4,5,621,completed,6495067
4,5,622,completed,6501316
4,5,623,completed,6503025
4,5,624,completed,6504817
4,5,625,completed,5992734
4,5,626,completed,5993818
4,5,627,completed,5994110
4,5,628,completed,5993985
4,5,629,completed,5957068
4,5,630,completed,5966276
4,5,631,completed,5971151
4,5,632,completed,5975651
4,5,633,completed,6110484
4,5,634,completed,6116734
4,5,635,completed,6113901
4,5,636,completed,6111360
4,5,637,completed,5940484
4,5,638,completed,5943693
4,5,639,completed,5945277
4,5,640,completed,5946901
4,5,641,completed,5467986
4,5,642,completed,5467069
4,5,643,completed,5467903
4,5,644,completed,5468819
4,5,645,completed,6092776
4,5,646,completed,6113776
4,5,647,completed,6119276
4,5,648,completed,6124693
4,5,649,completed,5814902
4,5,650,completed,5836902
4,5,651,completed,5842068
4,5,652,completed,5847318
4,5,653,completed,6477442
4,5,654,completed,6488775
4,5,655,completed,6490525
4,5,656,completed,6491733
4,5,657,completed,6045234
4,5,658,completed,6057401
4,5,659,completed,6057985
4,5,660,completed,6057484
4,5,661,completed,5590736
4,5,662,completed,5580861
4,5,663,completed,5570569
4,5,664,completed,5560527
4,5,665,completed,6487234
4,5,666,completed,6515567
4,5,667,completed,6518650
4,5,668,completed,6520858
4,5,669,completed,5840985
4,5,670,completed,5834902
4,5,671,completed,5846735
4,5,672,completed,5857235
4,5,673,completed,5477028
4,5,674,completed,5468195
4,5,675,completed,5457736
4,5,676,completed,5448111
4,5,677,completed,6484192
4,5,678,completed,6486192
4,5,679,completed,6486650
4,5,680,completed,6487150
4,5,681,completed,5922943
4,5,682,completed,5922110
4,5,683,completed,5926152
4,5,684,completed,5929693
4,5,685,completed,6012734
4,5,686,completed,6011859
4,5,687,completed,6009318
4,5,688,completed,6006401
4,5,689,completed,6005318
4,5,690,completed,6008235
4,5,691,completed,6008651
4,5,692,completed,6008693
4,5,693,completed,5965651
4,5,694,completed,5966985
4,5,695,completed,5967068
4,5,696,completed,5967110
4,5,697,completed,5938110
4,5,698,completed,5950693
4,5,699,completed,5956776
4,5,700,completed,5963734
4,5,701,completed,6033610
4,5,702,completed,6036735
4,5,703,completed,6031860
4,5,704,completed,6026234
4,5,705,completed,5668277
4,5,706,completed,5657818
4,5,707,completed,5658068
4,5,708,completed,5659569
4,5,709,completed,6013651
4,5,710,completed,6046609
4,5,711,completed,6049902
4,5,712,completed,6051318
4,5,713,completed,6341108
4,5,714,completed,6322776
4,5,715,completed,6324901
4,5,716,completed,6327734
4,5,717,completed,6007193
4,5,718,completed,5999026
4,5,719,completed,5988359
4,5,720,completed,5978527
4,5,721,completed,5971901
4,5,722,completed,5979568
4,5,723,completed,5981110
4,5,724,completed,5982193
4,5,725,completed,5941526
4,5,726,completed,5947151
4,5,727,completed,5954235
4,5,728,completed,5962777
4,5,729,completed,5870985
4,5,730,completed,5863860
4,5,731,completed,5855485
4,5,732,completed,5848818
4,5,733,completed,6066943
4,5,734,completed,6068568
4,5,735,completed,6069026
4,5,736,completed,6069526
4,5,737,completed,5985526
4,5,738,completed,5987693
4,5,739,completed,5995985
4,5,740,completed,6003693
4,5,741,completed,6073026
4,5,742,completed,6072276
4,5,743,completed,6065318
4,5,744,completed,6058443
4,5,745,completed,5907652
4,5,746,completed,5902985
4,5,747,completed,5908735
4,5,748,completed,5915152
4,5,749,completed,6141984
4,5,750,completed,6142734
4,5,751,completed,6137776
4,5,752,completed,6132776
4,5,753,completed,5958276
4,5,754,completed,5959318
4,5,755,completed,5960151
4,5,756,completed,5960902
4,5,757,completed,5872735
4,5,758,completed,5860818
4,5,759,completed,5861443
4,5,760,completed,5862485
4,5,761,completed,5934235
4,5,762,completed,5942985
4,5,763,completed,5944776
4,5,764,completed,5945276
4,5,765,completed,5992984
4,5,766,completed,5985027
4,5,767,completed,5986527
4,5,768,completed,5988109
4,5,769,completed,5966026
4,5,770,completed,5982901
4,5,771,completed,5993026
4,5,772,completed,6004401
4,5,773,completed,6016693
4,5,774,completed,6009651
4,5,775,completed,5998902
4,5,776,completed,5988485
4,5,777,completed,5982776
4,5,778,completed,5981568
4,5,779,completed,5987401
4,5,780,completed,5993527
4,5,781,completed,5937402
4,5,782,completed,5939360
4,5,783,completed,5937734
4,5,784,completed,5935360
4,5,785,completed,5695193
4,5,786,completed,5709944
4,5,787,completed,5715443
4,5,788,completed,5719652
4,5,789,completed,6289942
4,5,790,completed,6295609
4,5,791,completed,6289609
4,5,792,completed,6282401
4,5,793,completed,6021859
4,5,794,completed,6008068
4,5,795,completed,6008484
4,5,796,completed,6008902
4,5,797,completed,5972318
4,5,798,completed,5987151
4,5,799,completed,5988068
4,5,800,completed,5988652
4,5,801,completed,5983276
4,5,802,completed,5989109
4,5,803,completed,5991485
4,5,804,completed,5992277
4,5,805,completed,6069859
4,5,806,completed,6053318
4,5,807,completed,6053818
4,5,808,completed,6055276
4,5,809,completed,5925485
4,5,810,completed,5933526
4,5,811,completed,5935402
4,5,812,completed,5937110
4,5,813,completed,5474361
4,5,814,completed,5473861
4,5,815,completed,5474277
4,5,816,completed,5474111
4,5,817,completed,6421192
4,5,818,completed,6423651
4,5,819,completed,6424942
4,5,820,completed,6426234
4,5,821,completed,6052777
4,5,822,completed,6056776
4,5,823,completed,6057443
4,5,824,completed,6058109
4,5,825,completed,5923319
4,5,826,completed,5921568
4,5,827,completed,5921610
4,5,828,completed,5921693
4,5,829,completed,5994984
4,5,830,completed,6008651
4,5,831,completed,6016610
4,5,832,completed,6023485
4,5,833,completed,5780193
4,5,834,completed,5785860
4,5,835,completed,5784527
4,5,836,completed,5782319
4,5,837,completed,6166568
4,5,838,completed,6166317
4,5,839,completed,6163776
4,5,840,completed,6161360
4,5,841,completed,5995193
4,5,842,completed,5992693
4,5,843,completed,5989318
4,5,844,completed,5985693
4,5,845,completed,6120943
4,5,846,completed,6125693
4,5,847,completed,6127109
4,5,848,completed,6128818
4,5,849,completed,5892527
4,5,850,completed,5893277
4,5,851,completed,5893735
4,5,852,completed,5894110
4,5,853,completed,6031527
4,5,854,completed,6050193
4,5,855,completed,6051026
4,5,856,completed,6051484
4,5,857,completed,5959485
4,5,858,completed,5950860
4,5,859,completed,5952110
4,5,860,completed,5953693
4,5,861,completed,5988568
4,5,862,completed,5989027
4,5,863,completed,5989526
4,5,864,completed,5990110
4,5,865,completed,5970360
4,5,866,completed,5983818
4,5,867,completed,5988152
4,5,868,completed,5993026
4,5,869,completed,5978318
4,5,870,completed,5987068
4,5,871,completed,5990985
4,5,872,completed,5992443
4,5,873,completed,5960027
4,5,874,completed,5955110
4,5,875,completed,5947985
4,5,876,completed,5940610
4,5,877,completed,5876401
4,5,878,completed,5881902
4,5,879,completed,5892943
4,5,880,completed,5903902
4,5,881,completed,6145776
4,5,882,completed,6138942
4,5,883,completed,6128526
4,5,884,completed,6118026
4,5,885,completed,5415819
4,5,886,completed,5427361
4,5,887,completed,5428278
4,5,888,completed,5428903
4,5,889,completed,6326234
4,5,890,completed,6329359
4,5,891,completed,6330484
4,5,892,completed,6332109
4,5,893,completed,5923194
4,5,894,completed,5927402
4,5,895,completed,5928652
4,5,896,completed,5929777
4,5,897,completed,5990193
4,5,898,completed,5990943
4,5,899,completed,5991526
4,5,900,completed,5992401
4,5,901,completed,6223401
4,5,902,completed,6231401
4,5,903,completed,6233526
4,5,904,completed,6234775
4,5,905,completed,5447236
4,5,906,completed,5440653
4,5,907,completed,5447194
4,5,908,completed,5452902
4,5,909,completed,6512442
4,5,910,completed,6539316
4,5,911,completed,6546484
4,5,912,completed,6552191
4,5,913,completed,6000568
4,5,914,completed,5991360
4,5,915,completed,5980943
4,5,916,completed,5970943
4,5,917,completed,5952110
4,5,918,completed,5933318
4,5,919,completed,5933360
4,5,920,completed,5933527
4,5,921,completed,6011402
4,5,922,completed,6025901
4,5,923,completed,6083109
4,5,924,completed,6089151
4,5,925,completed,5968943
4,5,926,completed,5930610
4,5,927,completed,5930651
4,5,928,completed,5931818
4,5,929,completed,6031318
4,5,930,completed,6028109
4,5,931,completed,6022693
4,5,932,completed,6016776
4,5,933,completed,5979985
4,5,934,completed,6002151
4,5,935,completed,6007152
4,5,936,completed,6012568
4,5,937,completed,5999110
4,5,938,completed,6008443
4,5,939,completed,6011235
4,5,940,completed,6012151
4,5,941,completed,6115443
4,5,942,completed,6115818
4,5,943,completed,6110692
4,5,944,completed,6106068
4,5,945,completed,5826527
4,5,946,completed,5832818
4,5,947,completed,5839193
4,5,948,completed,5845735
4,5,949,completed,6107193
4,5,950,completed,6100985
4,5,951,completed,6096192
4,5,952,completed,6090860
4,5,953,completed,5858151
4,5,954,completed,5870402
4,5,955,completed,5881444
4,5,956,completed,5893235
4,5,957,completed,5943652
4,5,958,completed,5945110
4,5,959,completed,5934985
4,5,960,completed,5924193
4,5,961,completed,5990235
4,5,962,completed,5978443
4,5,963,completed,5979068
4,5,964,completed,5979984
4,5,965,completed,5982693
4,5,966,completed,5987776
4,5,967,completed,5989318
4,5,968,completed,5990860
4,5,969,completed,5976485
4,5,970,completed,5976734
4,5,971,completed,5976901
4,5,972,completed,5976860
4,5,973,completed,5938943
4,5,974,completed,5949401
4,5,975,completed,5950776
4,5,976,completed,5951151
4,5,977,completed,6038485
4,5,978,completed,6030485
4,5,979,completed,6031152
4,5,980,completed,6032235
4,5,981,completed,5987401
4,5,982,completed,5999235
4,5,983,completed,6005192
4,5,984,completed,6009984
4,5,985,completed,5993318
4,5,986,completed,5995985
4,5,987,completed,5991818
4,5,988,completed,5987777
4,5,989,completed,6008402
4,5,990,completed,6000026
4,5,991,completed,6000943
4,5,992,completed,6002235
4,5,993,completed,5835110
4,5,994,completed,5847568
4,5,995,completed,5853818
4,5,996,completed,5859235
4,5,997,completed,6231275
4,5,998,completed,6233776
4,5,999,completed,6229734
4,5,1000,completed,6225359
4,5,1001,completed,5866402
4,5,1002,completed,5868235
4,5,1003,completed,5876943
4,5,1004,completed,5883985
4,5,1005,completed,5811318
4,5,1006,completed,5806402
4,5,1007,completed,5800110
4,5,1008,completed,5793860
4,5,1009,completed,6219443
4,5,1010,completed,6229693
4,5,1011,completed,6231859
4,5,1012,completed,6233984
4,5,1013,completed,5883110
4,5,1014,completed,5898901
4,5,1015,completed,5909693
4,5,1016,completed,5920693
4,5,1017,completed,5999485
4,5,1018,completed,5998360
4,5,1019,completed,5988859
4,5,1020,completed,5978610
4,5,1021,completed,5967943
4,5,1022,completed,5973527
4,5,1023,completed,5980610
4,5,1024,completed,5988401
4,5,1025,completed,5971151
4,5,1026,completed,5973819
4,5,1027,completed,5970402
4,5,1028,completed,5968069
4,5,1029,completed,6033068
4,5,1030,completed,6043068
4,5,1031,completed,6039818
4,5,1032,completed,6036193
4,5,1033,completed,6005860
4,5,1034,completed,5999735
4,5,1035,completed,6000901
4,5,1036,completed,6001818
4,5,1037,completed,5929068
4,5,1038,completed,5938818
4,5,1039,completed,5939652
4,5,1040,completed,5939859
4,5,1041,completed,6027151
4,5,1042,completed,6024193
4,5,1043,completed,6026110
4,5,1044,completed,6028068
4,5,1045,completed,5439111
4,5,1046,completed,5451986
4,5,1047,completed,5453695
4,5,1048,completed,5454319
4,5,1049,completed,6460859
4,5,1050,completed,6449109
4,5,1051,completed,6449609
4,5,1052,completed,6449900
4,5,1053,completed,6089276
4,5,1054,completed,6122568
4,5,1055,completed,6136109
4,5,1056,completed,6148318
4,5,1057,completed,5933652
4,5,1058,completed,5939526
4,5,1059,completed,5937777
4,5,1060,completed,5936235
4,5,1061,completed,5898652
4,5,1062,completed,5888443
4,5,1063,completed,5878526
4,5,1064,completed,5867777
4,5,1065,completed,6128485
4,5,1066,completed,6141693
4,5,1067,completed,6152610
4,5,1068,completed,6164484
4,5,1069,completed,5957860
4,5,1070,completed,5951568
4,5,1071,completed,5941985
4,5,1072,completed,5932193
4,5,1073,completed,5936151
4,5,1074,completed,5925693
4,5,1075,completed,5925152
4,5,1076,completed,5924901
4,5,1077,completed,5968943
4,5,1078,completed,5971318
4,5,1079,completed,5977652
4,5,1080,completed,5984235
4,5,1081,completed,5982984
4,5,1082,completed,5984068
4,5,1083,completed,5978152
4,5,1084,completed,5972110
4,5,1085,completed,5970526
4,5,1086,completed,5982943
4,5,1087,completed,5988068
4,5,1088,completed,5991985
4,5,1089,completed,6034901
4,5,1090,completed,6047776
4,5,1091,completed,6044985
4,5,1092,completed,6041652
4,5,1093,completed,5982776
4,5,1094,completed,5969443
4,5,1095,completed,5969819
4,5,1096,completed,5970360
4,5,1097,completed,5873568
4,5,1098,completed,5876569
4,5,1099,completed,5876985
4,5,1100,completed,5877818
4,5,1101,completed,6124401
4,5,1102,completed,6147651
4,5,1103,completed,6150360
4,5,1104,completed,6151943
4,5,1105,completed,5987735
4,5,1106,completed,5965651
4,5,1107,completed,5965401
4,5,1108,completed,5966610
4,5,1109,completed,5730319
4,5,1110,completed,5741860
4,5,1111,completed,5743902
4,5,1112,completed,5745818
4,5,1113,completed,6155359
4,5,1114,completed,6158985
4,5,1115,completed,6170193
4,5,1116,completed,6180318
4,5,1117,completed,5886944
4,5,1118,completed,5878026
4,5,1119,completed,5867818
4,5,1120,completed,5857527
4,5,1121,completed,6118984
4,5,1122,completed,6127401
4,5,1123,completed,6129443
4,5,1124,completed,6131609
4,5,1125,completed,5937609
4,5,1126,completed,5950651
4,5,1127,completed,5957318
4,5,1128,completed,5963318
4,5,1129,completed,5982109
4,5,1130,completed,5977027
4,5,1131,completed,5971068
4,5,1132,completed,5965568
4,5,1133,completed,6105817
4,5,1134,completed,6110943
4,5,1135,completed,6112735
4,5,1136,completed,6114485
4,5,1137,completed,5961568
4,5,1138,completed,5974484
4,5,1139,completed,5981193
4,5,1140,completed,5987943
4,5,1141,completed,5417778
4,5,1142,completed,5415069
4,5,1143,completed,5408861
4,5,1144,completed,5403236
4,5,1145,completed,6413359
4,5,1146,completed,6416817
4,5,1147,completed,6424650
4,5,1148,completed,6432358
4,5,1149,completed,6026942
4,5,1150,completed,6019818
4,5,1151,completed,6013610
4,5,1152,completed,6007068
4,5,1153,completed,6031527
4,5,1154,completed,6038110
4,5,1155,completed,6039068
4,5,1156,completed,6040026
4,5,1157,completed,5932401
4,5,1158,completed,5940693
4,5,1159,completed,5952610
4,5,1160,completed,5964276
4,5,1161,completed,5797027
4,5,1162,completed,5785235
4,5,1163,completed,5774610
4,5,1164,completed,5763527
4,5,1165,completed,6152859
4,5,1166,completed,6157318
4,5,1167,completed,6162318
4,5,1168,completed,6166526
4,5,1169,completed,6046110
4,5,1170,completed,6048151
4,5,1171,completed,6046401
4,5,1172,completed,6044734
4,5,1173,completed,5956902
4,5,1174,completed,5957402
4,5,1175,completed,5957485
4,5,1176,completed,5957569
4,5,1177,completed,5978902
4,5,1178,completed,5947610
4,5,1179,completed,5952319
4,5,1180,completed,5957527
4,5,1181,completed,5962527
4,5,1182,completed,5966693
4,5,1183,completed,5968027
4,5,1184,completed,5968693
4,5,1185,completed,6041026
4,5,1186,completed,6040984
4,5,1187,completed,6036401
4,5,1188,completed,6031526
4,5,1189,completed,5979485
4,5,1190,completed,5983235
4,5,1191,completed,5988860
4,5,1192,completed,5995110
4,5,1193,completed,5906860
4,5,1194,completed,5910860
4,5,1195,completed,5909818
4,5,1196,completed,5909735
4,5,1197,completed,6097276
4,5,1198,completed,6101651
4,5,1199,completed,6097192
4,5,1200,completed,6093026
4,5,1201,completed,5963235
4,5,1202,completed,5951276
4,5,1203,completed,5951526
4,5,1204,completed,5952318
4,5,1205,completed,6024860
4,5,1206,completed,6015359
4,5,1207,completed,6015568
4,5,1208,completed,6016234
4,5,1209,completed,5626611
4,5,1210,completed,5658069
4,5,1211,completed,5662277
4,5,1212,completed,5664861
4,5,1213,completed,6267359
4,5,1214,completed,6254776
4,5,1215,completed,6265234
4,5,1216,completed,6275900
4,5,1217,completed,5492778
4,5,1218,completed,5483069
4,5,1219,completed,5472320
4,5,1220,completed,5460278
4,5,1221,completed,6652608
4,5,1222,completed,6659816
4,5,1223,completed,6671233
4,5,1224,completed,6682108
4,5,1225,completed,5812069
4,5,1226,completed,5809485
4,5,1227,completed,5804235
4,5,1228,completed,5798901
4,5,1229,completed,6091110
4,5,1230,completed,6095401
4,5,1231,completed,6090735
4,5,1232,completed,6086609
4,5,1233,completed,5895527
4,5,1234,completed,5913568
4,5,1235,completed,5925068
4,5,1236,completed,5936694
4,5,1237,completed,5997943
4,5,1238,completed,5996818
4,5,1239,completed,5990985
4,5,1240,completed,5985151
4,5,1241,completed,5992985
4,5,1242,completed,5995568
4,5,1243,completed,5991693
4,5,1244,completed,5987859
4,5,1245,completed,5946401
4,5,1246,completed,5956776
4,5,1247,completed,5963235
4,5,1248,completed,5969068
4,5,1249,completed,5989485
4,5,1250,completed,5983693
4,5,1251,completed,5977693
4,5,1252,completed,5971902
4,5,1253,completed,5759651
4,5,1254,completed,5776110
4,5,1255,completed,5778027
4,5,1256,completed,5778944
4,5,1257,completed,6216276
4,5,1258,completed,6207568
4,5,1259,completed,6209109
4,5,1260,completed,6210651
4,5,1261,completed,5914110
4,5,1262,completed,5915110
4,5,1263,completed,5915401
4,5,1264,completed,5916068
4,5,1265,completed,6063692
4,5,1266,completed,6074943
4,5,1267,completed,6077735
4,5,1268,completed,6079651
4,5,1269,completed,5946985
4,5,1270,completed,5931693
4,5,1271,completed,5935109
4,5,1272,completed,5939193
4,5,1273,completed,5912193
4,5,1274,completed,5911151
4,5,1275,completed,5907777
4,5,1276,completed,5903402
4,5,1277,completed,6095860
4,5,1278,completed,6098317
4,5,1279,completed,6099401
4,5,1280,completed,6100526
4,5,1281,completed,5950527
4,5,1282,completed,5953360
4,5,1283,completed,5953984
4,5,1284,completed,5954485
4,5,1285,completed,6049276
4,5,1286,completed,6040776
4,5,1287,completed,6041318
4,5,1288,completed,6041943
4,5,1289,completed,5943943
4,5,1290,completed,5955943
4,5,1291,completed,5957734
4,5,1292,completed,5958860
4,5,1293,completed,5984360
4,5,1294,completed,5980735
4,5,1295,completed,5985777
4,5,1296,completed,5989777
4,5,1297,completed,5968360
4,5,1298,completed,5970026
4,5,1299,completed,5966110
4,5,1300,completed,5962026
4,5,1301,completed,6028776
4,5,1302,completed,6026109
4,5,1303,completed,6027734
4,5,1304,completed,6029318
4,5,1305,completed,6049068
4,5,1306,completed,6051693
4,5,1307,completed,6052152
4,5,1308,completed,6052818
4,5,1309,completed,5946902
4,5,1310,completed,5955693
4,5,1311,completed,5957485
4,5,1312,completed,5959485
4,5,1313,completed,5955943
4,5,1314,completed,5957651
4,5,1315,completed,5958734
4,5,1316,completed,5959860
4,5,1317,completed,5969318
4,5,1318,completed,5983734
4,5,1319,completed,5995068
4,5,1320,completed,6005401
4,5,1321,completed,5988193
4,5,1322,completed,5980151
4,5,1323,completed,5969818
4,5,1324,completed,5959734
4,5,1325,completed,5597194
4,5,1326,completed,5602194
4,5,1327,completed,5603777
4,5,1328,completed,5622236
4,5,1329,completed,6551150
4,5,1330,completed,6576274
4,5,1331,completed,6588358
4,5,1332,completed,6600317
4,5,1333,completed,5864610
4,5,1334,completed,5860735
4,5,1335,completed,5849735
4,5,1336,completed,5839069
4,5,1337,completed,5955651
4,5,1338,completed,5953651
4,5,1339,completed,5955527
4,5,1340,completed,5957151
4,5,1341,completed,5577944
4,5,1342,completed,5587277
4,5,1343,completed,5597236
4,5,1344,completed,5608028
4,5,1345,completed,6304442
4,5,1346,completed,6296733
4,5,1347,completed,6285358
4,5,1348,completed,6274859
4,5,1349,completed,6025860
4,5,1350,completed,6031902
4,5,1351,completed,6033734
4,5,1352,completed,6036318
4,5,1353,completed,5681485
4,5,1354,completed,5707152
4,5,1355,completed,5710152
4,5,1356,completed,5711902
4,5,1357,completed,6296901
4,5,1358,completed,6292942
4,5,1359,completed,6304442
4,5,1360,completed,6315692
4,5,1361,completed,5974734
4,5,1362,completed,5967776
4,5,1363,completed,5957526
4,5,1364,completed,5947443
4,5,1365,completed,5473152
4,5,1366,completed,5478402
4,5,1367,completed,5479695
4,5,1368,completed,5480903
4,5,1369,completed,5830444
4,5,1370,completed,5854277
4,5,1371,completed,5867985
4,5,1372,completed,5880526
4,5,1373,completed,6577525
4,5,1374,completed,6565650
4,5,1375,completed,6554816
4,5,1376,completed,6544441
4,5,1377,completed,6122526
4,5,1378,completed,6130776
4,5,1379,completed,6141526
4,5,1380,completed,6153026
4,5,1381,completed,5871027
4,5,1382,completed,5862944
4,5,1383,completed,5852985
4,5,1384,completed,5842943
4,5,1385,completed,6069776
4,5,1386,completed,6082443
4,5,1387,completed,6089401
4,5,1388,completed,6096026
4,5,1389,completed,5839943
4,5,1390,completed,5845110
4,5,1391,completed,5845735
4,5,1392,completed,5845026
4,5,1393,completed,6127568
4,5,1394,completed,6123609
4,5,1395,completed,6118234
4,5,1396,completed,6113234
4,5,1397,completed,5862652
4,5,1398,completed,5875610
4,5,1399,completed,5886735
4,5,1400,completed,5897568
4,5,1401,completed,5984443
4,5,1402,completed,5977526
4,5,1403,completed,5968234
4,5,1404,completed,5959318
4,5,1405,completed,5989026
4,5,1406,completed,5991443
4,5,1407,completed,5992318
4,5,1408,completed,5993193
4,5,1409,completed,5998068
4,5,1410,completed,6003443
4,5,1411,completed,6004860
4,5,1412,completed,6005817
4,5,1413,completed,5963610
4,5,1414,completed,5976818
4,5,1415,completed,5979568
4,5,1416,completed,5980943
4,5,1417,completed,5985652
4,5,1418,completed,5961402
4,5,1419,completed,5961401
4,5,1420,completed,5962526
4,5,1421,completed,5999193
4,5,1422,completed,6003193
4,5,1423,completed,6004068
4,5,1424,completed,6005151
4,5,1425,completed,5949485
4,5,1426,completed,5963652
4,5,1427,completed,5974568
4,5,1428,completed,5985026
4,5,1429,completed,6155068
4,5,1430,completed,6149110
4,5,1431,completed,6139651
4,5,1432,completed,6130234
4,5,1433,completed,5474778
4,5,1434,completed,5492361
4,5,1435,completed,5493570
4,5,1436,completed,5494028
4,5,1437,completed,5853110
4,5,1438,completed,5847527
4,5,1439,completed,5852152
4,5,1440,completed,5857401
4,5,1441,completed,6548691
4,5,1442,completed,6548900
4,5,1443,completed,6545525
4,5,1444,completed,6536525
4,5,1445,completed,5364737
4,5,1446,completed,5367778
4,5,1447,completed,5368945
4,5,1448,completed,5369653
4,5,1449,completed,6527275
4,5,1450,completed,6542191
4,5,1451,completed,6545066
4,5,1452,completed,6546316
4,5,1453,completed,6056109
4,5,1454,completed,6060943
4,5,1455,completed,6062484
4,5,1456,completed,6064901
4,5,1457,completed,5920776
4,5,1458,completed,5942985
4,5,1459,completed,5945234
4,5,1460,completed,5946610
4,5,1461,completed,6094026
4,5,1462,completed,6092401
4,5,1463,completed,6103401
4,5,1464,completed,6114442
4,5,1465,completed,5719568
4,5,1466,completed,5725318
4,5,1467,completed,5726402
4,5,1468,completed,5726277
4,5,1469,completed,6091526
4,5,1470,completed,6082151
4,5,1471,completed,6072359
4,5,1472,completed,6063859
4,5,1473,completed,5985902
4,5,1474,completed,5988777
4,5,1475,completed,5989902
4,5,1476,completed,5991068
4,5,1477,completed,6045109
4,5,1478,completed,6074193
4,5,1479,completed,6076610
4,5,1480,completed,6078151
4,5,1481,completed,5933027
4,5,1482,completed,5906985
4,5,1483,completed,5906694
4,5,1484,completed,5906777
4,5,1485,completed,6015984
4,5,1486,completed,6033026
4,5,1487,completed,6044401
4,5,1488,completed,6054818
4,5,1489,completed,5957610
4,5,1490,completed,5958277
4,5,1491,completed,5949110
4,5,1492,completed,5938860
4,5,1493,completed,5979651
4,5,1494,completed,5972901
4,5,1495,completed,5974068
4,5,1496,completed,5975734
4,5,1497,completed,5988693
4,5,1498,completed,5991109
4,5,1499,completed,5991859
4,5,1500,completed,5992568
4,5,1501,completed,5952318
4,5,1502,completed,5953776
4,5,1503,completed,5959859
4,5,1504,completed,5965443
4,5,1505,completed,5981277
4,5,1506,completed,5975276
4,5,1507,completed,5969860
4,5,1508,completed,5964943
4,5,1509,completed,5653777
4,5,1510,completed,5655527
4,5,1511,completed,5656236
4,5,1512,completed,5656902
4,5,1513,completed,6320525
4,5,1514,completed,6338317
4,5,1515,completed,6350026
4,5,1516,completed,6361900
4,5,1517,completed,6021027
4,5,1518,completed,6013693
4,5,1519,completed,6003901
4,5,1520,completed,5994527
4,5,1521,completed,5476278
4,5,1522,completed,5481778
4,5,1523,completed,5482403
4,5,1524,completed,5482611
4,5,1525,completed,6443108
4,5,1526,completed,6452650
4,5,1527,completed,6462692
4,5,1528,completed,6474275
4,5,1529,completed,6065568
4,5,1530,completed,6057401
4,5,1531,completed,6047693
4,5,1532,completed,6037484
4,5,1533,completed,6035693
4,5,1534,completed,6042193
4,5,1535,completed,6043527
4,5,1536,completed,6044777
4,5,1537,completed,5999776
4,5,1538,completed,6006693
4,5,1539,completed,6018318
4,5,1540,completed,6029110
4,5,1541,completed,6036068
4,5,1542,completed,6031652
4,5,1543,completed,6022318
4,5,1544,completed,6012193
4,5,1545,completed,5844235
4,5,1546,completed,5855027
4,5,1547,completed,5862902
4,5,1548,completed,5867527
4,5,1549,completed,6043776
4,5,1550,completed,6049693
4,5,1551,completed,6051484
4,5,1552,completed,6052901
4,5,1553,completed,5889902
4,5,1554,completed,5913027
4,5,1555,completed,5918318
4,5,1556,completed,5923485
4,5,1557,completed,5973943
4,5,1558,completed,5975818
4,5,1559,completed,5972985
4,5,1560,completed,5973610
4,5,1561,completed,5999984
4,5,1562,completed,5990985
4,5,1563,completed,5980818
4,5,1564,completed,5969693
4,5,1565,completed,6015692
4,5,1566,completed,6029276
4,5,1567,completed,6041568
4,5,1568,completed,6053276
4,5,1569,completed,5947777
4,5,1570,completed,5937651
4,5,1571,completed,5927485
4,5,1572,completed,5917318
4,5,1573,completed,6052901
4,5,1574,completed,6055901
4,5,1575,completed,6056401
4,5,1576,completed,6056943
4,5,1577,completed,6073526
4,5,1578,completed,6093610
4,5,1579,completed,6105401
4,5,1580,completed,6116734
4,5,1581,completed,5789985
4,5,1582,completed,5785360
4,5,1583,completed,5778485
4,5,1584,completed,5772526
4,5,1585,completed,6052818
4,5,1586,completed,6063860
4,5,1587,completed,6065484
4,5,1588,completed,6066735
4,5,1589,completed,5964818
4,5,1590,completed,5972235
4,5,1591,completed,5968568
4,5,1592,completed,5963527
4,5,1593,completed,6002360
4,5,1594,completed,5989943
4,5,1595,completed,5990693
4,5,1596,completed,5991193
4,5,1597,completed,6056985
4,5,1598,completed,6067026
4,5,1599,completed,6068443
4,5,1600,completed,6070234
4,5,1601,completed,5898069
4,5,1602,completed,5900109
4,5,1603,completed,5901359
4,5,1604,completed,5902485
4,5,1605,completed,6054818
4,5,1606,completed,6061568
4,5,1607,completed,6062693
4,5,1608,completed,6063943
4,5,1609,completed,6021859
4,5,1610,completed,6011359
4,5,1611,completed,6013318
4,5,1612,completed,6014984
4,5,1613,completed,5840777
4,5,1614,completed,5842360
4,5,1615,completed,5843568
4,5,1616,completed,5844860
4,5,1617,completed,5971193
4,5,1618,completed,5972318
4,5,1619,completed,5972860
4,5,1620,completed,5972943
4,5,1621,completed,5995526
4,5,1622,completed,6010485
4,5,1623,completed,6011443
4,5,1624,completed,6012026
4,5,1625,completed,5946985
4,5,1626,completed,5951443
4,5,1627,completed,5952068
4,5,1628,completed,5952943
4,5,1629,completed,5992151
4,5,1630,completed,6003360
4,5,1631,completed,6009276
4,5,1632,completed,6014193
4,5,1633,completed,6002110
4,5,1634,completed,6011401
4,5,1635,completed,6014276
4,5,1636,completed,6016027
4,5,1637,completed,5986277
4,5,1638,completed,5979068
4,5,1639,completed,5972860
4,5,1640,completed,5967026
4,5,1641,completed,6096818
4,5,1642,completed,6108817
4,5,1643,completed,6111026
4,5,1644,completed,6113151
4,5,1645,completed,5971401
4,5,1646,completed,5969776
4,5,1647,completed,5976193
4,5,1648,completed,5981693
4,5,1649,completed,5907693
4,5,1650,completed,5902277
4,5,1651,completed,5896610
4,5,1652,completed,5890943
4,5,1653,completed,6037027
4,5,1654,completed,6046026
4,5,1655,completed,6046943
4,5,1656,completed,6048193
4,5,1657,completed,5927610
4,5,1658,completed,5915985
4,5,1659,completed,5917319
4,5,1660,completed,5918943
4,5,1661,completed,5980943
4,5,1662,completed,5983902
4,5,1663,completed,5984401
4,5,1664,completed,5984652
4,5,1665,completed,6042317
4,5,1666,completed,6049735
4,5,1667,completed,6051526
4,5,1668,completed,6053151
4,5,1669,completed,5902985
4,5,1670,completed,5925194
4,5,1671,completed,5937401
4,5,1672,completed,5949068
4,5,1673,completed,5970526
4,5,1674,completed,5960527
4,5,1675,completed,5949777
4,5,1676,completed,5938943
4,5,1677,completed,6019193
4,5,1678,completed,6030777
4,5,1679,completed,6033443
4,5,1680,completed,6034693
4,5,1681,completed,5816277
4,5,1682,completed,5807610
4,5,1683,completed,5812860
4,5,1684,completed,5818444
4,5,1685,completed,6183193
4,5,1686,completed,6182735
4,5,1687,completed,6177484
4,5,1688,completed,6171651
4,5,1689,completed,5948526
4,5,1690,completed,5964193
4,5,1691,completed,5967318
4,5,1692,completed,5968443
4,5,1693,completed,5950651
4,5,1694,completed,5953026
4,5,1695,completed,5958318
4,5,1696,completed,5963777
4,5,1697,completed,5576819
4,5,1698,completed,5593486
4,5,1699,completed,5588569
4,5,1700,completed,5583111
4,5,1701,completed,6331026
4,5,1702,completed,6347692
4,5,1703,completed,6353484
4,5,1704,completed,6359901
4,5,1705,completed,5441652
4,5,1706,completed,5437027
4,5,1707,completed,5431736
4,5,1708,completed,5426694
4,5,1709,completed,6252276
4,5,1710,completed,6261901
4,5,1711,completed,6263318
4,5,1712,completed,6264318
4,5,1713,completed,6302401
4,5,1714,completed,6292984
4,5,1715,completed,6293901
4,5,1716,completed,6294484
4,5,1717,completed,5975235
4,5,1718,completed,5988068
4,5,1719,completed,5989776
4,5,1720,completed,5990568
4,5,1721,completed,5990943
4,5,1722,completed,5997901
4,5,1723,completed,6002360
4,5,1724,completed,6008276
4,5,1725,completed,6014818
4,5,1726,completed,6013026
4,5,1727,completed,6007985
4,5,1728,completed,6004068
4,5,1729,completed,5978193
4,5,1730,completed,5977234
4,5,1731,completed,5978068
4,5,1732,completed,5978318
4,5,1733,completed,6027318
4,5,1734,completed,6045943
4,5,1735,completed,6051443
4,5,1736,completed,6055859
4,5,1737,completed,5923985
4,5,1738,completed,5930902
4,5,1739,completed,5933902
4,5,1740,completed,5935944
4,5,1741,completed,5705111
4,5,1742,completed,5703527
4,5,1743,completed,5697611
4,5,1744,completed,5691860
4,5,1745,completed,6212901
4,5,1746,completed,6229484
4,5,1747,completed,6240776
4,5,1748,completed,6252859
4,5,1749,completed,5988818
4,5,1750,completed,5979276
4,5,1751,completed,5968276
4,5,1752,completed,5957026
4,5,1753,completed,6020485
4,5,1754,completed,6026110
4,5,1755,completed,6031318
4,5,1756,completed,6036735
4,5,1757,completed,5965485
4,5,1758,completed,5978651
4,5,1759,completed,5984402
4,5,1760,completed,5990027
4,5,1761,completed,5382236
4,5,1762,completed,5372070
4,5,1763,completed,5361819
4,5,1764,completed,5351528
4,5,1765,completed,6595358
4,5,1766,completed,6600025
4,5,1767,completed,6601649
4,5,1768,completed,6603192
4,5,1769,completed,5966526
4,5,1770,completed,5968735
4,5,1771,completed,5969734
4,5,1772,completed,5970568
4,5,1773,completed,5990818
4,5,1774,completed,5994693
4,5,1775,completed,5995360
4,5,1776,completed,5996068
4,5,1777,completed,6110068
4,5,1778,completed,6115109
4,5,1779,completed,6116568
4,5,1780,completed,6118235
4,5,1781,completed,5844319
4,5,1782,completed,5845652
4,5,1783,completed,5845985
4,5,1784,completed,5846360
4,5,1785,completed,6096984
4,5,1786,completed,6099568
4,5,1787,completed,6100651
4,5,1788,completed,6101859
4,5,1789,completed,5848818
4,5,1790,completed,5860485
4,5,1791,completed,5861735
4,5,1792,completed,5861610
4,5,1793,completed,5990651
4,5,1794,completed,5987818
4,5,1795,completed,5996027
4,5,1796,completed,6003776
4,5,1797,completed,5912318
4,5,1798,completed,5913318
4,5,1799,completed,5906860
4,5,1800,completed,5900693
4,5,1801,completed,6078943
4,5,1802,completed,6070692
4,5,1803,completed,6076318
4,5,1804,completed,6082026
4,5,1805,completed,5616069
4,5,1806,completed,5613319
4,5,1807,completed,5608527
4,5,1808,completed,5604444
4,5,1809,completed,5830944
4,5,1810,completed,5837068
4,5,1811,completed,5841485
4,5,1812,completed,5845319
4,5,1813,completed,6067485
4,5,1814,completed,6087109
4,5,1815,completed,6084693
4,5,1816,completed,6082193
4,5,1817,completed,6412775
4,5,1818,completed,6404692
4,5,1819,completed,6411192
4,5,1820,completed,6417067
4,5,1821,completed,6010526
4,5,1822,completed,6008193
4,5,1823,completed,6002902
4,5,1824,completed,5998110
4,5,1825,completed,5461278
4,5,1826,completed,5479027
4,5,1827,completed,5490528
4,5,1828,completed,5495861
4,5,1829,completed,6437191
4,5,1830,completed,6440775
4,5,1831,completed,6432067
4,5,1832,completed,6426650
4,5,1833,completed,5694027
4,5,1834,completed,5690485
4,5,1835,completed,5691527
4,5,1836,completed,5692944
4,5,1837,completed,6326526
4,5,1838,completed,6348526
4,5,1839,completed,6350817
4,5,1840,completed,6352234
4,5,1841,completed,5461944
4,5,1842,completed,5458361
4,5,1843,completed,5466486
4,5,1844,completed,5474986
4,5,1845,completed,6040527
4,5,1846,completed,6043735
4,5,1847,completed,6039651
4,5,1848,completed,6035193
4,5,1849,completed,6477692
4,5,1850,completed,6493858
4,5,1851,completed,6502192
4,5,1852,completed,6509900
4,5,1853,completed,5987026
4,5,1854,completed,5976610
4,5,1855,completed,5966818
4,5,1856,completed,5957193
4,5,1857,completed,6074901
4,5,1858,completed,6094610
4,5,1859,completed,6105818
4,5,1860,completed,6116651
4,5,1861,completed,5903569
4,5,1862,completed,5896068
4,5,1863,completed,5886110
4,5,1864,completed,5876068
4,5,1865,completed,5976943
4,5,1866,completed,5997110
4,5,1867,completed,6010610
4,5,1868,completed,6022235
4,5,1869,completed,5948152
4,5,1870,completed,5932235
4,5,1871,completed,5922069
4,5,1872,completed,5912860
4,5,1873,completed,5455445
4,5,1874,completed,5458486
4,5,1875,completed,5459570
4,5,1876,completed,5460653
4,5,1877,completed,6481567
4,5,1878,completed,6480608
4,5,1879,completed,6481442
4,5,1880,completed,6482067
4,5,1881,completed,5979026
4,5,1882,completed,5977110
4,5,1883,completed,5985735
4,5,1884,completed,5994192
4,5,1885,completed,6049193
4,5,1886,completed,6048276
4,5,1887,completed,6041318
4,5,1888,completed,6034568
4,5,1889,completed,5962651
4,5,1890,completed,5979568
4,5,1891,completed,5987818
4,5,1892,completed,5994651
4,5,1893,completed,5990901
4,5,1894,completed,5984860
4,5,1895,completed,5979527
4,5,1896,completed,5974443
4,5,1897,completed,5841235
4,5,1898,completed,5842151
4,5,1899,completed,5842651
4,5,1900,completed,5843027
4,5,1901,completed,6121610
4,5,1902,completed,6143943
4,5,1903,completed,6156609
4,5,1904,completed,6168109
4,5,1905,completed,5646486
4,5,1906,completed,5637319
4,5,1907,completed,5626402
4,5,1908,completed,5616277
4,5,1909,completed,6450150
4,5,1910,completed,6458609
4,5,1911,completed,6460109
4,5,1912,completed,6461942
4,5,1913,completed,5873152
4,5,1914,completed,5889360
4,5,1915,completed,5902235
4,5,1916,completed,5912652
4,5,1917,completed,5963152
4,5,1918,completed,5953818
4,5,1919,completed,5943651
4,5,1920,completed,5933693
4,5,1921,completed,5961235
4,5,1922,completed,5979318
4,5,1923,completed,5990776
4,5,1924,completed,6001860
4,5,1925,completed,5985151
4,5,1926,completed,5974776
4,5,1927,completed,5963360
4,5,1928,completed,5952652
4,5,1929,completed,5969402
4,5,1930,completed,5976193
4,5,1931,completed,5988568
4,5,1932,completed,6000485
4,5,1933,completed,5906069
4,5,1934,completed,5907360
4,5,1935,completed,5901818
4,5,1936,completed,5896194
4,5,1937,completed,6053735
4,5,1938,completed,6057776
4,5,1939,completed,6059901
4,5,1940,completed,6061567
4,5,1941,completed,6067860
4,5,1942,completed,6069693
4,5,1943,completed,6063984
4,5,1944,completed,6057651
4,5,1945,completed,5764735
4,5,1946,completed,5772527
4,5,1947,completed,5779610
4,5,1948,completed,5786235
4,5,1949,completed,6175401
4,5,1950,completed,6181609
4,5,1951,completed,6184692
4,5,1952,completed,6189151
4,5,1953,completed,5947402
4,5,1954,completed,5941443
4,5,1955,completed,5931693
4,5,1956,completed,5922027
4,5,1957,completed,5985401
4,5,1958,completed,6002609
4,5,1959,completed,6012693
4,5,1960,completed,6023901
4,5,1961,completed,6007192
4,5,1962,completed,5999776
4,5,1963,completed,5990235
4,5,1964,completed,5979985
4,5,1965,completed,5690111
4,5,1966,completed,5700111
4,5,1967,completed,5701944
4,5,1968,completed,5704360
4,5,1969,completed,5695069
4,5,1970,completed,5708693
4,5,1971,completed,5716902
4,5,1972,completed,5725860
4,5,1973,completed,6556484
4,5,1974,completed,6552234
4,5,1975,completed,6544025
4,5,1976,completed,6535900
4,5,1977,completed,6093235
4,5,1978,completed,6118151
4,5,1979,completed,6129026
4,5,1980,completed,6140401
4,5,1981,completed,5858068
4,5,1982,completed,5862235
4,5,1983,completed,5861527
4,5,1984,completed,5860526
4,5,1985,completed,5992152
4,5,1986,completed,5990527
4,5,1987,completed,5980902
4,5,1988,completed,5970943
4,5,1989,completed,5958985
4,5,1990,completed,5961735
4,5,1991,completed,5968902
4,5,1992,completed,5975526
4,5,1993,completed,6000277
4,5,1994,completed,6010318
4,5,1995,completed,6015651
4,5,1996,completed,6020276
4,5,1997,completed,5983693
4,5,1998,completed,5981735
4,5,1999,completed,5978319
4,5,2000,completed,5974901
4,5,2001,completed,5949526
4,5,2002,completed,5945776
4,5,2003,completed,5939819
4,5,2004,completed,5933610
4,5,2005,completed,6076901
4,5,2006,completed,6077234
4,5,2007,completed,6077860
4,5,2008,completed,6078484
4,5,2009,completed,5987234
4,5,2010,completed,5994110
4,5,2011,completed,5995735
4,5,2012,completed,5997359
4,5,2013,completed,5954902
4,5,2014,completed,5957277
4,5,2015,completed,5958068
4,5,2016,completed,5959526
4,5,2017,completed,5928818
4,5,2018,completed,5938276
4,5,2019,completed,5938985
4,5,2020,completed,5939151
4,5,2021,completed,5496569
4,5,2022,completed,5503611
4,5,2023,completed,5505736
4,5,2024,completed,5506736
4,5,2025,completed,6496442
4,5,2026,completed,6498775
4,5,2027,completed,6503608
4,5,2028,completed,6569567
4,5,2029,completed,6050609
4,5,2030,completed,6047026
4,5,2031,completed,6041068
4,5,2032,completed,5961443
4,5,2033,completed,5939943
4,5,2034,completed,5949526
4,5,2035,completed,5956693
4,5,2036,completed,5963610
4,5,2037,completed,5974318
4,5,2038,completed,5969818
4,5,2039,completed,5963776
4,5,2040,completed,5957735
4,5,2041,completed,5857360
4,5,2042,completed,5862902
4,5,2043,completed,5863777
4,5,2044,completed,5864651
4,5,2045,completed,6114276
4,5,2046,completed,6121943
4,5,2047,completed,6128526
4,5,2048,completed,6134276
4,5,2049,completed,6057734
4,5,2050,completed,6063943
4,5,2051,completed,6059693
4,5,2052,completed,6054234
4,5,2053,completed,5946609
4,5,2054,completed,5939235
4,5,2055,completed,5939694
4,5,2056,completed,5940818
4,5,2057,completed,5978735
4,5,2058,completed,5981443
4,5,2059,completed,5982360
4,5,2060,completed,5983318
4,5,2061,completed,5965401
4,5,2062,completed,5973609
4,5,2063,completed,5984152
4,5,2064,completed,5995568
4,5,2065,completed,6094359
4,5,2066,completed,6087859
4,5,2067,completed,6078318
4,5,2068,completed,6068610
4,5,2069,completed,5896693
4,5,2070,completed,5899610
4,5,2071,completed,5900734
4,5,2072,completed,5901818
4,5,2073,completed,5958234
4,5,2074,completed,5961485
4,5,2075,completed,5962318
4,5,2076,completed,5963068
4,5,2077,completed,5990568
4,5,2078,completed,6019777
4,5,2079,completed,6032526
4,5,2080,completed,6044568
4,5,2081,completed,5922277
4,5,2082,completed,5915902
4,5,2083,completed,5904527
4,5,2084,completed,5892110
4,5,2085,completed,6005901
4,5,2086,completed,5998235
4,5,2087,completed,5999735
4,5,2088,completed,6001360
4,5,2089,completed,5987902
4,5,2090,completed,5998484
4,5,2091,completed,5999318
4,5,2092,completed,5999526
4,5,2093,completed,6117359
4,5,2094,completed,6120568
4,5,2095,completed,6129484
4,5,2096,completed,6137484
4,5,2097,completed,5873985
4,5,2098,completed,5869443
4,5,2099,completed,5861777
4,5,2100,completed,5854901
4,5,2101,completed,5970151
4,5,2102,completed,5986735
4,5,2103,completed,5988485
4,5,2104,completed,5989109
4,5,2105,completed,5999568
4,5,2106,completed,5985318
4,5,2107,completed,5986068
4,5,2108,completed,5986943
4,5,2109,completed,6049401
4,5,2110,completed,6080526
4,5,2111,completed,6083068
4,5,2112,completed,6084942
4,5,2113,completed,5925276
4,5,2114,completed,5922901
4,5,2115,completed,5934776
4,5,2116,completed,5945485
4,5,2117,completed,5999026
4,5,2118,completed,5988693
4,5,2119,completed,5978318
4,5,2120,completed,5968776
4,5,2121,completed,5986276
4,5,2122,completed,6010693
4,5,2123,completed,6013735
4,5,2124,completed,6015401
4,5,2125,completed,5961151
4,5,2126,completed,5954526
4,5,2127,completed,5962277
4,5,2128,completed,5968985
4,5,2129,completed,6002193
4,5,2130,completed,5998318
4,5,2131,completed,5992526
4,5,2132,completed,5986776
4,5,2133,completed,5959443
4,5,2134,completed,5963485
4,5,2135,completed,5964026
4,5,2136,completed,5964693
4,5,2137,completed,5963776
4,5,2138,completed,5977360
4,5,2139,completed,5987693
4,5,2140,completed,5999860
4,5,2141,completed,5982193
4,5,2142,completed,5974693
4,5,2143,completed,5964359
4,5,2144,completed,5953943
4,5,2145,completed,5982068
4,5,2146,completed,5983818
4,5,2147,completed,5984026
4,5,2148,completed,5984402
4,5,2149,completed,5999026
4,5,2150,completed,6001110
4,5,2151,completed,6001943
4,5,2152,completed,6002818
4,5,2153,completed,5902026
4,5,2154,completed,5908818
4,5,2155,completed,5910276
4,5,2156,completed,5911402
4,5,2157,completed,5906110
4,5,2158,completed,5909069
4,5,2159,completed,5910152
4,5,2160,completed,5911276
4,5,2161,completed,6138651
4,5,2162,completed,6157276
4,5,2163,completed,6166984
4,5,2164,completed,6175318
4,5,2165,completed,5978485
4,5,2166,completed,5976401
4,5,2167,completed,5969651
4,5,2168,completed,5962652
4,5,2169,completed,5557777
4,5,2170,completed,5555986
4,5,2171,completed,5556694
4,5,2172,completed,5557152
4,5,2173,completed,5924526
4,5,2174,completed,5937277
4,5,2175,completed,5948735
4,5,2176,completed,5959401
4,5,2177,completed,5950860
4,5,2178,completed,5943318
4,5,2179,completed,5933651
4,5,2180,completed,5923735
4,5,2181,completed,6471525
4,5,2182,completed,6470275
4,5,2183,completed,6470567
4,5,2184,completed,6470859
4,5,2185,completed,6021735
4,5,2186,completed,6039860
4,5,2187,completed,6042276
4,5,2188,completed,6043401
4,5,2189,completed,5988693
4,5,2190,completed,5980443
4,5,2191,completed,5986277
4,5,2192,completed,5992027
4,5,2193,completed,5989234
4,5,2194,completed,5997985
4,5,2195,completed,5996943
4,5,2196,completed,5992318
4,5,2197,completed,6095526
4,5,2198,completed,6082692
4,5,2199,completed,6083443
4,5,2200,completed,6084651
4,5,2201,completed,5882027
4,5,2202,completed,5906235
4,5,2203,completed,5909610
4,5,2204,completed,5911610
4,5,2205,completed,5971193
4,5,2206,completed,5960402
4,5,2207,completed,5966651
4,5,2208,completed,5972693
4,5,2209,completed,5644736
4,5,2210,completed,5647693
4,5,2211,completed,5643027
4,5,2212,completed,5638444
4,5,2213,completed,5828360
4,5,2214,completed,5840152
4,5,2215,completed,5851068
4,5,2216,completed,5861319
4,5,2217,completed,6456233
4,5,2218,completed,6444984
4,5,2219,completed,6434192
4,5,2220,completed,6423900
4,5,2221,completed,5988818
4,5,2222,completed,6011735
4,5,2223,completed,6023943
4,5,2224,completed,6035443
4,5,2225,completed,5950943
4,5,2226,completed,5948485
4,5,2227,completed,5943693
4,5,2228,completed,5937693
4,5,2229,completed,6007568
4,5,2230,completed,6012193
4,5,2231,completed,6011942
4,5,2232,completed,6011318
4,5,2233,completed,5978568
4,5,2234,completed,5990318
4,5,2235,completed,5992318
4,5,2236,completed,5993568
4,5,2237,completed,5998318
4,5,2238,completed,5992443
4,5,2239,completed,5986526
4,5,2240,completed,5981109
4,5,2241,completed,6014068
4,5,2242,completed,6029360
4,5,2243,completed,6030860
4,5,2244,completed,6031776
4,5,2245,completed,5420694
4,5,2246,completed,5410319
4,5,2247,completed,5410903
4,5,2248,completed,5411569
4,5,2249,completed,6497025
4,5,2250,completed,6498775
4,5,2251,completed,6504900
4,5,2252,completed,6510858
4,5,2253,completed,5996068
4,5,2254,completed,6023693
4,5,2255,completed,6030652
4,5,2256,completed,6035401
4,5,2257,completed,5991735
4,5,2258,completed,5980318
4,5,2259,completed,5971193
4,5,2260,completed,5963110
4,5,2261,completed,5965359
4,5,2262,completed,5965026
4,5,2263,completed,5965401
4,5,2264,completed,5965818
4,5,2265,completed,6002026
4,5,2266,completed,6002651
4,5,2267,completed,6003818
4,5,2268,completed,6005443
4,5,2269,completed,5963943
4,5,2270,completed,5965527
4,5,2271,completed,6030734
4,5,2272,completed,6032193
4,5,2273,completed,5959984
4,5,2274,completed,5977860
4,5,2275,completed,5983776
4,5,2276,completed,5989651
4,5,2277,completed,5517361
4,5,2278,completed,5523736
4,5,2279,completed,5524194
4,5,2280,completed,5525235
4,5,2281,completed,6363358
4,5,2282,completed,6364442
4,5,2283,completed,6361317
4,5,2284,completed,6358401
4,5,2285,completed,6072484
4,5,2286,completed,6087359
4,5,2287,completed,6090693
4,5,2288,completed,6092567
4,5,2289,completed,5973443
4,5,2290,completed,5985568
4,5,2291,completed,5986776
4,5,2292,completed,5987443
4,5,2293,completed,5968318
4,5,2294,completed,5969776
4,5,2295,completed,5967568
4,5,2296,completed,5964860
4,5,2297,completed,6000901
4,5,2298,completed,6005902
4,5,2299,completed,6002943
4,5,2300,completed,5999985
4,5,2301,completed,5981651
4,5,2302,completed,5986984
4,5,2303,completed,5989359
4,5,2304,completed,5989651
4,5,2305,completed,6080860
4,5,2306,completed,6066735
4,5,2307,completed,6067193
4,5,2308,completed,6067610
4,5,2309,completed,5934568
4,5,2310,completed,5942526
4,5,2311,completed,5944610
4,5,2312,completed,5946318
4,5,2313,completed,6064818
4,5,2314,completed,6079776
4,5,2315,completed,6091859
4,5,2316,completed,6102485
4,5,2317,completed,5859735
4,5,2318,completed,5849777
4,5,2319,completed,5839527
4,5,2320,completed,5829401
4,5,2321,completed,5980609
4,5,2322,completed,6007901
4,5,2323,completed,6011151
4,5,2324,completed,6013110
4,5,2325,completed,5945360
4,5,2326,completed,5929693
4,5,2327,completed,5935318
4,5,2328,completed,5941401
4,5,2329,completed,6003360
4,5,2330,completed,5998693
4,5,2331,completed,5992610
4,5,2332,completed,5986401
4,5,2333,completed,5979235
4,5,2334,completed,5991276
4,5,2335,completed,5997610
4,5,2336,completed,6004276
4,5,2337,completed,5688235
4,5,2338,completed,5683985
4,5,2339,completed,5677694
4,5,2340,completed,5671986
4,5,2341,completed,6276859
4,5,2342,completed,6280151
4,5,2343,completed,6281234
4,5,2344,completed,6282026
4,5,2345,completed,5723152
4,5,2346,completed,5726527
4,5,2347,completed,5727652
4,5,2348,completed,5728360
4,5,2349,completed,6252734
4,5,2350,completed,6254234
4,5,2351,completed,6254776
4,5,2352,completed,6255401
4,5,2353,completed,5999568
4,5,2354,completed,6004109
4,5,2355,completed,6005192
4,5,2356,completed,6006401
4,5,2357,completed,6000027
4,5,2358,completed,6021568
4,5,2359,completed,6033693
4,5,2360,completed,6045068
4,5,2361,completed,5909985
4,5,2362,completed,5908235
4,5,2363,completed,5902485
4,5,2364,completed,5897984
4,5,2365,completed,6084901
4,5,2366,completed,6088276
4,5,2367,completed,6084402
4,5,2368,completed,6080234
4,5,2369,completed,5759943
4,5,2370,completed,5751860
4,5,2371,completed,5751901
4,5,2372,completed,5752485
4,5,2373,completed,5693986
4,5,2374,completed,5694860
4,5,2375,completed,5695319
4,5,2376,completed,5695777
4,5,2377,completed,5935610
4,5,2378,completed,5937651
4,5,2379,completed,5938569
4,5,2380,completed,5939277
4,5,2381,completed,6463400
4,5,2382,completed,6469316
4,5,2383,completed,6479358
4,5,2384,completed,6490275
4,5,2385,completed,6031485
4,5,2386,completed,6023443
4,5,2387,completed,6014234
4,5,2388,completed,6004234
4,5,2389,completed,5763444
4,5,2390,completed,5780277
4,5,2391,completed,5788069
4,5,2392,completed,5794652
4,5,2393,completed,6211609
4,5,2394,completed,6206276
4,5,2395,completed,6200900
4,5,2396,completed,6195484
4,5,2397,completed,5965151
4,5,2398,completed,5971901
4,5,2399,completed,5972943
4,5,2400,completed,5973902
4,5,2401,completed,6008318
4,5,2402,completed,6009526
4,5,2403,completed,6015734
4,5,2404,completed,6021443
4,5,2405,completed,5982026
4,5,2406,completed,5996901
4,5,2407,completed,6002985
4,5,2408,completed,6008776
4,5,2409,completed,6098276
4,5,2410,completed,6101818
4,5,2411,completed,6101151
4,5,2412,completed,6099860
4,5,2413,completed,5871110
4,5,2414,completed,5864277
4,5,2415,completed,5855027
4,5,2416,completed,5844902
4,5,2417,completed,5965235
4,5,2418,completed,5969568
4,5,2419,completed,5971151
4,5,2420,completed,5972777
4,5,2421,completed,5438611
4,5,2422,completed,5442069
4,5,2423,completed,5442736
4,5,2424,completed,5443403
4,5,2425,completed,6530816
4,5,2426,completed,6551275
4,5,2427,completed,6561983
4,5,2428,completed,6574025
4,5,2429,completed,5973526
4,5,2430,completed,5965943
4,5,2431,completed,5955318
4,5,2432,completed,5945443
4,5,2433,completed,5976402
4,5,2434,completed,5979026
4,5,2435,completed,5984527
4,5,2436,completed,5989943
4,5,2437,completed,6014152
4,5,2438,completed,6024402
4,5,2439,completed,6029568
4,5,2440,completed,6035402
4,5,2441,completed,5627110
4,5,2442,completed,5621694
4,5,2443,completed,5611069
4,5,2444,completed,5601319
4,5,2445,completed,6285067
4,5,2446,completed,6300233
4,5,2447,completed,6307526
4,5,2448,completed,6314233
4,5,2449,completed,6043943
4,5,2450,completed,6045484
4,5,2451,completed,6040693
4,5,2452,completed,6035443
4,5,2453,completed,5977193
4,5,2454,completed,5992235
4,5,2455,completed,6003484
4,5,2456,completed,6014068
4,5,2457,completed,5961402
4,5,2458,completed,5966568
4,5,2459,completed,5966193
4,5,2460,completed,5968276
4,5,2461,completed,6014693
4,5,2462,completed,6008318
4,5,2463,completed,5998943
4,5,2464,completed,5989068
4,5,2465,completed,6043318
4,5,2466,completed,6054276
4,5,2467,completed,6055901
4,5,2468,completed,6057610
4,5,2469,completed,5905901
4,5,2470,completed,5925068
4,5,2471,completed,5935360
4,5,2472,completed,5946902
4,5,2473,completed,5975151
4,5,2474,completed,5965735
4,5,2475,completed,5954984
4,5,2476,completed,5945027
4,5,2477,completed,6007443
4,5,2478,completed,6012610
4,5,2479,completed,6014193
4,5,2480,completed,6015652
4,5,2481,completed,5916234
4,5,2482,completed,5915193
4,5,2483,completed,5914818
4,5,2484,completed,5914527
4,5,2485,completed,6029985
4,5,2486,completed,6049943
4,5,2487,completed,6061485
4,5,2488,completed,6072568
4,5,2489,completed,5975401
4,5,2490,completed,5974485
4,5,2491,completed,5970318
4,5,2492,completed,5966527
4,5,2493,completed,5974526
4,5,2494,completed,5971068
4,5,2495,completed,5965651
4,5,2496,completed,5960443
4,5,2497,completed,6012526
4,5,2498,completed,6033984
4,5,2499,completed,6045860
4,5,2500,completed,6056651
4,5,2501,completed,6163068
4,5,2502,completed,6156651
4,5,2503,completed,6146776
4,5,2504,completed,6137485
4,5,2505,completed,5883985
4,5,2506,completed,5901068
4,5,2507,completed,5900151
4,5,2508,completed,5910818
4,5,2509,completed,5915318
4,5,2510,completed,5929277
4,5,2511,completed,5920777
4,5,2512,completed,5911610
4,5,2513,completed,5961527
4,5,2514,completed,5960151
4,5,2515,completed,5962818
4,5,2516,completed,5964068
4,5,2517,completed,5961068
4,5,2518,completed,5950985
4,5,2519,completed,5960902
4,5,2520,completed,5971526
4,5,2521,completed,6010068
4,5,2522,completed,6014860
4,5,2523,completed,6014901
4,5,2524,completed,6014818
4,5,2525,completed,5992735
4,5,2526,completed,5987151
4,5,2527,completed,5978109
4,5,2528,completed,5968985
4,5,2529,completed,6014234
4,5,2530,completed,6016401
4,5,2531,completed,6017526
4,5,2532,completed,6018860
4,5,2533,completed,5924777
4,5,2534,completed,5941277
4,5,2535,completed,5943402
4,5,2536,completed,5943818
4,5,2537,completed,6004568
4,5,2538,completed,6000235
4,5,2539,completed,6005276
4,5,2540,completed,6010276
4,5,2541,completed,6049109
4,5,2542,completed,6054193
4,5,2543,completed,6050818
4,5,2544,completed,6048568
4,5,2545,completed,5912568
4,5,2546,completed,5915276
4,5,2547,completed,5916443
4,5,2548,completed,5916485
4,5,2549,completed,5961735
4,5,2550,completed,5948109
4,5,2551,completed,5948651
4,5,2552,completed,5949276
4,5,2553,completed,5769693
4,5,2554,completed,5799235
4,5,2555,completed,5803152
4,5,2556,completed,5804986
4,5,2557,completed,5652860
4,5,2558,completed,5638402
4,5,2559,completed,5644110
4,5,2560,completed,5650319
4,5,2561,completed,6490525
4,5,2562,completed,6497983
4,5,2563,completed,6500983
4,5,2564,completed,6503609
4,5,2565,completed,6089693
4,5,2566,completed,6084359
4,5,2567,completed,6075735
4,5,2568,completed,6066442
4,5,2569,completed,5925693
4,5,2570,completed,5940276
4,5,2571,completed,5951360
4,5,2572,completed,5962527
4,5,2573,completed,6026235
4,5,2574,completed,6020151
4,5,2575,completed,6010818
4,5,2576,completed,6001734
4,5,2577,completed,6114734
4,5,2578,completed,6122151
4,5,2579,completed,6123734
4,5,2580,completed,6125235
4,5,2581,completed,5818443
4,5,2582,completed,5817652
4,5,2583,completed,5822235
4,5,2584,completed,5826319
4,5,2585,completed,6001151
4,5,2586,completed,6021110
4,5,2587,completed,6027652
4,5,2588,completed,6033609
4,5,2589,completed,5959860
4,5,2590,completed,5950109
4,5,2591,completed,5939984
4,5,2592,completed,5930693
4,5,2593,completed,5673152
4,5,2594,completed,5687860
4,5,2595,completed,5698777
4,5,2596,completed,5709569
4,5,2597,completed,6259817
4,5,2598,completed,6251734
4,5,2599,completed,6242026
4,5,2600,completed,6232650
4,5,2601,completed,5997359
4,5,2602,completed,6017110
4,5,2603,completed,6029151
4,5,2604,completed,6040735
4,5,2605,completed,6033276
4,5,2606,completed,6024359
4,5,2607,completed,6014485
4,5,2608,completed,6004651
4,5,2609,completed,5986818
4,5,2610,completed,6016817
4,5,2611,completed,6020026
4,5,2612,completed,6021692
4,5,2613,completed,5947568
4,5,2614,completed,5938693
4,5,2615,completed,5949360
4,5,2616,completed,5959484
4,5,2617,completed,5971651
4,5,2618,completed,5966235
4,5,2619,completed,5959776
4,5,2620,completed,5952651
4,5,2621,completed,6129068
4,5,2622,completed,6129818
4,5,2623,completed,6127442
4,5,2624,completed,6125234
4,5,2625,completed,5845402
4,5,2626,completed,5847943
4,5,2627,completed,5848777
4,5,2628,completed,5849818
4,5,2629,completed,5982276
4,5,2630,completed,5990984
4,5,2631,completed,5991693
4,5,2632,completed,5991526
4,5,2633,completed,6005693
4,5,2634,completed,6017026
4,5,2635,completed,6024735
4,5,2636,completed,6031985
4,5,2637,completed,5642819
4,5,2638,completed,5638694
4,5,2639,completed,5632152
4,5,2640,completed,5626777
4,5,2641,completed,6419442
4,5,2642,completed,6403359
4,5,2643,completed,6404109
4,5,2644,completed,6405067
4,5,2645,completed,5976652
4,5,2646,completed,5983401
4,5,2647,completed,5984734
4,5,2648,completed,5986068
4,5,2649,completed,5906276
4,5,2650,completed,5914985
4,5,2651,completed,5924068
4,5,2652,completed,5932109
4,5,2653,completed,5956277
4,5,2654,completed,5959860
4,5,2655,completed,5952360
4,5,2656,completed,5945443
4,5,2657,completed,5993026
4,5,2658,completed,5999651
4,5,2659,completed,6005318
4,5,2660,completed,6010277
4,5,2661,completed,5985235
4,5,2662,completed,5986026
4,5,2663,completed,5983110
4,5,2664,completed,5980110
4,5,2665,completed,5998527
4,5,2666,completed,6003609
4,5,2667,completed,6005110
4,5,2668,completed,6006360
4,5,2669,completed,5919359
4,5,2670,completed,5934443
4,5,2671,completed,5944318
4,5,2672,completed,5955693
4,5,2673,completed,5999693
4,5,2674,completed,5999235
4,5,2675,completed,5989151
4,5,2676,completed,5978318
4,5,2677,completed,6013276
4,5,2678,completed,6026485
4,5,2679,completed,6029109
4,5,2680,completed,6030527
4,5,2681,completed,5964860
4,5,2682,completed,5965485
4,5,2683,completed,5979568
4,5,2684,completed,5990526
4,5,2685,completed,5981401
4,5,2686,completed,5979443
4,5,2687,completed,5976027
4,5,2688,completed,5973069
4,5,2689,completed,5954777
4,5,2690,completed,5961318
4,5,2691,completed,5960360
4,5,2692,completed,5959860
4,5,2693,completed,6009276
4,5,2694,completed,6014609
4,5,2695,completed,6015442
4,5,2696,completed,6016818
4,5,2697,completed,6029567
4,5,2698,completed,6030776
4,5,2699,completed,6024193
4,5,2700,completed,6017402
4,5,2701,completed,5750819
4,5,2702,completed,5755402
4,5,2703,completed,5762568
4,5,2704,completed,5768360
4,5,2705,completed,5926193
4,5,2706,completed,5923484
4,5,2707,completed,5918068
4,5,2708,completed,5912818
4,5,2709,completed,6250525
4,5,2710,completed,6259609
4,5,2711,completed,6261359
4,5,2712,completed,6263068
4,5,2713,completed,5381570
4,5,2714,completed,5380945
4,5,2715,completed,5385986
4,5,2716,completed,5390486
4,5,2717,completed,6655608
4,5,2718,completed,6652316
4,5,2719,completed,6647566
4,5,2720,completed,6643108
4,5,2721,completed,5882735
4,5,2722,completed,5885568
4,5,2723,completed,5886360
4,5,2724,completed,5887152
4,5,2725,completed,5988027
4,5,2726,completed,6003235
4,5,2727,completed,6012568
4,5,2728,completed,6020818
4,5,2729,completed,5979234
4,5,2730,completed,5982526
4,5,2731,completed,5984818
4,5,2732,completed,5987776
4,5,2733,completed,6002360
4,5,2734,completed,6003568
4,5,2735,completed,5999735
4,5,2736,completed,5995193
4,5,2737,completed,6116360
4,5,2738,completed,6126609
4,5,2739,completed,6131901
4,5,2740,completed,6135984
4,5,2741,completed,5856568
4,5,2742,completed,5857485
4,5,2743,completed,5854027
4,5,2744,completed,5850443
4,5,2745,completed,5976235
4,5,2746,completed,5982359
4,5,2747,completed,5982151
4,5,2748,completed,5980776
4,5,2749,completed,5989902
4,5,2750,completed,6001526
4,5,2751,completed,6006109
4,5,2752,completed,6010776
4,5,2753,completed,5989276
4,5,2754,completed,5979526
4,5,2755,completed,5969901
4,5,2756,completed,5960152
4,5,2757,completed,5988527
4,5,2758,completed,5991193
4,5,2759,completed,5992401
4,5,2760,completed,5993527
4,5,2761,completed,5998360
4,5,2762,completed,6000109
4,5,2763,completed,6001109
4,5,2764,completed,6001985
4,5,2765,completed,5986985
4,5,2766,completed,5989693
4,5,2767,completed,5990943
4,5,2768,completed,5991901
4,5,2769,completed,5963484
4,5,2770,completed,5976109
4,5,2771,completed,5986651
4,5,2772,completed,5996943
4,5,2773,completed,6036734
4,5,2774,completed,6031151
4,5,2775,completed,6021859
4,5,2776,completed,6012609
4,5,2777,completed,5982068
4,5,2778,completed,5988860
4,5,2779,completed,5990443
4,5,2780,completed,5992234
4,5,2781,completed,5779486
4,5,2782,completed,5790652
4,5,2783,completed,5795610
4,5,2784,completed,5799402
4,5,2785,completed,6152984
4,5,2786,completed,6151234
4,5,2787,completed,6148360
4,5,2788,completed,6145359
4,5,2789,completed,6005360
4,5,2790,completed,6011651
4,5,2791,completed,6013485
4,5,2792,completed,6015151
4,5,2793,completed,5957318
4,5,2794,completed,5960777
4,5,2795,completed,5962235
4,5,2796,completed,5963484
4,5,2797,completed,5503653
4,5,2798,completed,5518652
4,5,2799,completed,5527153
4,5,2800,completed,5534611
4,5,2801,completed,6315234
4,5,2802,completed,6308151
4,5,2803,completed,6300109
4,5,2804,completed,6292734
4,5,2805,completed,6195651
4,5,2806,completed,6195734
4,5,2807,completed,6197400
4,5,2808,completed,6198692
4,5,2809,completed,5920568
4,5,2810,completed,5924527
4,5,2811,completed,5925235
4,5,2812,completed,5926068
4,5,2813,completed,6140526
4,5,2814,completed,6144776
4,5,2815,completed,6146067
4,5,2816,completed,6147234
4,5,2817,completed,5833735
4,5,2818,completed,5835235
4,5,2819,completed,5836318
4,5,2820,completed,5837819
4,5,2821,completed,6039110
4,5,2822,completed,6049359
4,5,2823,completed,6051068
4,5,2824,completed,6052943
4,5,2825,completed,5909151
4,5,2826,completed,5902693
4,5,2827,completed,5913069
4,5,2828,completed,5924193
4,5,2829,completed,5962776
4,5,2830,completed,5953651
4,5,2831,completed,5943527
4,5,2832,completed,5932527
4,5,2833,completed,6008110
4,5,2834,completed,6012193
4,5,2835,completed,6013359
4,5,2836,completed,6014568
4,5,2837,completed,5982109
4,5,2838,completed,5985651
4,5,2839,completed,5986568
4,5,2840,completed,5987693
4,5,2841,completed,5989443
4,5,2842,completed,5991902
4,5,2843,completed,5992527
4,5,2844,completed,5992985
4,5,2845,completed,5946026
4,5,2846,completed,5959985
4,5,2847,completed,5966818
4,5,2848,completed,5972651
4,5,2849,completed,6025068
4,5,2850,completed,6021693
4,5,2851,completed,6017068
4,5,2852,completed,6012776
4,5,2853,completed,5972110
4,5,2854,completed,5975984
4,5,2855,completed,5976401
4,5,2856,completed,5976943
4,5,2857,completed,5727236
4,5,2858,completed,5725818
4,5,2859,completed,5727652
4,5,2860,completed,5728610
4,5,2861,completed,5931693
4,5,2862,completed,5920527
4,5,2863,completed,5920944
4,5,2864,completed,5921360
4,5,2865,completed,6267525
4,5,2866,completed,6284234
4,5,2867,completed,6286776
4,5,2868,completed,6287858
4,5,2869,completed,6004943
4,5,2870,completed,6008485
4,5,2871,completed,6018485
4,5,2872,completed,6029651
4,5,2873,completed,6000860
4,5,2874,completed,5992401
4,5,2875,completed,5982151
4,5,2876,completed,5971652
4,5,2877,completed,5986984
4,5,2878,completed,5990901
4,5,2879,completed,5991985
4,5,2880,completed,5993110
4,5,2881,completed,5960318
4,5,2882,completed,5962693
4,5,2883,completed,5963568
4,5,2884,completed,5964110
4,5,2885,completed,6118735
4,5,2886,completed,6113610
4,5,2887,completed,6113984
4,5,2888,completed,6114693
4,5,2889,completed,5982901
4,5,2890,completed,5997943
4,5,2891,completed,6005234
4,5,2892,completed,6012360
4,5,2893,completed,5851568
4,5,2894,completed,5853026
4,5,2895,completed,5851193
4,5,2896,completed,5850068
4,5,2897,completed,6026276
4,5,2898,completed,6050693
4,5,2899,completed,6047943
4,5,2900,completed,6043235
4,5,2901,completed,5971151
4,5,2902,completed,5957693
4,5,2903,completed,5959193
4,5,2904,completed,5961109
4,5,2905,completed,5954234
4,5,2906,completed,5954276
4,5,2907,completed,5954610
4,5,2908,completed,5954985
4,5,2909,completed,6019026
4,5,2910,completed,6025110
4,5,2911,completed,6026901
4,5,2912,completed,6029110
4,5,2913,completed,5977568
4,5,2914,completed,5981360
4,5,2915,completed,5982526
4,5,2916,completed,5983901
4,5,2917,completed,5916734
4,5,2918,completed,5907860
4,5,2919,completed,5907527
4,5,2920,completed,5907151
4,5,2921,completed,5894569
4,5,2922,completed,5897235
4,5,2923,completed,5905985
4,5,2924,completed,5914068
4,5,2925,completed,6234859
4,5,2926,completed,6233734
4,5,2927,completed,6226192
4,5,2928,completed,6219026
4,5,2929,completed,5849026
4,5,2930,completed,5851318
4,5,2931,completed,5851526
4,5,2932,completed,5851777
4,5,2933,completed,5980985
4,5,2934,completed,5992610
4,5,2935,completed,5993568
4,5,2936,completed,5994693
4,5,2937,completed,5430528
4,5,2938,completed,5431361
4,5,2939,completed,5431653
4,5,2940,completed,5431611
4,5,2941,completed,6475025
4,5,2942,completed,6488858
4,5,2943,completed,6489692
4,5,2944,completed,6490734
4,5,2945,completed,5928693
4,5,2946,completed,5932235
4,5,2947,completed,5931360
4,5,2948,completed,5932401
4,5,2949,completed,5957443
4,5,2950,completed,5964360
4,5,2951,completed,5964609
4,5,2952,completed,5964860
4,5,2953,completed,5976860
4,5,2954,completed,5982568
4,5,2955,completed,5983443
4,5,2956,completed,5983985
4,5,2957,completed,5932027
4,5,2958,completed,5931818
4,5,2959,completed,5932526
4,5,2960,completed,5933068
4,5,2961,completed,5939277
4,5,2962,completed,5937319
4,5,2963,completed,5936985
4,5,2964,completed,5936860
4,5,2965,completed,5967693
4,5,2966,completed,5973318
4,5,2967,completed,5973777
4,5,2968,completed,5974360
4,5,2969,completed,5965777
4,5,2970,completed,5969277
4,5,2971,completed,5970610
4,5,2972,completed,5971902
4,5,2973,completed,5663153
4,5,2974,completed,5659861
4,5,2975,completed,5659777
4,5,2976,completed,5659694
4,5,2977,completed,5914860
4,5,2978,completed,5931360
4,5,2979,completed,5932777
4,5,2980,completed,5934235
4,5,2981,completed,5836027
4,5,2982,completed,5839735
4,5,2983,completed,5839985
4,5,2984,completed,5840276
4,5,2985,completed,6402109
4,5,2986,completed,6410067
4,5,2987,completed,6411067
4,5,2988,completed,6411858
4,5,2989,completed,5976776
4,5,2990,completed,5979318
4,5,2991,completed,5979902
4,5,2992,completed,5980943
4,5,2993,completed,5989651
4,5,2994,completed,5993359
4,5,2995,completed,5994068
4,5,2996,completed,5994568
4,5,2997,completed,5919443
4,5,2998,completed,5937901
4,5,2999,completed,5938693
4,5,3000,completed,5939110
4,5,3001,completed,5990026
4,5,3002,completed,5997610
4,5,3003,completed,5999610
4,5,3004,completed,6001318
4,5,3005,completed,5950235
4,5,3006,completed,5947651
4,5,3007,completed,5947777
4,5,3008,completed,5947735
4,5,3009,completed,6008652
4,5,3010,completed,6027151
4,5,3011,completed,6029402
4,5,3012,completed,6030860
4,5,3013,completed,5898027
4,5,3014,completed,5897401
4,5,3015,completed,5897360
4,5,3016,completed,5897193
4,5,3017,completed,5939234
4,5,3018,completed,5942484
4,5,3019,completed,5943193
4,5,3020,completed,5943901
4,5,3021,completed,6071317
4,5,3022,completed,6083234
4,5,3023,completed,6084651
4,5,3024,completed,6086359
4,5,3025,completed,5764069
4,5,3026,completed,5759777
4,5,3027,completed,5759902
4,5,3028,completed,5760235
4,5,3029,completed,6035568
4,5,3030,completed,6051277
4,5,3031,completed,6052735
4,5,3032,completed,6054235
4,5,3033,completed,5985943
4,5,3034,completed,5987985
4,5,3035,completed,5989359
4,5,3036,completed,5991234
4,5,3037,completed,5959359
4,5,3038,completed,5961110
4,5,3039,completed,5961234
4,5,3040,completed,5961443
4,5,3041,completed,5991568
4,5,3042,completed,6002568
4,5,3043,completed,6003443
4,5,3044,completed,6004776
4,5,3045,completed,5896234
4,5,3046,completed,5902068
4,5,3047,completed,5902652
4,5,3048,completed,5903235
4,5,3049,completed,5942193
4,5,3050,completed,5949777
4,5,3051,completed,5951068
4,5,3052,completed,5952651
4,5,3053,completed,5940526
4,5,3054,completed,5942776
4,5,3055,completed,5943777
4,5,3056,completed,5944902
4,5,3057,completed,5368236
4,5,3058,completed,5372319
4,5,3059,completed,5373195
4,5,3060,completed,5374111
4,5,3061,completed,6459858
4,5,3062,completed,6457983
4,5,3063,completed,6458025
4,5,3064,completed,6458525
4,5,3065,completed,6029901
4,5,3066,completed,6043151
4,5,3067,completed,6045234
4,5,3068,completed,6046610
4,5,3069,completed,7038982
4,5,3070,completed,7033148
4,5,3071,completed,7033148
4,5,3072,completed,7033732
4,5,3073,completed,5858777
4,5,3074,completed,5876735
4,5,3075,completed,5889860
4,5,3076,completed,5902152
4,5,3077,completed,5423153
4,5,3078,completed,5425569
4,5,3079,completed,5421069
4,5,3080,completed,5416278
4,5,3081,completed,6794316
4,5,3082,completed,6802441
4,5,3083,completed,6805482
4,5,3084,completed,6810066
4,5,3085,completed,5999110
4,5,3086,completed,5990193
4,5,3087,completed,5979776
4,5,3088,completed,5969360
4,5,3089,completed,5987193
4,5,3090,completed,5996777
4,5,3091,completed,6001943
4,5,3092,completed,6007068
4,5,3093,completed,6018735
4,5,3094,completed,6016193
4,5,3095,completed,6011526
4,5,3096,completed,6008110
4,5,3097,completed,6006401
4,5,3098,completed,6014151
4,5,3099,completed,6015318
4,5,3100,completed,6016734
4,5,3101,completed,6118484
4,5,3102,completed,6124359
4,5,3103,completed,6111068
4,5,3104,completed,6122193
4,5,3105,completed,5834819
4,5,3106,completed,5837777
4,5,3107,completed,5836943
4,5,3108,completed,5835902
4,5,3109,completed,5558527
4,5,3110,completed,5562486
4,5,3111,completed,5561235
4,5,3112,completed,5543736
4,5,3113,completed,6362942
4,5,3114,completed,6367692
4,5,3115,completed,6368151
4,5,3116,completed,6368942
4,5,3117,completed,6044693
4,5,3118,completed,6039902
4,5,3119,completed,6032735
4,5,3120,completed,6025068
4,5,3121,completed,5990484
4,5,3122,completed,6005360
4,5,3123,completed,6007235
4,5,3124,completed,6008359
4,5,3125,completed,5977859
4,5,3126,completed,5964860
4,5,3127,completed,5965818
4,5,3128,completed,5967277
4,5,3129,completed,5868902
4,5,3130,completed,5871902
4,5,3131,completed,5873026
4,5,3132,completed,5874402
4,5,3133,completed,6088567
4,5,3134,completed,6100068
4,5,3135,completed,6101693
4,5,3136,completed,6101568
4,5,3137,completed,5974319
4,5,3138,completed,5975318
4,5,3139,completed,5982860
4,5,3140,completed,5990777
4,5,3141,completed,6015235
4,5,3142,completed,6014235
4,5,3143,completed,6008484
4,5,3144,completed,6001985
4,5,3145,completed,5959943
4,5,3146,completed,5969110
4,5,3147,completed,5969776
4,5,3148,completed,5970318
4,5,3149,completed,5989235
4,5,3150,completed,5979735
4,5,3151,completed,5980568
4,5,3152,completed,5982193
4,5,3153,completed,6011277
4,5,3154,completed,6016402
4,5,3155,completed,6017485
4,5,3156,completed,6018818
4,5,3157,completed,5967651
4,5,3158,completed,5982318
4,5,3159,completed,5992818
4,5,3160,completed,6003734
4,5,3161,completed,6007485
4,5,3162,completed,6001151
4,5,3163,completed,5991193
4,5,3164,completed,5966443
4,5,3165,completed,6101568
4,5,3166,completed,6107817
4,5,3167,completed,6109401
4,5,3168,completed,6111026
4,5,3169,completed,7598064
4,5,3170,completed,7596564
4,5,3171,completed,7597772
4,5,3172,completed,7599230
4,5,3173,completed,5417736
4,5,3174,completed,5425403
4,5,3175,completed,5426528
4,5,3176,completed,5427111
4,5,3177,completed,6433692
4,5,3178,completed,6434650
4,5,3179,completed,6447109
4,5,3180,completed,6459983
4,5,3181,completed,5890277
4,5,3182,completed,5881068
4,5,3183,completed,5868985
4,5,3184,completed,5858902
4,5,3185,completed,6102026
4,5,3186,completed,6109151
4,5,3187,completed,6110943
4,5,3188,completed,6112526
4,5,3189,completed,5957693
4,5,3190,completed,5950068
4,5,3191,completed,5950610
4,5,3192,completed,5951193
4,5,3193,completed,5969401
4,5,3194,completed,5971193
4,5,3195,completed,5972068
4,5,3196,completed,5972901
4,5,3197,completed,5902443
4,5,3198,completed,5905110
4,5,3199,completed,5905276
4,5,3200,completed,5905401
4,5,3201,completed,6036568
4,5,3202,completed,6028651
4,5,3203,completed,6033527
4,5,3204,completed,6037651
4,5,3205,completed,5774110
4,5,3206,completed,5779610
4,5,3207,completed,5776402
4,5,3208,completed,5773735
4,5,3209,completed,6197651
4,5,3210,completed,6208692
4,5,3211,completed,6214692
4,5,3212,completed,6221984
4,5,3213,completed,5587985
4,5,3214,completed,5596944
4,5,3215,completed,5599361
4,5,3216,completed,5603319
4,5,3217,completed,6360067
4,5,3218,completed,6354651
4,5,3219,completed,6348192
4,5,3220,completed,6341484
4,5,3221,completed,5735569
4,5,3222,completed,5736151
4,5,3223,completed,5732819
4,5,3224,completed,5729819
4,5,3225,completed,5750277
4,5,3226,completed,5742277
4,5,3227,completed,5743361
4,5,3228,completed,5745152
4,5,3229,completed,6546900
4,5,3230,completed,6555317
4,5,3231,completed,6556775
4,5,3232,completed,6557983
4,5,3233,completed,5976276
4,5,3234,completed,5988068
4,5,3235,completed,5988985
4,5,3236,completed,5989651
4,5,3237,completed,5972068
4,5,3238,completed,5974818
4,5,3239,completed,5986360
4,5,3240,completed,5997526
4,5,3241,completed,6137443
4,5,3242,completed,6129568
4,5,3243,completed,6119818
4,5,3244,completed,6110234
4,5,3245,completed,5749527
4,5,3246,completed,5752402
4,5,3247,completed,5753902
4,5,3248,completed,5754985
4,5,3249,completed,6125526
4,5,3250,completed,6130193
4,5,3251,completed,6131485
4,5,3252,completed,6132526
4,5,3253,completed,5938109
4,5,3254,completed,5943026
4,5,3255,completed,5944068
4,5,3256,completed,5944568
4,5,3257,completed,5868194
4,5,3258,completed,5862402
4,5,3259,completed,5862485
4,5,3260,completed,5862777
4,5,3261,completed,7214356
4,5,3262,completed,7218148
4,5,3263,completed,7221190
4,5,3264,completed,7222398
4,5,3265,completed,5921402
4,5,3266,completed,5944027
4,5,3267,completed,5956151
4,5,3268,completed,5968651
4,5,3269,completed,5966943
4,5,3270,completed,5958193
4,5,3271,completed,5947944
4,5,3272,completed,5937485
4,5,3273,completed,5974860
4,5,3274,completed,6008318
4,5,3275,completed,6011485
4,5,3276,completed,6012568
4,5,3277,completed,5968985
4,5,3278,completed,5956985
4,5,3279,completed,5977277
4,5,3280,completed,5989193
4,5,3281,completed,5975360
4,5,3282,completed,5974401
4,5,3283,completed,5973110
4,5,3284,completed,5972318
4,5,3285,completed,5987818
4,5,3286,completed,5979151
4,5,3287,completed,5969276
4,5,3288,completed,5959151
4,5,3289,completed,5962526
4,5,3290,completed,5980693
4,5,3291,completed,5992818
4,5,3292,completed,6004151
4,5,3293,completed,5998777
4,5,3294,completed,5990610
4,5,3295,completed,5980526
4,5,3296,completed,5970152
4,5,3297,completed,5966485
4,5,3298,completed,5979318
4,5,3299,completed,5985526
4,5,3300,completed,5989818
4,5,3301,completed,5611485
4,5,3302,completed,5610319
4,5,3303,completed,5606611
4,5,3304,completed,5603277
4,5,3305,completed,6396692
4,5,3306,completed,6426692
4,5,3307,completed,6439984
4,5,3308,completed,6451816
4,5,3309,completed,5915194
4,5,3310,completed,5902985
4,5,3311,completed,5891610
4,5,3312,completed,5880444
4,5,3313,completed,5956110
4,5,3314,completed,5956735
4,5,3315,completed,5957109
4,5,3316,completed,5958068
4,5,3317,completed,6041985
4,5,3318,completed,6046026
4,5,3319,completed,6047568
4,5,3320,completed,6049026
4,5,3321,completed,5983151
4,5,3322,completed,6004276
4,5,3323,completed,6016902
4,5,3324,completed,6028401
4,5,3325,completed,5749735
4,5,3326,completed,5753236
4,5,3327,completed,5751985
4,5,3328,completed,5751485
4,5,3329,completed,5255445
4,5,3330,completed,5249445
4,5,3331,completed,5238487
4,5,3332,completed,5227987
4,5,3333,completed,5927610
4,5,3334,completed,5919026
4,5,3335,completed,5920193
4,5,3336,completed,5921860
4,5,3337,completed,5962484
4,5,3338,completed,5963527
4,5,3339,completed,5964485
4,5,3340,completed,5965484
4,5,3341,completed,5996402
4,5,3342,completed,5999360
4,5,3343,completed,6000235
4,5,3344,completed,6000985
4,5,3345,completed,5965026
4,5,3346,completed,5968318
4,5,3347,completed,5969402
4,5,3348,completed,5970484
4,5,3349,completed,6011568
4,5,3350,completed,6016485
4,5,3351,completed,6017651
4,5,3352,completed,6019276
4,5,3353,completed,5974943
4,5,3354,completed,5971985
4,5,3355,completed,5981859
4,5,3356,completed,5992193
4,5,3357,completed,5921485
4,5,3358,completed,5917402
4,5,3359,completed,5911068
4,5,3360,completed,5904027
4,5,3361,completed,6102859
4,5,3362,completed,6108192
4,5,3363,completed,6105401
4,5,3364,completed,6101942
4,5,3365,completed,5896526
4,5,3366,completed,5898610
4,5,3367,completed,5906401
4,5,3368,completed,5912943
4,5,3369,completed,6048568
4,5,3370,completed,6056027
4,5,3371,completed,6057901
4,5,3372,completed,6060443
4,5,3373,completed,5932443
4,5,3374,completed,5930943
4,5,3375,completed,5923526
4,5,3376,completed,5916610
4,5,3377,completed,5981152
4,5,3378,completed,5979610
4,5,3379,completed,5980818
4,5,3380,completed,5982234
4,5,3381,completed,5979776
4,5,3382,completed,5982985
4,5,3383,completed,5984401
4,5,3384,completed,5985360
4,5,3385,completed,5964777
4,5,3386,completed,5966485
4,5,3387,completed,5967485
4,5,3388,completed,5968318
4,5,3389,completed,5976235
4,5,3390,completed,5978859
4,5,3391,completed,5979776
4,5,3392,completed,5980776
4,5,3393,completed,5976568
4,5,3394,completed,5979610
4,5,3395,completed,5980318
4,5,3396,completed,5981068
4,5,3397,completed,6024234
4,5,3398,completed,6035234
4,5,3399,completed,6037776
4,5,3400,completed,6039360
4,5,3401,completed,6039943
4,5,3402,completed,6047526
4,5,3403,completed,6051610
4,5,3404,completed,6055360
4,5,3405,completed,5971943
4,5,3406,completed,5972693
4,5,3407,completed,5972193
4,5,3408,completed,5971901
4,5,3409,completed,5937610
4,5,3410,completed,5954735
4,5,3411,completed,5961818
4,5,3412,completed,5969234
4,5,3413,completed,5992027
4,5,3414,completed,5983734
4,5,3415,completed,5974193
4,5,3416,completed,5964859
4,5,3417,completed,6019318
4,5,3418,completed,6024443
4,5,3419,completed,6025192
4,5,3420,completed,6025485
4,5,3421,completed,5944526
4,5,3422,completed,5951568
4,5,3423,completed,5963943
4,5,3424,completed,5975651
4,5,3425,completed,5957568
4,5,3426,completed,5947110
4,5,3427,completed,5936443
4,5,3428,completed,5926443
4,5,3429,completed,5970443
4,5,3430,completed,5973651
4,5,3431,completed,5974568
4,5,3432,completed,5975652
4,5,3433,completed,5559944
4,5,3434,completed,5581402
4,5,3435,completed,5593069
4,5,3436,completed,5619652
4,5,3437,completed,6425692
4,5,3438,completed,6435983
4,5,3439,completed,6431817
4,5,3440,completed,6410775
4,5,3441,completed,6013193
4,5,3442,completed,6016651
4,5,3443,completed,6013193
4,5,3444,completed,6008401
4,5,3445,completed,5868194
4,5,3446,completed,5882319
4,5,3447,completed,5884777
4,5,3448,completed,5885901
4,5,3449,completed,6052610
4,5,3450,completed,6048068
4,5,3451,completed,6056610
4,5,3452,completed,6065068
4,5,3453,completed,5982818
4,5,3454,completed,5974735
4,5,3455,completed,5966902
4,5,3456,completed,5959527
4,5,3457,completed,5968235
4,5,3458,completed,5970901
4,5,3459,completed,5972109
4,5,3460,completed,5973652
4,5,3461,completed,5469319
4,5,3462,completed,5473444
4,5,3463,completed,5474528
4,5,3464,completed,5475028
4,5,3465,completed,6472109
4,5,3466,completed,6482108
4,5,3467,completed,6487317
4,5,3468,completed,6491859
4,5,3469,completed,6013985
4,5,3470,completed,6024193
4,5,3471,completed,6030027
4,5,3472,completed,6036276
4,5,3473,completed,6010318
4,5,3474,completed,6004484
4,5,3475,completed,5994860
4,5,3476,completed,5985526
4,5,3477,completed,5949777
4,5,3478,completed,5959652
4,5,3479,completed,5965776
4,5,3480,completed,5971526
4,5,3481,completed,6164317
4,5,3482,completed,6174192
4,5,3483,completed,6179485
4,5,3484,completed,6185443
4,5,3485,completed,5860110
4,5,3486,completed,5855943
4,5,3487,completed,5846401
4,5,3488,completed,5837443
4,5,3489,completed,5881985
4,5,3490,completed,5900943
4,5,3491,completed,5912526
4,5,3492,completed,5924026
4,5,3493,completed,5921693
4,5,3494,completed,5932276
4,5,3495,completed,5922944
4,5,3496,completed,5912819
4,5,3497,completed,6104151
4,5,3498,completed,6084651
4,5,3499,completed,6090234
4,5,3500,completed,6096234
4,5,3501,completed,5940068
4,5,3502,completed,5939818
4,5,3503,completed,5935027
4,5,3504,completed,5930318
4,5,3505,completed,6041026
4,5,3506,completed,6041276
4,5,3507,completed,6041943
4,5,3508,completed,6042526
4,5,3509,completed,5696735
4,5,3510,completed,5702277
4,5,3511,completed,5703652
4,5,3512,completed,5705027
4,5,3513,completed,6314942
4,5,3514,completed,6316776
4,5,3515,completed,6317942
4,5,3516,completed,6318984
4,5,3517,completed,5924068
4,5,3518,completed,5925569
4,5,3519,completed,5926610
4,5,3520,completed,5927193
4,5,3521,completed,6002443
4,5,3522,completed,6005777
4,5,3523,completed,6006277
4,5,3524,completed,6006818
4,5,3525,completed,5970609
4,5,3526,completed,5970943
4,5,3527,completed,5971235
4,5,3528,completed,5971651
4,5,3529,completed,5954693
4,5,3530,completed,5973734
4,5,3531,completed,5979026
4,5,3532,completed,5984318
4,5,3533,completed,6015151
4,5,3534,completed,6010068
4,5,3535,completed,6004651
4,5,3536,completed,6001318
4,5,3537,completed,5919360
4,5,3538,completed,5922526
4,5,3539,completed,5923610
4,5,3540,completed,5924527
4,5,3541,completed,5488070
4,5,3542,completed,5501444
4,5,3543,completed,5502819
4,5,3544,completed,5503278
4,5,3545,completed,6520941
4,5,3546,completed,6508983
4,5,3547,completed,6509650
4,5,3548,completed,6510233
4,5,3549,completed,5695486
4,5,3550,completed,5704110
4,5,3551,completed,5704986
4,5,3552,completed,5705527
4,5,3553,completed,6275567
4,5,3554,completed,6286609
4,5,3555,completed,6292984
4,5,3556,completed,6298526
4,5,3557,completed,6011443
4,5,3558,completed,6016610
4,5,3559,completed,6016693
4,5,3560,completed,6017484
4,5,3561,completed,5939401
4,5,3562,completed,5940277
4,5,3563,completed,5934985
4,5,3564,completed,5929818
4,5,3565,completed,6072693
4,5,3566,completed,6068776
4,5,3567,completed,6069860
4,5,3568,completed,6070776
4,5,3569,completed,6061235
4,5,3570,completed,6070401
4,5,3571,completed,6076776
4,5,3572,completed,6081692
4,5,3573,completed,5895902
4,5,3574,completed,5897610
4,5,3575,completed,5893152
4,5,3576,completed,5889693
4,5,3577,completed,5958693
4,5,3578,completed,5961860
4,5,3579,completed,5967193
4,5,3580,completed,5973359
4,5,3581,completed,6011360
4,5,3582,completed,6007527
4,5,3583,completed,6002360
4,5,3584,completed,5997902
4,5,3585,completed,5992734
4,5,3586,completed,5998277
4,5,3587,completed,6000610
4,5,3588,completed,6002317
4,5,3589,completed,5972610
4,5,3590,completed,5994068
4,5,3591,completed,6006693
4,5,3592,completed,6017610
4,5,3593,completed,6005276
4,5,3594,completed,5996110
4,5,3595,completed,5985693
4,5,3596,completed,5975818
4,5,3597,completed,5957735
4,5,3598,completed,5954484
4,5,3599,completed,5955985
4,5,3600,completed,5957360
4,5,3601,completed,5940151
4,5,3602,completed,5948318
4,5,3603,completed,5954401
4,5,3604,completed,5959027
4,5,3605,completed,6073318
4,5,3606,completed,6081859
4,5,3607,completed,6077359
4,5,3608,completed,6072485
4,5,3609,completed,6093568
4,5,3610,completed,6102318
4,5,3611,completed,6104901
4,5,3612,completed,6106943
4,5,3613,completed,5800610
4,5,3614,completed,5810860
4,5,3615,completed,5817860
4,5,3616,completed,5824027
4,5,3617,completed,5986402
4,5,3618,completed,5999068
4,5,3619,completed,5993526
4,5,3620,completed,5987735
4,5,3621,completed,5570361
4,5,3622,completed,5558944
4,5,3623,completed,5559652
4,5,3624,completed,5560444
4,5,3625,completed,6385942
4,5,3626,completed,6397817
4,5,3627,completed,6404775
4,5,3628,completed,6411525
4,5,3629,completed,5977401
4,5,3630,completed,5990526
4,5,3631,completed,5986068
4,5,3632,completed,5982485
4,5,3633,completed,5971319
4,5,3634,completed,5986276
4,5,3635,completed,5990984
4,5,3636,completed,5996901
4,5,3637,completed,6007901
4,5,3638,completed,6004609
4,5,3639,completed,5999776
4,5,3640,completed,5994776
4,5,3641,completed,5964026
4,5,3642,completed,5978193
4,5,3643,completed,5987110
4,5,3644,completed,5996109
4,5,3645,completed,5974652
4,5,3646,completed,5967693
4,5,3647,completed,5959901
4,5,3648,completed,5951777
4,5,3649,completed,5987985
4,5,3650,completed,5999485
4,5,3651,completed,6005818
4,5,3652,completed,6011568
4,5,3653,completed,6008777
4,5,3654,completed,6017027
4,5,3655,completed,6013402
4,5,3656,completed,6002610
4,5,3657,completed,5971193
4,5,3658,completed,5966485
4,5,3659,completed,5973902
4,5,3660,completed,5980859
4,5,3661,completed,6058692
4,5,3662,completed,6062651
4,5,3663,completed,6057401
4,5,3664,completed,6053192
4,5,3665,completed,5929735
4,5,3666,completed,5932860
4,5,3667,completed,5938318
4,5,3668,completed,5943985
4,5,3669,completed,5985318
4,5,3670,completed,5980860
4,5,3671,completed,5974776
4,5,3672,completed,5968943
4,5,3673,completed,6003193
4,5,3674,completed,6009151
4,5,3675,completed,6010443
4,5,3676,completed,6011485
4,5,3677,completed,5575653
4,5,3678,completed,5594902
4,5,3679,completed,5596027
4,5,3680,completed,5597653
4,5,3681,completed,5924652
4,5,3682,completed,5928235
4,5,3683,completed,5928902
4,5,3684,completed,5929651
4,5,3685,completed,6399900
4,5,3686,completed,6433775
4,5,3687,completed,6438109
4,5,3688,completed,6440442
4,5,3689,completed,6008693
4,5,3690,completed,5996984
4,5,3691,completed,6007318
4,5,3692,completed,6018651
4,5,3693,completed,5973485
4,5,3694,completed,5962568
4,5,3695,completed,5951026
4,5,3696,completed,5940318
4,5,3697,completed,6012985
4,5,3698,completed,6035026
4,5,3699,completed,6046318
4,5,3700,completed,6057735
4,5,3701,completed,5936985
4,5,3702,completed,5928401
4,5,3703,completed,5917943
4,5,3704,completed,5907777
4,5,3705,completed,5997526
4,5,3706,completed,5997484
4,5,3707,completed,6003693
4,5,3708,completed,6010026
4,5,3709,completed,5981360
4,5,3710,completed,5990652
4,5,3711,completed,5986984
4,5,3712,completed,5981652
4,5,3713,completed,5979110
4,5,3714,completed,5979151
4,5,3715,completed,5990443
4,5,3716,completed,6001401
4,5,3717,completed,6005401
4,5,3718,completed,5998401
4,5,3719,completed,5988860
4,5,3720,completed,5979318
4,5,3721,completed,6004943
4,5,3722,completed,6026235
4,5,3723,completed,6037735
4,5,3724,completed,6049193
4,5,3725,completed,6053068
4,5,3726,completed,6044610
4,5,3727,completed,6035192
4,5,3728,completed,6024984
4,5,3729,completed,5826443
4,5,3730,completed,5828526
4,5,3731,completed,5829235
4,5,3732,completed,5830110
4,5,3733,completed,6037526
4,5,3734,completed,6041818
4,5,3735,completed,6042651
4,5,3736,completed,6043776
4,5,3737,completed,6007485
4,5,3738,completed,6010651
4,5,3739,completed,6011235
4,5,3740,completed,6011943
4,5,3741,completed,5992151
4,5,3742,completed,5997526
4,5,3743,completed,5998610
4,5,3744,completed,6000110
4,5,3745,completed,5861652
4,5,3746,completed,5863069
4,5,3747,completed,5864694
4,5,3748,completed,5865985
4,5,3749,completed,5579027
4,5,3750,completed,5579527
4,5,3751,completed,5580319
4,5,3752,completed,5581069
4,5,3753,completed,6455233
4,5,3754,completed,6456650
4,5,3755,completed,6456858
4,5,3756,completed,6457025
4,5,3757,completed,6003943
4,5,3758,completed,6009068
4,5,3759,completed,6010735
4,5,3760,completed,6012193
4,5,3761,completed,5779861
4,5,3762,completed,5782443
4,5,3763,completed,5783610
4,5,3764,completed,5784527
4,5,3765,completed,6175109
4,5,3766,completed,6189609
4,5,3767,completed,6196567
4,5,3768,completed,6203110
4,5,3769,completed,5970818
4,5,3770,completed,5966484
4,5,3771,completed,5960651
4,5,3772,completed,5955360
4,5,3773,completed,5987027
4,5,3774,completed,5989276
4,5,3775,completed,5990276
4,5,3776,completed,5991068
4,5,3777,completed,5999026
4,5,3778,completed,6015401
4,5,3779,completed,6026777
4,5,3780,completed,6033568
4,5,3781,completed,5998818
4,5,3782,completed,6008359
4,5,3783,completed,5999943
4,5,3784,completed,6000776
4,5,3785,completed,6003860
4,5,3786,completed,5966402
4,5,3787,completed,5966652
4,5,3788,completed,5967359
4,5,3789,completed,5958693
4,5,3790,completed,5961943
4,5,3791,completed,5963110
4,5,3792,completed,5964526
4,5,3793,completed,6004943
4,5,3794,completed,6006401
4,5,3795,completed,6007234
4,5,3796,completed,6008109
4,5,3797,completed,5987943
4,5,3798,completed,5991360
4,5,3799,completed,5992360
4,5,3800,completed,5993110
4,5,3801,completed,5914151
4,5,3802,completed,5919234
4,5,3803,completed,5922443
4,5,3804,completed,5926276
4,5,3805,completed,6058443
4,5,3806,completed,6061443
4,5,3807,completed,6058777
4,5,3808,completed,6056734
4,5,3809,completed,6010609
4,5,3810,completed,6012859
4,5,3811,completed,6012859
4,5,3812,completed,6013235
4,5,3813,completed,5931777
4,5,3814,completed,5936235
4,5,3815,completed,5937652
4,5,3816,completed,5939276
4,5,3817,completed,5935568
4,5,3818,completed,5939568
4,5,3819,completed,5944234
4,5,3820,completed,5948026
4,5,3821,completed,6148193
4,5,3822,completed,6161151
4,5,3823,completed,6167901
4,5,3824,completed,6174484
4,5,3825,completed,5873693
4,5,3826,completed,5876152
4,5,3827,completed,5875652
4,5,3828,completed,5875444
4,5,3829,completed,6006943
4,5,3830,completed,6020776
4,5,3831,completed,6018818
4,5,3832,completed,6016693
4,5,3833,completed,6005818
4,5,3834,completed,6007818
4,5,3835,completed,6004901
4,5,3836,completed,6001151
4,5,3837,completed,5954109
4,5,3838,completed,5967276
4,5,3839,completed,5973401
4,5,3840,completed,5979901
4,5,3841,completed,5977568
4,5,3842,completed,5986485
4,5,3843,completed,5978818
4,5,3844,completed,5968360
4,5,3845,completed,5889277
4,5,3846,completed,5885568
4,5,3847,completed,5894276
4,5,3848,completed,5902568
4,5,3849,completed,5943859
4,5,3850,completed,5953568
4,5,3851,completed,5954652
4,5,3852,completed,5955360
4,5,3853,completed,6119609
4,5,3854,completed,6113234
4,5,3855,completed,6105192
4,5,3856,completed,6097859
4,5,3857,completed,5907651
4,5,3858,completed,5921193
4,5,3859,completed,5926693
4,5,3860,completed,5931527
4,5,3861,completed,6061818
4,5,3862,completed,6072817
4,5,3863,completed,6079193
4,5,3864,completed,6085109
4,5,3865,completed,6006484
4,5,3866,completed,5998068
4,5,3867,completed,5988109
4,5,3868,completed,5978527
4,5,3869,completed,5997735
4,5,3870,completed,5987943
4,5,3871,completed,5988943
4,5,3872,completed,5990026
4,5,3873,completed,6067484
4,5,3874,completed,6090735
4,5,3875,completed,6099276
4,5,3876,completed,6107526
4,5,3877,completed,5414486
4,5,3878,completed,5427903
4,5,3879,completed,5431152
4,5,3880,completed,5434736
4,5,3881,completed,6072735
4,5,3882,completed,6063568
4,5,3883,completed,6054235
4,5,3884,completed,6044151
4,5,3885,completed,6538317
4,5,3886,completed,6568399
4,5,3887,completed,6572733
4,5,3888,completed,6574233
4,5,3889,completed,5804736
4,5,3890,completed,5797694
4,5,3891,completed,5808485
4,5,3892,completed,5819485
4,5,3893,completed,5981610
4,5,3894,completed,5971860
4,5,3895,completed,5961360
4,5,3896,completed,5951735
4,5,3897,completed,6054777
4,5,3898,completed,6065193
4,5,3899,completed,6067110
4,5,3900,completed,6069401
4,5,3901,completed,5862693
4,5,3902,completed,5869569
4,5,3903,completed,5874902
4,5,3904,completed,5878484
4,5,3905,completed,6002692
4,5,3906,completed,6001110
4,5,3907,completed,5997943
4,5,3908,completed,5995318
4,5,3909,completed,6004359
4,5,3910,completed,6007401
4,5,3911,completed,6008318
4,5,3912,completed,6009943
4,5,3913,completed,5952693
4,5,3914,completed,5966026
4,5,3915,completed,5977151
4,5,3916,completed,5987651
4,5,3917,completed,6029193
4,5,3918,completed,6023901
4,5,3919,completed,6014609
4,5,3920,completed,6005401
4,5,3921,completed,5967360
4,5,3922,completed,5988985
4,5,3923,completed,5996901
4,5,3924,completed,6003859
4,5,3925,completed,5953943
4,5,3926,completed,5948026
4,5,3927,completed,5942777
4,5,3928,completed,5936943
4,5,3929,completed,5985026
4,5,3930,completed,5994276
4,5,3931,completed,5995527
4,5,3932,completed,5996776
4,5,3933,completed,5970484
4,5,3934,completed,5982693
4,5,3935,completed,5987402
4,5,3936,completed,5992527
4,5,3937,completed,6003902
4,5,3938,completed,6002193
4,5,3939,completed,5997735
4,5,3940,completed,5994360
4,5,3941,completed,6006193
4,5,3942,completed,6015401
4,5,3943,completed,6017485
4,5,3944,completed,6018984
4,5,3945,completed,5968027
4,5,3946,completed,5971152
4,5,3947,completed,5972443
4,5,3948,completed,5973443
4,5,3949,completed,5950193
4,5,3950,completed,5951818
4,5,3951,completed,5952984
4,5,3952,completed,5953902
4,5,3953,completed,6110651
4,5,3954,completed,6113484
4,5,3955,completed,6114068
4,5,3956,completed,6114234
4,5,3957,completed,5856027
4,5,3958,completed,5863318
4,5,3959,completed,5874610
4,5,3960,completed,5885319
4,5,3961,completed,6036526
4,5,3962,completed,6028276
4,5,3963,completed,6018359
4,5,3964,completed,6008193
4,5,3965,completed,5892526
4,5,3966,completed,5894110
4,5,3967,completed,5894943
4,5,3968,completed,5895527
4,5,3969,completed,6059151
4,5,3970,completed,6064026
4,5,3971,completed,6065651
4,5,3972,completed,6067443
4,5,3973,completed,5988651
4,5,3974,completed,6005318
4,5,3975,completed,6006526
4,5,3976,completed,6007734
4,5,3977,completed,5950651
4,5,3978,completed,5969985
4,5,3979,completed,5981984
4,5,3980,completed,5993068
4,5,3981,completed,5839319
4,5,3982,completed,5828985
4,5,3983,completed,5818901
4,5,3984,completed,5809360
4,5,3985,completed,6125109
4,5,3986,completed,6128568
4,5,3987,completed,6129568
4,5,3988,completed,6130693
4,5,3989,completed,6014777
4,5,3990,completed,6036152
4,5,3991,completed,6048651
4,5,3992,completed,6059068
4,5,3993,completed,5934818
4,5,3994,completed,5924484
4,5,3995,completed,5914610
4,5,3996,completed,5905069
4,5,3997,completed,5995609
4,5,3998,completed,6001693
4,5,3999,completed,6003068
4,5,4000,completed,6004610
4,5,4001,completed,5931985
4,5,4002,completed,5938818
4,5,4003,completed,5943318
4,5,4004,completed,5947152
4,5,4005,completed,6000402
4,5,4006,completed,6009943
4,5,4007,completed,6016360
4,5,4008,completed,6023110
4,5,4009,completed,6001318
4,5,4010,completed,5992651
4,5,4011,completed,5982860
4,5,4012,completed,5972652
4,5,4013,completed,5992568
4,5,4014,completed,5995901
4,5,4015,completed,5997151
4,5,4016,completed,5998651
4,5,4017,completed,5951026
4,5,4018,completed,5970234
4,5,4019,completed,5982651
4,5,4020,completed,5993902
4,5,4021,completed,6003485
4,5,4022,completed,6001901
4,5,4023,completed,5995526
4,5,4024,completed,5987818
4,5,4025,completed,5532444
4,5,4026,completed,5531486
4,5,4027,completed,5528278
4,5,4028,completed,5525445
4,5,4029,completed,6421525
4,5,4030,completed,6421692
4,5,4031,completed,6421776
4,5,4032,completed,6421650
4,5,4033,completed,6179360
4,5,4034,completed,6176484
4,5,4035,completed,6177193
4,5,4036,completed,6178109
4,5,4037,completed,6037735
4,5,4038,completed,6039359
4,5,4039,completed,6040818
4,5,4040,completed,6042776
4,5,4041,completed,5810444
4,5,4042,completed,5805443
4,5,4043,completed,5805110
4,5,4044,completed,5805360
4,5,4045,completed,5925860
4,5,4046,completed,5936569
4,5,4047,completed,5946526
4,5,4048,completed,5956068
4,5,4049,completed,6004277
4,5,4050,completed,5998151
4,5,4051,completed,5989776
4,5,4052,completed,5981485
4,5,4053,completed,5952901
4,5,4054,completed,5961901
4,5,4055,completed,5966401
4,5,4056,completed,5970359
4,5,4057,completed,6024526
4,5,4058,completed,6024567
4,5,4059,completed,6022068
4,5,4060,completed,6018984
4,5,4061,completed,5404320
4,5,4062,completed,5415820
4,5,4063,completed,5422361
4,5,4064,completed,5427653
4,5,4065,completed,6536983
4,5,4066,completed,6534608
4,5,4067,completed,6529441
4,5,4068,completed,6524941
4,5,4069,completed,6003651
4,5,4070,completed,6001902
4,5,4071,completed,6003318
4,5,4072,completed,6004902
4,5,4073,completed,5983943
4,5,4074,completed,5985359
4,5,4075,completed,5986318
4,5,4076,completed,5987234
4,5,4077,completed,6002235
4,5,4078,completed,6016276
4,5,4079,completed,6021609
4,5,4080,completed,5976776
4,5,4081,completed,5959026
4,5,4082,completed,5968026
4,5,4083,completed,5972277
4,5,4084,completed,5977485
4,5,4085,completed,6015235
4,5,4086,completed,6014527
4,5,4087,completed,6004276
4,5,4088,completed,5994109
4,5,4089,completed,5952318
4,5,4090,completed,5947152
4,5,4091,completed,5948276
4,5,4092,completed,5949735
4,5,4093,completed,5972568
4,5,4094,completed,5974901
4,5,4095,completed,5975902
4,5,4096,completed,5976901
4,5,4097,completed,5983234
4,5,4098,completed,5984443
4,5,4099,completed,5984359
4,5,4100,completed,5984277
4,5,4101,completed,5996068
4,5,4102,completed,6000318
4,5,4103,completed,6001901
4,5,4104,completed,6003609
4,5,4105,completed,6012443
4,5,4106,completed,6017026
4,5,4107,completed,6018068
4,5,4108,completed,6018735
4,5,4109,completed,5945193
4,5,4110,completed,5955901
4,5,4111,completed,5962776
4,5,4112,completed,5969193
4,5,4113,completed,6023776
4,5,4114,completed,6023777
4,5,4115,completed,6019235
4,5,4116,completed,6014360
4,5,4117,completed,6111526
4,5,4118,completed,6114484
4,5,4119,completed,6115526
4,5,4120,completed,6116734
4,5,4121,completed,5842026
4,5,4122,completed,5847651
4,5,4123,completed,5849110
4,5,4124,completed,5850235
4,5,4125,completed,5951776
4,5,4126,completed,5957318
4,5,4127,completed,5961527
4,5,4128,completed,5965068
4,5,4129,completed,6000110
4,5,4130,completed,6002151
4,5,4131,completed,5999901
4,5,4132,completed,5997318
4,5,4133,completed,6083610
4,5,4134,completed,6095942
4,5,4135,completed,6101485
4,5,4136,completed,6106359
4,5,4137,completed,5930109
4,5,4138,completed,5934860
4,5,4139,completed,5933318
4,5,4140,completed,5932568
4,5,4141,completed,5602361
4,5,4142,completed,5605319
4,5,4143,completed,5603152
4,5,4144,completed,5600569
4,5,4145,completed,6253734
4,5,4146,completed,6258776
4,5,4147,completed,6260359
4,5,4148,completed,6261400
4,5,4149,completed,5596611
4,5,4150,completed,5605986
4,5,4151,completed,5619444
4,5,4152,completed,5622027
4,5,4153,completed,6431776
4,5,4154,completed,6448442
4,5,4155,completed,6458608
4,5,4156,completed,6468859
4,5,4157,completed,5989110
4,5,4158,completed,5982068
4,5,4159,completed,5972527
4,5,4160,completed,5961526
4,5,4161,completed,6041610
4,5,4162,completed,6044276
4,5,4163,completed,6046359
4,5,4164,completed,6048067
4,5,4165,completed,5920110
4,5,4166,completed,5877610
4,5,4167,completed,5876026
4,5,4168,completed,5876277
4,5,4169,completed,5965985
4,5,4170,completed,5974569
4,5,4171,completed,5979568
4,5,4172,completed,5984443
4,5,4173,completed,5548944
4,5,4174,completed,5558861
4,5,4175,completed,5564778
4,5,4176,completed,5571486
4,5,4177,completed,6435942
4,5,4178,completed,6440483
4,5,4179,completed,6430859
4,5,4180,completed,6420858
4,5,4181,completed,5408361
4,5,4182,completed,5410986
4,5,4183,completed,5410945
4,5,4184,completed,5411153
4,5,4185,completed,6523650
4,5,4186,completed,6552358
4,5,4187,completed,6566192
4,5,4188,completed,6578441
4,5,4189,completed,5981985
4,5,4190,completed,5969818
4,5,4191,completed,5957693
4,5,4192,completed,5947818
4,5,4193,completed,6044860
4,5,4194,completed,6071901
4,5,4195,completed,6084817
4,5,4196,completed,6096484
4,5,4197,completed,5908276
4,5,4198,completed,5901235
4,5,4199,completed,5893902
4,5,4200,completed,5886943
4,5,4201,completed,5956402
4,5,4202,completed,5958818
4,5,4203,completed,5956776
4,5,4204,completed,5954568
4,5,4205,completed,5935068
4,5,4206,completed,5938818
4,5,4207,completed,5938776
4,5,4208,completed,5939443
4,5,4209,completed,5897318
4,5,4210,completed,5900152
4,5,4211,completed,5906985
4,5,4212,completed,5912777
4,5,4213,completed,6182026
4,5,4214,completed,6180068
4,5,4215,completed,6174484
4,5,4216,completed,6170025
4,5,4217,completed,5650277
4,5,4218,completed,5658403
4,5,4219,completed,5660527
4,5,4220,completed,5661652
4,5,4221,completed,6288317
4,5,4222,completed,6282817
4,5,4223,completed,6288400
4,5,4224,completed,6293692
4,5,4225,completed,5994151
4,5,4226,completed,5990734
4,5,4227,completed,5986276
4,5,4228,completed,5981402
4,5,4229,completed,5399986
4,5,4230,completed,5410569
4,5,4231,completed,5411112
4,5,4232,completed,5411778
4,5,4233,completed,6560733
4,5,4234,completed,6571691
4,5,4235,completed,6573942
4,5,4236,completed,6575817
4,5,4237,completed,5503027
4,5,4238,completed,5493444
4,5,4239,completed,5493861
4,5,4240,completed,5494528
4,5,4241,completed,6475859
4,5,4242,completed,6485275
4,5,4243,completed,6487192
4,5,4244,completed,6489025
4,5,4245,completed,5813443
4,5,4246,completed,5808526
4,5,4247,completed,5808694
4,5,4248,completed,5808902
4,5,4249,completed,5572861
4,5,4250,completed,5574485
4,5,4251,completed,5575194
4,5,4252,completed,5575694
4,5,4253,completed,6430483
4,5,4254,completed,6431776
4,5,4255,completed,6432400
4,5,4256,completed,6433442
4,5,4257,completed,5994277
4,5,4258,completed,5995568
4,5,4259,completed,5996402
4,5,4260,completed,5997110
4,5,4261,completed,5978776
4,5,4262,completed,5983068
4,5,4263,completed,5983443
4,5,4264,completed,5984484
4,5,4265,completed,5988776
4,5,4266,completed,5988027
4,5,4267,completed,5988943
4,5,4268,completed,5989943
4,5,4269,completed,5397028
4,5,4270,completed,5397528
4,5,4271,completed,5397819
4,5,4272,completed,5398361
4,5,4273,completed,6490817
4,5,4274,completed,6501609
4,5,4275,completed,6502234
4,5,4276,completed,6502983
4,5,4277,completed,5997235
4,5,4278,completed,6005901
4,5,4279,completed,6007901
4,5,4280,completed,6009984
4,5,4281,completed,5981776
4,5,4282,completed,5979401
4,5,4283,completed,5979776
4,5,4284,completed,5980027
4,5,4285,completed,5974568
4,5,4286,completed,5986276
4,5,4287,completed,5988484
4,5,4288,completed,5990902
4,5,4289,completed,5982860
4,5,4290,completed,5982609
4,5,4291,completed,5983818
4,5,4292,completed,5985484
4,5,4293,completed,5933318
4,5,4294,completed,5928026
4,5,4295,completed,5927944
4,5,4296,completed,5928318
4,5,4297,completed,5924985
4,5,4298,completed,5925485
4,5,4299,completed,5926277
4,5,4300,completed,5926985
4,5,4301,completed,6119735
4,5,4302,completed,6120318
4,5,4303,completed,6120984
4,5,4304,completed,6121568
4,5,4305,completed,5890568
4,5,4306,completed,5896651
4,5,4307,completed,5897484
4,5,4308,completed,5899068
4,5,4309,completed,6010401
4,5,4310,completed,6009527
4,5,4311,completed,6010360
4,5,4312,completed,6011193
4,5,4313,completed,5892694
4,5,4314,completed,5893527
4,5,4315,completed,5894152
4,5,4316,completed,5894901
4,5,4317,completed,5833902
4,5,4318,completed,5843152
4,5,4319,completed,5900652
4,5,4320,completed,5903318
4,5,4321,completed,5675068
4,5,4322,completed,5672444
4,5,4323,completed,5672777
4,5,4324,completed,5673152
4,5,4325,completed,6292818
4,5,4326,completed,6289609
4,5,4327,completed,6290026
4,5,4328,completed,6290859
4,5,4329,completed,6052526
4,5,4330,completed,6101734
4,5,4331,completed,6104067
4,5,4332,completed,6107068
4,5,4333,completed,5837944
4,5,4334,completed,5833902
4,5,4335,completed,5841110
4,5,4336,completed,5842069
4,5,4337,completed,5965734
4,5,4338,completed,5968359
4,5,4339,completed,5969068
4,5,4340,completed,5970068
4,5,4341,completed,6000110
4,5,4342,completed,6005484
4,5,4343,completed,6005735
4,5,4344,completed,6006943
4,5,4345,completed,5920651
4,5,4346,completed,5920027
4,5,4347,completed,5920610
4,5,4348,completed,5921985
4,5,4349,completed,5787068
4,5,4350,completed,5795651
4,5,4351,completed,5796193
4,5,4352,completed,5797318
4,5,4353,completed,6187526
4,5,4354,completed,6198526
4,5,4355,completed,6200276
4,5,4356,completed,6202942
4,5,4357,completed,5915443
4,5,4358,completed,5918443
4,5,4359,completed,5918943
4,5,4360,completed,5919902
4,5,4361,completed,5901568
4,5,4362,completed,5906610
4,5,4363,completed,5907235
4,5,4364,completed,5908443
4,5,4365,completed,6022901
4,5,4366,completed,6024526
4,5,4367,completed,6025151
4,5,4368,completed,6026359
4,5,4369,completed,5950526
4,5,4370,completed,5950276
4,5,4371,completed,5951402
4,5,4372,completed,5951901
4,5,4373,completed,5974027
4,5,4374,completed,6014734
4,5,4375,completed,6018318
4,5,4376,completed,6020652
4,5,4377,completed,6001527
4,5,4378,completed,5979818
4,5,4379,completed,5990859
4,5,4380,completed,6002860
4,5,4381,completed,5953193
4,5,4382,completed,5956651
4,5,4383,completed,5945318
4,5,4384,completed,5934277
4,5,4385,completed,6044984
4,5,4386,completed,6052984
4,5,4387,completed,6054943
4,5,4388,completed,6056942
4,5,4389,completed,5864277
4,5,4390,completed,5862693
4,5,4391,completed,5863568
4,5,4392,completed,5864818
4,5,4393,completed,6008443
4,5,4394,completed,6010693
4,5,4395,completed,6011901
4,5,4396,completed,6012985
4,5,4397,completed,5975693
4,5,4398,completed,5976402
4,5,4399,completed,5978110
4,5,4400,completed,5979318
4,5,4401,completed,5587027
4,5,4402,completed,5586319
4,5,4403,completed,5587194
4,5,4404,completed,5587569
4,5,4405,completed,6188943
4,5,4406,completed,6192484
4,5,4407,completed,6193443
4,5,4408,completed,6194151
4,5,4409,completed,5945568
4,5,4410,completed,5944193
4,5,4411,completed,5944651
4,5,4412,completed,5944860
4,5,4413,completed,5758485
4,5,4414,completed,5760527
4,5,4415,completed,5761277
4,5,4416,completed,5762193
4,5,4417,completed,6195443
4,5,4418,completed,6194775
4,5,4419,completed,6196734
4,5,4420,completed,6198651
4,5,4421,completed,5966985
4,5,4422,completed,5970902
4,5,4423,completed,5971776
4,5,4424,completed,5973110
4,5,4425,completed,6026110
4,5,4426,completed,6026568
4,5,4427,completed,6027610
4,5,4428,completed,6028401
4,5,4429,completed,5876277
4,5,4430,completed,5875984
4,5,4431,completed,5876568
4,5,4432,completed,5876818
4,5,4433,completed,5428320
4,5,4434,completed,5430527
4,5,4435,completed,5430986
4,5,4436,completed,5432111
4,5,4437,completed,6557275
4,5,4438,completed,6556941
4,5,4439,completed,6558650
4,5,4440,completed,6560109
4,5,4441,completed,5880569
4,5,4442,completed,5883693
4,5,4443,completed,5884777
4,5,4444,completed,5885777
4,5,4445,completed,5833777
4,5,4446,completed,5834443
4,5,4447,completed,5835360
4,5,4448,completed,5836568
4,5,4449,completed,6050235
4,5,4450,completed,6053693
4,5,4451,completed,6054860
4,5,4452,completed,6056110
4,5,4453,completed,5941943
4,5,4454,completed,5943860
4,5,4455,completed,5943985
4,5,4456,completed,5944401
4,5,4457,completed,5964735
4,5,4458,completed,5961985
4,5,4459,completed,5963485
4,5,4460,completed,5965027
4,5,4461,completed,5947027
4,5,4462,completed,5945568
4,5,4463,completed,5946819
4,5,4464,completed,5948276
4,5,4465,completed,5968902
4,5,4466,completed,5991734
4,5,4467,completed,6005193
4,5,4468,completed,6016902
4,5,4469,completed,5967318
4,5,4470,completed,5956651
4,5,4471,completed,5945985
4,5,4472,completed,5936443
4,5,4473,completed,6054985
4,5,4474,completed,6081901
4,5,4475,completed,6084152
4,5,4476,completed,6085027
4,5,4477,completed,5909027
4,5,4478,completed,5902860
4,5,4479,completed,5914152
4,5,4480,completed,5926402
4,5,4481,completed,5946318
4,5,4482,completed,5941568
4,5,4483,completed,5934985
4,5,4484,completed,5929818
4,5,4485,completed,6036527
4,5,4486,completed,6047693
4,5,4487,completed,6023568
4,5,4488,completed,6019318
4,5,4489,completed,6007859
4,5,4490,completed,6010942
4,5,4491,completed,6012735
4,5,4492,completed,6013734
4,5,4493,completed,5690111
4,5,4494,completed,5689777
4,5,4495,completed,5691069
4,5,4496,completed,5693069
4,5,4497,completed,6187526
4,5,4498,completed,6191942
4,5,4499,completed,6192942
4,5,4500,completed,6193526
4,5,4501,completed,5733236
4,5,4502,completed,5731569
4,5,4503,completed,5733527
4,5,4504,completed,5735485
4,5,4505,completed,5660527
4,5,4506,completed,5678069
4,5,4507,completed,5689069
4,5,4508,completed,5697861
4,5,4509,completed,6565066
4,5,4510,completed,6562941
4,5,4511,completed,6554608
4,5,4512,completed,6547191
4,5,4513,completed,5928526
4,5,4514,completed,5950443
4,5,4515,completed,5962360
4,5,4516,completed,5974610
4,5,4517,completed,5594444
4,5,4518,completed,5589528
4,5,4519,completed,5578861
4,5,4520,completed,5568735
4,5,4521,completed,6259984
4,5,4522,completed,6261317
4,5,4523,completed,6262900
4,5,4524,completed,6264817
4,5,4525,completed,6002234
4,5,4526,completed,6001943
4,5,4527,completed,6002776
4,5,4528,completed,6004110
4,5,4529,completed,5950318
4,5,4530,completed,5949901
4,5,4531,completed,5950568
4,5,4532,completed,5951568
4,5,4533,completed,5962234
4,5,4534,completed,5966526
4,5,4535,completed,5967609
4,5,4536,completed,5968568
4,5,4537,completed,5972193
4,5,4538,completed,5973151
4,5,4539,completed,5974609
4,5,4540,completed,5976110
4,5,4541,completed,5962652
4,5,4542,completed,5969276
4,5,4543,completed,5970026
4,5,4544,completed,5970776
4,5,4545,completed,5916860
4,5,4546,completed,5923193
4,5,4547,completed,5950193
4,5,4548,completed,5951735
4,5,4549,completed,5890652
4,5,4550,completed,5898485
4,5,4551,completed,5898860
4,5,4552,completed,5898110
4,5,4553,completed,6005734
4,5,4554,completed,6007402
4,5,4555,completed,6008068
4,5,4556,completed,6009359
4,5,4557,completed,5952568
4,5,4558,completed,5959026
4,5,4559,completed,5959443
4,5,4560,completed,5960235
4,5,4561,completed,5984401
4,5,4562,completed,5994777
4,5,4563,completed,5996526
4,5,4564,completed,5998401
4,5,4565,completed,5898818
4,5,4566,completed,5892610
4,5,4567,completed,5892735
4,5,4568,completed,5892902
4,5,4569,completed,5574819
4,5,4570,completed,5575235
4,5,4571,completed,5575610
4,5,4572,completed,5576069
4,5,4573,completed,5944651
4,5,4574,completed,5962818
4,5,4575,completed,5964318
4,5,4576,completed,5966068
4,5,4577,completed,6338067
4,5,4578,completed,6338359
4,5,4579,completed,6339192
4,5,4580,completed,6339817
4,5,4581,completed,6147651
4,5,4582,completed,6156068
4,5,4583,completed,6157692
4,5,4584,completed,6159443
4,5,4585,completed,5852360
4,5,4586,completed,5861693
4,5,4587,completed,5863444
4,5,4588,completed,5864860
4,5,4589,completed,5447820
4,5,4590,completed,5455611
4,5,4591,completed,5456986
4,5,4592,completed,5458236
4,5,4593,completed,6351109
4,5,4594,completed,6351734
4,5,4595,completed,6352901
4,5,4596,completed,6353401
4,5,4597,completed,6015443
4,5,4598,completed,6020943
4,5,4599,completed,6021860
4,5,4600,completed,6022652
4,5,4601,completed,5929985
4,5,4602,completed,5933484
4,5,4603,completed,5934734
4,5,4604,completed,5935485
4,5,4605,completed,5926193
4,5,4606,completed,5926902
4,5,4607,completed,5927401
4,5,4608,completed,5927859
4,5,4609,completed,5865318
4,5,4610,completed,5866776
4,5,4611,completed,5867526
4,5,4612,completed,5867902
4,5,4613,completed,6073734
4,5,4614,completed,6079818
4,5,4615,completed,6081234
4,5,4616,completed,6082818
4,5,4617,completed,5997693
4,5,4618,completed,5997109
4,5,4619,completed,5998151
4,5,4620,completed,5998901
4,5,4621,completed,5768194
4,5,4622,completed,5766152
4,5,4623,completed,5766318
4,5,4624,completed,5766777
4,5,4625,completed,6118817
4,5,4626,completed,6115443
4,5,4627,completed,6116234
4,5,4628,completed,6117235
4,5,4629,completed,6143234
4,5,4630,completed,6152151
4,5,4631,completed,6153318
4,5,4632,completed,6154235
4,5,4633,completed,5825735
4,5,4634,completed,5830360
4,5,4635,completed,5831777
4,5,4636,completed,5832902
4,5,4637,completed,5945444
4,5,4638,completed,5944193
4,5,4639,completed,5944984
4,5,4640,completed,5946026
4,5,4641,completed,5959359
4,5,4642,completed,5971360
4,5,4643,completed,5973193
4,5,4644,completed,5974818
4,5,4645,completed,5854360
4,5,4646,completed,5857860
4,5,4647,completed,5859735
4,5,4648,completed,5860943
4,5,4649,completed,5945777
4,5,4650,completed,5943569
4,5,4651,completed,5944027
4,5,4652,completed,5944735
4,5,4653,completed,5920026
4,5,4654,completed,5920652
4,5,4655,completed,5921194
4,5,4656,completed,5921652
4,5,4657,completed,5994985
4,5,4658,completed,6000443
4,5,4659,completed,6001901
4,5,4660,completed,6003068
4,5,4661,completed,5923944
4,5,4662,completed,5923818
4,5,4663,completed,5924693
4,5,4664,completed,5925651
4,5,4665,completed,5562736
4,5,4666,completed,5558986
4,5,4667,completed,5559485
4,5,4668,completed,5560235
4,5,4669,completed,6292193
4,5,4670,completed,6295650
4,5,4671,completed,6296776
4,5,4672,completed,6298484
4,5,4673,completed,5998818
4,5,4674,completed,5997318
4,5,4675,completed,5998318
4,5,4676,completed,5999443
4,5,4677,completed,5959984
4,5,4678,completed,5964734
4,5,4679,completed,5965860
4,5,4680,completed,5966776
4,5,4681,completed,5954068
4,5,4682,completed,5955776
4,5,4683,completed,5956902
4,5,4684,completed,5957693
4,5,4685,completed,5970859
4,5,4686,completed,5976110
4,5,4687,completed,5976651
4,5,4688,completed,5977234
4,5,4689,completed,5956526
4,5,4690,completed,5959943
4,5,4691,completed,5961194
4,5,4692,completed,5962777
4,5,4693,completed,5545945
4,5,4694,completed,5547861
4,5,4695,completed,5548777
4,5,4696,completed,5549903
4,5,4697,completed,5934402
4,5,4698,completed,5937110
4,5,4699,completed,5938110
4,5,4700,completed,5939360
4,5,4701,completed,6304401
4,5,4702,completed,6297901
4,5,4703,completed,6297692
4,5,4704,completed,6297526
4,5,4705,completed,5994818
4,5,4706,completed,6002402
4,5,4707,completed,6003776
4,5,4708,completed,6005276
4,5,4709,completed,5860443
4,5,4710,completed,5861610
4,5,4711,completed,5861902
4,5,4712,completed,5862818
4,5,4713,completed,6078026
4,5,4714,completed,6083484
4,5,4715,completed,6085068
4,5,4716,completed,6086318
4,5,4717,completed,5429944
4,5,4718,completed,5429528
4,5,4719,completed,5429944
4,5,4720,completed,5430694
4,5,4721,completed,6412817
4,5,4722,completed,6410400
4,5,4723,completed,6410817
4,5,4724,completed,6411609
4,5,4725,completed,5701444
4,5,4726,completed,5706152
4,5,4727,completed,5707652
4,5,4728,completed,5709527
4,5,4729,completed,6236359
4,5,4730,completed,6237151
4,5,4731,completed,6237526
4,5,4732,completed,6238443
4,5,4733,completed,6031360
4,5,4734,completed,6033151
4,5,4735,completed,6033902
4,5,4736,completed,6034776
4,5,4737,completed,5946818
4,5,4738,completed,5947610
4,5,4739,completed,5948318
4,5,4740,completed,5949360
4,5,4741,completed,5891568
4,5,4742,completed,5896902
4,5,4743,completed,5897319
4,5,4744,completed,5898068
4,5,4745,completed,5905068
4,5,4746,completed,5911859
4,5,4747,completed,5913151
4,5,4748,completed,5914943
4,5,4749,completed,6064860
4,5,4750,completed,6068109
4,5,4751,completed,6069234
4,5,4752,completed,6070818
4,5,4753,completed,5365361
4,5,4754,completed,5367945
4,5,4755,completed,5369153
4,5,4756,completed,5370820
4,5,4757,completed,6483691
4,5,4758,completed,6485150
4,5,4759,completed,6486150
4,5,4760,completed,6487484
4,5,4761,completed,6030484
4,5,4762,completed,6033985
4,5,4763,completed,6035151
4,5,4764,completed,6036360
4,5,4765,completed,5873610
4,5,4766,completed,5878027
4,5,4767,completed,5878985
4,5,4768,completed,5879568
4,5,4769,completed,6012443
4,5,4770,completed,6016484
4,5,4771,completed,6018193
4,5,4772,completed,6019985
4,5,4773,completed,5973193
4,5,4774,completed,5973110
4,5,4775,completed,5973735
4,5,4776,completed,5973860
4,5,4777,completed,5904193
4,5,4778,completed,5908485
4,5,4779,completed,5909902
4,5,4780,completed,5911735
4,5,4781,completed,5977235
4,5,4782,completed,5977152
4,5,4783,completed,5977818
4,5,4784,completed,5979609
4,5,4785,completed,5959235
4,5,4786,completed,5961193
4,5,4787,completed,5962360
4,5,4788,completed,5963652
4,5,4789,completed,5927568
4,5,4790,completed,5930609
4,5,4791,completed,5931609
4,5,4792,completed,5932943
4,5,4793,completed,5974943
4,5,4794,completed,5978068
4,5,4795,completed,5979151
4,5,4796,completed,5980568
4,5,4797,completed,5963026
4,5,4798,completed,5975568
4,5,4799,completed,5976860
4,5,4800,completed,5978609
4,5,4801,completed,5351778
4,5,4802,completed,5353070
4,5,4803,completed,5354153
4,5,4804,completed,5355570
4,5,4805,completed,6471108
4,5,4806,completed,6472817
4,5,4807,completed,6473525
4,5,4808,completed,6474316
4,5,4809,completed,5603194
4,5,4810,completed,5602819
4,5,4811,completed,5602777
4,5,4812,completed,5603277
4,5,4813,completed,6288567
4,5,4814,completed,6293734
4,5,4815,completed,6295151
4,5,4816,completed,6296818
4,5,4817,completed,5987402
4,5,4818,completed,5986027
4,5,4819,completed,5986693
4,5,4820,completed,5987401
4,5,4821,completed,5512236
4,5,4822,completed,5523778
4,5,4823,completed,5525694
4,5,4824,completed,5528070
4,5,4825,completed,6360067
4,5,4826,completed,6359234
4,5,4827,completed,6360817
4,5,4828,completed,6362400
4,5,4829,completed,5988318
4,5,4830,completed,5986984
4,5,4831,completed,5987568
4,5,4832,completed,5987943
4,5,4833,completed,5951068
4,5,4834,completed,5954526
4,5,4835,completed,5955693
4,5,4836,completed,5956902
4,5,4837,completed,5947610
4,5,4838,completed,5948235
4,5,4839,completed,5949110
4,5,4840,completed,5950360
4,5,4841,completed,5862860
4,5,4842,completed,5866277
4,5,4843,completed,5867444
4,5,4844,completed,5868485
4,5,4845,completed,5920276
4,5,4846,completed,5922735
4,5,4847,completed,5923776
4,5,4848,completed,5925151
4,5,4849,completed,6098193
4,5,4850,completed,6100818
4,5,4851,completed,6102151
4,5,4852,completed,6103359
4,5,4853,completed,5953860
4,5,4854,completed,5956402
4,5,4855,completed,5957193
4,5,4856,completed,5958526
4,5,4857,completed,5936235
4,5,4858,completed,5943068
4,5,4859,completed,5944276
4,5,4860,completed,5945735
4,5,4861,completed,5910277
4,5,4862,completed,5919569
4,5,4863,completed,5920735
4,5,4864,completed,5921901
4,5,4865,completed,5954110
4,5,4866,completed,5951860
4,5,4867,completed,5952568
4,5,4868,completed,5953401
4,5,4869,completed,5973068
4,5,4870,completed,5975485
4,5,4871,completed,5976152
4,5,4872,completed,5976902
4,5,4873,completed,5949568
4,5,4874,completed,5957527
4,5,4875,completed,5958609
4,5,4876,completed,5959901
4,5,4877,completed,5621402
4,5,4878,completed,5623194
4,5,4879,completed,5623569
4,5,4880,completed,5624153
4,5,4881,completed,5911985
4,5,4882,completed,5918985
4,5,4883,completed,5920277
4,5,4884,completed,5921818
4,5,4885,completed,5801110
4,5,4886,completed,5808527
4,5,4887,completed,5809735
4,5,4888,completed,5811152
4,5,4889,completed,6451066
4,5,4890,completed,6450109
4,5,4891,completed,6450692
4,5,4892,completed,6451775
4,5,4893,completed,6050151
4,5,4894,completed,6053359
4,5,4895,completed,6053776
4,5,4896,completed,6054318
4,5,4897,completed,5908319
4,5,4898,completed,5911151
4,5,4899,completed,5911569
4,5,4900,completed,5912193
4,5,4901,completed,5725986
4,5,4902,completed,5726319
4,5,4903,completed,5727069
4,5,4904,completed,5727569
4,5,4905,completed,6267901
4,5,4906,completed,6296109
4,5,4907,completed,6297317
4,5,4908,completed,6297901
4,5,4909,completed,5950651
4,5,4910,completed,5943568
4,5,4911,completed,5945068
4,5,4912,completed,5945943
4,5,4913,completed,5972068
4,5,4914,completed,5959360
4,5,4915,completed,5959234
4,5,4916,completed,5959776
4,5,4917,completed,6047651
4,5,4918,completed,6058776
4,5,4919,completed,6059651
4,5,4920,completed,6060942
4,5,4921,completed,6320901
4,5,4922,completed,6329817
4,5,4923,completed,6331150
4,5,4924,completed,6332401
4,5,4925,completed,5502111
4,5,4926,completed,5505778
4,5,4927,completed,5506903
4,5,4928,completed,5507736
4,5,4929,completed,5359403
4,5,4930,completed,5370236
4,5,4931,completed,5371403
4,5,4932,completed,5372570
4,5,4933,completed,6502108
4,5,4934,completed,6510233
4,5,4935,completed,6511816
4,5,4936,completed,6513691
4,5,4937,completed,5966360
4,5,4938,completed,5964443
4,5,4939,completed,5964735
4,5,4940,completed,5964610
4,5,4941,completed,6004443
4,5,4942,completed,6017860
4,5,4943,completed,6019568
4,5,4944,completed,6021609
4,5,4945,completed,5872860
4,5,4946,completed,5870277
4,5,4947,completed,5870860
4,5,4948,completed,5871610
4,5,4949,completed,5960777
4,5,4950,completed,5962651
4,5,4951,completed,5963526
4,5,4952,completed,5964526
4,5,4953,completed,6039234
4,5,4954,completed,6046527
4,5,4955,completed,6048401
4,5,4956,completed,6050110
4,5,4957,completed,5866860
4,5,4958,completed,5864527
4,5,4959,completed,5864777
4,5,4960,completed,5865277
4,5,4961,completed,6104151
4,5,4962,completed,6107067
4,5,4963,completed,6107859
4,5,4964,completed,6108859
4,5,4965,completed,5901652
4,5,4966,completed,5925318
4,5,4967,completed,5926776
4,5,4968,completed,5927943
4,5,4969,completed,6037485
4,5,4970,completed,6038693
4,5,4971,completed,6045402
4,5,4972,completed,6050943
4,5,4973,completed,9938975
4,5,4974,completed,9956849
4,5,4975,completed,9951891
4,5,4976,completed,9947975
4,5,4977,completed,7385815
4,5,4978,completed,7379981
4,5,4979,completed,7380065
4,5,4980,completed,7380272
4,5,4981,completed,7481148
4,5,4982,completed,7483356
4,5,4983,completed,7483940
4,5,4984,completed,7484731
4,5,4985,completed,6071568
4,5,4986,completed,6074943
4,5,4987,completed,6075692
4,5,4988,completed,6076443
4,5,4989,completed,6611483
4,5,4990,completed,6625108
4,5,4991,completed,6626317
4,5,4992,completed,6627567
4,5,4993,completed,5266028
4,5,4994,completed,5261029
4,5,4995,completed,5265029
4,5,4996,completed,5269486
4,5,4997,completed,5662902
4,5,4998,completed,5671318
4,5,4999,completed,5671777
4,5,5000,completed,5672028
4,5,5001,completed,6730650
4,5,5002,completed,6729899
4,5,5003,completed,6726316
4,5,5004,completed,6722899
4,5,5005,completed,5772777
4,5,5006,completed,5785735
4,5,5007,completed,5786736
4,5,5008,completed,5787736
4,5,5009,completed,7825064
4,5,5010,completed,7822146
4,5,5011,completed,7826188
4,5,5012,completed,7830563
4,5,5013,completed,6940024
4,5,5014,completed,6949816
4,5,5015,completed,6950566
4,5,5016,completed,6950315
4,5,5017,completed,6177984
4,5,5018,completed,6176526
4,5,5019,completed,6186193
4,5,5020,completed,6182734
4,5,5021,completed,5587944
4,5,5022,completed,5601860
4,5,5023,completed,5606777
4,5,5024,completed,5611694
4,5,5025,completed,5955068
4,5,5026,completed,5970152
4,5,5027,completed,5977985
4,5,5028,completed,5984193
4,5,5029,completed,6415483
4,5,5030,completed,6426734
4,5,5031,completed,6425859
4,5,5032,completed,6427026
4,5,5033,completed,5818360
4,5,5034,completed,5813401
4,5,5035,completed,5802569
4,5,5036,completed,5792652
4,5,5037,completed,5512236
4,5,5038,completed,5520944
4,5,5039,completed,5525361
4,5,5040,completed,5529528
4,5,5041,completed,6109401
4,5,5042,completed,6115651
4,5,5043,completed,6111901
4,5,5044,completed,6108735
4,5,5045,completed,6291234
4,5,5046,completed,6304025
4,5,5047,completed,6305192
4,5,5048,completed,6305942
4,5,5049,completed,5916652
4,5,5050,completed,5903194
4,5,5051,completed,5903235
4,5,5052,completed,5903985
4,5,5053,completed,6083734
4,5,5054,completed,6086026
4,5,5055,completed,6086943
4,5,5056,completed,6087568
4,5,5057,completed,6058484
4,5,5058,completed,6085526
4,5,5059,completed,6097234
4,5,5060,completed,6111568
4,5,5061,completed,5910027
4,5,5062,completed,5901068
4,5,5063,completed,5888151
4,5,5064,completed,5877485
4,5,5065,completed,5988485
4,5,5066,completed,6009693
4,5,5067,completed,6022401
4,5,5068,completed,6034152
4,5,5069,completed,6003193
4,5,5070,completed,5990568
4,5,5071,completed,5978859
4,5,5072,completed,5967193
4,5,5073,completed,5970859
4,5,5074,completed,5987152
4,5,5075,completed,5998568
4,5,5076,completed,6009735
4,5,5077,completed,6016735
4,5,5078,completed,6015860
4,5,5079,completed,6006693
4,5,5080,completed,5997318
4,5,5081,completed,5932401
4,5,5082,completed,5944652
4,5,5083,completed,5956527
4,5,5084,completed,5967651
4,5,5085,completed,6007610
4,5,5086,completed,5999859
4,5,5087,completed,5989818
4,5,5088,completed,5980359
4,5,5089,completed,5968610
4,5,5090,completed,5984985
4,5,5091,completed,5995943
4,5,5092,completed,6006485
4,5,5093,completed,5975693
4,5,5094,completed,5967485
4,5,5095,completed,5957902
4,5,5096,completed,5948443
4,5,5097,completed,5997234
4,5,5098,completed,6012609
4,5,5099,completed,6018901
4,5,5100,completed,6023567
4,5,5101,completed,5972819
4,5,5102,completed,5972652
4,5,5103,completed,5969027
4,5,5104,completed,5965859
4,5,5105,completed,5971735
4,5,5106,completed,5988318
4,5,5107,completed,6000318
4,5,5108,completed,6011735
4,5,5109,completed,6168901
4,5,5110,completed,6179151
4,5,5111,completed,6179943
4,5,5112,completed,6136193
4,5,5113,completed,5828485
4,5,5114,completed,5819860
4,5,5115,completed,5809069
4,5,5116,completed,5798402
4,5,5117,completed,5960735
4,5,5118,completed,5977860
4,5,5119,completed,5990734
4,5,5120,completed,6001568
4,5,5121,completed,5938943
4,5,5122,completed,5926860
4,5,5123,completed,5915110
4,5,5124,completed,5904360
4,5,5125,completed,6036360
4,5,5126,completed,6040360
4,5,5127,completed,6042110
4,5,5128,completed,6043735
4,5,5129,completed,5948276
4,5,5130,completed,5954902
4,5,5131,completed,5955985
4,5,5132,completed,5956943
4,5,5133,completed,5648194
4,5,5134,completed,5659152
4,5,5135,completed,5660402
4,5,5136,completed,5661028
4,5,5137,completed,6220026
4,5,5138,completed,6220484
4,5,5139,completed,6221735
4,5,5140,completed,6222442
4,5,5141,completed,5981735
4,5,5142,completed,5982360
4,5,5143,completed,5982901
4,5,5144,completed,5983401
4,5,5145,completed,5945693
4,5,5146,completed,5947901
4,5,5147,completed,5948568
4,5,5148,completed,5949276
4,5,5149,completed,5941901
4,5,5150,completed,5942360
4,5,5151,completed,5943276
4,5,5152,completed,5944193
4,5,5153,completed,5985360
4,5,5154,completed,5981526
4,5,5155,completed,5981402
4,5,5156,completed,5981109
4,5,5157,completed,5962984
4,5,5158,completed,5976693
4,5,5159,completed,5977985
4,5,5160,completed,5979568
4,5,5161,completed,6044526
4,5,5162,completed,6043652
4,5,5163,completed,6044985
4,5,5164,completed,6046485
4,5,5165,completed,5870568
4,5,5166,completed,5877735
4,5,5167,completed,5879027
4,5,5168,completed,5880485
4,5,5169,completed,6058359
4,5,5170,completed,6065234
4,5,5171,completed,6066485
4,5,5172,completed,6068235
4,5,5173,completed,5831152
4,5,5174,completed,5833610
4,5,5175,completed,5834693
4,5,5176,completed,5836110
4,5,5177,completed,5768652
4,5,5178,completed,5765985
4,5,5179,completed,5767027
4,5,5180,completed,5767944
4,5,5181,completed,6097817
4,5,5182,completed,6118734
4,5,5183,completed,6132359
4,5,5184,completed,6143443
4,5,5185,completed,5987985
4,5,5186,completed,5978777
4,5,5187,completed,5968526
4,5,5188,completed,5958693
4,5,5189,completed,5848985
4,5,5190,completed,5848401
4,5,5191,completed,5848360
4,5,5192,completed,5849068
4,5,5193,completed,6002651
4,5,5194,completed,6002026
4,5,5195,completed,6002693
4,5,5196,completed,6000068
4,5,5197,completed,6024943
4,5,5198,completed,6032902
4,5,5199,completed,6033693
4,5,5200,completed,6034568
4,5,5201,completed,5984984
4,5,5202,completed,6000567
4,5,5203,completed,6002442
4,5,5204,completed,6004318
4,5,5205,completed,5887568
4,5,5206,completed,5884444
4,5,5207,completed,5884943
4,5,5208,completed,5886652
4,5,5209,completed,5941902
4,5,5210,completed,5946402
4,5,5211,completed,5947402
4,5,5212,completed,5948360
4,5,5213,completed,5955402
4,5,5214,completed,5954985
4,5,5215,completed,5955610
4,5,5216,completed,5955777
4,5,5217,completed,6000026
4,5,5218,completed,5998860
4,5,5219,completed,5999026
4,5,5220,completed,5999235
4,5,5221,completed,5953693
4,5,5222,completed,5950776
4,5,5223,completed,5951276
4,5,5224,completed,5952651
4,5,5225,completed,5963110
4,5,5226,completed,5965068
4,5,5227,completed,5965943
4,5,5228,completed,5967110
4,5,5229,completed,5461694
4,5,5230,completed,5463194
4,5,5231,completed,5463903
4,5,5232,completed,5464694
4,5,5233,completed,6415276
4,5,5234,completed,6417692
4,5,5235,completed,6418692
4,5,5236,completed,6419567
4,5,5237,completed,5967943
4,5,5238,completed,5977484
4,5,5239,completed,5979068
4,5,5240,completed,5981026
4,5,5241,completed,5918360
4,5,5242,completed,5924735
4,5,5243,completed,5925360
4,5,5244,completed,5926610
4,5,5245,completed,5946235
4,5,5246,completed,5944610
4,5,5247,completed,5945235
4,5,5248,completed,5946277
4,5,5249,completed,5942443
4,5,5250,completed,5943985
4,5,5251,completed,5945068
4,5,5252,completed,5946401
4,5,5253,completed,5931360
4,5,5254,completed,5929360
4,5,5255,completed,5930069
4,5,5256,completed,5931026
4,5,5257,completed,5991776
4,5,5258,completed,5994484
4,5,5259,completed,5995401
4,5,5260,completed,5996693
4,5,5261,completed,5692444
4,5,5262,completed,5694027
4,5,5263,completed,5694902
4,5,5264,completed,5696111
4,5,5265,completed,6173859
4,5,5266,completed,6177525
4,5,5267,completed,6178609
4,5,5268,completed,6179484
4,5,5269,completed,5985276
4,5,5270,completed,5994193
4,5,5271,completed,5995568
4,5,5272,completed,5997027
4,5,5273,completed,5930359
4,5,5274,completed,5932152
4,5,5275,completed,5933110
4,5,5276,completed,5934193
4,5,5277,completed,5960026
4,5,5278,completed,5966568
4,5,5279,completed,5967569
4,5,5280,completed,5968360
4,5,5281,completed,5946402
4,5,5282,completed,5951152
4,5,5283,completed,5952693
4,5,5284,completed,5954360
4,5,5285,completed,5937194
4,5,5286,completed,5935818
4,5,5287,completed,5936610
4,5,5288,completed,5937693
4,5,5289,completed,5939902
4,5,5290,completed,5941901
4,5,5291,completed,5942860
4,5,5292,completed,5943985
4,5,5293,completed,5959527
4,5,5294,completed,5961276
4,5,5295,completed,5962110
4,5,5296,completed,5963443
4,5,5297,completed,5491694
4,5,5298,completed,5497361
4,5,5299,completed,5498527
4,5,5300,completed,5499695
4,5,5301,completed,6406483
4,5,5302,completed,6417359
4,5,5303,completed,6418525
4,5,5304,completed,6420109
4,5,5305,completed,5909402
4,5,5306,completed,5908109
4,5,5307,completed,5908484
4,5,5308,completed,5908443
4,5,5309,completed,5985026
4,5,5310,completed,5994984
4,5,5311,completed,5996568
4,5,5312,completed,5997901
4,5,5313,completed,5921277
4,5,5314,completed,5921276
4,5,5315,completed,5921735
4,5,5316,completed,5922568
4,5,5317,completed,5432986
4,5,5318,completed,5437403
4,5,5319,completed,5438653
4,5,5320,completed,5440195
4,5,5321,completed,6175484
4,5,5322,completed,6175151
4,5,5323,completed,6175525
4,5,5324,completed,6175984
4,5,5325,completed,5840901
4,5,5326,completed,5841485
4,5,5327,completed,5841902
4,5,5328,completed,5842776
4,5,5329,completed,6403025
4,5,5330,completed,6401900
4,5,5331,completed,6403108
4,5,5332,completed,6404484
4,5,5333,completed,5793360
4,5,5334,completed,5793818
4,5,5335,completed,5794735
4,5,5336,completed,5795776
4,5,5337,completed,5906193
4,5,5338,completed,5914277
4,5,5339,completed,5915193
4,5,5340,completed,5916443
4,5,5341,completed,6067193
4,5,5342,completed,6070943
4,5,5343,completed,6072193
4,5,5344,completed,6073443
4,5,5345,completed,6033068
4,5,5346,completed,6037276
4,5,5347,completed,6037735
4,5,5348,completed,6038443
4,5,5349,completed,5961068
4,5,5350,completed,5960527
4,5,5351,completed,5961318
4,5,5352,completed,5962235
4,5,5353,completed,5954985
4,5,5354,completed,5955526
4,5,5355,completed,5956193
4,5,5356,completed,5957026
4,5,5357,completed,5943818
4,5,5358,completed,5940819
4,5,5359,completed,5940443
4,5,5360,completed,5940568
4,5,5361,completed,5686819
4,5,5362,completed,5693944
4,5,5363,completed,5695527
4,5,5364,completed,5697069
4,5,5365,completed,6160109
4,5,5366,completed,6157109
4,5,5367,completed,6157442
4,5,5368,completed,6157901
4,5,5369,completed,6041276
4,5,5370,completed,6061234
4,5,5371,completed,6068318
4,5,5372,completed,6077277
4,5,5373,completed,5499819
4,5,5374,completed,5497652
4,5,5375,completed,5490652
4,5,5376,completed,5484944
4,5,5377,completed,6415734
4,5,5378,completed,6415942
4,5,5379,completed,6416609
4,5,5380,completed,6417150
4,5,5381,completed,5969194
4,5,5382,completed,5968609
4,5,5383,completed,5969193
4,5,5384,completed,5969902
4,5,5385,completed,5629027
4,5,5386,completed,5639527
4,5,5387,completed,5641819
4,5,5388,completed,5643735
4,5,5389,completed,6284733
4,5,5390,completed,6279067
4,5,5391,completed,6279442
4,5,5392,completed,6279359
4,5,5393,completed,5430320
4,5,5394,completed,5433278
4,5,5395,completed,5434070
4,5,5396,completed,5434694
4,5,5397,completed,6702733
4,5,5398,completed,6710191
4,5,5399,completed,6711150
4,5,5400,completed,6711691
4,5,5401,completed,5622444
4,5,5402,completed,5633528
4,5,5403,completed,5635027
4,5,5404,completed,5636152
4,5,5405,completed,6130401
4,5,5406,completed,6136734
4,5,5407,completed,6137609
4,5,5408,completed,6138567
4,5,5409,completed,6040360
4,5,5410,completed,6042026
4,5,5411,completed,6042318
4,5,5412,completed,6042652
4,5,5413,completed,5860277
4,5,5414,completed,5861818
4,5,5415,completed,5862402
4,5,5416,completed,5862943
4,5,5417,completed,5964110
4,5,5418,completed,5964151
4,5,5419,completed,5964610
4,5,5420,completed,5964985
4,5,5421,completed,6070609
4,5,5422,completed,6082027
4,5,5423,completed,6084110
4,5,5424,completed,6086026
4,5,5425,completed,5851985
4,5,5426,completed,5846818
4,5,5427,completed,5846943
4,5,5428,completed,5847318
4,5,5429,completed,5978943
4,5,5430,completed,5989193
4,5,5431,completed,5994568
4,5,5432,completed,5998818
4,5,5433,completed,5506320
4,5,5434,completed,5514236
4,5,5435,completed,5510819
4,5,5436,completed,5506986
4,5,5437,completed,6477192
4,5,5438,completed,6485275
4,5,5439,completed,6497817
4,5,5440,completed,6510942
4,5,5441,completed,5859527
4,5,5442,completed,5851735
4,5,5443,completed,5839985
4,5,5444,completed,5829819
4,5,5445,completed,6059027
4,5,5446,completed,6054110
4,5,5447,completed,6054152
4,5,5448,completed,6054360
4,5,5449,completed,5999609
4,5,5450,completed,6007859
4,5,5451,completed,6009609
4,5,5452,completed,6011318
4,5,5453,completed,6080568
4,5,5454,completed,6093651
4,5,5455,completed,6094943
4,5,5456,completed,6096818
4,5,5457,completed,5788902
4,5,5458,completed,5781776
4,5,5459,completed,5781444
4,5,5460,completed,5781235
4,5,5461,completed,5981984
4,5,5462,completed,5989152
4,5,5463,completed,5990901
4,5,5464,completed,5992609
4,5,5465,completed,5945026
4,5,5466,completed,5947818
4,5,5467,completed,5948443
4,5,5468,completed,5948985
4,5,5469,completed,5892276
4,5,5470,completed,5885777
4,5,5471,completed,5885735
4,5,5472,completed,5886068
4,5,5473,completed,6023777
4,5,5474,completed,6023776
4,5,5475,completed,6024776
4,5,5476,completed,6025901
4,5,5477,completed,5934069
4,5,5478,completed,5935068
4,5,5479,completed,5935735
4,5,5480,completed,5936277
4,5,5481,completed,5962735
4,5,5482,completed,5964943
4,5,5483,completed,5966152
4,5,5484,completed,5967193
4,5,5485,completed,5983068
4,5,5486,completed,5986652
4,5,5487,completed,5987943
4,5,5488,completed,5989068
4,5,5489,completed,5879110
4,5,5490,completed,5880610
4,5,5491,completed,5880944
4,5,5492,completed,5881526
4,5,5493,completed,6008109
4,5,5494,completed,6010943
4,5,5495,completed,6012235
4,5,5496,completed,6014026
4,5,5497,completed,5947109
4,5,5498,completed,5949568
4,5,5499,completed,5950068
4,5,5500,completed,5950901
4,5,5501,completed,5896152
4,5,5502,completed,5888860
4,5,5503,completed,5888568
4,5,5504,completed,5888151
4,5,5505,completed,6005068
4,5,5506,completed,6011943
4,5,5507,completed,6013859
4,5,5508,completed,6015443
4,5,5509,completed,5787652
4,5,5510,completed,5790402
4,5,5511,completed,5791610
4,5,5512,completed,5792527
4,5,5513,completed,6002193
4,5,5514,completed,5997526
4,5,5515,completed,5997235
4,5,5516,completed,5997318
4,5,5517,completed,6090943
4,5,5518,completed,6100942
4,5,5519,completed,6102151
4,5,5520,completed,6103693
4,5,5521,completed,6035735
4,5,5522,completed,6060110
4,5,5523,completed,6060985
4,5,5524,completed,6061651
4,5,5525,completed,5886568
4,5,5526,completed,5892318
4,5,5527,completed,5893693
4,5,5528,completed,5894984
4,5,5529,completed,5918568
4,5,5530,completed,5916985
4,5,5531,completed,5916985
4,5,5532,completed,5916818
4,5,5533,completed,6006777
4,5,5534,completed,6016068
4,5,5535,completed,6016985
4,5,5536,completed,6017568
4,5,5537,completed,5905151
4,5,5538,completed,5908485
4,5,5539,completed,5909568
4,5,5540,completed,5910734
4,5,5541,completed,5984610
4,5,5542,completed,5988776
4,5,5543,completed,5989068
4,5,5544,completed,5989859
4,5,5545,completed,5974902
4,5,5546,completed,5984860
4,5,5547,completed,5988943
4,5,5548,completed,5990401
4,5,5549,completed,5265195
4,5,5550,completed,5258653
4,5,5551,completed,5259362
4,5,5552,completed,5259528
4,5,5553,completed,6565400
4,5,5554,completed,6567317
4,5,5555,completed,6567984
4,5,5556,completed,6568192
4,5,5557,completed,5866610
4,5,5558,completed,5873735
4,5,5559,completed,5875360
4,5,5560,completed,5875943
4,5,5561,completed,5741069
4,5,5562,completed,5741110
4,5,5563,completed,5741861
4,5,5564,completed,5742568
4,5,5565,completed,6244275
4,5,5566,completed,6259026
4,5,5567,completed,6259984
4,5,5568,completed,6260651
4,5,5569,completed,5957610
4,5,5570,completed,5970027
4,5,5571,completed,5971276
4,5,5572,completed,5972276
4,5,5573,completed,7065732
4,5,5574,completed,7063066
4,5,5575,completed,7063440
4,5,5576,completed,7064565
4,5,5577,completed,5877485
4,5,5578,completed,5897069
4,5,5579,completed,5898944
4,5,5580,completed,5899651
4,5,5581,completed,5996277
4,5,5582,completed,5985402
4,5,5583,completed,5986359
4,5,5584,completed,5988401
4,5,5585,completed,5975985
4,5,5586,completed,5976568
4,5,5587,completed,5976735
4,5,5588,completed,5977401
4,5,5589,completed,5871402
4,5,5590,completed,5899818
4,5,5591,completed,5914068
4,5,5592,completed,5926276
4,5,5593,completed,6055277
4,5,5594,completed,6040860
4,5,5595,completed,6029901
4,5,5596,completed,6019567
4,5,5597,completed,6096485
4,5,5598,completed,6105651
4,5,5599,completed,6106692
4,5,5600,completed,6108026
4,5,5601,completed,5906443
4,5,5602,completed,5902818
4,5,5603,completed,5903485
4,5,5604,completed,5904152
4,5,5605,completed,6017651
4,5,5606,completed,6013860
4,5,5607,completed,6020318
4,5,5608,completed,6026485
4,5,5609,completed,5940569
4,5,5610,completed,5965610
4,5,5611,completed,5971401
4,5,5612,completed,5977526
4,5,5613,completed,5968526
4,5,5614,completed,5974193
4,5,5615,completed,5974860
4,5,5616,completed,5973943
4,5,5617,completed,5977151
4,5,5618,completed,5967776
4,5,5619,completed,5957527
4,5,5620,completed,5947026
4,5,5621,completed,6053235
4,5,5622,completed,6062901
4,5,5623,completed,6064276
4,5,5624,completed,6065484
4,5,5625,completed,5903110
4,5,5626,completed,5903109
4,5,5627,completed,5914693
4,5,5628,completed,5925776
4,5,5629,completed,6021859
4,5,5630,completed,6013776
4,5,5631,completed,6003359
4,5,5632,completed,5992984
4,5,5633,completed,5509903
4,5,5634,completed,5510944
4,5,5635,completed,5511486
4,5,5636,completed,5511944
4,5,5637,completed,6401442
4,5,5638,completed,6406192
4,5,5639,completed,6407859
4,5,5640,completed,6409900
4,5,5641,completed,5523236
4,5,5642,completed,5523361
4,5,5643,completed,5523778
4,5,5644,completed,5523861
4,5,5645,completed,6530984
4,5,5646,completed,6525941
4,5,5647,completed,6527233
4,5,5648,completed,6529108
4,5,5649,completed,5899569
4,5,5650,completed,5900777
4,5,5651,completed,5901485
4,5,5652,completed,5901819
4,5,5653,completed,6076235
4,5,5654,completed,6087651
4,5,5655,completed,6088901
4,5,5656,completed,6089985
4,5,5657,completed,5866235
4,5,5658,completed,5877152
4,5,5659,completed,5884151
4,5,5660,completed,5890944
4,5,5661,completed,6007734
4,5,5662,completed,6004277
4,5,5663,completed,5998276
4,5,5664,completed,5992568
4,5,5665,completed,5983485
4,5,5666,completed,6003776
4,5,5667,completed,6011026
4,5,5668,completed,6018068
4,5,5669,completed,5970402
4,5,5670,completed,5980776
4,5,5671,completed,5985401
4,5,5672,completed,5989610
4,5,5673,completed,6020651
4,5,5674,completed,6012568
4,5,5675,completed,6002735
4,5,5676,completed,5992568
4,5,5677,completed,6011068
4,5,5678,completed,6034901
4,5,5679,completed,6037151
4,5,5680,completed,6038318
4,5,5681,completed,5930860
4,5,5682,completed,5927610
4,5,5683,completed,5928568
4,5,5684,completed,5930193
4,5,5685,completed,5983193
4,5,5686,completed,5996443
4,5,5687,completed,6001568
4,5,5688,completed,6005526
4,5,5689,completed,6006235
4,5,5690,completed,6008735
4,5,5691,completed,6006110
4,5,5692,completed,6003818
4,5,5693,completed,5954193
4,5,5694,completed,5948277
4,5,5695,completed,5949235
4,5,5696,completed,5949860
4,5,5697,completed,5405986
4,5,5698,completed,5408361
4,5,5699,completed,5409111
4,5,5700,completed,5409527
4,5,5701,completed,6501650
4,5,5702,completed,6504608
4,5,5703,completed,6505442
4,5,5704,completed,6506275
4,5,5705,completed,5458819
4,5,5706,completed,5474278
4,5,5707,completed,5481902
4,5,5708,completed,5490527
4,5,5709,completed,6539609
4,5,5710,completed,6556899
4,5,5711,completed,6550275
4,5,5712,completed,6543108
4,5,5713,completed,5976777
4,5,5714,completed,5968151
4,5,5715,completed,5974818
4,5,5716,completed,5981235
4,5,5717,completed,5986026
4,5,5718,completed,5995151
4,5,5719,completed,5996777
4,5,5720,completed,5997776
4,5,5721,completed,6035651
4,5,5722,completed,6048360
4,5,5723,completed,6045110
4,5,5724,completed,6042360
4,5,5725,completed,5976985
4,5,5726,completed,5974443
4,5,5727,completed,5970985
4,5,5728,completed,5968526
4,5,5729,completed,5930318
4,5,5730,completed,5930110
4,5,5731,completed,5930735
4,5,5732,completed,5931276
4,5,5733,completed,6059193
4,5,5734,completed,6063401
4,5,5735,completed,6064442
4,5,5736,completed,6065693
4,5,5737,completed,6020776
4,5,5738,completed,6041568
4,5,5739,completed,6052234
4,5,5740,completed,6063402
4,5,5741,completed,5911610
4,5,5742,completed,5916776
4,5,5743,completed,5914027
4,5,5744,completed,5911068
4,5,5745,completed,6002110
4,5,5746,completed,6021109
4,5,5747,completed,6024443
4,5,5748,completed,6027401
4,5,5749,completed,5963027
4,5,5750,completed,5972109
4,5,5751,completed,5973735
4,5,5752,completed,5973902
4,5,5753,completed,5966068
4,5,5754,completed,5955151
4,5,5755,completed,5944860
4,5,5756,completed,5934901
4,5,5757,completed,5976609
4,5,5758,completed,5989568
4,5,5759,completed,5995984
4,5,5760,completed,6001651
4,5,5761,completed,6024652
4,5,5762,completed,6023818
4,5,5763,completed,6019026
4,5,5764,completed,6014110
4,5,5765,completed,6029151
4,5,5766,completed,6031734
4,5,5767,completed,6032276
4,5,5768,completed,6032859
4,5,5769,completed,5916276
4,5,5770,completed,5917193
4,5,5771,completed,5918068
4,5,5772,completed,5918860
4,5,5773,completed,5614111
4,5,5774,completed,5654235
4,5,5775,completed,5667818
4,5,5776,completed,5679027
4,5,5777,completed,6230817
4,5,5778,completed,6229068
4,5,5779,completed,6223068
4,5,5780,completed,6218109
4,5,5781,completed,6057859
4,5,5782,completed,6063402
4,5,5783,completed,6062735
4,5,5784,completed,6062026
4,5,5785,completed,5995943
4,5,5786,completed,5994360
4,5,5787,completed,5990276
4,5,5788,completed,5985902
4,5,5789,completed,5987526
4,5,5790,completed,6004526
4,5,5791,completed,6005235
4,5,5792,completed,6005568
4,5,5793,completed,5975568
4,5,5794,completed,5978068
4,5,5795,completed,5988526
4,5,5796,completed,5999651
4,5,5797,completed,6006652
4,5,5798,completed,6000110
4,5,5799,completed,5991027
4,5,5800,completed,5981276
4,5,5801,completed,6068110
4,5,5802,completed,6082276
4,5,5803,completed,6089151
4,5,5804,completed,6095776
4,5,5805,completed,5900277
4,5,5806,completed,5911985
4,5,5807,completed,5916818
4,5,5808,completed,5920527
4,5,5809,completed,5965943
4,5,5810,completed,5957610
4,5,5811,completed,5948193
4,5,5812,completed,5938943
4,5,5813,completed,5478695
4,5,5814,completed,5494028
4,5,5815,completed,5500653
4,5,5816,completed,5507111
4,5,5817,completed,6453525
4,5,5818,completed,6463025
4,5,5819,completed,6468150
4,5,5820,completed,6473401
4,5,5821,completed,5991443
4,5,5822,completed,5984984
4,5,5823,completed,5977568
4,5,5824,completed,5970901
4,5,5825,completed,6030027
4,5,5826,completed,6031902
4,5,5827,completed,6029735
4,5,5828,completed,6027443
4,5,5829,completed,5973693
4,5,5830,completed,5987360
4,5,5831,completed,5996943
4,5,5832,completed,6006693
4,5,5833,completed,6016526
4,5,5834,completed,6016360
4,5,5835,completed,6008401
4,5,5836,completed,5999110
4,5,5837,completed,5976318
4,5,5838,completed,5978693
4,5,5839,completed,5980318
4,5,5840,completed,5981860
4,5,5841,completed,5413319
4,5,5842,completed,5427945
4,5,5843,completed,5438778
4,5,5844,completed,5449194
4,5,5845,completed,6467401
4,5,5846,completed,6464108
4,5,5847,completed,6454192
4,5,5848,completed,6443566
4,5,5849,completed,6033027
4,5,5850,completed,6037901
4,5,5851,completed,6048359
4,5,5852,completed,6059318
4,5,5853,completed,6014484
4,5,5854,completed,6007610
4,5,5855,completed,5998693
4,5,5856,completed,5989443
4,5,5857,completed,5967402
4,5,5858,completed,5980360
4,5,5859,completed,5981068
4,5,5860,completed,5981610
4,5,5861,completed,5995777
4,5,5862,completed,5984443
4,5,5863,completed,5985068
4,5,5864,completed,5986360
4,5,5865,completed,5975151
4,5,5866,completed,5988026
4,5,5867,completed,5999192
4,5,5868,completed,6010276
4,5,5869,completed,5998859
4,5,5870,completed,5991860
4,5,5871,completed,5982151
4,5,5872,completed,5973234
4,5,5873,completed,5981234
4,5,5874,completed,5984068
4,5,5875,completed,5984943
4,5,5876,completed,5986110
4,5,5877,completed,5986359
4,5,5878,completed,6008901
4,5,5879,completed,6018902
4,5,5880,completed,6026776
4,5,5881,completed,6075151
4,5,5882,completed,6082526
4,5,5883,completed,6085318
4,5,5884,completed,6088068
4,5,5885,completed,5912110
4,5,5886,completed,5922235
4,5,5887,completed,5922860
4,5,5888,completed,5922735
4,5,5889,completed,6125984
4,5,5890,completed,6129984
4,5,5891,completed,6128859
4,5,5892,completed,6129026
4,5,5893,completed,5821235
4,5,5894,completed,5814861
4,5,5895,completed,5805652
4,5,5896,completed,5796361
4,5,5897,completed,6074859
4,5,5898,completed,6095901
4,5,5899,completed,6106693
4,5,5900,completed,6117985
4,5,5901,completed,5925485
4,5,5902,completed,5946609
4,5,5903,completed,5948526
4,5,5904,completed,5948776
4,5,5905,completed,5949276
4,5,5906,completed,5936693
4,5,5907,completed,5925860
4,5,5908,completed,5916652
4,5,5909,completed,5956818
4,5,5910,completed,5958152
4,5,5911,completed,5959235
4,5,5912,completed,5960277
4,5,5913,completed,6007818
4,5,5914,completed,6025318
4,5,5915,completed,6035360
4,5,5916,completed,6045735
4,5,5917,completed,5966109
4,5,5918,completed,5958193
4,5,5919,completed,5949068
4,5,5920,completed,5938693
4,5,5921,completed,6035902
4,5,5922,completed,6040193
4,5,5923,completed,6041152
4,5,5924,completed,6042068
4,5,5925,completed,5538528
4,5,5926,completed,5556277
4,5,5927,completed,5577485
4,5,5928,completed,5578902
4,5,5929,completed,6363651
4,5,5930,completed,6321192
4,5,5931,completed,6321275
4,5,5932,completed,6322234
4,5,5933,completed,6085026
4,5,5934,completed,6091984
4,5,5935,completed,6093026
4,5,5936,completed,6094109
4,5,5937,completed,5901568
4,5,5938,completed,5911110
4,5,5939,completed,5922443
4,5,5940,completed,5932527
4,5,5941,completed,6075651
4,5,5942,completed,6065984
4,5,5943,completed,6056193
4,5,5944,completed,6046735
4,5,5945,completed,5916693
4,5,5946,completed,5930610
4,5,5947,completed,5940734
4,5,5948,completed,5952068
4,5,5949,completed,5492819
4,5,5950,completed,5486611
4,5,5951,completed,5476736
4,5,5952,completed,5467820
4,5,5953,completed,6468441
4,5,5954,completed,6473025
4,5,5955,completed,6474400
4,5,5956,completed,6475608
4,5,5957,completed,5453277
4,5,5958,completed,5465611
4,5,5959,completed,5472903
4,5,5960,completed,5479527
4,5,5961,completed,6466983
4,5,5962,completed,6473858
4,5,5963,completed,6478108
4,5,5964,completed,6482275
4,5,5965,completed,6034109
4,5,5966,completed,6045610
4,5,5967,completed,6043360
4,5,5968,completed,6052318
4,5,5969,completed,5954860
4,5,5970,completed,5956818
4,5,5971,completed,5954777
4,5,5972,completed,5928735
4,5,5973,completed,5993318
4,5,5974,completed,5989818
4,5,5975,completed,5984943
4,5,5976,completed,5980318
4,5,5977,completed,6001277
4,5,5978,completed,6019026
4,5,5979,completed,6030318
4,5,5980,completed,6041110
4,5,5981,completed,5973568
4,5,5982,completed,5977901
4,5,5983,completed,5977943
4,5,5984,completed,5978193
4,5,5985,completed,6000943
4,5,5986,completed,5993151
4,5,5987,completed,5983652
4,5,5988,completed,5973860
4,5,5989,completed,6000985
4,5,5990,completed,6028110
4,5,5991,completed,6031652
4,5,5992,completed,6033068
4,5,5993,completed,5558360
4,5,5994,completed,5559111
4,5,5995,completed,5560110
4,5,5996,completed,5560486
4,5,5997,completed,6320734
4,5,5998,completed,6298817
4,5,5999,completed,6302609
4,5,6000,completed,6306567
4,5,6001,completed,6065359
4,5,6002,completed,6078318
4,5,6003,completed,6084443
4,5,6004,completed,6091193
4,5,6005,completed,5972693
4,5,6006,completed,5965110
4,5,6007,completed,5955526
4,5,6008,completed,5946151
4,5,6009,completed,6003485
4,5,6010,completed,6006485
4,5,6011,completed,6007110
4,5,6012,completed,6007734
4,5,6013,completed,5975234
4,5,6014,completed,5977027
4,5,6015,completed,5977860
4,5,6016,completed,5978359
4,5,6017,completed,5990735
4,5,6018,completed,5992943
4,5,6019,completed,5994401
4,5,6020,completed,5996068
4,5,6021,completed,5998527
4,5,6022,completed,6015860
4,5,6023,completed,6016860
4,5,6024,completed,6017734
4,5,6025,completed,5965985
4,5,6026,completed,5984902
4,5,6027,completed,5997651
4,5,6028,completed,6008610
4,5,6029,completed,5965526
4,5,6030,completed,5967818
4,5,6031,completed,5967568
4,5,6032,completed,5967026
4,5,6033,completed,5957359
4,5,6034,completed,5953651
4,5,6035,completed,5947109
4,5,6036,completed,5940526
4,5,6037,completed,6025943
4,5,6038,completed,6039568
4,5,6039,completed,6046234
4,5,6040,completed,6052610
4,5,6041,completed,6034359
4,5,6042,completed,6030277
4,5,6043,completed,6021026
4,5,6044,completed,6012234
4,5,6045,completed,6028484
4,5,6046,completed,6036526
4,5,6047,completed,6037568
4,5,6048,completed,6038777
4,5,6049,completed,5941985
4,5,6050,completed,5949360
4,5,6051,completed,5959068
4,5,6052,completed,5967235
4,5,6053,completed,5790611
4,5,6054,completed,5789943
4,5,6055,completed,5787861
4,5,6056,completed,5786193
4,5,6057,completed,6118943
4,5,6058,completed,6115984
4,5,6059,completed,6110777
4,5,6060,completed,6104902
4,5,6061,completed,6024027
4,5,6062,completed,6024943
4,5,6063,completed,6025527
4,5,6064,completed,6026027
4,5,6065,completed,5963943
4,5,6066,completed,5970860
4,5,6067,completed,5972693
4,5,6068,completed,5974610
4,5,6069,completed,5940484
4,5,6070,completed,5954860
4,5,6071,completed,5956610
4,5,6072,completed,5956943
4,5,6073,completed,5994485
4,5,6074,completed,5998193
4,5,6075,completed,6009818
4,5,6076,completed,6020526
4,5,6077,completed,6086067
4,5,6078,completed,6084068
4,5,6079,completed,6074776
4,5,6080,completed,6065984
4,5,6081,completed,5899401
4,5,6082,completed,5894651
4,5,6083,completed,5900276
4,5,6084,completed,5905485
4,5,6085,completed,6011734
4,5,6086,completed,6022317
4,5,6087,completed,6022068
4,5,6088,completed,6021609
4,5,6089,completed,5966360
4,5,6090,completed,5966568
4,5,6091,completed,5961651
4,5,6092,completed,5957735
4,5,6093,completed,5958818
4,5,6094,completed,5964860
4,5,6095,completed,5976693
4,5,6096,completed,5987318
4,5,6097,completed,6000734
4,5,6098,completed,5993026
4,5,6099,completed,5982693
4,5,6100,completed,5972985
4,5,6101,completed,6002109
4,5,6102,completed,6010235
4,5,6103,completed,6011943
4,5,6104,completed,6013527
4,5,6105,completed,5388111
4,5,6106,completed,5395986
4,5,6107,completed,5404903
4,5,6108,completed,5412361
4,5,6109,completed,6492734
4,5,6110,completed,6501733
4,5,6111,completed,6502609
4,5,6112,completed,6501067
4,5,6113,completed,6023818
4,5,6114,completed,6026693
4,5,6115,completed,6020401
4,5,6116,completed,6014151
4,5,6117,completed,6008360
4,5,6118,completed,6013026
4,5,6119,completed,6024318
4,5,6120,completed,6035401
4,5,6121,completed,5456027
4,5,6122,completed,5456611
4,5,6123,completed,5456444
4,5,6124,completed,5480528
4,5,6125,completed,6044568
4,5,6126,completed,6036942
4,5,6127,completed,6026985
4,5,6128,completed,5972193
4,5,6129,completed,6479150
4,5,6130,completed,6483692
4,5,6131,completed,6485484
4,5,6132,completed,6487191
4,5,6133,completed,5561195
4,5,6134,completed,5565028
4,5,6135,completed,5565819
4,5,6136,completed,5566528
4,5,6137,completed,6390025
4,5,6138,completed,6408400
4,5,6139,completed,6420484
4,5,6140,completed,6431275
4,5,6141,completed,5946276
4,5,6142,completed,5947193
4,5,6143,completed,5946651
4,5,6144,completed,5946401
4,5,6145,completed,6011943
4,5,6146,completed,6006860
4,5,6147,completed,5997860
4,5,6148,completed,5988609
4,5,6149,completed,5526070
4,5,6150,completed,5527319
4,5,6151,completed,5528236
4,5,6152,completed,5529361
4,5,6153,completed,6393942
4,5,6154,completed,6414359
4,5,6155,completed,6426025
4,5,6156,completed,6436859
4,5,6157,completed,6025818
4,5,6158,completed,6031443
4,5,6159,completed,6027610
4,5,6160,completed,6023776
4,5,6161,completed,5677902
4,5,6162,completed,5673027
4,5,6163,completed,5667444
4,5,6164,completed,5661944
4,5,6165,completed,5958318
4,5,6166,completed,5959859
4,5,6167,completed,5960776
4,5,6168,completed,5961818
4,5,6169,completed,6035318
4,5,6170,completed,6046818
4,5,6171,completed,6051609
4,5,6172,completed,6055485
4,5,6173,completed,6229150
4,5,6174,completed,6227859
4,5,6175,completed,6224984
4,5,6176,completed,6222651
4,5,6177,completed,6041109
4,5,6178,completed,6047401
4,5,6179,completed,6048401
4,5,6180,completed,6049193
4,5,6181,completed,5962277
4,5,6182,completed,5959193
4,5,6183,completed,5960110
4,5,6184,completed,5961485
4,5,6185,completed,5959360
4,5,6186,completed,5961360
4,5,6187,completed,5962276
4,5,6188,completed,5963276
4,5,6189,completed,5993776
4,5,6190,completed,5995693
4,5,6191,completed,5996735
4,5,6192,completed,5998068
4,5,6193,completed,5971068
4,5,6194,completed,5990318
4,5,6195,completed,6002151
4,5,6196,completed,6011943
4,5,6197,completed,5989777
4,5,6198,completed,5979068
4,5,6199,completed,5968610
4,5,6200,completed,5959026
4,5,6201,completed,6115026
4,5,6202,completed,6121567
4,5,6203,completed,6131526
4,5,6204,completed,6141734
4,5,6205,completed,5853901
4,5,6206,completed,5849819
4,5,6207,completed,5841735
4,5,6208,completed,5831277
4,5,6209,completed,6033276
4,5,6210,completed,6039443
4,5,6211,completed,6040734
4,5,6212,completed,6041817
4,5,6213,completed,5784610
4,5,6214,completed,5781402
4,5,6215,completed,5773193
4,5,6216,completed,5774069
4,5,6217,completed,6121317
4,5,6218,completed,6116943
4,5,6219,completed,6117901
4,5,6220,completed,6118651
4,5,6221,completed,5974985
4,5,6222,completed,5982485
4,5,6223,completed,5983610
4,5,6224,completed,5985276
4,5,6225,completed,6006568
4,5,6226,completed,6001152
4,5,6227,completed,6001526
4,5,6228,completed,6001985
4,5,6229,completed,5964360
4,5,6230,completed,5960901
4,5,6231,completed,5961276
4,5,6232,completed,5961359
4,5,6233,completed,5665569
4,5,6234,completed,5695569
4,5,6235,completed,5706568
4,5,6236,completed,5717777
4,5,6237,completed,6275442
4,5,6238,completed,6273900
4,5,6239,completed,6269609
4,5,6240,completed,6197609
4,5,6241,completed,6020777
4,5,6242,completed,6017568
4,5,6243,completed,6012609
4,5,6244,completed,6007527
4,5,6245,completed,5956110
4,5,6246,completed,5954776
4,5,6247,completed,5959734
4,5,6248,completed,5965484
4,5,6249,completed,5990277
4,5,6250,completed,5996818
4,5,6251,completed,5997818
4,5,6252,completed,5998193
4,5,6253,completed,5986693
4,5,6254,completed,5990151
4,5,6255,completed,5990235
4,5,6256,completed,5989276
4,5,6257,completed,5998818
4,5,6258,completed,5995568
4,5,6259,completed,5990777
4,5,6260,completed,5985943
4,5,6261,completed,5977568
4,5,6262,completed,5986151
4,5,6263,completed,5992234
4,5,6264,completed,5998568
4,5,6265,completed,6103609
4,5,6266,completed,6109651
4,5,6267,completed,6105693
4,5,6268,completed,6101734
4,5,6269,completed,5920818
4,5,6270,completed,5915651
4,5,6271,completed,5916194
4,5,6272,completed,5916735
4,5,6273,completed,5962151
4,5,6274,completed,5962943
4,5,6275,completed,5963360
4,5,6276,completed,5963609
4,5,6277,completed,5961026
4,5,6278,completed,5964901
4,5,6279,completed,5965318
4,5,6280,completed,5965735
4,5,6281,completed,5532902
4,5,6282,completed,5544402
4,5,6283,completed,5559069
4,5,6284,completed,5570194
4,5,6285,completed,6424567
4,5,6286,completed,6406567
4,5,6287,completed,6394484
4,5,6288,completed,6384692
4,5,6289,completed,5998151
4,5,6290,completed,6019026
4,5,6291,completed,6021818
4,5,6292,completed,6023401
4,5,6293,completed,6103026
4,5,6294,completed,6100818
4,5,6295,completed,6112901
4,5,6296,completed,6124859
4,5,6297,completed,6361151
4,5,6298,completed,6349109
4,5,6299,completed,6337401
4,5,6300,completed,6326900
4,5,6301,completed,6446858
4,5,6302,completed,6463317
4,5,6303,completed,6465525
4,5,6304,completed,6466484
4,5,6305,completed,6041193
4,5,6306,completed,6035359
4,5,6307,completed,6041692
4,5,6308,completed,6047984
4,5,6309,completed,6149235
4,5,6310,completed,6155067
4,5,6311,completed,6149484
4,5,6312,completed,6144234
4,5,6313,completed,5814110
4,5,6314,completed,5818068
4,5,6315,completed,5829777
4,5,6316,completed,5841193
4,5,6317,completed,6103235
4,5,6318,completed,6095234
4,5,6319,completed,6084734
4,5,6320,completed,6074318
4,5,6321,completed,5902693
4,5,6322,completed,5911110
4,5,6323,completed,5911735
4,5,6324,completed,5913110
4,5,6325,completed,5961193
4,5,6326,completed,5975234
4,5,6327,completed,5978318
4,5,6328,completed,5979651
4,5,6329,completed,5963235
4,5,6330,completed,5954860
4,5,6331,completed,5959693
4,5,6332,completed,5964443
4,5,6333,completed,6088443
4,5,6334,completed,6090651
4,5,6335,completed,6086818
4,5,6336,completed,6083110
4,5,6337,completed,6021277
4,5,6338,completed,6020401
4,5,6339,completed,6021401
4,5,6340,completed,6022734
4,5,6341,completed,6818024
4,5,6342,completed,6817483
4,5,6343,completed,6817941
4,5,6344,completed,6818149
4,5,6345,completed,5669694
4,5,6346,completed,5675902
4,5,6347,completed,5680277
4,5,6348,completed,5684485
4,5,6349,completed,9322684
4,5,6350,completed,9321393
4,5,6351,completed,9317976
4,5,6352,completed,9314518
4,5,6353,completed,9505017
4,5,6354,completed,9516642
4,5,6355,completed,9520976
4,5,6356,completed,9525100
4,5,6357,completed,6798858
4,5,6358,completed,6800524
4,5,6359,completed,6797400
4,5,6360,completed,6794483
4,5,6361,completed,5292694
4,5,6362,completed,5301695
4,5,6363,completed,5305695
4,5,6364,completed,5309320
4,5,6365,completed,6521150
4,5,6366,completed,6522442
4,5,6367,completed,6531900
4,5,6368,completed,6531400
4,5,6369,completed,6084317
4,5,6370,completed,6075776
4,5,6371,completed,6073276
4,5,6372,completed,6070859
4,5,6373,completed,5982985
4,5,6374,completed,5991360
4,5,6375,completed,5992193
4,5,6376,completed,5993068
4,5,6377,completed,5992026
4,5,6378,completed,5997693
4,5,6379,completed,5998776
4,5,6380,completed,5999401
4,5,6381,completed,6012318
4,5,6382,completed,6020484
4,5,6383,completed,6024984
4,5,6384,completed,6028942
4,5,6385,completed,5967068
4,5,6386,completed,5966610
4,5,6387,completed,5964027
4,5,6388,completed,5960777
4,5,6389,completed,5984151
4,5,6390,completed,5986610
4,5,6391,completed,5990776
4,5,6392,completed,5994735
4,5,6393,completed,6046985
4,5,6394,completed,6055735
4,5,6395,completed,6056443
4,5,6396,completed,6056776
4,5,6397,completed,5930193
4,5,6398,completed,5937610
4,5,6399,completed,5934818
4,5,6400,completed,5931151
4,5,6401,completed,5992485
4,5,6402,completed,5994651
4,5,6403,completed,5998985
4,5,6404,completed,6002568
4,5,6405,completed,6099359
4,5,6406,completed,6104484
4,5,6407,completed,6101692
4,5,6408,completed,6098901
4,5,6409,completed,5844901
4,5,6410,completed,5837776
4,5,6411,completed,5838276
4,5,6412,completed,5838694
4,5,6413,completed,6015193
4,5,6414,completed,6027151
4,5,6415,completed,6033276
4,5,6416,completed,6054401
4,5,6417,completed,6085651
4,5,6418,completed,6082526
4,5,6419,completed,6063192
4,5,6420,completed,6056901
4,5,6421,completed,6818316
4,5,6422,completed,6829774
4,5,6423,completed,6835732
4,5,6424,completed,6841024
4,5,6425,completed,6040984
4,5,6426,completed,6041485
4,5,6427,completed,6038235
4,5,6428,completed,6034902
4,5,6429,completed,6168526
4,5,6430,completed,6207401
4,5,6431,completed,6209609
4,5,6432,completed,6210484
4,5,6433,completed,5812444
4,5,6434,completed,5780277
4,5,6435,completed,5780318
4,5,6436,completed,5780985
4,5,6437,completed,6029359
4,5,6438,completed,5997276
4,5,6439,completed,5991818
4,5,6440,completed,5987526
4,5,6441,completed,5910152
4,5,6442,completed,5913069
4,5,6443,completed,5910068
4,5,6444,completed,5907109
4,5,6445,completed,5994609
4,5,6446,completed,6003443
4,5,6447,completed,6002151
4,5,6448,completed,6015026
4,5,6449,completed,5974109
4,5,6450,completed,5978068
4,5,6451,completed,5977401
4,5,6452,completed,5960651
4,5,6453,completed,5889276
4,5,6454,completed,5905027
4,5,6455,completed,5901151
4,5,6456,completed,5897652
4,5,6457,completed,5788235
4,5,6458,completed,5799319
4,5,6459,completed,5802402
4,5,6460,completed,5804026
4,5,6461,completed,5930277
4,5,6462,completed,5912652
4,5,6463,completed,5918068
4,5,6464,completed,5924193
4,5,6465,completed,6311567
4,5,6466,completed,6308734
4,5,6467,completed,6303442
4,5,6468,completed,6298358
4,5,6469,completed,5498070
4,5,6470,completed,5500361
4,5,6471,completed,5501111
4,5,6472,completed,5501861
4,5,6473,completed,6025568
4,5,6474,completed,6033693
4,5,6475,completed,6043943
4,5,6476,completed,6053859
4,5,6477,completed,6288526
4,5,6478,completed,6279692
4,5,6479,completed,6270192
4,5,6480,completed,6261150
4,5,6481,completed,6245067
4,5,6482,completed,6254526
4,5,6483,completed,6255901
4,5,6484,completed,6257150
4,5,6485,completed,5871485
4,5,6486,completed,5885776
4,5,6487,completed,5891068
4,5,6488,completed,5895568
4,5,6489,completed,6091693
4,5,6490,completed,6110318
4,5,6491,completed,6114276
4,5,6492,completed,6114651
4,5,6493,completed,5950443
4,5,6494,completed,5959235
4,5,6495,completed,5953985
4,5,6496,completed,5926818
4,5,6497,completed,7087899
4,5,6498,completed,7117065
4,5,6499,completed,7130732
4,5,6500,completed,7143356
4,5,6501,completed,6579775
4,5,6502,completed,6576899
4,5,6503,completed,6571650
4,5,6504,completed,6568191
4,5,6505,completed,5853152
4,5,6506,completed,5866568
4,5,6507,completed,5866401
4,5,6508,completed,5865318
4,5,6509,completed,5987276
4,5,6510,completed,5984151
4,5,6511,completed,5978734
4,5,6512,completed,5973568
4,5,6513,completed,6049609
4,5,6514,completed,6053651
4,5,6515,completed,6054818
4,5,6516,completed,6056151
4,5,6517,completed,5631444
4,5,6518,completed,5657027
4,5,6519,completed,5660485
4,5,6520,completed,5662069
4,5,6521,completed,6262650
4,5,6522,completed,6237692
4,5,6523,completed,6237942
4,5,6524,completed,6238818
4,5,6525,completed,5662903
4,5,6526,completed,5687777
4,5,6527,completed,5697944
4,5,6528,completed,5708110
4,5,6529,completed,6284067
4,5,6530,completed,6290775
4,5,6531,completed,6293359
4,5,6532,completed,6293942
4,5,6533,completed,5998068
4,5,6534,completed,5999485
4,5,6535,completed,5998276
4,5,6536,completed,5997693
4,5,6537,completed,6015360
4,5,6538,completed,6009443
4,5,6539,completed,5999734
4,5,6540,completed,5990651
4,5,6541,completed,5807485
4,5,6542,completed,5809652
4,5,6543,completed,5810694
4,5,6544,completed,5811485
4,5,6545,completed,6221401
4,5,6546,completed,6243442
4,5,6547,completed,6250818
4,5,6548,completed,6258942
4,5,6549,completed,5612902
4,5,6550,completed,5631694
4,5,6551,completed,5631069
4,5,6552,completed,5630235
4,5,6553,completed,6319275
4,5,6554,completed,6325317
4,5,6555,completed,6319984
4,5,6556,completed,6313108
4,5,6557,completed,5982151
4,5,6558,completed,5972693
4,5,6559,completed,5972485
4,5,6560,completed,5973359
4,5,6561,completed,5447861
4,5,6562,completed,5468652
4,5,6563,completed,5474236
4,5,6564,completed,5479861
4,5,6565,completed,6481650
4,5,6566,completed,6492275
4,5,6567,completed,6488358
4,5,6568,completed,6483900
4,5,6569,completed,5757152
4,5,6570,completed,5751194
4,5,6571,completed,5752902
4,5,6572,completed,5754277
4,5,6573,completed,6185401
4,5,6574,completed,6201776
4,5,6575,completed,6213651
4,5,6576,completed,6224734
4,5,6577,completed,5987527
4,5,6578,completed,5990026
4,5,6579,completed,5989151
4,5,6580,completed,5988277
4,5,6581,completed,5987359
4,5,6582,completed,5995568
4,5,6583,completed,5995735
4,5,6584,completed,5997235
4,5,6585,completed,6002943
4,5,6586,completed,6011943
4,5,6587,completed,6012318
4,5,6588,completed,6011943
4,5,6589,completed,5829194
4,5,6590,completed,5818986
4,5,6591,completed,5809277
4,5,6592,completed,5800152
4,5,6593,completed,6122776
4,5,6594,completed,6126068
4,5,6595,completed,6126859
4,5,6596,completed,6128151
4,5,6597,completed,5976068
4,5,6598,completed,5986193
4,5,6599,completed,5994026
4,5,6600,completed,6001360
4,5,6601,completed,6041651
4,5,6602,completed,6051068
4,5,6603,completed,6052610
4,5,6604,completed,6053109
4,5,6605,completed,5931235
4,5,6606,completed,5931401
4,5,6607,completed,5928901
4,5,6608,completed,5926276
4,5,6609,completed,6012068
4,5,6610,completed,6021235
4,5,6611,completed,6025401
4,5,6612,completed,6031152
4,5,6613,completed,5978485
4,5,6614,completed,5983276
4,5,6615,completed,5981735
4,5,6616,completed,5978818
4,5,6617,completed,5990818
4,5,6618,completed,5984860
4,5,6619,completed,5978526
4,5,6620,completed,5971943
4,5,6621,completed,5991151
4,5,6622,completed,5999860
4,5,6623,completed,6000859
4,5,6624,completed,6000527
4,5,6625,completed,6010068
4,5,6626,completed,6008651
4,5,6627,completed,6009943
4,5,6628,completed,6011693
4,5,6629,completed,5953610
4,5,6630,completed,5955485
4,5,6631,completed,5956860
4,5,6632,completed,5957985
4,5,6633,completed,5971151
4,5,6634,completed,5973152
4,5,6635,completed,5974360
4,5,6636,completed,5975318
4,5,6637,completed,6002401
4,5,6638,completed,6007402
4,5,6639,completed,6008610
4,5,6640,completed,6009943
4,5,6641,completed,5509694
4,5,6642,completed,5509028
4,5,6643,completed,5509319
4,5,6644,completed,5509736
4,5,6645,completed,6425025
4,5,6646,completed,6433859
4,5,6647,completed,6434192
4,5,6648,completed,6434359
4,5,6649,completed,5978943
4,5,6650,completed,5991110
4,5,6651,completed,5996235
4,5,6652,completed,6000985
4,5,6653,completed,6016943
4,5,6654,completed,6027360
4,5,6655,completed,6032235
4,5,6656,completed,6037484
4,5,6657,completed,5992277
4,5,6658,completed,5998318
4,5,6659,completed,5999484
4,5,6660,completed,6000151
4,5,6661,completed,5933734
4,5,6662,completed,5940026
4,5,6663,completed,5939902
4,5,6664,completed,5940651
4,5,6665,completed,6014026
4,5,6666,completed,6005026
4,5,6667,completed,5995068
4,5,6668,completed,5985068
4,5,6669,completed,6047234
4,5,6670,completed,6053276
4,5,6671,completed,6054401
4,5,6672,completed,6055609
4,5,6673,completed,5954027
4,5,6674,completed,5956818
4,5,6675,completed,5958235
4,5,6676,completed,5959318
4,5,6677,completed,6015277
4,5,6678,completed,6015235
4,5,6679,completed,6015693
4,5,6680,completed,6016109
4,5,6681,completed,6081776
4,5,6682,completed,6101068
4,5,6683,completed,6114568
4,5,6684,completed,6125234
4,5,6685,completed,5850610
4,5,6686,completed,5837985
4,5,6687,completed,5827276
4,5,6688,completed,5817652
4,5,6689,completed,5964818
4,5,6690,completed,5964860
4,5,6691,completed,5965485
4,5,6692,completed,5966109
4,5,6693,completed,6056151
4,5,6694,completed,6067318
4,5,6695,completed,6070068
4,5,6696,completed,6070776
4,5,6697,completed,5877610
4,5,6698,completed,5862735
4,5,6699,completed,5862693
4,5,6700,completed,5862860
4,5,6701,completed,5975943
4,5,6702,completed,5982985
4,5,6703,completed,5984526
4,5,6704,completed,5986235
4,5,6705,completed,6000985
4,5,6706,completed,5999401
4,5,6707,completed,6005776
4,5,6708,completed,6012901
4,5,6709,completed,5988359
4,5,6710,completed,5982818
4,5,6711,completed,5976485
4,5,6712,completed,5971026
4,5,6713,completed,6005568
4,5,6714,completed,6011360
4,5,6715,completed,6012527
4,5,6716,completed,6013526
4,5,6717,completed,5979984
4,5,6718,completed,5976151
4,5,6719,completed,5977235
4,5,6720,completed,5978027
4,5,6721,completed,5954193
4,5,6722,completed,5967985
4,5,6723,completed,5979151
4,5,6724,completed,5989360
4,5,6725,completed,5413236
4,5,6726,completed,5407611
4,5,6727,completed,5401028
4,5,6728,completed,5394820
4,5,6729,completed,6532066
4,5,6730,completed,6534441
4,5,6731,completed,6531816
4,5,6732,completed,6529150
4,5,6733,completed,6026068
4,5,6734,completed,6027818
4,5,6735,completed,6028693
4,5,6736,completed,6029276
4,5,6737,completed,5820818
4,5,6738,completed,5839318
4,5,6739,completed,5849776
4,5,6740,completed,5860610
4,5,6741,completed,6104401
4,5,6742,completed,6104192
4,5,6743,completed,6101401
4,5,6744,completed,6098318
4,5,6745,completed,5504153
4,5,6746,completed,5500361
4,5,6747,completed,5494277
4,5,6748,completed,5487986
4,5,6749,completed,6631900
4,5,6750,completed,6635358
4,5,6751,completed,6635692
4,5,6752,completed,6636483
4,5,6753,completed,5854318
4,5,6754,completed,5862735
4,5,6755,completed,5863444
4,5,6756,completed,5863943
4,5,6757,completed,6059609
4,5,6758,completed,6062401
4,5,6759,completed,6064443
4,5,6760,completed,6066443
4,5,6761,completed,5968234
4,5,6762,completed,5968901
4,5,6763,completed,5969693
4,5,6764,completed,5970151
4,5,6765,completed,5930568
4,5,6766,completed,5942151
4,5,6767,completed,5953568
4,5,6768,completed,5964151
4,5,6769,completed,5979110
4,5,6770,completed,5974234
4,5,6771,completed,5965193
4,5,6772,completed,5955985
4,5,6773,completed,5968568
4,5,6774,completed,5989818
4,5,6775,completed,6001734
4,5,6776,completed,6013151
4,5,6777,completed,5985193
4,5,6778,completed,5995193
4,5,6779,completed,5992568
4,5,6780,completed,5989360
4,5,6781,completed,6035484
4,5,6782,completed,6038068
4,5,6783,completed,6032234
4,5,6784,completed,6025818
4,5,6785,completed,5923860
4,5,6786,completed,5912402
4,5,6787,completed,5912444
4,5,6788,completed,5912860
4,5,6789,completed,5959568
4,5,6790,completed,5953485
4,5,6791,completed,5953735
4,5,6792,completed,5954318
4,5,6793,completed,6017693
4,5,6794,completed,6021985
4,5,6795,completed,6023110
4,5,6796,completed,6024360
4,5,6797,completed,5959026
4,5,6798,completed,5974151
4,5,6799,completed,5983984
4,5,6800,completed,5991443
4,5,6801,completed,5874485
4,5,6802,completed,5866860
4,5,6803,completed,5859110
4,5,6804,completed,5852068
4,5,6805,completed,6047485
4,5,6806,completed,6057276
4,5,6807,completed,6062901
4,5,6808,completed,6069442
4,5,6809,completed,6081443
4,5,6810,completed,6085193
4,5,6811,completed,6080610
4,5,6812,completed,6076110
4,5,6813,completed,5822610
4,5,6814,completed,5809944
4,5,6815,completed,5809444
4,5,6816,completed,5809068
4,5,6817,completed,6111276
4,5,6818,completed,6115651
4,5,6819,completed,6116360
4,5,6820,completed,6116943
4,5,6821,completed,5971443
4,5,6822,completed,5992902
4,5,6823,completed,5995485
4,5,6824,completed,5996193
4,5,6825,completed,5960859
4,5,6826,completed,5960402
4,5,6827,completed,5967610
4,5,6828,completed,5974110
4,5,6829,completed,6008943
4,5,6830,completed,6003860
4,5,6831,completed,5997776
4,5,6832,completed,5992401
4,5,6833,completed,5969985
4,5,6834,completed,5971485
4,5,6835,completed,5971651
4,5,6836,completed,5972109
4,5,6837,completed,5987360
4,5,6838,completed,5988068
4,5,6839,completed,5988276
4,5,6840,completed,5988776
4,5,6841,completed,5970319
4,5,6842,completed,5977651
4,5,6843,completed,5978402
4,5,6844,completed,5978777
4,5,6845,completed,6017568
4,5,6846,completed,6012277
4,5,6847,completed,6012818
4,5,6848,completed,6013276
4,5,6849,completed,5974234
4,5,6850,completed,5981402
4,5,6851,completed,5982193
4,5,6852,completed,5982693
4,5,6853,completed,5994401
4,5,6854,completed,5989027
4,5,6855,completed,5989568
4,5,6856,completed,5989985
4,5,6857,completed,5987610
4,5,6858,completed,5994193
4,5,6859,completed,5994652
4,5,6860,completed,5995193
4,5,6861,completed,6003359
4,5,6862,completed,5998235
4,5,6863,completed,5998610
4,5,6864,completed,5998985
4,5,6865,completed,5977110
4,5,6866,completed,5983318
4,5,6867,completed,5984318
4,5,6868,completed,5984651
4,5,6869,completed,5998484
4,5,6870,completed,5998402
4,5,6871,completed,5998984
4,5,6872,completed,5999484
4,5,6873,completed,5990526
4,5,6874,completed,5990151
4,5,6875,completed,5990735
4,5,6876,completed,5991068
4,5,6877,completed,6464316
4,5,6878,completed,6464525
4,5,6879,completed,6465317
4,5,6880,completed,6466192
4,5,6881,completed,5834735
4,5,6882,completed,5833818
4,5,6883,completed,5834360
4,5,6884,completed,5834985
4,5,6885,completed,5952276
4,5,6886,completed,5950693
4,5,6887,completed,5951110
4,5,6888,completed,5951318
4,5,6889,completed,5994777
4,5,6890,completed,5994526
4,5,6891,completed,5995068
4,5,6892,completed,5995485
4,5,6893,completed,5990026
4,5,6894,completed,5988360
4,5,6895,completed,5991027
4,5,6896,completed,5993610
4,5,6897,completed,5997277
4,5,6898,completed,5995193
4,5,6899,completed,5992776
4,5,6900,completed,5990526
4,5,6901,completed,6015151
4,5,6902,completed,6022777
4,5,6903,completed,6023818
4,5,6904,completed,6024235
4,5,6905,completed,5978693
4,5,6906,completed,5975026
4,5,6907,completed,5977734
4,5,6908,completed,5980151
4,5,6909,completed,5989984
4,5,6910,completed,5991234
4,5,6911,completed,5989109
4,5,6912,completed,5986652
4,5,6913,completed,5999402
4,5,6914,completed,5994985
4,5,6915,completed,5995276
4,5,6916,completed,5995693
4,5,6917,completed,5989609
4,5,6918,completed,5993151
4,5,6919,completed,5993485
4,5,6920,completed,5993693
4,5,6921,completed,5994110
4,5,6922,completed,5992943
4,5,6923,completed,5995276
4,5,6924,completed,5997776
4,5,6925,completed,6002277
4,5,6926,completed,6000527
4,5,6927,completed,5998318
4,5,6928,completed,5996110
4,5,6929,completed,6726566
4,5,6930,completed,6731483
4,5,6931,completed,6734108
4,5,6932,completed,6736941
4,5,6933,completed,5860818
4,5,6934,completed,5862319
4,5,6935,completed,5862068
4,5,6936,completed,5861693
4,5,6937,completed,5593861
4,5,6938,completed,5596819
4,5,6939,completed,5597611
4,5,6940,completed,5598319
4,5,6941,completed,6673858
4,5,6942,completed,6688442
4,5,6943,completed,6692233
4,5,6944,completed,6693066
4,5,6945,completed,5876318
4,5,6946,completed,5881777
4,5,6947,completed,5888402
4,5,6948,completed,5892152
4,5,6949,completed,5991984
4,5,6950,completed,5997902
4,5,6951,completed,5993651
4,5,6952,completed,5994193
4,5,6953,completed,6036984
4,5,6954,completed,6029693
4,5,6955,completed,6026651
4,5,6956,completed,6024026
4,5,6957,completed,5948527
4,5,6958,completed,5963109
4,5,6959,completed,5963276
4,5,6960,completed,5963109
4,5,6961,completed,5972818
4,5,6962,completed,5970193
4,5,6963,completed,5971734
4,5,6964,completed,5973734
4,5,6965,completed,5977319
4,5,6966,completed,5989776
4,5,6967,completed,5992360
4,5,6968,completed,5995026
4,5,6969,completed,5996943
4,5,6970,completed,5999151
4,5,6971,completed,5998277
4,5,6972,completed,5997485
4,5,6973,completed,5960401
4,5,6974,completed,5962235
4,5,6975,completed,5963235
4,5,6976,completed,5964193
4,5,6977,completed,5990651
4,5,6978,completed,5992234
4,5,6979,completed,5992901
4,5,6980,completed,5993526
4,5,6981,completed,5995359
4,5,6982,completed,5996818
4,5,6983,completed,5997234
4,5,6984,completed,5997859
4,5,6985,completed,6000484
4,5,6986,completed,6001110
4,5,6987,completed,6001110
4,5,6988,completed,6001110
4,5,6989,completed,5995151
4,5,6990,completed,6003152
4,5,6991,completed,6006234
4,5,6992,completed,6008985
4,5,6993,completed,5973693
4,5,6994,completed,5978610
4,5,6995,completed,5978735
4,5,6996,completed,5978985
4,5,6997,completed,5994401
4,5,6998,completed,5991860
4,5,6999,completed,5989401
4,5,7000,completed,5986984
4,5,7001,completed,6020818
4,5,7002,completed,6024651
4,5,7003,completed,6026401
4,5,7004,completed,6027026
4,5,7005,completed,5736527
4,5,7006,completed,5738152
4,5,7007,completed,5738569
4,5,7008,completed,5738860
4,5,7009,completed,6223734
4,5,7010,completed,6229026
4,5,7011,completed,6229359
4,5,7012,completed,6229692
4,5,7013,completed,5995609
4,5,7014,completed,5997651
4,5,7015,completed,5998235
4,5,7016,completed,5998776
4,5,7017,completed,6008902
4,5,7018,completed,6009943
4,5,7019,completed,6010318
4,5,7020,completed,6010651
4,5,7021,completed,5966235
4,5,7022,completed,5964443
4,5,7023,completed,5965068
4,5,7024,completed,5965360
4,5,7025,completed,5985818
4,5,7026,completed,5991693
4,5,7027,completed,5996443
4,5,7028,completed,6000735
4,5,7029,completed,6004776
4,5,7030,completed,6008485
4,5,7031,completed,6007901
4,5,7032,completed,6007734
4,5,7033,completed,6005110
4,5,7034,completed,6002151
4,5,7035,completed,5998527
4,5,7036,completed,5994735
4,5,7037,completed,5980443
4,5,7038,completed,5982110
4,5,7039,completed,5982651
4,5,7040,completed,5982984
4,5,7041,completed,6013276
4,5,7042,completed,6014568
4,5,7043,completed,6015151
4,5,7044,completed,6015651
4,5,7045,completed,5966194
4,5,7046,completed,5967735
4,5,7047,completed,5968485
4,5,7048,completed,5968652
4,5,7049,completed,5991817
4,5,7050,completed,5998443
4,5,7051,completed,5999276
4,5,7052,completed,5999735
4,5,7053,completed,6052651
4,5,7054,completed,6058276
4,5,7055,completed,6063068
4,5,7056,completed,6066901
4,5,7057,completed,5998777
4,5,7058,completed,6002818
4,5,7059,completed,5999485
4,5,7060,completed,5996526
4,5,7061,completed,5575861
4,5,7062,completed,5570236
4,5,7063,completed,5575777
4,5,7064,completed,5581194
4,5,7065,completed,6317609
4,5,7066,completed,6319317
4,5,7067,completed,6319525
4,5,7068,completed,6320192
4,5,7069,completed,5584152
4,5,7070,completed,5580194
4,5,7071,completed,5574569
4,5,7072,completed,5569069
4,5,7073,completed,6428901
4,5,7074,completed,6433317
4,5,7075,completed,6434275
4,5,7076,completed,6435067
4,5,7077,completed,6042817
4,5,7078,completed,6042443
4,5,7079,completed,6043109
4,5,7080,completed,6043776
4,5,7081,completed,6034527
4,5,7082,completed,6045609
4,5,7083,completed,6046526
4,5,7084,completed,6047651
4,5,7085,completed,5899526
4,5,7086,completed,5912526
4,5,7087,completed,5924277
4,5,7088,completed,5930318
4,5,7089,completed,5994360
4,5,7090,completed,6005151
4,5,7091,completed,5991110
4,5,7092,completed,6001401
4,5,7093,completed,6003526
4,5,7094,completed,5994360
4,5,7095,completed,5984443
4,5,7096,completed,5974276
4,5,7097,completed,5931693
4,5,7098,completed,5952318
4,5,7099,completed,5962902
4,5,7100,completed,5974860
4,5,7101,completed,6005984
4,5,7102,completed,6001776
4,5,7103,completed,5991360
4,5,7104,completed,5980985
4,5,7105,completed,5600611
4,5,7106,completed,5614360
4,5,7107,completed,5617194
4,5,7108,completed,5618069
4,5,7109,completed,6304525
4,5,7110,completed,6292234
4,5,7111,completed,6293192
4,5,7112,completed,6294525
4,5,7113,completed,5971360
4,5,7114,completed,5972318
4,5,7115,completed,5973109
4,5,7116,completed,5973902
4,5,7117,completed,5596861
4,5,7118,completed,5601194
4,5,7119,completed,5602403
4,5,7120,completed,5603318
4,5,7121,completed,6378233
4,5,7122,completed,6340776
4,5,7123,completed,6341483
4,5,7124,completed,6342234
4,5,7125,completed,6072818
4,5,7126,completed,6084110
4,5,7127,completed,6085693
4,5,7128,completed,6087401
4,5,7129,completed,5943402
4,5,7130,completed,5965943
4,5,7131,completed,5968276
4,5,7132,completed,5969235
4,5,7133,completed,5922527
4,5,7134,completed,5913818
4,5,7135,completed,5913443
4,5,7136,completed,5924110
4,5,7137,completed,5959527
4,5,7138,completed,5964568
4,5,7139,completed,5955568
4,5,7140,completed,5945985
4,5,7141,completed,5529111
4,5,7142,completed,5512444
4,5,7143,completed,5513485
4,5,7144,completed,5514444
4,5,7145,completed,6423484
4,5,7146,completed,6439442
4,5,7147,completed,6451692
4,5,7148,completed,6462442
4,5,7149,completed,5997984
4,5,7150,completed,6005443
4,5,7151,completed,6006026
4,5,7152,completed,6006235
4,5,7153,completed,5965902
4,5,7154,completed,5970943
4,5,7155,completed,5971776
4,5,7156,completed,5972652
4,5,7157,completed,5761818
4,5,7158,completed,5764902
4,5,7159,completed,5760360
4,5,7160,completed,5757444
4,5,7161,completed,6218859
4,5,7162,completed,6230276
4,5,7163,completed,6232317
4,5,7164,completed,6236025
4,5,7165,completed,6011234
4,5,7166,completed,6002526
4,5,7167,completed,5992568
4,5,7168,completed,5982610
4,5,7169,completed,5976193
4,5,7170,completed,5979901
4,5,7171,completed,5981443
4,5,7172,completed,5982610
4,5,7173,completed,5810944
4,5,7174,completed,5815776
4,5,7175,completed,5816693
4,5,7176,completed,5817735
4,5,7177,completed,6135193
4,5,7178,completed,6136151
4,5,7179,completed,6137609
4,5,7180,completed,6138484
4,5,7181,completed,5715360
4,5,7182,completed,5721027
4,5,7183,completed,5721652
4,5,7184,completed,5722652
4,5,7185,completed,6294151
4,5,7186,completed,6294984
4,5,7187,completed,6296026
4,5,7188,completed,6296276
4,5,7189,completed,5951151
4,5,7190,completed,5955485
4,5,7191,completed,5957860
4,5,7192,completed,5958901
4,5,7193,completed,6056443
4,5,7194,completed,6054026
4,5,7195,completed,6060610
4,5,7196,completed,6067401
4,5,7197,completed,5911609
4,5,7198,completed,5907526
4,5,7199,completed,5902318
4,5,7200,completed,5896776
4,5,7201,completed,5982984
4,5,7202,completed,5985860
4,5,7203,completed,5986943
4,5,7204,completed,5988027
4,5,7205,completed,5992402
4,5,7206,completed,5997693
4,5,7207,completed,5998818
4,5,7208,completed,5999901
4,5,7209,completed,5952151
4,5,7210,completed,5964776
4,5,7211,completed,5972193
4,5,7212,completed,5980235
4,5,7213,completed,5975735
4,5,7214,completed,5981818
4,5,7215,completed,5975360
4,5,7216,completed,5969402
4,5,7217,completed,6017901
4,5,7218,completed,6035651
4,5,7219,completed,6046193
4,5,7220,completed,6057526
4,5,7221,completed,5763527
4,5,7222,completed,5771943
4,5,7223,completed,5772569
4,5,7224,completed,5772569
4,5,7225,completed,5867360
4,5,7226,completed,5868901
4,5,7227,completed,5868776
4,5,7228,completed,5868610
4,5,7229,completed,5924985
4,5,7230,completed,5930401
4,5,7231,completed,5930443
4,5,7232,completed,5930651
4,5,7233,completed,6336526
4,5,7234,completed,6329359
4,5,7235,completed,6319775
4,5,7236,completed,6310026
4,5,7237,completed,6084401
4,5,7238,completed,6088818
4,5,7239,completed,6089485
4,5,7240,completed,6090026
4,5,7241,completed,5917943
4,5,7242,completed,5929859
4,5,7243,completed,5941526
4,5,7244,completed,5952818
4,5,7245,completed,5988776
4,5,7246,completed,5980318
4,5,7247,completed,5971068
4,5,7248,completed,5961235
4,5,7249,completed,5802527
4,5,7250,completed,5821568
4,5,7251,completed,5832360
4,5,7252,completed,5844194
4,5,7253,completed,6133942
4,5,7254,completed,6127568
4,5,7255,completed,6119526
4,5,7256,completed,6111567
4,5,7257,completed,5639652
4,5,7258,completed,5654860
4,5,7259,completed,5662861
4,5,7260,completed,5670402
4,5,7261,completed,6465691
4,5,7262,completed,6472567
4,5,7263,completed,6472650
4,5,7264,completed,6473317
4,5,7265,completed,5516444
4,5,7266,completed,5519652
4,5,7267,completed,5519902
4,5,7268,completed,5519695
4,5,7269,completed,6412317
4,5,7270,completed,6412025
4,5,7271,completed,6403609
4,5,7272,completed,6394734
4,5,7273,completed,5902235
4,5,7274,completed,5895360
4,5,7275,completed,5896110
4,5,7276,completed,5896526
4,5,7277,completed,5963526
4,5,7278,completed,5977568
4,5,7279,completed,5987818
4,5,7280,completed,5999027
4,5,7281,completed,6003235
4,5,7282,completed,5998235
4,5,7283,completed,5988193
4,5,7284,completed,5978443
4,5,7285,completed,5931943
4,5,7286,completed,5938068
4,5,7287,completed,5941818
4,5,7288,completed,5944860
4,5,7289,completed,6076860
4,5,7290,completed,6079901
4,5,7291,completed,6077776
4,5,7292,completed,6075860
4,5,7293,completed,5950277
4,5,7294,completed,5972443
4,5,7295,completed,5979943
4,5,7296,completed,5986110
4,5,7297,completed,5962026
4,5,7298,completed,5967901
4,5,7299,completed,5970734
4,5,7300,completed,5976776
4,5,7301,completed,5982859
4,5,7302,completed,5975068
4,5,7303,completed,5964485
4,5,7304,completed,5955068
4,5,7305,completed,5992568
4,5,7306,completed,6013526
4,5,7307,completed,6024360
4,5,7308,completed,6035692
4,5,7309,completed,5982485
4,5,7310,completed,5972777
4,5,7311,completed,5963194
4,5,7312,completed,5953068
4,5,7313,completed,6077610
4,5,7314,completed,6086568
4,5,7315,completed,6088110
4,5,7316,completed,6089193
4,5,7317,completed,5891568
4,5,7318,completed,5898694
4,5,7319,completed,5909110
4,5,7320,completed,5919610
4,5,7321,completed,5978068
4,5,7322,completed,5970360
4,5,7323,completed,5961109
4,5,7324,completed,5951151
4,5,7325,completed,5992485
4,5,7326,completed,5994026
4,5,7327,completed,5995360
4,5,7328,completed,5996193
4,5,7329,completed,5956027
4,5,7330,completed,5958693
4,5,7331,completed,5959901
4,5,7332,completed,5960901
4,5,7333,completed,6001235
4,5,7334,completed,6004902
4,5,7335,completed,6005859
4,5,7336,completed,6006985
4,5,7337,completed,6041485
4,5,7338,completed,6048526
4,5,7339,completed,6050318
4,5,7340,completed,6051567
4,5,7341,completed,5915777
4,5,7342,completed,5929860
4,5,7343,completed,5939943
4,5,7344,completed,5949901
4,5,7345,completed,6027401
4,5,7346,completed,6027818
4,5,7347,completed,6023943
4,5,7348,completed,6005943
4,5,7349,completed,5925777
4,5,7350,completed,5927943
4,5,7351,completed,5922777
4,5,7352,completed,5916943
4,5,7353,completed,5997068
4,5,7354,completed,5986984
4,5,7355,completed,5987277
4,5,7356,completed,5987485
4,5,7357,completed,6099276
4,5,7358,completed,6109193
4,5,7359,completed,6111110
4,5,7360,completed,6112860
4,5,7361,completed,5899652
4,5,7362,completed,5899610
4,5,7363,completed,5900610
4,5,7364,completed,5901401
4,5,7365,completed,6025526
4,5,7366,completed,6029818
4,5,7367,completed,6030484
4,5,7368,completed,6031568
4,5,7369,completed,6034610
4,5,7370,completed,6042068
4,5,7371,completed,6042985
4,5,7372,completed,6043693
4,5,7373,completed,5983277
4,5,7374,completed,5992402
4,5,7375,completed,5995193
4,5,7376,completed,5996735
4,5,7377,completed,5898943
4,5,7378,completed,5893984
4,5,7379,completed,5903026
4,5,7380,completed,5911110
4,5,7381,completed,6018735
4,5,7382,completed,6044110
4,5,7383,completed,6040735
4,5,7384,completed,6036902
4,5,7385,completed,5601194
4,5,7386,completed,5605694
4,5,7387,completed,5609735
4,5,7388,completed,5613110
4,5,7389,completed,5725027
4,5,7390,completed,5720319
4,5,7391,completed,5713277
4,5,7392,completed,5705902
4,5,7393,completed,6634525
4,5,7394,completed,6634524
4,5,7395,completed,6634483
4,5,7396,completed,6634608
4,5,7397,completed,5904610
4,5,7398,completed,5908651
4,5,7399,completed,5910151
4,5,7400,completed,5911735
4,5,7401,completed,5979527
4,5,7402,completed,5981151
4,5,7403,completed,5981734
4,5,7404,completed,5982318
4,5,7405,completed,5938984
4,5,7406,completed,5956609
4,5,7407,completed,5970026
4,5,7408,completed,5982068
4,5,7409,completed,5902110
4,5,7410,completed,5891818
4,5,7411,completed,5881027
4,5,7412,completed,5870944
4,5,7413,completed,6095735
4,5,7414,completed,6098860
4,5,7415,completed,6100068
4,5,7416,completed,6101193
4,5,7417,completed,5993402
4,5,7418,completed,6006443
4,5,7419,completed,6017151
4,5,7420,completed,6027901
4,5,7421,completed,5985818
4,5,7422,completed,5978735
4,5,7423,completed,5969277
4,5,7424,completed,5959360
4,5,7425,completed,5752152
4,5,7426,completed,5759027
4,5,7427,completed,5760486
4,5,7428,completed,5761652
4,5,7429,completed,6234734
4,5,7430,completed,6231818
4,5,7431,completed,6242693
4,5,7432,completed,6261234
4,5,7433,completed,5950985
4,5,7434,completed,5952193
4,5,7435,completed,5944152
4,5,7436,completed,5931526
4,5,7437,completed,5978693
4,5,7438,completed,5970318
4,5,7439,completed,5960401
4,5,7440,completed,5950609
4,5,7441,completed,5987193
4,5,7442,completed,5990359
4,5,7443,completed,5991777
4,5,7444,completed,5993526
4,5,7445,completed,5990651
4,5,7446,completed,5993901
4,5,7447,completed,5994401
4,5,7448,completed,5994818
4,5,7449,completed,5701027
4,5,7450,completed,5704193
4,5,7451,completed,5705110
4,5,7452,completed,5706027
4,5,7453,completed,6221942
4,5,7454,completed,6227442
4,5,7455,completed,6232359
4,5,7456,completed,6236234
4,5,7457,completed,5531944
4,5,7458,completed,5549486
4,5,7459,completed,5557860
4,5,7460,completed,5565736
4,5,7461,completed,6467233
4,5,7462,completed,6470400
4,5,7463,completed,6469484
4,5,7464,completed,6469276
4,5,7465,completed,6169359
4,5,7466,completed,6174859
4,5,7467,completed,6174109
4,5,7468,completed,6174901
4,5,7469,completed,5898526
4,5,7470,completed,5908151
4,5,7471,completed,5898985
4,5,7472,completed,5888985
4,5,7473,completed,5980484
4,5,7474,completed,5983860
4,5,7475,completed,5994568
4,5,7476,completed,6005276
4,5,7477,completed,5996193
4,5,7478,completed,5996651
4,5,7479,completed,5996693
4,5,7480,completed,5996568
4,5,7481,completed,5942484
4,5,7482,completed,5936652
4,5,7483,completed,5927235
4,5,7484,completed,5917694
4,5,7485,completed,5937235
4,5,7486,completed,5936734
4,5,7487,completed,5936651
4,5,7488,completed,5936693
4,5,7489,completed,5997652
4,5,7490,completed,6000609
4,5,7491,completed,6001984
4,5,7492,completed,6003526
4,5,7493,completed,5851902
4,5,7494,completed,5856193
4,5,7495,completed,5857235
4,5,7496,completed,5858277
4,5,7497,completed,6196068
4,5,7498,completed,6195609
4,5,7499,completed,6195734
4,5,7500,completed,6195400
4,5,7501,completed,5951651
4,5,7502,completed,5961152
4,5,7503,completed,5963026
4,5,7504,completed,5965568
4,5,7505,completed,5963443
4,5,7506,completed,5964818
4,5,7507,completed,5966276
4,5,7508,completed,5967568
4,5,7509,completed,5921235
4,5,7510,completed,5925235
4,5,7511,completed,5926568
4,5,7512,completed,5927485
4,5,7513,completed,6036860
4,5,7514,completed,6041943
4,5,7515,completed,6043027
4,5,7516,completed,6043943
4,5,7517,completed,5949235
4,5,7518,completed,5967318
4,5,7519,completed,5978860
4,5,7520,completed,5990110
4,5,7521,completed,6026443
4,5,7522,completed,6017985
4,5,7523,completed,6007735
4,5,7524,completed,5996984
4,5,7525,completed,6003318
4,5,7526,completed,6019651
4,5,7527,completed,6030984
4,5,7528,completed,6042317
4,5,7529,completed,5903568
4,5,7530,completed,5908652
4,5,7531,completed,5899943
4,5,7532,completed,5889402
4,5,7533,completed,6024318
4,5,7534,completed,6008109
4,5,7535,completed,6008610
4,5,7536,completed,6009443
4,5,7537,completed,5995776
4,5,7538,completed,5999859
4,5,7539,completed,6001942
4,5,7540,completed,6003443
4,5,7541,completed,5943360
4,5,7542,completed,5956194
4,5,7543,completed,5958193
4,5,7544,completed,5958527
4,5,7545,completed,6058026
4,5,7546,completed,6056235
4,5,7547,completed,6056526
4,5,7548,completed,6057235
4,5,7549,completed,5918526
4,5,7550,completed,5930026
4,5,7551,completed,5934443
4,5,7552,completed,5939068
4,5,7553,completed,6004152
4,5,7554,completed,6011193
4,5,7555,completed,6013485
4,5,7556,completed,6015110
4,5,7557,completed,5961401
4,5,7558,completed,5968359
4,5,7559,completed,5962776
4,5,7560,completed,5957776
4,5,7561,completed,5974818
4,5,7562,completed,5975568
4,5,7563,completed,5976568
4,5,7564,completed,5977609
4,5,7565,completed,6014735
4,5,7566,completed,6017818
4,5,7567,completed,6018610
4,5,7568,completed,6019318
4,5,7569,completed,5970652
4,5,7570,completed,5967652
4,5,7571,completed,5972485
4,5,7572,completed,5977943
4,5,7573,completed,6062026
4,5,7574,completed,6076443
4,5,7575,completed,6083067
4,5,7576,completed,6088735
4,5,7577,completed,5937401
4,5,7578,completed,5931568
4,5,7579,completed,5923693
4,5,7580,completed,5916484
4,5,7581,completed,5991943
4,5,7582,completed,5993401
4,5,7583,completed,5991568
4,5,7584,completed,5989526
4,5,7585,completed,5717694
4,5,7586,completed,5717235
4,5,7587,completed,5717443
4,5,7588,completed,5717402
4,5,7589,completed,6233067
4,5,7590,completed,6235109
4,5,7591,completed,6235734
4,5,7592,completed,6236400
4,5,7593,completed,6066901
4,5,7594,completed,6068360
4,5,7595,completed,6074442
4,5,7596,completed,6079734
4,5,7597,completed,5782569
4,5,7598,completed,5792194
4,5,7599,completed,5792985
4,5,7600,completed,5793110
4,5,7601,completed,6164526
4,5,7602,completed,6190609
4,5,7603,completed,6198276
4,5,7604,completed,6201859
4,5,7605,completed,5829652
4,5,7606,completed,5835568
4,5,7607,completed,5827401
4,5,7608,completed,5818527
4,5,7609,completed,5515319
4,5,7610,completed,5493403
4,5,7611,completed,5492819
4,5,7612,completed,5493153
4,5,7613,completed,6563984
4,5,7614,completed,6570899
4,5,7615,completed,6571441
4,5,7616,completed,6571983
4,5,7617,completed,5957777
4,5,7618,completed,5953776
4,5,7619,completed,5961235
4,5,7620,completed,5969110
4,5,7621,completed,6003109
4,5,7622,completed,5999526
4,5,7623,completed,5992110
4,5,7624,completed,5984943
4,5,7625,completed,6154568
4,5,7626,completed,6182359
4,5,7627,completed,6193943
4,5,7628,completed,6205609
4,5,7629,completed,5678943
4,5,7630,completed,5682443
4,5,7631,completed,5678653
4,5,7632,completed,5672486
4,5,7633,completed,6087692
4,5,7634,completed,6081859
4,5,7635,completed,6076360
4,5,7636,completed,6070609
4,5,7637,completed,6007693
4,5,7638,completed,6001943
4,5,7639,completed,6001818
4,5,7640,completed,6002026
4,5,7641,completed,5914443
4,5,7642,completed,5912693
4,5,7643,completed,5917568
4,5,7644,completed,5921818
4,5,7645,completed,6026068
4,5,7646,completed,6038609
4,5,7647,completed,6039234
4,5,7648,completed,6041068
4,5,7649,completed,5985235
4,5,7650,completed,5996068
4,5,7651,completed,5998276
4,5,7652,completed,5999193
4,5,7653,completed,5995151
4,5,7654,completed,5990110
4,5,7655,completed,5984068
4,5,7656,completed,5978360
4,5,7657,completed,5971443
4,5,7658,completed,5982776
4,5,7659,completed,5983984
4,5,7660,completed,5984110
4,5,7661,completed,5989109
4,5,7662,completed,5977693
4,5,7663,completed,5979152
4,5,7664,completed,5980735
4,5,7665,completed,5999360
4,5,7666,completed,6001776
4,5,7667,completed,6002235
4,5,7668,completed,6002485
4,5,7669,completed,5964902
4,5,7670,completed,5990943
4,5,7671,completed,6003276
4,5,7672,completed,6014568
4,5,7673,completed,5996693
4,5,7674,completed,5988526
4,5,7675,completed,5978568
4,5,7676,completed,5969360
4,5,7677,completed,6020026
4,5,7678,completed,6019235
4,5,7679,completed,6018859
4,5,7680,completed,6018943
4,5,7681,completed,5973151
4,5,7682,completed,5976359
4,5,7683,completed,5978109
4,5,7684,completed,5979818
4,5,7685,completed,5686402
4,5,7686,completed,5696986
4,5,7687,completed,5702736
4,5,7688,completed,5708652
4,5,7689,completed,6278776
4,5,7690,completed,6292775
4,5,7691,completed,6287150
4,5,7692,completed,6282192
4,5,7693,completed,6069068
4,5,7694,completed,6070526
4,5,7695,completed,6071526
4,5,7696,completed,6072693
4,5,7697,completed,5828985
4,5,7698,completed,5833151
4,5,7699,completed,5833985
4,5,7700,completed,5834693
4,5,7701,completed,6079484
4,5,7702,completed,6105901
4,5,7703,completed,6107942
4,5,7704,completed,6110193
4,5,7705,completed,5817152
4,5,7706,completed,5823069
4,5,7707,completed,5823943
4,5,7708,completed,5824401
4,5,7709,completed,5972485
4,5,7710,completed,5979693
4,5,7711,completed,5980609
4,5,7712,completed,5981735
4,5,7713,completed,7069648
4,5,7714,completed,7074648
4,5,7715,completed,7076690
4,5,7716,completed,7078024
4,5,7717,completed,5840485
4,5,7718,completed,5831401
4,5,7719,completed,5832110
4,5,7720,completed,5832652
4,5,7721,completed,5939651
4,5,7722,completed,5948277
4,5,7723,completed,5949443
4,5,7724,completed,5949693
4,5,7725,completed,6011359
4,5,7726,completed,6003485
4,5,7727,completed,6004901
4,5,7728,completed,6006734
4,5,7729,completed,5958526
4,5,7730,completed,5966443
4,5,7731,completed,5970818
4,5,7732,completed,5974943
4,5,7733,completed,5972193
4,5,7734,completed,5973193
4,5,7735,completed,5972734
4,5,7736,completed,5971984
4,5,7737,completed,6024610
4,5,7738,completed,6033943
4,5,7739,completed,6037318
4,5,7740,completed,6040443
4,5,7741,completed,5988151
4,5,7742,completed,5984276
4,5,7743,completed,5978110
4,5,7744,completed,5972693
4,5,7745,completed,6123651
4,5,7746,completed,6141901
4,5,7747,completed,6143567
4,5,7748,completed,6144360
4,5,7749,completed,5879901
4,5,7750,completed,5881985
4,5,7751,completed,5888193
4,5,7752,completed,5894569
4,5,7753,completed,5955027
4,5,7754,completed,5948485
4,5,7755,completed,5942485
4,5,7756,completed,5936485
4,5,7757,completed,5613111
4,5,7758,completed,5632319
4,5,7759,completed,5633944
4,5,7760,completed,5635361
4,5,7761,completed,6331942
4,5,7762,completed,6353317
4,5,7763,completed,6365359
4,5,7764,completed,6375984
4,5,7765,completed,6010609
4,5,7766,completed,6012777
4,5,7767,completed,6013401
4,5,7768,completed,6013234
4,5,7769,completed,6024901
4,5,7770,completed,6021443
4,5,7771,completed,6012026
4,5,7772,completed,6002943
4,5,7773,completed,5486944
4,5,7774,completed,5499444
4,5,7775,completed,5500819
4,5,7776,completed,5500778
4,5,7777,completed,6249734
4,5,7778,completed,6240775
4,5,7779,completed,6241401
4,5,7780,completed,6242400
4,5,7781,completed,6177610
4,5,7782,completed,6198942
4,5,7783,completed,6210692
4,5,7784,completed,6221234
4,5,7785,completed,5969985
4,5,7786,completed,5971318
4,5,7787,completed,5965027
4,5,7788,completed,5958610
4,5,7789,completed,5950068
4,5,7790,completed,5952235
4,5,7791,completed,5951693
4,5,7792,completed,5951402
4,5,7793,completed,5472778
4,5,7794,completed,5485736
4,5,7795,completed,5493027
4,5,7796,completed,5500694
4,5,7797,completed,6634400
4,5,7798,completed,6629775
4,5,7799,completed,6620359
4,5,7800,completed,6611150
4,5,7801,completed,5979194
4,5,7802,completed,5986193
4,5,7803,completed,5987443
4,5,7804,completed,5988318
4,5,7805,completed,5900360
4,5,7806,completed,5921569
4,5,7807,completed,5933360
4,5,7808,completed,5943443
4,5,7809,completed,5926443
4,5,7810,completed,5918027
4,5,7811,completed,5911151
4,5,7812,completed,5904693
4,5,7813,completed,6038652
4,5,7814,completed,6054651
4,5,7815,completed,6062402
4,5,7816,completed,6069568
4,5,7817,completed,5981109
4,5,7818,completed,5971235
4,5,7819,completed,5961943
4,5,7820,completed,5952568
4,5,7821,completed,5992318
4,5,7822,completed,5996610
4,5,7823,completed,5997651
4,5,7824,completed,5998735
4,5,7825,completed,5996235
4,5,7826,completed,6016693
4,5,7827,completed,6018527
4,5,7828,completed,6019151
4,5,7829,completed,5955818
4,5,7830,completed,5939610
4,5,7831,completed,5940318
4,5,7832,completed,5941276
4,5,7833,completed,5977234
4,5,7834,completed,5978860
4,5,7835,completed,5980068
4,5,7836,completed,5981068
4,5,7837,completed,6003860
4,5,7838,completed,6018860
4,5,7839,completed,6026068
4,5,7840,completed,6031902
4,5,7841,completed,6000943
4,5,7842,completed,5997151
4,5,7843,completed,5992401
4,5,7844,completed,5987568
4,5,7845,completed,5982277
4,5,7846,completed,5991234
4,5,7847,completed,5991860
4,5,7848,completed,5992068
4,5,7849,completed,5981943
4,5,7850,completed,6001360
4,5,7851,completed,6013360
4,5,7852,completed,6024651
4,5,7853,completed,5980443
4,5,7854,completed,5971235
4,5,7855,completed,5961819
4,5,7856,completed,5953193
4,5,7857,completed,6017484
4,5,7858,completed,6029193
4,5,7859,completed,6030693
4,5,7860,completed,6031360
4,5,7861,completed,5922943
4,5,7862,completed,5907193
4,5,7863,completed,5908610
4,5,7864,completed,5910193
4,5,7865,completed,5973943
4,5,7866,completed,5975068
4,5,7867,completed,5976276
4,5,7868,completed,5977068
4,5,7869,completed,5985901
4,5,7870,completed,5991443
4,5,7871,completed,5992776
4,5,7872,completed,5993734
4,5,7873,completed,5986818
4,5,7874,completed,5988735
4,5,7875,completed,5990526
4,5,7876,completed,5991901
4,5,7877,completed,5987651
4,5,7878,completed,5991276
4,5,7879,completed,5991568
4,5,7880,completed,5991859
4,5,7881,completed,5952859
4,5,7882,completed,5966485
4,5,7883,completed,5973943
4,5,7884,completed,5980693
4,5,7885,completed,5989276
4,5,7886,completed,5999984
4,5,7887,completed,6005277
4,5,7888,completed,6009610
4,5,7889,completed,6004526
4,5,7890,completed,5998443
4,5,7891,completed,5992068
4,5,7892,completed,5984902
4,5,7893,completed,5980943
4,5,7894,completed,5992235
4,5,7895,completed,5989276
4,5,7896,completed,5985860
4,5,7897,completed,5989610
4,5,7898,completed,5989610
4,5,7899,completed,6000609
4,5,7900,completed,6011692
4,5,7901,completed,5981485
4,5,7902,completed,5974068
4,5,7903,completed,5964776
4,5,7904,completed,5954902
4,5,7905,completed,6007276
4,5,7906,completed,6011734
4,5,7907,completed,6012901
4,5,7908,completed,6013443
4,5,7909,completed,5961526
4,5,7910,completed,5974693
4,5,7911,completed,5985777
4,5,7912,completed,5996276
4,5,7913,completed,6017484
4,5,7914,completed,6012026
4,5,7915,completed,6001818
4,5,7916,completed,5991693
4,5,7917,completed,5711652
4,5,7918,completed,5719944
4,5,7919,completed,5731610
4,5,7920,completed,5741985
4,5,7921,completed,6203942
4,5,7922,completed,6192692
4,5,7923,completed,6183109
4,5,7924,completed,6174067
4,5,7925,completed,6009943
4,5,7926,completed,6011151
4,5,7927,completed,6010902
4,5,7928,completed,6010693
4,5,7929,completed,5971776
4,5,7930,completed,5975234
4,5,7931,completed,5976777
4,5,7932,completed,5978359
4,5,7933,completed,6002234
4,5,7934,completed,6018151
4,5,7935,completed,6027860
4,5,7936,completed,6038693
4,5,7937,completed,5635652
4,5,7938,completed,5628861
4,5,7939,completed,5618569
4,5,7940,completed,5608194
4,5,7941,completed,6293026
4,5,7942,completed,6299942
4,5,7943,completed,6311234
4,5,7944,completed,6320817
4,5,7945,completed,6031693
4,5,7946,completed,6038818
4,5,7947,completed,6039735
4,5,7948,completed,6040234
4,5,7949,completed,6027151
4,5,7950,completed,6022027
4,5,7951,completed,6013068
4,5,7952,completed,6004610
4,5,7953,completed,5992610
4,5,7954,completed,5995193
4,5,7955,completed,5996235
4,5,7956,completed,5997026
4,5,7957,completed,6106485
4,5,7958,completed,6112526
4,5,7959,completed,6120817
4,5,7960,completed,6128692
4,5,7961,completed,5853943
4,5,7962,completed,5850318
4,5,7963,completed,5843068
4,5,7964,completed,5836235
4,5,7965,completed,5988027
4,5,7966,completed,6001235
4,5,7967,completed,6008651
4,5,7968,completed,6016402
4,5,7969,completed,6026110
4,5,7970,completed,6025401
4,5,7971,completed,6018568
4,5,7972,completed,6011901
4,5,7973,completed,5860985
4,5,7974,completed,5868485
4,5,7975,completed,5869985
4,5,7976,completed,5871235
4,5,7977,completed,5986609
4,5,7978,completed,5988860
4,5,7979,completed,5990235
4,5,7980,completed,5991443
4,5,7981,completed,5997360
4,5,7982,completed,6001068
4,5,7983,completed,6001860
4,5,7984,completed,6002401
4,5,7985,completed,5976359
4,5,7986,completed,5992193
4,5,7987,completed,6000860
4,5,7988,completed,6010110
4,5,7989,completed,5970859
4,5,7990,completed,5976235
4,5,7991,completed,5977943
4,5,7992,completed,5980318
4,5,7993,completed,6000318
4,5,7994,completed,6006735
4,5,7995,completed,6005902
4,5,7996,completed,6005859
4,5,7997,completed,5999359
4,5,7998,completed,5992360
4,5,7999,completed,5983734
4,5,8000,completed,5974901
4,5,8001,completed,5931235
4,5,8002,completed,5936276
4,5,8003,completed,5936860
4,5,8004,completed,5937277
4,5,8005,completed,5989568
4,5,8006,completed,5998568
4,5,8007,completed,6004110
4,5,8008,completed,6008359
4,5,8009,completed,5997610
4,5,8010,completed,6009818
4,5,8011,completed,6015235
4,5,8012,completed,6022568
4,5,8013,completed,5995734
4,5,8014,completed,5987152
4,5,8015,completed,5977568
4,5,8016,completed,5968193
4,5,8017,completed,5982151
4,5,8018,completed,5995443
4,5,8019,completed,6006192
4,5,8020,completed,6015776
4,5,8021,completed,5988193
4,5,8022,completed,5993484
4,5,8023,completed,5995193
4,5,8024,completed,5995401
4,5,8025,completed,6010610
4,5,8026,completed,6002568
4,5,8027,completed,5992777
4,5,8028,completed,5983651
4,5,8029,completed,5938235
4,5,8030,completed,5941151
4,5,8031,completed,5944984
4,5,8032,completed,5947943
4,5,8033,completed,6038734
4,5,8034,completed,6040026
4,5,8035,completed,6037568
4,5,8036,completed,6035068
4,5,8037,completed,5945277
4,5,8038,completed,5954818
4,5,8039,completed,5955734
4,5,8040,completed,5956026
4,5,8041,completed,6020110
4,5,8042,completed,6009860
4,5,8043,completed,6011026
4,5,8044,completed,6012110
4,5,8045,completed,5984318
4,5,8046,completed,5989651
4,5,8047,completed,5990693
4,5,8048,completed,5991610
4,5,8049,completed,6004109
4,5,8050,completed,6008401
4,5,8051,completed,6009901
4,5,8052,completed,6010985
4,5,8053,completed,5946027
4,5,8054,completed,5945443
4,5,8055,completed,5946527
4,5,8056,completed,5947610
4,5,8057,completed,5947152
4,5,8058,completed,5952859
4,5,8059,completed,5953026
4,5,8060,completed,5952610
4,5,8061,completed,6016109
4,5,8062,completed,6026193
4,5,8063,completed,6028609
4,5,8064,completed,6029901
4,5,8065,completed,6014359
4,5,8066,completed,6012359
4,5,8067,completed,6023318
4,5,8068,completed,6033735
4,5,8069,completed,6036776
4,5,8070,completed,6033735
4,5,8071,completed,6024527
4,5,8072,completed,6015401
4,5,8073,completed,5891984
4,5,8074,completed,5900985
4,5,8075,completed,5912568
4,5,8076,completed,5923985
4,5,8077,completed,6002027
4,5,8078,completed,5992110
4,5,8079,completed,5982485
4,5,8080,completed,5972651
4,5,8081,completed,5963193
4,5,8082,completed,5971985
4,5,8083,completed,5972651
4,5,8084,completed,5972443
4,5,8085,completed,6011026
4,5,8086,completed,6019818
4,5,8087,completed,6031026
4,5,8088,completed,6042277
4,5,8089,completed,5960734
4,5,8090,completed,5964610
4,5,8091,completed,5962151
4,5,8092,completed,5959026
4,5,8093,completed,5981360
4,5,8094,completed,5983568
4,5,8095,completed,5982402
4,5,8096,completed,5980943
4,5,8097,completed,6001735
4,5,8098,completed,6008818
4,5,8099,completed,6013485
4,5,8100,completed,6017776
4,5,8101,completed,5996526
4,5,8102,completed,5997568
4,5,8103,completed,5997068
4,5,8104,completed,5997902
4,5,8105,completed,5639069
4,5,8106,completed,5654069
4,5,8107,completed,5655444
4,5,8108,completed,5655819
4,5,8109,completed,6329276
4,5,8110,completed,6320192
4,5,8111,completed,6310817
4,5,8112,completed,6301567
4,5,8113,completed,6057152
4,5,8114,completed,6067068
4,5,8115,completed,6069234
4,5,8116,completed,6070693
4,5,8117,completed,5908151
4,5,8118,completed,5913318
4,5,8119,completed,5915152
4,5,8120,completed,5915443
4,5,8121,completed,5971985
4,5,8122,completed,5964401
4,5,8123,completed,5975277
4,5,8124,completed,5985901
4,5,8125,completed,6009235
4,5,8126,completed,6012985
4,5,8127,completed,6003609
4,5,8128,completed,5993026
4,5,8129,completed,5977193
4,5,8130,completed,5977401
4,5,8131,completed,5988068
4,5,8132,completed,5998317
4,5,8133,completed,5853235
4,5,8134,completed,5844443
4,5,8135,completed,5835235
4,5,8136,completed,5826152
4,5,8137,completed,6113651
4,5,8138,completed,6125234
4,5,8139,completed,6132067
4,5,8140,completed,6138234
4,5,8141,completed,5521402
4,5,8142,completed,5518319
4,5,8143,completed,5513195
4,5,8144,completed,5508278
4,5,8145,completed,6320192
4,5,8146,completed,6321567
4,5,8147,completed,6322150
4,5,8148,completed,6322442
4,5,8149,completed,6076151
4,5,8150,completed,6055818
4,5,8151,completed,6049068
4,5,8152,completed,6043234
4,5,8153,completed,5980026
4,5,8154,completed,5971401
4,5,8155,completed,5961693
4,5,8156,completed,5951484
4,5,8157,completed,5978568
4,5,8158,completed,5980609
4,5,8159,completed,5981568
4,5,8160,completed,5982485
4,5,8161,completed,5995235
4,5,8162,completed,5997193
4,5,8163,completed,5998026
4,5,8164,completed,5998943
4,5,8165,completed,5997609
4,5,8166,completed,6014443
4,5,8167,completed,6024443
4,5,8168,completed,6033901
4,5,8169,completed,6079609
4,5,8170,completed,6079401
4,5,8171,completed,6071485
4,5,8172,completed,6061734
4,5,8173,completed,5867235
4,5,8174,completed,5862527
4,5,8175,completed,5866610
4,5,8176,completed,5869609
4,5,8177,completed,6009484
4,5,8178,completed,6020151
4,5,8179,completed,6017443
4,5,8180,completed,6014193
4,5,8181,completed,5973360
4,5,8182,completed,5974193
4,5,8183,completed,5975776
4,5,8184,completed,5976985
4,5,8185,completed,5686652
4,5,8186,completed,5684361
4,5,8187,completed,5690027
4,5,8188,completed,5695360
4,5,8189,completed,6330901
4,5,8190,completed,6331109
4,5,8191,completed,6326442
4,5,8192,completed,6322193
4,5,8193,completed,5968568
4,5,8194,completed,5971151
4,5,8195,completed,5977818
4,5,8196,completed,5984359
4,5,8197,completed,6062693
4,5,8198,completed,6062859
4,5,8199,completed,6057360
4,5,8200,completed,6052234
4,5,8201,completed,6059151
4,5,8202,completed,6067526
4,5,8203,completed,6068317
4,5,8204,completed,6068734
4,5,8205,completed,5811443
4,5,8206,completed,5798235
4,5,8207,completed,5803443
4,5,8208,completed,5808235
4,5,8209,completed,6053193
4,5,8210,completed,6069193
4,5,8211,completed,6065943
4,5,8212,completed,6047984
4,5,8213,completed,5592569
4,5,8214,completed,5586652
4,5,8215,completed,5588027
4,5,8216,completed,5589236
4,5,8217,completed,5729277
4,5,8218,completed,5737319
4,5,8219,completed,5748902
4,5,8220,completed,5759319
4,5,8221,completed,6484692
4,5,8222,completed,6483400
4,5,8223,completed,6474900
4,5,8224,completed,6464358
4,5,8225,completed,6006318
4,5,8226,completed,5994318
4,5,8227,completed,5995026
4,5,8228,completed,5995652
4,5,8229,completed,5965860
4,5,8230,completed,5976359
4,5,8231,completed,5982152
4,5,8232,completed,5987401
4,5,8233,completed,6002901
4,5,8234,completed,6012485
4,5,8235,completed,6009109
4,5,8236,completed,6004443
4,5,8237,completed,5986360
4,5,8238,completed,5990443
4,5,8239,completed,5991776
4,5,8240,completed,5992360
4,5,8241,completed,6005526
4,5,8242,completed,5992610
4,5,8243,completed,5992359
4,5,8244,completed,5992568
4,5,8245,completed,5962568
4,5,8246,completed,5964527
4,5,8247,completed,5964902
4,5,8248,completed,5965443
4,5,8249,completed,5603985
4,5,8250,completed,5608778
4,5,8251,completed,5609319
4,5,8252,completed,5609527
4,5,8253,completed,6361942
4,5,8254,completed,6384067
4,5,8255,completed,6389776
4,5,8256,completed,6395359
4,5,8257,completed,6072318
4,5,8258,completed,6074527
4,5,8259,completed,6069318
4,5,8260,completed,6064443
4,5,8261,completed,5922360
4,5,8262,completed,5921026
4,5,8263,completed,5927068
4,5,8264,completed,5933693
4,5,8265,completed,5665818
4,5,8266,completed,5663569
4,5,8267,completed,5657069
4,5,8268,completed,5651652
4,5,8269,completed,6272234
4,5,8270,completed,6279442
4,5,8271,completed,6282359
4,5,8272,completed,6282359
4,5,8273,completed,5958693
4,5,8274,completed,5950026
4,5,8275,completed,5951068
4,5,8276,completed,5951735
4,5,8277,completed,5544444
4,5,8278,completed,5543777
4,5,8279,completed,5546569
4,5,8280,completed,5546986
4,5,8281,completed,6419817
4,5,8282,completed,6418859
4,5,8283,completed,6420317
4,5,8284,completed,6420692
4,5,8285,completed,6007735
4,5,8286,completed,5996776
4,5,8287,completed,5996943
4,5,8288,completed,5997193
4,5,8289,completed,6076610
4,5,8290,completed,6094526
4,5,8291,completed,6096609
4,5,8292,completed,6098234
4,5,8293,completed,5879693
4,5,8294,completed,5878568
4,5,8295,completed,5878693
4,5,8296,completed,5878693
4,5,8297,completed,5975984
4,5,8298,completed,5981568
4,5,8299,completed,5982276
4,5,8300,completed,5982402
4,5,8301,completed,7108398
4,5,8302,completed,7116149
4,5,8303,completed,7119148
4,5,8304,completed,7121232
4,5,8305,completed,5629277
4,5,8306,completed,5631986
4,5,8307,completed,5633444
4,5,8308,completed,5634819
4,5,8309,completed,6162775
4,5,8310,completed,6164442
4,5,8311,completed,6164651
4,5,8312,completed,6164734
4,5,8313,completed,5964610
4,5,8314,completed,5960234
4,5,8315,completed,5960776
4,5,8316,completed,5961277
4,5,8317,completed,5745569
4,5,8318,completed,5756485
4,5,8319,completed,5762860
4,5,8320,completed,5768152
4,5,8321,completed,6250526
4,5,8322,completed,6249109
4,5,8323,completed,6244318
4,5,8324,completed,6239359
4,5,8325,completed,5986860
4,5,8326,completed,5992901
4,5,8327,completed,6000651
4,5,8328,completed,6007402
4,5,8329,completed,5967360
4,5,8330,completed,5971651
4,5,8331,completed,5969860
4,5,8332,completed,5968443
4,5,8333,completed,5543402
4,5,8334,completed,5552194
4,5,8335,completed,5548569
4,5,8336,completed,5544444
4,5,8337,completed,6418359
4,5,8338,completed,6413233
4,5,8339,completed,6415026
4,5,8340,completed,6417192
4,5,8341,completed,5408944
4,5,8342,completed,5408028
4,5,8343,completed,5408278
4,5,8344,completed,5408694
4,5,8345,completed,6549317
4,5,8346,completed,6557192
4,5,8347,completed,6559316
4,5,8348,completed,6560775
4,5,8349,completed,6004818
4,5,8350,completed,6006567
4,5,8351,completed,6007692
4,5,8352,completed,6008693
4,5,8353,completed,5780527
4,5,8354,completed,5782694
4,5,8355,completed,5783110
4,5,8356,completed,5783235
4,5,8357,completed,6167568
4,5,8358,completed,6182650
4,5,8359,completed,6193817
4,5,8360,completed,6204692
4,5,8361,completed,5709777
4,5,8362,completed,5716944
4,5,8363,completed,5717027
4,5,8364,completed,5716860
4,5,8365,completed,6252109
4,5,8366,completed,6243193
4,5,8367,completed,6233900
4,5,8368,completed,6224776
4,5,8369,completed,6004860
4,5,8370,completed,6006026
4,5,8371,completed,6006568
4,5,8372,completed,6006901
4,5,8373,completed,6052610
4,5,8374,completed,6062859
4,5,8375,completed,6063860
4,5,8376,completed,6063984
4,5,8377,completed,6097984
4,5,8378,completed,6096318
4,5,8379,completed,6097568
4,5,8380,completed,6098734
4,5,8381,completed,5818361
4,5,8382,completed,5812652
4,5,8383,completed,5819026
4,5,8384,completed,5825485
4,5,8385,completed,5967235
4,5,8386,completed,5976318
4,5,8387,completed,5979651
4,5,8388,completed,5984277
4,5,8389,completed,5979401
4,5,8390,completed,5971485
4,5,8391,completed,5962360
4,5,8392,completed,5952568
4,5,8393,completed,6010609
4,5,8394,completed,6014484
4,5,8395,completed,6015818
4,5,8396,completed,6016652
4,5,8397,completed,6016318
4,5,8398,completed,6020152
4,5,8399,completed,6021151
4,5,8400,completed,6022068
4,5,8401,completed,5966484
4,5,8402,completed,5965234
4,5,8403,completed,5966693
4,5,8404,completed,5967318
4,5,8405,completed,5948734
4,5,8406,completed,5939526
4,5,8407,completed,5939860
4,5,8408,completed,5940401
4,5,8409,completed,5971443
4,5,8410,completed,5973110
4,5,8411,completed,5973776
4,5,8412,completed,5974109
4,5,8413,completed,6004026
4,5,8414,completed,6009110
4,5,8415,completed,6010735
4,5,8416,completed,6012360
4,5,8417,completed,5977985
4,5,8418,completed,5983068
4,5,8419,completed,5983318
4,5,8420,completed,5983402
4,5,8421,completed,5876235
4,5,8422,completed,5879610
4,5,8423,completed,5880235
4,5,8424,completed,5880610
4,5,8425,completed,5674652
4,5,8426,completed,5667194
4,5,8427,completed,5669069
4,5,8428,completed,5670486
4,5,8429,completed,5869652
4,5,8430,completed,5887985
4,5,8431,completed,5899610
4,5,8432,completed,5909985
4,5,8433,completed,6490941
4,5,8434,completed,6503692
4,5,8435,completed,6494775
4,5,8436,completed,6484692
4,5,8437,completed,5996235
4,5,8438,completed,5971484
4,5,8439,completed,5972776
4,5,8440,completed,5974110
4,5,8441,completed,5980152
4,5,8442,completed,5981235
4,5,8443,completed,5982276
4,5,8444,completed,5983068
4,5,8445,completed,5980735
4,5,8446,completed,5983277
4,5,8447,completed,5984318
4,5,8448,completed,5984985
4,5,8449,completed,6002027
4,5,8450,completed,6004693
4,5,8451,completed,6005651
4,5,8452,completed,6006651
4,5,8453,completed,5980568
4,5,8454,completed,5981526
4,5,8455,completed,5982568
4,5,8456,completed,5983609
4,5,8457,completed,5983068
4,5,8458,completed,5986485
4,5,8459,completed,5987485
4,5,8460,completed,5988318
4,5,8461,completed,5978776
4,5,8462,completed,5981027
4,5,8463,completed,5982068
4,5,8464,completed,5982901
4,5,8465,completed,6027360
4,5,8466,completed,6033360
4,5,8467,completed,6034443
4,5,8468,completed,6035151
4,5,8469,completed,5929776
4,5,8470,completed,5954735
4,5,8471,completed,5963235
4,5,8472,completed,5969693
4,5,8473,completed,6000485
4,5,8474,completed,5993193
4,5,8475,completed,5987818
4,5,8476,completed,5982651
4,5,8477,completed,5956693
4,5,8478,completed,5956860
4,5,8479,completed,5958026
4,5,8480,completed,5958943
4,5,8481,completed,5833735
4,5,8482,completed,5839401
4,5,8483,completed,5840735
4,5,8484,completed,5841652
4,5,8485,completed,6133984
4,5,8486,completed,6135484
4,5,8487,completed,6136651
4,5,8488,completed,6137609
4,5,8489,completed,8136270
4,5,8490,completed,8162812
4,5,8491,completed,8164563
4,5,8492,completed,8166313
4,5,8493,completed,5894318
4,5,8494,completed,5905859
4,5,8495,completed,5907860
4,5,8496,completed,5908943
4,5,8497,completed,5820401
4,5,8498,completed,5820985
4,5,8499,completed,5821943
4,5,8500,completed,5822444
4,5,8501,completed,5988026
4,5,8502,completed,5994985
4,5,8503,completed,5995901
4,5,8504,completed,5996776
4,5,8505,completed,5899735
4,5,8506,completed,5901985
4,5,8507,completed,5903069
4,5,8508,completed,5904277
4,5,8509,completed,5964651
4,5,8510,completed,5967818
4,5,8511,completed,5968735
4,5,8512,completed,5969443
4,5,8513,completed,5971651
4,5,8514,completed,5970860
4,5,8515,completed,5970985
4,5,8516,completed,5971110
4,5,8517,completed,6023610
4,5,8518,completed,6030068
4,5,8519,completed,6031193
4,5,8520,completed,6032485
4,5,8521,completed,5920818
4,5,8522,completed,5919735
4,5,8523,completed,5920651
4,5,8524,completed,5921402
4,5,8525,completed,5900068
4,5,8526,completed,5904693
4,5,8527,completed,5905443
4,5,8528,completed,5906151
4,5,8529,completed,5967652
4,5,8530,completed,5974359
4,5,8531,completed,5975401
4,5,8532,completed,5976276
4,5,8533,completed,5949027
4,5,8534,completed,5959026
4,5,8535,completed,5959610
4,5,8536,completed,5960110
4,5,8537,completed,5959985
4,5,8538,completed,5972068
4,5,8539,completed,5973693
4,5,8540,completed,5975734
4,5,8541,completed,6712358
4,5,8542,completed,6710608
4,5,8543,completed,6712400
4,5,8544,completed,6712691
4,5,8545,completed,6202692
4,5,8546,completed,6224150
4,5,8547,completed,6232192
4,5,8548,completed,6238984
4,5,8549,completed,5946860
4,5,8550,completed,5955609
4,5,8551,completed,5959068
4,5,8552,completed,5960568
4,5,8553,completed,6091943
4,5,8554,completed,6105734
4,5,8555,completed,6106234
4,5,8556,completed,6106401
4,5,8557,completed,5948234
4,5,8558,completed,5946318
4,5,8559,completed,5939485
4,5,8560,completed,5933818
4,5,8561,completed,5906860
4,5,8562,completed,5907568
4,5,8563,completed,5909068
4,5,8564,completed,5910027
4,5,8565,completed,5971193
4,5,8566,completed,5972860
4,5,8567,completed,5973943
4,5,8568,completed,5974776
4,5,8569,completed,6002777
4,5,8570,completed,6021943
4,5,8571,completed,6033192
4,5,8572,completed,6045776
4,5,8573,completed,5977734
4,5,8574,completed,5971276
4,5,8575,completed,5959651
4,5,8576,completed,5948443
4,5,8577,completed,6013110
4,5,8578,completed,6033193
4,5,8579,completed,6035735
4,5,8580,completed,6037693
4,5,8581,completed,5568027
4,5,8582,completed,5584944
4,5,8583,completed,5596236
4,5,8584,completed,5607902
4,5,8585,completed,6328609
4,5,8586,completed,6320984
4,5,8587,completed,6310983
4,5,8588,completed,6301317
4,5,8589,completed,6139276
4,5,8590,completed,6142526
4,5,8591,completed,6144193
4,5,8592,completed,6145109
4,5,8593,completed,5271028
4,5,8594,completed,5283903
4,5,8595,completed,5291986
4,5,8596,completed,5301070
4,5,8597,completed,6525192
4,5,8598,completed,6521233
4,5,8599,completed,6513400
4,5,8600,completed,6503984
4,5,8601,completed,6091609
4,5,8602,completed,6103984
4,5,8603,completed,6105776
4,5,8604,completed,6106359
4,5,8605,completed,5916860
4,5,8606,completed,5905694
4,5,8607,completed,5907027
4,5,8608,completed,5908110
4,5,8609,completed,5982026
4,5,8610,completed,5997818
4,5,8611,completed,6008109
4,5,8612,completed,6019568
4,5,8613,completed,6028776
4,5,8614,completed,6033068
4,5,8615,completed,6032818
4,5,8616,completed,6032610
4,5,8617,completed,5958193
4,5,8618,completed,5952151
4,5,8619,completed,5942610
4,5,8620,completed,5932818
4,5,8621,completed,6068777
4,5,8622,completed,6100943
4,5,8623,completed,6104734
4,5,8624,completed,6106401
4,5,8625,completed,5895777
4,5,8626,completed,5879777
4,5,8627,completed,5880069
4,5,8628,completed,5880110
4,5,8629,completed,5960651
4,5,8630,completed,5963652
4,5,8631,completed,5975402
4,5,8632,completed,5985693
4,5,8633,completed,5464486
4,5,8634,completed,5462652
4,5,8635,completed,5456111
4,5,8636,completed,5449486
4,5,8637,completed,6071235
4,5,8638,completed,6083776
4,5,8639,completed,6091151
4,5,8640,completed,6098734
4,5,8641,completed,6426567
4,5,8642,completed,6431109
4,5,8643,completed,6430900
4,5,8644,completed,6430734
4,5,8645,completed,6019068
4,5,8646,completed,6026026
4,5,8647,completed,6018151
4,5,8648,completed,6008485
4,5,8649,completed,5946610
4,5,8650,completed,5944652
4,5,8651,completed,5956318
4,5,8652,completed,5966859
4,5,8653,completed,5986984
4,5,8654,completed,5978693
4,5,8655,completed,5969027
4,5,8656,completed,5959860
4,5,8657,completed,5972776
4,5,8658,completed,5992026
4,5,8659,completed,6002360
4,5,8660,completed,6012943
4,5,8661,completed,6016318
4,5,8662,completed,6009818
4,5,8663,completed,6000610
4,5,8664,completed,5990901
4,5,8665,completed,5839401
4,5,8666,completed,5858485
4,5,8667,completed,5861485
4,5,8668,completed,5862319
4,5,8669,completed,6129443
4,5,8670,completed,6126151
4,5,8671,completed,6136734
4,5,8672,completed,6147609
4,5,8673,completed,5986818
4,5,8674,completed,5979109
4,5,8675,completed,5969485
4,5,8676,completed,5959776
4,5,8677,completed,5941902
4,5,8678,completed,5945234
4,5,8679,completed,5946901
4,5,8680,completed,5948068
4,5,8681,completed,6090568
4,5,8682,completed,6105651
4,5,8683,completed,6116443
4,5,8684,completed,6126901
4,5,8685,completed,5925902
4,5,8686,completed,5918860
4,5,8687,completed,5909652
4,5,8688,completed,5900693
4,5,8689,completed,6098610
4,5,8690,completed,6102067
4,5,8691,completed,6103276
4,5,8692,completed,6104151
4,5,8693,completed,5851777
4,5,8694,completed,5864568
4,5,8695,completed,5874569
4,5,8696,completed,5884569
4,5,8697,completed,6000776
4,5,8698,completed,5995568
4,5,8699,completed,5986526
4,5,8700,completed,5977526
4,5,8701,completed,5940526
4,5,8702,completed,5951109
4,5,8703,completed,5953235
4,5,8704,completed,5953651
4,5,8705,completed,6021568
4,5,8706,completed,6026151
4,5,8707,completed,6038443
4,5,8708,completed,6049360
4,5,8709,completed,5996443
4,5,8710,completed,5994485
4,5,8711,completed,5985610
4,5,8712,completed,5975443
4,5,8713,completed,5555277
4,5,8714,completed,5590194
4,5,8715,completed,5602944
4,5,8716,completed,5614944
4,5,8717,completed,6329442
4,5,8718,completed,6330734
4,5,8719,completed,6327900
4,5,8720,completed,6324442
4,5,8721,completed,6048860
4,5,8722,completed,6049818
4,5,8723,completed,6043984
4,5,8724,completed,6038401
4,5,8725,completed,5946193
4,5,8726,completed,5948235
4,5,8727,completed,5949985
4,5,8728,completed,5953194
4,5,8729,completed,5976360
4,5,8730,completed,5994276
4,5,8731,completed,6005943
4,5,8732,completed,6017360
4,5,8733,completed,5995110
4,5,8734,completed,6006734
4,5,8735,completed,6005402
4,5,8736,completed,6005984
4,5,8737,completed,5980985
4,5,8738,completed,5973527
4,5,8739,completed,5963068
4,5,8740,completed,5953526
4,5,8741,completed,5931860
4,5,8742,completed,5936485
4,5,8743,completed,5940985
4,5,8744,completed,5945068
4,5,8745,completed,6011276
4,5,8746,completed,6018568
4,5,8747,completed,6015860
4,5,8748,completed,6011943
4,5,8749,completed,6005026
4,5,8750,completed,6011776
4,5,8751,completed,6023401
4,5,8752,completed,6034068
4,5,8753,completed,6055443
4,5,8754,completed,6060318
4,5,8755,completed,6058193
4,5,8756,completed,6056151
4,5,8757,completed,5929151
4,5,8758,completed,5935527
4,5,8759,completed,5929443
4,5,8760,completed,5922401
4,5,8761,completed,5853319
4,5,8762,completed,5841610
4,5,8763,completed,5842860
4,5,8764,completed,5844026
4,5,8765,completed,6122859
4,5,8766,completed,6130401
4,5,8767,completed,6132234
4,5,8768,completed,6133443
4,5,8769,completed,5952776
4,5,8770,completed,5967068
4,5,8771,completed,5975068
4,5,8772,completed,5982818
4,5,8773,completed,5795319
4,5,8774,completed,5791485
4,5,8775,completed,5783944
4,5,8776,completed,5777277
4,5,8777,completed,5930818
4,5,8778,completed,5934068
4,5,8779,completed,5935068
4,5,8780,completed,5936026
4,5,8781,completed,6201859
4,5,8782,completed,6204401
4,5,8783,completed,6205567
4,5,8784,completed,6206401
4,5,8785,completed,6025360
4,5,8786,completed,6029443
4,5,8787,completed,6030693
4,5,8788,completed,6031693
4,5,8789,completed,6114443
4,5,8790,completed,6137443
4,5,8791,completed,6145901
4,5,8792,completed,6152443
4,5,8793,completed,5825610
4,5,8794,completed,5818110
4,5,8795,completed,5811860
4,5,8796,completed,5806276
4,5,8797,completed,5849235
4,5,8798,completed,5852027
4,5,8799,completed,5853360
4,5,8800,completed,5854318
4,5,8801,completed,6096234
4,5,8802,completed,6108485
4,5,8803,completed,6114442
4,5,8804,completed,6120610
4,5,8805,completed,6006735
4,5,8806,completed,6003443
4,5,8807,completed,5998277
4,5,8808,completed,5993110
4,5,8809,completed,5953693
4,5,8810,completed,5959693
4,5,8811,completed,5961443
4,5,8812,completed,5962026
4,5,8813,completed,6010817
4,5,8814,completed,6010735
4,5,8815,completed,6020401
4,5,8816,completed,6031526
4,5,8817,completed,5943235
4,5,8818,completed,5937860
4,5,8819,completed,5930776
4,5,8820,completed,5923527
4,5,8821,completed,6024818
4,5,8822,completed,6024568
4,5,8823,completed,6022235
4,5,8824,completed,6019901
4,5,8825,completed,5991235
4,5,8826,completed,5993526
4,5,8827,completed,5994735
4,5,8828,completed,5995610
4,5,8829,completed,5940402
4,5,8830,completed,5945026
4,5,8831,completed,5946318
4,5,8832,completed,5947318
4,5,8833,completed,6085318
4,5,8834,completed,6088818
4,5,8835,completed,6089443
4,5,8836,completed,6089609
4,5,8837,completed,5927360
4,5,8838,completed,5945444
4,5,8839,completed,5956318
4,5,8840,completed,5967277
4,5,8841,completed,6023151
4,5,8842,completed,6017610
4,5,8843,completed,6008359
4,5,8844,completed,5998859
4,5,8845,completed,6007943
4,5,8846,completed,6011734
4,5,8847,completed,6012651
4,5,8848,completed,6013651
4,5,8849,completed,5927151
4,5,8850,completed,5938985
4,5,8851,completed,5940693
4,5,8852,completed,5941485
4,5,8853,completed,6026068
4,5,8854,completed,6017443
4,5,8855,completed,6017818
4,5,8856,completed,6018027
4,5,8857,completed,5855610
4,5,8858,completed,5870693
4,5,8859,completed,5878610
4,5,8860,completed,5885610
4,5,8861,completed,6052776
4,5,8862,completed,6047401
4,5,8863,completed,6040651
4,5,8864,completed,6034193
4,5,8865,completed,5804444
4,5,8866,completed,5826651
4,5,8867,completed,5830110
4,5,8868,completed,5831485
4,5,8869,completed,6177776
4,5,8870,completed,6179026
4,5,8871,completed,6190485
4,5,8872,completed,6201776
4,5,8873,completed,6001026
4,5,8874,completed,5992860
4,5,8875,completed,5982151
4,5,8876,completed,5971610
4,5,8877,completed,5995402
4,5,8878,completed,5998026
4,5,8879,completed,6000235
4,5,8880,completed,6002318
4,5,8881,completed,5962901
4,5,8882,completed,5955777
4,5,8883,completed,5956360
4,5,8884,completed,5956943
4,5,8885,completed,6109943
4,5,8886,completed,6111484
4,5,8887,completed,6111734
4,5,8888,completed,6111568
4,5,8889,completed,5839236
4,5,8890,completed,5840152
4,5,8891,completed,5840861
4,5,8892,completed,5841277
4,5,8893,completed,5672319
4,5,8894,completed,5686860
4,5,8895,completed,5693236
4,5,8896,completed,5699860
4,5,8897,completed,6309525
4,5,8898,completed,6307525
4,5,8899,completed,6302900
4,5,8900,completed,6297317
4,5,8901,completed,5444195
4,5,8902,completed,5447903
4,5,8903,completed,5449570
4,5,8904,completed,5451236
4,5,8905,completed,6481025
4,5,8906,completed,6494525
4,5,8907,completed,6510650
4,5,8908,completed,6519108
4,5,8909,completed,5953444
4,5,8910,completed,5962902
4,5,8911,completed,5947443
4,5,8912,completed,5940734
4,5,8913,completed,6054359
4,5,8914,completed,6056859
4,5,8915,completed,6063818
4,5,8916,completed,6069527
4,5,8917,completed,6046526
4,5,8918,completed,6042276
4,5,8919,completed,6037110
4,5,8920,completed,6032193
4,5,8921,completed,6043943
4,5,8922,completed,6060610
4,5,8923,completed,6062651
4,5,8924,completed,6063651
4,5,8925,completed,5871526
4,5,8926,completed,5867777
4,5,8927,completed,5873859
4,5,8928,completed,5878985
4,5,8929,completed,6033401
4,5,8930,completed,6029359
4,5,8931,completed,6024693
4,5,8932,completed,6019985
4,5,8933,completed,5945068
4,5,8934,completed,5930818
4,5,8935,completed,5931818
4,5,8936,completed,5932527
4,5,8937,completed,5972735
4,5,8938,completed,5973443
4,5,8939,completed,5973735
4,5,8940,completed,5973901
4,5,8941,completed,5995652
4,5,8942,completed,6002110
4,5,8943,completed,6007777
4,5,8944,completed,6012610
4,5,8945,completed,5996651
4,5,8946,completed,5994527
4,5,8947,completed,5990526
4,5,8948,completed,5985818
4,5,8949,completed,5527611
4,5,8950,completed,5528278
4,5,8951,completed,5528528
4,5,8952,completed,5528944
4,5,8953,completed,6441275
4,5,8954,completed,6451567
4,5,8955,completed,6454109
4,5,8956,completed,6456150
4,5,8957,completed,5981568
4,5,8958,completed,5994859
4,5,8959,completed,5996360
4,5,8960,completed,5996777
4,5,8961,completed,6050193
4,5,8962,completed,6052943
4,5,8963,completed,6059401
4,5,8964,completed,6065151
4,5,8965,completed,5915069
4,5,8966,completed,5918276
4,5,8967,completed,5913235
4,5,8968,completed,5908610
4,5,8969,completed,6003859
4,5,8970,completed,6009818
4,5,8971,completed,6012360
4,5,8972,completed,6014110
4,5,8973,completed,5971859
4,5,8974,completed,5957652
4,5,8975,completed,5961526
4,5,8976,completed,5965193
4,5,8977,completed,5995402
4,5,8978,completed,5999068
4,5,8979,completed,5996401
4,5,8980,completed,5993734
4,5,8981,completed,5963526
4,5,8982,completed,5977318
4,5,8983,completed,5987318
4,5,8984,completed,5998484
4,5,8985,completed,5960443
4,5,8986,completed,5959151
4,5,8987,completed,5948818
4,5,8988,completed,5938360
4,5,8989,completed,6035318
4,5,8990,completed,6028610
4,5,8991,completed,6030152
4,5,8992,completed,6030984
4,5,8993,completed,5996693
4,5,8994,completed,6002026
4,5,8995,completed,6003318
4,5,8996,completed,6005235
4,5,8997,completed,5937443
4,5,8998,completed,5946694
4,5,8999,completed,5948360
4,5,9000,completed,5948652
4,5,9001,completed,5974776
4,5,9002,completed,5978193
4,5,9003,completed,5983568
4,5,9004,completed,5988901
4,5,9005,completed,5893984
4,5,9006,completed,5897818
4,5,9007,completed,5897943
4,5,9008,completed,5896527
4,5,9009,completed,6077777
4,5,9010,completed,6095651
4,5,9011,completed,6092734
4,5,9012,completed,6089609
4,5,9013,completed,5999776
4,5,9014,completed,6002985
4,5,9015,completed,6013693
4,5,9016,completed,6024984
4,5,9017,completed,5970360
4,5,9018,completed,5962110
4,5,9019,completed,5951568
4,5,9020,completed,5941027
4,5,9021,completed,5705902
4,5,9022,completed,5735277
4,5,9023,completed,5739943
4,5,9024,completed,5741527
4,5,9025,completed,6245442
4,5,9026,completed,6234109
4,5,9027,completed,6240442
4,5,9028,completed,6246692
4,5,9029,completed,6001484
4,5,9030,completed,5995276
4,5,9031,completed,5989943
4,5,9032,completed,5984818
4,5,9033,completed,6133276
4,5,9034,completed,6136359
4,5,9035,completed,6137651
4,5,9036,completed,6138484
4,5,9037,completed,5820401
4,5,9038,completed,5831402
4,5,9039,completed,5839485
4,5,9040,completed,5846819
4,5,9041,completed,6061442
4,5,9042,completed,6055984
4,5,9043,completed,6048776
4,5,9044,completed,6041401
4,5,9045,completed,5924319
4,5,9046,completed,5929068
4,5,9047,completed,5930610
4,5,9048,completed,5932110
4,5,9049,completed,6090943
4,5,9050,completed,6091943
4,5,9051,completed,6093360
4,5,9052,completed,6094235
4,5,9053,completed,5877068
4,5,9054,completed,5877735
4,5,9055,completed,5878568
4,5,9056,completed,5879319
4,5,9057,completed,5961984
4,5,9058,completed,5973277
4,5,9059,completed,5980026
4,5,9060,completed,5986110
4,5,9061,completed,6127067
4,5,9062,completed,6136776
4,5,9063,completed,6138568
4,5,9064,completed,6140901
4,5,9065,completed,5957152
4,5,9066,completed,5972568
4,5,9067,completed,5967734
4,5,9068,completed,5960693
4,5,9069,completed,5954943
4,5,9070,completed,5953859
4,5,9071,completed,5964568
4,5,9072,completed,5974901
4,5,9073,completed,5985402
4,5,9074,completed,5976651
4,5,9075,completed,5967276
4,5,9076,completed,5957859
4,5,9077,completed,5526777
4,5,9078,completed,5530611
4,5,9079,completed,5531611
4,5,9080,completed,5532777
4,5,9081,completed,6348067
4,5,9082,completed,6323234
4,5,9083,completed,6333484
4,5,9084,completed,6343442
4,5,9085,completed,6019984
4,5,9086,completed,6012692
4,5,9087,completed,6002901
4,5,9088,completed,5994068
4,5,9089,completed,5621986
4,5,9090,completed,5645028
4,5,9091,completed,5661319
4,5,9092,completed,5670819
4,5,9093,completed,6287234
4,5,9094,completed,6279442
4,5,9095,completed,6273192
4,5,9096,completed,6267443
4,5,9097,completed,6029026
4,5,9098,completed,6027609
4,5,9099,completed,6024901
4,5,9100,completed,6022609
4,5,9101,completed,5981776
4,5,9102,completed,5989609
4,5,9103,completed,5992110
4,5,9104,completed,5992360
4,5,9105,completed,6002443
4,5,9106,completed,5992068
4,5,9107,completed,5993360
4,5,9108,completed,5994568
4,5,9109,completed,6019943
4,5,9110,completed,6025276
4,5,9111,completed,6027068
4,5,9112,completed,6028193
4,5,9113,completed,5960777
4,5,9114,completed,5978818
4,5,9115,completed,5990027
4,5,9116,completed,6001276
4,5,9117,completed,5967985
4,5,9118,completed,5959360
4,5,9119,completed,5949943
4,5,9120,completed,5940277
4,5,9121,completed,6005943
4,5,9122,completed,6010901
4,5,9123,completed,6012359
4,5,9124,completed,6013443
4,5,9125,completed,5966276
4,5,9126,completed,5980485
4,5,9127,completed,5991318
4,5,9128,completed,6001985
4,5,9129,completed,6020276
4,5,9130,completed,6012318
4,5,9131,completed,6002943
4,5,9132,completed,5993360
4,5,9133,completed,5756444
4,5,9134,completed,5766943
4,5,9135,completed,5769527
4,5,9136,completed,5771444
4,5,9137,completed,5750526
4,5,9138,completed,5751402
4,5,9139,completed,5753069
4,5,9140,completed,5754027
4,5,9141,completed,6383317
4,5,9142,completed,6398567
4,5,9143,completed,6409733
4,5,9144,completed,6420567
4,5,9145,completed,5998026
4,5,9146,completed,5987985
4,5,9147,completed,5977693
4,5,9148,completed,5967276
4,5,9149,completed,5707152
4,5,9150,completed,5709527
4,5,9151,completed,5710902
4,5,9152,completed,5712360
4,5,9153,completed,6725983
4,5,9154,completed,6731483
4,5,9155,completed,6732191
4,5,9156,completed,6733274
4,5,9157,completed,6805441
4,5,9158,completed,6806525
4,5,9159,completed,6807733
4,5,9160,completed,6808982
4,5,9161,completed,5969318
4,5,9162,completed,5970818
4,5,9163,completed,5971734
4,5,9164,completed,5972652
4,5,9165,completed,5998110
4,5,9166,completed,6000943
4,5,9167,completed,6001818
4,5,9168,completed,6002651
4,5,9169,completed,5980735
4,5,9170,completed,5996526
4,5,9171,completed,6007777
4,5,9172,completed,6018735
4,5,9173,completed,6017901
4,5,9174,completed,6025610
4,5,9175,completed,6039901
4,5,9176,completed,6030318
4,5,9177,completed,5973776
4,5,9178,completed,5945402
4,5,9179,completed,5988777
4,5,9180,completed,6001693
4,5,9181,completed,5398486
4,5,9182,completed,5408903
4,5,9183,completed,5374653
4,5,9184,completed,5375236
4,5,9185,completed,6465275
4,5,9186,completed,6454608
4,5,9187,completed,6446442
4,5,9188,completed,6438651
4,5,9189,completed,6062859
4,5,9190,completed,6071235
4,5,9191,completed,6071485
4,5,9192,completed,6072401
4,5,9193,completed,5818943
4,5,9194,completed,5817735
4,5,9195,completed,5815027
4,5,9196,completed,5811943
4,5,9197,completed,6196651
4,5,9198,completed,6202068
4,5,9199,completed,6203150
4,5,9200,completed,6204443
4,5,9201,completed,5930110
4,5,9202,completed,5929944
4,5,9203,completed,5929818
4,5,9204,completed,5929693
4,5,9205,completed,6043193
4,5,9206,completed,6042401
4,5,9207,completed,6043234
4,5,9208,completed,6043568
4,5,9209,completed,5971234
4,5,9210,completed,5994318
4,5,9211,completed,6040318
4,5,9212,completed,6055776
4,5,9213,completed,5971443
4,5,9214,completed,5978276
4,5,9215,completed,5940235
4,5,9216,completed,5938943
4,5,9217,completed,5997276
4,5,9218,completed,6009234
4,5,9219,completed,6043901
4,5,9220,completed,6018859
4,5,9221,completed,7656397
4,5,9222,completed,7654481
4,5,9223,completed,7584856
4,5,9224,completed,7583480
4,5,9225,completed,5961151
4,5,9226,completed,5969859
4,5,9227,completed,5970235
4,5,9228,completed,5971026
4,5,9229,completed,5980818
4,5,9230,completed,5987943
4,5,9231,completed,5989110
4,5,9232,completed,5990318
4,5,9233,completed,5642278
4,5,9234,completed,5654611
4,5,9235,completed,5655694
4,5,9236,completed,5656944
4,5,9237,completed,6243484
4,5,9238,completed,6249442
4,5,9239,completed,6250068
4,5,9240,completed,6250984
4,5,9241,completed,7139231
4,5,9242,completed,7140107
4,5,9243,completed,7142065
4,5,9244,completed,7143273
4,5,9245,completed,5599569
4,5,9246,completed,5599986
4,5,9247,completed,5600944
4,5,9248,completed,5601819
4,5,9249,completed,5757694
4,5,9250,completed,5771444
4,5,9251,completed,5797527
4,5,9252,completed,5809235
4,5,9253,completed,6566525
4,5,9254,completed,6561650
4,5,9255,completed,6536442
4,5,9256,completed,6526983
4,5,9257,completed,5824110
4,5,9258,completed,5826319
4,5,9259,completed,5827318
4,5,9260,completed,5828443
4,5,9261,completed,5980318
4,5,9262,completed,5998568
4,5,9263,completed,6010318
4,5,9264,completed,6021568
4,5,9265,completed,5908402
4,5,9266,completed,5898360
4,5,9267,completed,5887735
4,5,9268,completed,5877443
4,5,9269,completed,6042901
4,5,9270,completed,6045110
4,5,9271,completed,6056068
4,5,9272,completed,6067610
4,5,9273,completed,6025068
4,5,9274,completed,6018277
4,5,9275,completed,6008568
4,5,9276,completed,5998693
4,5,9277,completed,5548485
4,5,9278,completed,5554903
4,5,9279,completed,5556528
4,5,9280,completed,5557735
4,5,9281,completed,6376275
4,5,9282,completed,6326026
4,5,9283,completed,6307942
4,5,9284,completed,6307901
4,5,9285,completed,6014067
4,5,9286,completed,6044068
4,5,9287,completed,6047026
4,5,9288,completed,6048318
4,5,9289,completed,5603236
4,5,9290,completed,5581569
4,5,9291,completed,5582277
4,5,9292,completed,5583319
4,5,9293,completed,6265568
4,5,9294,completed,6269484
4,5,9295,completed,6269317
4,5,9296,completed,6269151
4,5,9297,completed,6105609
4,5,9298,completed,6119817
4,5,9299,completed,6121401
4,5,9300,completed,6122942
4,5,9301,completed,5882902
4,5,9302,completed,5884860
4,5,9303,completed,5885360
4,5,9304,completed,5885860
4,5,9305,completed,5960068
4,5,9306,completed,5957068
4,5,9307,completed,5957651
4,5,9308,completed,5958609
4,5,9309,completed,5946902
4,5,9310,completed,5948569
4,5,9311,completed,5948610
4,5,9312,completed,5949276
4,5,9313,completed,7069732
4,5,9314,completed,7069065
4,5,9315,completed,7070523
4,5,9316,completed,7072191
4,5,9317,completed,5878568
4,5,9318,completed,5896026
4,5,9319,completed,5903610
4,5,9320,completed,5912360
4,5,9321,completed,5997609
4,5,9322,completed,6004943
4,5,9323,completed,6003151
4,5,9324,completed,6000984
4,5,9325,completed,5982777
4,5,9326,completed,5982027
4,5,9327,completed,5976651
4,5,9328,completed,5972360
4,5,9329,completed,5965694
4,5,9330,completed,5974694
4,5,9331,completed,5976152
4,5,9332,completed,5977818
4,5,9333,completed,5960985
4,5,9334,completed,5960735
4,5,9335,completed,5961860
4,5,9336,completed,5963068
4,5,9337,completed,5560528
4,5,9338,completed,5573569
4,5,9339,completed,5598694
4,5,9340,completed,5600527
4,5,9341,completed,6452775
4,5,9342,completed,6460067
4,5,9343,completed,6432067
4,5,9344,completed,6441900
4,5,9345,completed,5606610
4,5,9346,completed,5603444
4,5,9347,completed,5597236
4,5,9348,completed,5590694
4,5,9349,completed,6303733
4,5,9350,completed,6302942
4,5,9351,completed,6300067
4,5,9352,completed,6297400
4,5,9353,completed,5789444
4,5,9354,completed,5792902
4,5,9355,completed,5793860
4,5,9356,completed,5794819
4,5,9357,completed,6194650
4,5,9358,completed,6210442
4,5,9359,completed,6221567
4,5,9360,completed,6231734
4,5,9361,completed,5896776
4,5,9362,completed,5894319
4,5,9363,completed,5887568
4,5,9364,completed,5880985
4,5,9365,completed,5950027
4,5,9366,completed,5948735
4,5,9367,completed,5945151
4,5,9368,completed,5941902
4,5,9369,completed,6069067
4,5,9370,completed,6067609
4,5,9371,completed,6069068
4,5,9372,completed,6070526
4,5,9373,completed,6033485
4,5,9374,completed,6044359
4,5,9375,completed,6045901
4,5,9376,completed,6047360
4,5,9377,completed,5701027
4,5,9378,completed,5701110
4,5,9379,completed,5702110
4,5,9380,completed,5703527
4,5,9381,completed,6249109
4,5,9382,completed,6263942
4,5,9383,completed,6271276
4,5,9384,completed,6277318
4,5,9385,completed,5844860
4,5,9386,completed,5849652
4,5,9387,completed,5845068
4,5,9388,completed,5840776
4,5,9389,completed,5993443
4,5,9390,completed,5995693
4,5,9391,completed,5997110
4,5,9392,completed,5996943
4,5,9393,completed,5754360
4,5,9394,completed,5738277
4,5,9395,completed,5738735
4,5,9396,completed,5739652
4,5,9397,completed,6294067
4,5,9398,completed,6306942
4,5,9399,completed,6313692
4,5,9400,completed,6320067
4,5,9401,completed,6003359
4,5,9402,completed,5999359
4,5,9403,completed,5993985
4,5,9404,completed,5988360
4,5,9405,completed,6043734
4,5,9406,completed,6064192
4,5,9407,completed,6075235
4,5,9408,completed,6075901
4,5,9409,completed,5935985
4,5,9410,completed,5921402
4,5,9411,completed,5928235
4,5,9412,completed,5934901
4,5,9413,completed,5985443
4,5,9414,completed,5992776
4,5,9415,completed,5994067
4,5,9416,completed,5995193
4,5,9417,completed,6000942
4,5,9418,completed,6001193
4,5,9419,completed,5994359
4,5,9420,completed,5988443
4,5,9421,completed,5987943
4,5,9422,completed,5987193
4,5,9423,completed,5997984
4,5,9424,completed,6008943
4,5,9425,completed,5974860
4,5,9426,completed,5965526
4,5,9427,completed,5955568
4,5,9428,completed,5945484
4,5,9429,completed,5975568
4,5,9430,completed,5991985
4,5,9431,completed,5994860
4,5,9432,completed,5995568
4,5,9433,completed,5985359
4,5,9434,completed,5983610
4,5,9435,completed,5994777
4,5,9436,completed,6005484
4,5,9437,completed,5979943
4,5,9438,completed,5980901
4,5,9439,completed,5980735
4,5,9440,completed,5980068
4,5,9441,completed,6119567
4,5,9442,completed,6138609
4,5,9443,completed,6140568
4,5,9444,completed,6141817
4,5,9445,completed,5835610
4,5,9446,completed,5830985
4,5,9447,completed,5822651
4,5,9448,completed,5814985
4,5,9449,completed,6049609
4,5,9450,completed,6065109
4,5,9451,completed,6074485
4,5,9452,completed,6082401
4,5,9453,completed,5991068
4,5,9454,completed,5983026
4,5,9455,completed,5972443
4,5,9456,completed,5961151
4,5,9457,completed,5938193
4,5,9458,completed,5940651
4,5,9459,completed,5942360
4,5,9460,completed,5943901
4,5,9461,completed,5938318
4,5,9462,completed,5936110
4,5,9463,completed,5935819
4,5,9464,completed,5935444
4,5,9465,completed,6043442
4,5,9466,completed,6067818
4,5,9467,completed,6080693
4,5,9468,completed,6092568
4,5,9469,completed,5976485
4,5,9470,completed,5966026
4,5,9471,completed,5955609
4,5,9472,completed,5945902
4,5,9473,completed,5781777
4,5,9474,completed,5785361
4,5,9475,completed,5786277
4,5,9476,completed,5786735
4,5,9477,completed,6180859
4,5,9478,completed,6195443
4,5,9479,completed,6205192
4,5,9480,completed,6216151
4,5,9481,completed,5980984
4,5,9482,completed,5983026
4,5,9483,completed,5981651
4,5,9484,completed,5981943
4,5,9485,completed,6005151
4,5,9486,completed,5999527
4,5,9487,completed,5989901
4,5,9488,completed,5980359
4,5,9489,completed,5972610
4,5,9490,completed,5975235
4,5,9491,completed,5976610
4,5,9492,completed,5978235
4,5,9493,completed,5988568
4,5,9494,completed,5992443
4,5,9495,completed,5993401
4,5,9496,completed,5994443
4,5,9497,completed,5996693
4,5,9498,completed,5998526
4,5,9499,completed,5998360
4,5,9500,completed,5998359
4,5,9501,completed,5992609
4,5,9502,completed,5981818
4,5,9503,completed,5981859
4,5,9504,completed,5982943
4,5,9505,completed,6154317
4,5,9506,completed,6162360
4,5,9507,completed,6163692
4,5,9508,completed,6164818
4,5,9509,completed,5821485
4,5,9510,completed,5809111
4,5,9511,completed,5821152
4,5,9512,completed,5832485
4,5,9513,completed,5914151
4,5,9514,completed,5902818
4,5,9515,completed,5892110
4,5,9516,completed,5881402
4,5,9517,completed,6039818
4,5,9518,completed,6048360
4,5,9519,completed,6049568
4,5,9520,completed,6051110
4,5,9521,completed,5735652
4,5,9522,completed,5731318
4,5,9523,completed,5732402
4,5,9524,completed,5733944
4,5,9525,completed,6363733
4,5,9526,completed,6377567
4,5,9527,completed,6378192
4,5,9528,completed,6378609
4,5,9529,completed,5913026
4,5,9530,completed,5904485
4,5,9531,completed,5905943
4,5,9532,completed,5907485
4,5,9533,completed,5892318
4,5,9534,completed,5894818
4,5,9535,completed,5895652
4,5,9536,completed,5896568
4,5,9537,completed,6005943
4,5,9538,completed,6008901
4,5,9539,completed,6008734
4,5,9540,completed,6009068
4,5,9541,completed,5944984
4,5,9542,completed,5949735
4,5,9543,completed,5951318
4,5,9544,completed,5952193
4,5,9545,completed,5972526
4,5,9546,completed,5968818
4,5,9547,completed,5975068
4,5,9548,completed,5980985
4,5,9549,completed,6007776
4,5,9550,completed,6011652
4,5,9551,completed,6006651
4,5,9552,completed,6001693
4,5,9553,completed,5997360
4,5,9554,completed,5994776
4,5,9555,completed,5995568
4,5,9556,completed,5995943
4,5,9557,completed,5962193
4,5,9558,completed,5958443
4,5,9559,completed,5965068
4,5,9560,completed,5971318
4,5,9561,completed,6015068
4,5,9562,completed,6016027
4,5,9563,completed,6010693
4,5,9564,completed,6006193
4,5,9565,completed,5946401
4,5,9566,completed,5954068
4,5,9567,completed,5955985
4,5,9568,completed,5955819
4,5,9569,completed,6127901
4,5,9570,completed,6118276
4,5,9571,completed,6118776
4,5,9572,completed,6119609
4,5,9573,completed,5889068
4,5,9574,completed,5894818
4,5,9575,completed,5895902
4,5,9576,completed,5896693
4,5,9577,completed,5961068
4,5,9578,completed,5961734
4,5,9579,completed,5973068
4,5,9580,completed,5983860
4,5,9581,completed,6095943
4,5,9582,completed,6086609
4,5,9583,completed,6076568
4,5,9584,completed,6066943
4,5,9585,completed,5776819
4,5,9586,completed,5778777
4,5,9587,completed,5784360
4,5,9588,completed,5790861
4,5,9589,completed,6195193
4,5,9590,completed,6199609
4,5,9591,completed,6194193
4,5,9592,completed,6188068
4,5,9593,completed,5892027
4,5,9594,completed,5893735
4,5,9595,completed,5900777
4,5,9596,completed,5906319
4,5,9597,completed,5979068
4,5,9598,completed,5973985
4,5,9599,completed,5969027
4,5,9600,completed,5964068
4,5,9601,completed,5833235
4,5,9602,completed,5842068
4,5,9603,completed,5848360
4,5,9604,completed,5855319
4,5,9605,completed,6173484
4,5,9606,completed,6174193
4,5,9607,completed,6168359
4,5,9608,completed,6162568
4,5,9609,completed,5877818
4,5,9610,completed,5881860
4,5,9611,completed,5887902
4,5,9612,completed,5893943
4,5,9613,completed,6161110
4,5,9614,completed,6168276
4,5,9615,completed,6169442
4,5,9616,completed,6168650
4,5,9617,completed,5910443
4,5,9618,completed,5930068
4,5,9619,completed,5929818
4,5,9620,completed,5930068
4,5,9621,completed,5977526
4,5,9622,completed,5972651
4,5,9623,completed,5967984
4,5,9624,completed,5964109
4,5,9625,completed,5417611
4,5,9626,completed,5419778
4,5,9627,completed,5420111
4,5,9628,completed,5420402
4,5,9629,completed,6501233
4,5,9630,completed,6525025
4,5,9631,completed,6527275
4,5,9632,completed,6528692
4,5,9633,completed,6004984
4,5,9634,completed,6006901
4,5,9635,completed,6018068
4,5,9636,completed,6030193
4,5,9637,completed,6014276
4,5,9638,completed,6004318
4,5,9639,completed,5992693
4,5,9640,completed,5982234
4,5,9641,completed,6114901
4,5,9642,completed,6119317
4,5,9643,completed,6120776
4,5,9644,completed,6121859
4,5,9645,completed,5808527
4,5,9646,completed,5812860
4,5,9647,completed,5818111
4,5,9648,completed,5824194
4,5,9649,completed,6105443
4,5,9650,completed,6113109
4,5,9651,completed,6108484
4,5,9652,completed,6103318
4,5,9653,completed,5982443
4,5,9654,completed,5981901
4,5,9655,completed,5982568
4,5,9656,completed,5984110
4,5,9657,completed,5875943
4,5,9658,completed,5885693
4,5,9659,completed,5892776
4,5,9660,completed,5899152
4,5,9661,completed,6100901
4,5,9662,completed,6101317
4,5,9663,completed,6096734
4,5,9664,completed,6092526
4,5,9665,completed,5852693
4,5,9666,completed,5848902
4,5,9667,completed,5848610
4,5,9668,completed,5848276
4,5,9669,completed,5767194
4,5,9670,completed,5772152
4,5,9671,completed,5772735
4,5,9672,completed,5773986
4,5,9673,completed,5626735
4,5,9674,completed,5629235
4,5,9675,completed,5635693
4,5,9676,completed,5641277
4,5,9677,completed,6526984
4,5,9678,completed,6533234
4,5,9679,completed,6528900
4,5,9680,completed,6524108
4,5,9681,completed,6018651
4,5,9682,completed,6016943
4,5,9683,completed,6017318
4,5,9684,completed,6017943
4,5,9685,completed,5989568
4,5,9686,completed,5979734
4,5,9687,completed,5980401
4,5,9688,completed,5981651
4,5,9689,completed,5968068
4,5,9690,completed,5978526
4,5,9691,completed,5979776
4,5,9692,completed,5980401
4,5,9693,completed,6005401
4,5,9694,completed,6007318
4,5,9695,completed,6018234
4,5,9696,completed,6028151
4,5,9697,completed,5993110
4,5,9698,completed,5985609
4,5,9699,completed,5975276
4,5,9700,completed,5965443
4,5,9701,completed,5997443
4,5,9702,completed,6000359
4,5,9703,completed,6001651
4,5,9704,completed,6003151
4,5,9705,completed,5982401
4,5,9706,completed,5985568
4,5,9707,completed,5986068
4,5,9708,completed,5986735
4,5,9709,completed,5967026
4,5,9710,completed,5978568
4,5,9711,completed,5980318
4,5,9712,completed,5980943
4,5,9713,completed,6102109
4,5,9714,completed,6091318
4,5,9715,completed,6091776
4,5,9716,completed,6092485
4,5,9717,completed,5944276
4,5,9718,completed,5973068
4,5,9719,completed,5976235
4,5,9720,completed,5977610
4,5,9721,completed,5944360
4,5,9722,completed,5924610
4,5,9723,completed,5925693
4,5,9724,completed,5927151
4,5,9725,completed,5958694
4,5,9726,completed,5976068
4,5,9727,completed,5978360
4,5,9728,completed,5979110
4,5,9729,completed,6027235
4,5,9730,completed,6014026
4,5,9731,completed,6014777
4,5,9732,completed,6015610
4,5,9733,completed,5952610
4,5,9734,completed,5955902
4,5,9735,completed,5957234
4,5,9736,completed,5958984
4,5,9737,completed,5955068
4,5,9738,completed,5955109
4,5,9739,completed,5956234
4,5,9740,completed,5957610
4,5,9741,completed,6013693
4,5,9742,completed,6019235
4,5,9743,completed,6020277
4,5,9744,completed,6021193
4,5,9745,completed,6038943
4,5,9746,completed,6040526
4,5,9747,completed,6041401
4,5,9748,completed,6042234
4,5,9749,completed,5904818
4,5,9750,completed,5917776
4,5,9751,completed,5924693
4,5,9752,completed,5931277
4,5,9753,completed,5561069
4,5,9754,completed,5557360
4,5,9755,completed,5551069
4,5,9756,completed,5543403
4,5,9757,completed,6386692
4,5,9758,completed,6379359
4,5,9759,completed,6380817
4,5,9760,completed,6382484
4,5,9761,completed,5989985
4,5,9762,completed,6003318
4,5,9763,completed,6014485
4,5,9764,completed,6024985
4,5,9765,completed,6000026
4,5,9766,completed,5994359
4,5,9767,completed,5985151
4,5,9768,completed,5975943
4,5,9769,completed,5967110
4,5,9770,completed,5979193
4,5,9771,completed,5989277
4,5,9772,completed,5999235
4,5,9773,completed,5940819
4,5,9774,completed,5934610
4,5,9775,completed,5925735
4,5,9776,completed,5916110
4,5,9777,completed,6027360
4,5,9778,completed,6044192
4,5,9779,completed,6056026
4,5,9780,completed,6066943
4,5,9781,completed,6089610
4,5,9782,completed,6080568
4,5,9783,completed,6070568
4,5,9784,completed,6061068
4,5,9785,completed,6051693
4,5,9786,completed,6059735
4,5,9787,completed,6060402
4,5,9788,completed,6060776
4,5,9789,completed,5852194
4,5,9790,completed,5872901
4,5,9791,completed,5876151
4,5,9792,completed,5877652
4,5,9793,completed,6119234
4,5,9794,completed,6096484
4,5,9795,completed,6096610
4,5,9796,completed,6097734
4,5,9797,completed,5907402
4,5,9798,completed,5919068
4,5,9799,completed,5920610
4,5,9800,completed,5922360
4,5,9801,completed,5902693
4,5,9802,completed,5906109
4,5,9803,completed,5907526
4,5,9804,completed,5908984
4,5,9805,completed,5970735
4,5,9806,completed,5972235
4,5,9807,completed,5973526
4,5,9808,completed,5974943
4,5,9809,completed,5990110
4,5,9810,completed,6016568
4,5,9811,completed,6018068
4,5,9812,completed,6018776
4,5,9813,completed,5948777
4,5,9814,completed,5938276
4,5,9815,completed,5939193
4,5,9816,completed,5941235
4,5,9817,completed,5997402
4,5,9818,completed,6001943
4,5,9819,completed,6003068
4,5,9820,completed,6004026
4,5,9821,completed,5945235
4,5,9822,completed,5965443
4,5,9823,completed,5977276
4,5,9824,completed,5988276
4,5,9825,completed,6005735
4,5,9826,completed,6019401
4,5,9827,completed,6019234
4,5,9828,completed,6020734
4,5,9829,completed,5950693
4,5,9830,completed,5953484
4,5,9831,completed,5950610
4,5,9832,completed,5947402
4,5,9833,completed,5451861
4,5,9834,completed,5447486
4,5,9835,completed,5440403
4,5,9836,completed,5434111
4,5,9837,completed,6519317
4,5,9838,completed,6526066
4,5,9839,completed,6527442
4,5,9840,completed,6528900
4,5,9841,completed,6038776
4,5,9842,completed,6046985
4,5,9843,completed,6048360
4,5,9844,completed,6050026
4,5,9845,completed,5988568
4,5,9846,completed,5988776
4,5,9847,completed,5998652
4,5,9848,completed,6009401
4,5,9849,completed,5481486
4,5,9850,completed,5475069
4,5,9851,completed,5465320
4,5,9852,completed,5455903
4,5,9853,completed,6373442
4,5,9854,completed,6395442
4,5,9855,completed,6397776
4,5,9856,completed,6398567
4,5,9857,completed,6020526
4,5,9858,completed,6003818
4,5,9859,completed,6004776
4,5,9860,completed,6006318
4,5,9861,completed,5972860
4,5,9862,completed,5989235
4,5,9863,completed,5997526
4,5,9864,completed,6004818
4,5,9865,completed,5993277
4,5,9866,completed,5987734
4,5,9867,completed,5980485
4,5,9868,completed,5960068
4,5,9869,completed,6008360
4,5,9870,completed,6013693
4,5,9871,completed,6015068
4,5,9872,completed,6016734
4,5,9873,completed,5804111
4,5,9874,completed,5810986
4,5,9875,completed,5812027
4,5,9876,completed,5812902
4,5,9877,completed,6112651
4,5,9878,completed,6113693
4,5,9879,completed,6125068
4,5,9880,completed,6135276
4,5,9881,completed,5668777
4,5,9882,completed,5661111
4,5,9883,completed,5651527
4,5,9884,completed,5641735
4,5,9885,completed,5877110
4,5,9886,completed,5876902
4,5,9887,completed,5877902
4,5,9888,completed,5879152
4,5,9889,completed,6110193
4,5,9890,completed,6125692
4,5,9891,completed,6136651
4,5,9892,completed,6147151
4,5,9893,completed,5973235
4,5,9894,completed,5983776
4,5,9895,completed,5984651
4,5,9896,completed,5984818
4,5,9897,completed,6319775
4,5,9898,completed,6329734
4,5,9899,completed,6325525
4,5,9900,completed,6320651
4,5,9901,completed,5979984
4,5,9902,completed,5980276
4,5,9903,completed,5975901
4,5,9904,completed,5972443
4,5,9905,completed,5952734
4,5,9906,completed,5971526
4,5,9907,completed,5974901
4,5,9908,completed,5976193
4,5,9909,completed,5990526
4,5,9910,completed,5986860
4,5,9911,completed,5993943
4,5,9912,completed,6000526
4,5,9913,completed,5599653
4,5,9914,completed,5597069
4,5,9915,completed,5592069
4,5,9916,completed,5587069
4,5,9917,completed,6393359
4,5,9918,completed,6402359
4,5,9919,completed,6404276
4,5,9920,completed,6405775
4,5,9921,completed,5907026
4,5,9922,completed,5923443
4,5,9923,completed,5932859
4,5,9924,completed,5943152
4,5,9925,completed,5995651
4,5,9926,completed,5987776
4,5,9927,completed,5979193
4,5,9928,completed,5969443
4,5,9929,completed,5961859
4,5,9930,completed,5976026
4,5,9931,completed,5985526
4,5,9932,completed,5996526
4,5,9933,completed,5560028
4,5,9934,completed,5555903
4,5,9935,completed,5546653
4,5,9936,completed,5538235
4,5,9937,completed,6399484
4,5,9938,completed,6411192
4,5,9939,completed,6415817
4,5,9940,completed,6420151
4,5,9941,completed,6057193
4,5,9942,completed,6070776
4,5,9943,completed,6070943
4,5,9944,completed,6071026
4,5,9945,completed,6208817
4,5,9946,completed,6213026
4,5,9947,completed,6209443
4,5,9948,completed,6205610
4,5,9949,completed,5869360
4,5,9950,completed,5873026
4,5,9951,completed,5875360
4,5,9952,completed,5876360
4,5,9953,completed,5847152
4,5,9954,completed,5855985
4,5,9955,completed,5861818
4,5,9956,completed,5868610
4,5,9957,completed,5976026
4,5,9958,completed,6003443
4,5,9959,completed,6008985
4,5,9960,completed,6012568
4,5,9961,completed,5951026
4,5,9962,completed,5939652
4,5,9963,completed,5934902
4,5,9964,completed,5893110
4,5,9965,completed,5498277
4,5,9966,completed,5496194
4,5,9967,completed,5491611
4,5,9968,completed,5487736
4,5,9969,completed,6496984
4,5,9970,completed,6502067
4,5,9971,completed,6504025
4,5,9972,completed,6506066
4,5,9973,completed,6057234
4,5,9974,completed,6071067
4,5,9975,completed,6073817
4,5,9976,completed,6074860
4,5,9977,completed,5919443
4,5,9978,completed,5919693
4,5,9979,completed,5931651
4,5,9980,completed,5942735
4,5,9981,completed,6091943
4,5,9982,completed,6083568
4,5,9983,completed,6073359
4,5,9984,completed,6063651
4,5,9985,completed,5881443
4,5,9986,completed,5904902
4,5,9987,completed,5908277
4,5,9988,completed,5909860
4,5,9989,completed,5911819
4,5,9990,completed,5887277
4,5,9991,completed,5887694
4,5,9992,completed,5888777
4,5,9993,completed,6005776
4,5,9994,completed,6009109
4,5,9995,completed,6010151
4,5,9996,completed,6010984
4,5,9997,completed,5989818
4,5,9998,completed,5992943
4,5,9999,completed,5994110
4,5,10000,completed,5995277
