limit,round,id,result,latency_ns
4,1,1,completed,5603444
4,1,2,completed,5632694
4,1,3,completed,5657402
4,1,4,completed,5661777
4,1,5,completed,5963443
4,1,6,completed,5969485
4,1,7,completed,5953652
4,1,8,completed,5954193
4,1,9,completed,5971526
4,1,10,completed,5979359
4,1,11,completed,5985485
4,1,12,completed,5992818
4,1,13,completed,5993318
4,1,14,completed,5997652
4,1,15,completed,5998610
4,1,16,completed,5990609
4,1,17,completed,5984943
4,1,18,completed,5988735
4,1,19,completed,5987152
4,1,20,completed,5986568
4,1,21,completed,5990193
4,1,22,completed,5998985
4,1,23,completed,6001318
4,1,24,completed,6001235
4,1,25,completed,5981776
4,1,26,completed,5986485
4,1,27,completed,5987235
4,1,28,completed,5989985
4,1,29,completed,6005193
4,1,30,completed,6021068
4,1,31,completed,6018443
4,1,32,completed,6008276
4,1,33,completed,5980026
4,1,34,completed,5981734
4,1,35,completed,5984859
4,1,36,completed,5987610
4,1,37,completed,6065568
4,1,38,completed,6061943
4,1,39,completed,6061943
4,1,40,completed,6062068
4,1,41,completed,5909318
4,1,42,completed,5916652
4,1,43,completed,5925693
4,1,44,completed,5924693
4,1,45,completed,5972027
4,1,46,completed,5971318
4,1,47,completed,5956193
4,1,48,completed,5959318
4,1,49,completed,6052026
4,1,50,completed,6053610
4,1,51,completed,6053735
4,1,52,completed,6053360
4,1,53,completed,4584821
4,1,54,completed,4595697
4,1,55,completed,4595405
4,1,56,completed,4595238
4,1,57,completed,6314776
4,1,58,completed,6314609
4,1,59,completed,6315276
4,1,60,completed,6315651
4,1,61,completed,6015860
4,1,62,completed,6016568
4,1,63,completed,6016151
4,1,64,completed,6015985
4,1,65,completed,5993568
4,1,66,completed,5994526
4,1,67,completed,5994443
4,1,68,completed,5994693
4,1,69,completed,6001734
4,1,70,completed,6004317
4,1,71,completed,6004109
4,1,72,completed,6004276
4,1,73,completed,5995777
4,1,74,completed,5997568
4,1,75,completed,5997527
4,1,76,completed,5997943
4,1,77,completed,6002277
4,1,78,completed,6003818
4,1,79,completed,6003485
4,1,80,completed,6003235
4,1,81,completed,6019359
4,1,82,completed,6028485
4,1,83,completed,6025568
4,1,84,completed,6022777
4,1,85,completed,6031693
4,1,86,completed,6031317
4,1,87,completed,6031817
4,1,88,completed,6031818
4,1,89,completed,5843235
4,1,90,completed,5839069
4,1,91,completed,5843235
4,1,92,completed,5847360
4,1,93,completed,5995901
4,1,94,completed,5997401
4,1,95,completed,5997026
4,1,96,completed,5996943
4,1,97,completed,5999693
4,1,98,completed,6001818
4,1,99,completed,6001902
4,1,100,completed,6001360
4,1,101,completed,5982943
4,1,102,completed,5984651
4,1,103,completed,5985026
4,1,104,completed,5985610
4,1,105,completed,6007110
4,1,106,completed,6008859
4,1,107,completed,6008568
4,1,108,completed,6008359
4,1,109,completed,5992026
4,1,110,completed,5998360
4,1,111,completed,5999109
4,1,112,completed,5999360
4,1,113,completed,5991943
4,1,114,completed,5993776
4,1,115,completed,5994151
4,1,116,completed,5994568
4,1,117,completed,5978485
4,1,118,completed,5979943
4,1,119,completed,5979443
4,1,120,completed,5979943
4,1,121,completed,6002568
4,1,122,completed,6006693
4,1,123,completed,6007443
4,1,124,completed,6007985
4,1,125,completed,5991526
4,1,126,completed,5994568
4,1,127,completed,5995318
4,1,128,completed,5996401
4,1,129,completed,6012527
4,1,130,completed,6020568
4,1,131,completed,6020610
4,1,132,completed,6020485
4,1,133,completed,6534733
4,1,134,completed,6540483
4,1,135,completed,6541233
4,1,136,completed,6541650
4,1,137,completed,6510150
4,1,138,completed,6520900
4,1,139,completed,6519941
4,1,140,completed,6518816
4,1,141,completed,5616527
4,1,142,completed,5626027
4,1,143,completed,5628985
4,1,144,completed,5628694
4,1,145,completed,5830444
4,1,146,completed,5825944
4,1,147,completed,5821944
4,1,148,completed,5818902
4,1,149,completed,6489483
4,1,150,completed,6495651
4,1,151,completed,6502192
4,1,152,completed,6508608
4,1,153,completed,6088859
4,1,154,completed,6088943
4,1,155,completed,6083402
4,1,156,completed,6077985
4,1,157,completed,5910860
4,1,158,completed,5911277
4,1,159,completed,5918860
4,1,160,completed,5925443
4,1,161,completed,5510236
4,1,162,completed,5506111
4,1,163,completed,5500777
4,1,164,completed,5494944
4,1,165,completed,6465775
4,1,166,completed,6473816
4,1,167,completed,6474984
4,1,168,completed,6476317
4,1,169,completed,5985610
4,1,170,completed,5989610
4,1,171,completed,5990568
4,1,172,completed,5991527
4,1,173,completed,5968151
4,1,174,completed,5986693
4,1,175,completed,5998235
4,1,176,completed,6008901
4,1,177,completed,6026401
4,1,178,completed,6023318
4,1,179,completed,6014068
4,1,180,completed,6005109
4,1,181,completed,5938318
4,1,182,completed,5927026
4,1,183,completed,5936151
4,1,184,completed,5947110
4,1,185,completed,5977734
4,1,186,completed,5972818
4,1,187,completed,5963193
4,1,188,completed,5953568
4,1,189,completed,6022485
4,1,190,completed,6044651
4,1,191,completed,6052318
4,1,192,completed,6058443
4,1,193,completed,5581069
4,1,194,completed,5577361
4,1,195,completed,5572444
4,1,196,completed,5567486
4,1,197,completed,6356317
4,1,198,completed,6362276
4,1,199,completed,6362525
4,1,200,completed,6390817
4,1,201,completed,5859027
4,1,202,completed,5885735
4,1,203,completed,5891860
4,1,204,completed,5898193
4,1,205,completed,6041526
4,1,206,completed,6051568
4,1,207,completed,6054860
4,1,208,completed,6056902
4,1,209,completed,5985485
4,1,210,completed,5982777
4,1,211,completed,5975568
4,1,212,completed,5968234
4,1,213,completed,5955193
4,1,214,completed,5964318
4,1,215,completed,5965485
4,1,216,completed,5965443
4,1,217,completed,6010527
4,1,218,completed,5999568
4,1,219,completed,5999860
4,1,220,completed,6000193
4,1,221,completed,5669069
4,1,222,completed,5690069
4,1,223,completed,5692319
4,1,224,completed,5692694
4,1,225,completed,6268401
4,1,226,completed,6264567
4,1,227,completed,6269026
4,1,228,completed,6273358
4,1,229,completed,5974652
4,1,230,completed,5976818
4,1,231,completed,5976735
4,1,232,completed,5976277
4,1,233,completed,6138775
4,1,234,completed,6138734
4,1,235,completed,6135442
4,1,236,completed,6131942
4,1,237,completed,5888735
4,1,238,completed,5878318
4,1,239,completed,5878485
4,1,240,completed,5879277
4,1,241,completed,5551694
4,1,242,completed,5552319
4,1,243,completed,5553194
4,1,244,completed,5553777
4,1,245,completed,6398609
4,1,246,completed,6414692
4,1,247,completed,6419609
4,1,248,completed,6424567
4,1,249,completed,6003110
4,1,250,completed,6005735
4,1,251,completed,6002318
4,1,252,completed,5998651
4,1,253,completed,6027193
4,1,254,completed,6037401
4,1,255,completed,6038485
4,1,256,completed,6038776
4,1,257,completed,5953818
4,1,258,completed,5954526
4,1,259,completed,5955068
4,1,260,completed,5955568
4,1,261,completed,6013568
4,1,262,completed,6004235
4,1,263,completed,6004443
4,1,264,completed,6004943
4,1,265,completed,6080318
4,1,266,completed,6089442
4,1,267,completed,6090484
4,1,268,completed,6091359
4,1,269,completed,5978943
4,1,270,completed,5978943
4,1,271,completed,5979401
4,1,272,completed,5980318
4,1,273,completed,6794900
4,1,274,completed,6798524
4,1,275,completed,6800191
4,1,276,completed,6802232
4,1,277,completed,5967110
4,1,278,completed,5922194
4,1,279,completed,5921527
4,1,280,completed,5922652
4,1,281,completed,5966485
4,1,282,completed,5983901
4,1,283,completed,5985901
4,1,284,completed,5986235
4,1,285,completed,5671235
4,1,286,completed,5664985
4,1,287,completed,5669902
4,1,288,completed,5674194
4,1,289,completed,6307151
4,1,290,completed,6306526
4,1,291,completed,6302068
4,1,292,completed,6298359
4,1,293,completed,6015693
4,1,294,completed,6045610
4,1,295,completed,6050859
4,1,296,completed,6054652
4,1,297,completed,5937235
4,1,298,completed,5942651
4,1,299,completed,5939152
4,1,300,completed,5935652
4,1,301,completed,5989277
4,1,302,completed,6000610
4,1,303,completed,6005693
4,1,304,completed,6010193
4,1,305,completed,6058943
4,1,306,completed,6061276
4,1,307,completed,6058026
4,1,308,completed,6054734
4,1,309,completed,5816944
4,1,310,completed,5822444
4,1,311,completed,5827568
4,1,312,completed,5832860
4,1,313,completed,6066985
4,1,314,completed,6075902
4,1,315,completed,6075609
4,1,316,completed,6075818
4,1,317,completed,5944568
4,1,318,completed,5952318
4,1,319,completed,5951318
4,1,320,completed,5950235
4,1,321,completed,5664486
4,1,322,completed,5677277
4,1,323,completed,5674861
4,1,324,completed,5671402
4,1,325,completed,6389192
4,1,326,completed,6395942
4,1,327,completed,6396442
4,1,328,completed,6397108
4,1,329,completed,5505986
4,1,330,completed,5496195
4,1,331,completed,5496611
4,1,332,completed,5496569
4,1,333,completed,5985777
4,1,334,completed,5990568
4,1,335,completed,5991526
4,1,336,completed,5992526
4,1,337,completed,5910818
4,1,338,completed,5897902
4,1,339,completed,5898735
4,1,340,completed,5898901
4,1,341,completed,7727730
4,1,342,completed,7740188
4,1,343,completed,7740939
4,1,344,completed,7741396
4,1,345,completed,5558361
4,1,346,completed,5572319
4,1,347,completed,5573361
4,1,348,completed,5573819
4,1,349,completed,6163485
4,1,350,completed,6183484
4,1,351,completed,6184526
4,1,352,completed,6185568
4,1,353,completed,6042443
4,1,354,completed,6063693
4,1,355,completed,6065485
4,1,356,completed,6066318
4,1,357,completed,5822777
4,1,358,completed,5829401
4,1,359,completed,5830610
4,1,360,completed,5831360
4,1,361,completed,5936110
4,1,362,completed,5938235
4,1,363,completed,5938777
4,1,364,completed,5939193
4,1,365,completed,5534361
4,1,366,completed,5533945
4,1,367,completed,5535027
4,1,368,completed,5536361
4,1,369,completed,6498317
4,1,370,completed,6505983
4,1,371,completed,6506984
4,1,372,completed,6507275
4,1,373,completed,6422401
4,1,374,completed,6434067
4,1,375,completed,6435900
4,1,376,completed,6437526
4,1,377,completed,5889777
4,1,378,completed,5891985
4,1,379,completed,5892027
4,1,380,completed,5892194
4,1,381,completed,5934693
4,1,382,completed,5945318
4,1,383,completed,5946401
4,1,384,completed,5947401
4,1,385,completed,5963110
4,1,386,completed,5977693
4,1,387,completed,5979193
4,1,388,completed,5980693
4,1,389,completed,5942777
4,1,390,completed,5944277
4,1,391,completed,5945569
4,1,392,completed,5946610
4,1,393,completed,5903443
4,1,394,completed,5905652
4,1,395,completed,5906527
4,1,396,completed,5907318
4,1,397,completed,5932110
4,1,398,completed,5926985
4,1,399,completed,5926693
4,1,400,completed,5926610
4,1,401,completed,6017734
4,1,402,completed,6034984
4,1,403,completed,6036610
4,1,404,completed,6038235
4,1,405,completed,5970110
4,1,406,completed,5975360
4,1,407,completed,5975360
4,1,408,completed,5975693
4,1,409,completed,6050692
4,1,410,completed,6068359
4,1,411,completed,6069026
4,1,412,completed,6069693
4,1,413,completed,5797485
4,1,414,completed,5813652
4,1,415,completed,5814860
4,1,416,completed,5816194
4,1,417,completed,5986735
4,1,418,completed,5983568
4,1,419,completed,5983693
4,1,420,completed,5984234
4,1,421,completed,5919359
4,1,422,completed,5930485
4,1,423,completed,5931943
4,1,424,completed,5933609
4,1,425,completed,5932902
4,1,426,completed,5932651
4,1,427,completed,5932276
4,1,428,completed,5932318
4,1,429,completed,5992693
4,1,430,completed,6006818
4,1,431,completed,6007693
4,1,432,completed,6008485
4,1,433,completed,7390898
4,1,434,completed,7413939
4,1,435,completed,7427690
4,1,436,completed,7439522
4,1,437,completed,6106776
4,1,438,completed,6093192
4,1,439,completed,6081193
4,1,440,completed,6069651
4,1,441,completed,5955652
4,1,442,completed,5959651
4,1,443,completed,5960777
4,1,444,completed,5961360
4,1,445,completed,5991485
4,1,446,completed,6005985
4,1,447,completed,6009818
4,1,448,completed,6010943
4,1,449,completed,5508861
4,1,450,completed,5492986
4,1,451,completed,5493653
4,1,452,completed,5493611
4,1,453,completed,6366151
4,1,454,completed,6372275
4,1,455,completed,6382359
4,1,456,completed,6393692
4,1,457,completed,5981193
4,1,458,completed,5986610
4,1,459,completed,5976318
4,1,460,completed,5966277
4,1,461,completed,8068646
4,1,462,completed,8073688
4,1,463,completed,8075395
4,1,464,completed,8076271
4,1,465,completed,6755441
4,1,466,completed,6754066
4,1,467,completed,6755232
4,1,468,completed,6756024
4,1,469,completed,6014318
4,1,470,completed,6012860
4,1,471,completed,6013027
4,1,472,completed,6013151
4,1,473,completed,5976568
4,1,474,completed,5978568
4,1,475,completed,5980693
4,1,476,completed,5981360
4,1,477,completed,6058110
4,1,478,completed,6071276
4,1,479,completed,6073109
4,1,480,completed,6074109
4,1,481,completed,5773986
4,1,482,completed,5809152
4,1,483,completed,5809360
4,1,484,completed,5810402
4,1,485,completed,5983484
4,1,486,completed,6002610
4,1,487,completed,6004401
4,1,488,completed,6006026
4,1,489,completed,5881735
4,1,490,completed,5888901
4,1,491,completed,5890068
4,1,492,completed,5890568
4,1,493,completed,5997360
4,1,494,completed,6014485
4,1,495,completed,6016610
4,1,496,completed,5992652
4,1,497,completed,5907735
4,1,498,completed,5915569
4,1,499,completed,5916402
4,1,500,completed,5917318
4,1,501,completed,5896068
4,1,502,completed,5896443
4,1,503,completed,5897277
4,1,504,completed,5897944
4,1,505,completed,5558861
4,1,506,completed,5561569
4,1,507,completed,5562611
4,1,508,completed,5563444
4,1,509,completed,6390651
4,1,510,completed,6396525
4,1,511,completed,6397151
4,1,512,completed,6398276
4,1,513,completed,6969649
4,1,514,completed,6990566
4,1,515,completed,6996774
4,1,516,completed,7019732
4,1,517,completed,6155943
4,1,518,completed,6164776
4,1,519,completed,6124776
4,1,520,completed,6111568
4,1,521,completed,5366945
4,1,522,completed,5359903
4,1,523,completed,5360153
4,1,524,completed,5360111
4,1,525,completed,5943401
4,1,526,completed,5958902
4,1,527,completed,5959901
4,1,528,completed,5960943
4,1,529,completed,6462817
4,1,530,completed,6469025
4,1,531,completed,6476359
4,1,532,completed,6483691
4,1,533,completed,6049776
4,1,534,completed,6047734
4,1,535,completed,6041277
4,1,536,completed,6035568
4,1,537,completed,6070151
4,1,538,completed,6084735
4,1,539,completed,6094985
4,1,540,completed,6105860
4,1,541,completed,5891194
4,1,542,completed,5894984
4,1,543,completed,5885901
4,1,544,completed,5876943
4,1,545,completed,6046693
4,1,546,completed,6059443
4,1,547,completed,6065860
4,1,548,completed,6071151
4,1,549,completed,5874068
4,1,550,completed,5892693
4,1,551,completed,5902443
4,1,552,completed,5909734
4,1,553,completed,6020526
4,1,554,completed,6009318
4,1,555,completed,5998401
4,1,556,completed,5988151
4,1,557,completed,6017234
4,1,558,completed,6022276
4,1,559,completed,6023277
4,1,560,completed,6024235
4,1,561,completed,5940026
4,1,562,completed,5957068
4,1,563,completed,5970735
4,1,564,completed,5982360
4,1,565,completed,5914985
4,1,566,completed,5910943
4,1,567,completed,5900568
4,1,568,completed,5888860
4,1,569,completed,6108735
4,1,570,completed,6106235
4,1,571,completed,6106901
4,1,572,completed,6107401
4,1,573,completed,5910110
4,1,574,completed,5926360
4,1,575,completed,5936485
4,1,576,completed,5945693
4,1,577,completed,5935610
4,1,578,completed,5935901
4,1,579,completed,5930318
4,1,580,completed,5925943
4,1,581,completed,6022568
4,1,582,completed,6042818
4,1,583,completed,6040985
4,1,584,completed,6037776
4,1,585,completed,5981151
4,1,586,completed,5975901
4,1,587,completed,5985526
4,1,588,completed,5995777
4,1,589,completed,5919985
4,1,590,completed,5910776
4,1,591,completed,5901027
4,1,592,completed,5890902
4,1,593,completed,6034901
4,1,594,completed,6049401
4,1,595,completed,6050567
4,1,596,completed,6051609
4,1,597,completed,6098609
4,1,598,completed,6102568
4,1,599,completed,6104859
4,1,600,completed,6106151
4,1,601,completed,7048399
4,1,602,completed,7048607
4,1,603,completed,7050274
4,1,604,completed,7051107
4,1,605,completed,5822277
4,1,606,completed,5813485
4,1,607,completed,5825027
4,1,608,completed,5834360
4,1,609,completed,5936526
4,1,610,completed,5939859
4,1,611,completed,5935152
4,1,612,completed,5930651
4,1,613,completed,5985026
4,1,614,completed,5982026
4,1,615,completed,5976984
4,1,616,completed,5971943
4,1,617,completed,5966526
4,1,618,completed,5975068
4,1,619,completed,5984443
4,1,620,completed,5991818
4,1,621,completed,5970360
4,1,622,completed,5961151
4,1,623,completed,5954693
4,1,624,completed,5949234
4,1,625,completed,6003318
4,1,626,completed,6023818
4,1,627,completed,6034652
4,1,628,completed,6043985
4,1,629,completed,6234942
4,1,630,completed,6259901
4,1,631,completed,6263151
4,1,632,completed,6263526
4,1,633,completed,5802818
4,1,634,completed,5803943
4,1,635,completed,5799860
4,1,636,completed,5797443
4,1,637,completed,5636652
4,1,638,completed,5638861
4,1,639,completed,5633194
4,1,640,completed,5627860
4,1,641,completed,6270234
4,1,642,completed,6267734
4,1,643,completed,6268359
4,1,644,completed,6269775
4,1,645,completed,6078068
4,1,646,completed,6088443
4,1,647,completed,6090401
4,1,648,completed,6090692
4,1,649,completed,5772194
4,1,650,completed,5751610
4,1,651,completed,5751569
4,1,652,completed,5751652
4,1,653,completed,6099234
4,1,654,completed,6104568
4,1,655,completed,6105235
4,1,656,completed,6106026
4,1,657,completed,5954568
4,1,658,completed,5966026
4,1,659,completed,5966943
4,1,660,completed,5967776
4,1,661,completed,5789860
4,1,662,completed,5795610
4,1,663,completed,5799401
4,1,664,completed,5805068
4,1,665,completed,5988526
4,1,666,completed,5988110
4,1,667,completed,5984193
4,1,668,completed,5979984
4,1,669,completed,6144317
4,1,670,completed,6143859
4,1,671,completed,6144818
4,1,672,completed,6146193
4,1,673,completed,5969151
4,1,674,completed,5967693
4,1,675,completed,5975151
4,1,676,completed,5981610
4,1,677,completed,5997277
4,1,678,completed,6002193
4,1,679,completed,6004609
4,1,680,completed,6008485
4,1,681,completed,5971068
4,1,682,completed,5970818
4,1,683,completed,5967943
4,1,684,completed,5965652
4,1,685,completed,5948484
4,1,686,completed,5954360
4,1,687,completed,5947610
4,1,688,completed,5941818
4,1,689,completed,5854902
4,1,690,completed,5858568
4,1,691,completed,5858901
4,1,692,completed,5859485
4,1,693,completed,7257357
4,1,694,completed,7282731
4,1,695,completed,7295106
4,1,696,completed,7306273
4,1,697,completed,5959235
4,1,698,completed,5962693
4,1,699,completed,5959318
4,1,700,completed,5956943
4,1,701,completed,5887943
4,1,702,completed,5885693
4,1,703,completed,5878444
4,1,704,completed,5870652
4,1,705,completed,5826194
4,1,706,completed,5826151
4,1,707,completed,5827068
4,1,708,completed,5828402
4,1,709,completed,5746193
4,1,710,completed,5741652
4,1,711,completed,5752860
4,1,712,completed,5761527
4,1,713,completed,6377734
4,1,714,completed,6370567
4,1,715,completed,6362150
4,1,716,completed,6354484
4,1,717,completed,5444445
4,1,718,completed,5459611
4,1,719,completed,5467277
4,1,720,completed,5472986
4,1,721,completed,6037067
4,1,722,completed,6037859
4,1,723,completed,6033651
4,1,724,completed,6028610
4,1,725,completed,6408109
4,1,726,completed,6419942
4,1,727,completed,6422151
4,1,728,completed,6423109
4,1,729,completed,6067859
4,1,730,completed,6090442
4,1,731,completed,6102943
4,1,732,completed,6114110
4,1,733,completed,5970985
4,1,734,completed,5960735
4,1,735,completed,5951026
4,1,736,completed,5941735
4,1,737,completed,6010943
4,1,738,completed,6019526
4,1,739,completed,6021277
4,1,740,completed,6022860
4,1,741,completed,5944151
4,1,742,completed,5936235
4,1,743,completed,5937026
4,1,744,completed,5937402
4,1,745,completed,5926068
4,1,746,completed,5944984
4,1,747,completed,5947860
4,1,748,completed,5948484
4,1,749,completed,6008360
4,1,750,completed,6012360
4,1,751,completed,6014110
4,1,752,completed,6014527
4,1,753,completed,5472694
4,1,754,completed,5468819
4,1,755,completed,5474027
4,1,756,completed,5479319
4,1,757,completed,6408109
4,1,758,completed,6415858
4,1,759,completed,6418026
4,1,760,completed,6421234
4,1,761,completed,6041776
4,1,762,completed,6036360
4,1,763,completed,6029443
4,1,764,completed,6021985
4,1,765,completed,5988026
4,1,766,completed,5991610
4,1,767,completed,5992776
4,1,768,completed,5994193
4,1,769,completed,5947110
4,1,770,completed,5955360
4,1,771,completed,5959235
4,1,772,completed,5962985
4,1,773,completed,6031568
4,1,774,completed,6051026
4,1,775,completed,6058610
4,1,776,completed,6066026
4,1,777,completed,5414737
4,1,778,completed,5405112
4,1,779,completed,5394819
4,1,780,completed,5384778
4,1,781,completed,6558358
4,1,782,completed,6568650
4,1,783,completed,6570400
4,1,784,completed,6572109
4,1,785,completed,5230070
4,1,786,completed,5232279
4,1,787,completed,5233611
4,1,788,completed,5235153
4,1,789,completed,7589105
4,1,790,completed,7591148
4,1,791,completed,7592314
4,1,792,completed,7593273
4,1,793,completed,6028110
4,1,794,completed,6029193
4,1,795,completed,6029193
4,1,796,completed,6029109
4,1,797,completed,5975776
4,1,798,completed,5992484
4,1,799,completed,5999610
4,1,800,completed,6007401
4,1,801,completed,5968443
4,1,802,completed,5982027
4,1,803,completed,5976860
4,1,804,completed,5971069
4,1,805,completed,5967735
4,1,806,completed,5962860
4,1,807,completed,5969568
4,1,808,completed,5976360
4,1,809,completed,5990193
4,1,810,completed,5995401
4,1,811,completed,5998526
4,1,812,completed,6003151
4,1,813,completed,6005193
4,1,814,completed,6016068
4,1,815,completed,6008193
4,1,816,completed,5998401
4,1,817,completed,5991152
4,1,818,completed,5995859
4,1,819,completed,5996526
4,1,820,completed,5996693
4,1,821,completed,5854819
4,1,822,completed,5848568
4,1,823,completed,5854152
4,1,824,completed,5859318
4,1,825,completed,6150651
4,1,826,completed,6154985
4,1,827,completed,6151984
4,1,828,completed,6148485
4,1,829,completed,5951901
4,1,830,completed,5970943
4,1,831,completed,5978693
4,1,832,completed,5987026
4,1,833,completed,6045692
4,1,834,completed,6067526
4,1,835,completed,6066359
4,1,836,completed,6065567
4,1,837,completed,5929777
4,1,838,completed,5924443
4,1,839,completed,5918234
4,1,840,completed,5912818
4,1,841,completed,5949276
4,1,842,completed,5951444
4,1,843,completed,5952318
4,1,844,completed,5953151
4,1,845,completed,6144234
4,1,846,completed,6149568
4,1,847,completed,6150860
4,1,848,completed,6152234
4,1,849,completed,5518361
4,1,850,completed,5529736
4,1,851,completed,5531445
4,1,852,completed,5532278
4,1,853,completed,6263192
4,1,854,completed,6259734
4,1,855,completed,6260984
4,1,856,completed,6261026
4,1,857,completed,6045526
4,1,858,completed,6040151
4,1,859,completed,6041527
4,1,860,completed,6042943
4,1,861,completed,6108526
4,1,862,completed,6108484
4,1,863,completed,6109234
4,1,864,completed,6109567
4,1,865,completed,5848152
4,1,866,completed,5848651
4,1,867,completed,5849110
4,1,868,completed,5849360
4,1,869,completed,6042985
4,1,870,completed,6070859
4,1,871,completed,6077776
4,1,872,completed,6083776
4,1,873,completed,5836193
4,1,874,completed,5836985
4,1,875,completed,5834902
4,1,876,completed,5833485
4,1,877,completed,6050485
4,1,878,completed,6051610
4,1,879,completed,6048318
4,1,880,completed,6045067
4,1,881,completed,5971735
4,1,882,completed,6003984
4,1,883,completed,6017693
4,1,884,completed,6029402
4,1,885,completed,5982777
4,1,886,completed,5971985
4,1,887,completed,5961734
4,1,888,completed,5951401
4,1,889,completed,5677153
4,1,890,completed,5707777
4,1,891,completed,5713277
4,1,892,completed,5718610
4,1,893,completed,6278734
4,1,894,completed,6277151
4,1,895,completed,6273651
4,1,896,completed,6270151
4,1,897,completed,5920609
4,1,898,completed,5928568
4,1,899,completed,5933068
4,1,900,completed,5936735
4,1,901,completed,6102693
4,1,902,completed,6106568
4,1,903,completed,6103484
4,1,904,completed,6100735
4,1,905,completed,6005943
4,1,906,completed,6007943
4,1,907,completed,6013568
4,1,908,completed,6019901
4,1,909,completed,5887318
4,1,910,completed,5881360
4,1,911,completed,5876569
4,1,912,completed,5871151
4,1,913,completed,5950027
4,1,914,completed,5970776
4,1,915,completed,5976984
4,1,916,completed,5982235
4,1,917,completed,5998359
4,1,918,completed,6008859
4,1,919,completed,6014568
4,1,920,completed,6021193
4,1,921,completed,5978984
4,1,922,completed,5970234
4,1,923,completed,5959360
4,1,924,completed,5948277
4,1,925,completed,5959943
4,1,926,completed,5974526
4,1,927,completed,5979485
4,1,928,completed,5984360
4,1,929,completed,6004110
4,1,930,completed,6000151
4,1,931,completed,5996235
4,1,932,completed,5991943
4,1,933,completed,5849026
4,1,934,completed,5858860
4,1,935,completed,5860110
4,1,936,completed,5860651
4,1,937,completed,5708569
4,1,938,completed,5723193
4,1,939,completed,5725527
4,1,940,completed,5726527
4,1,941,completed,6377817
4,1,942,completed,6368692
4,1,943,completed,6373026
4,1,944,completed,6377734
4,1,945,completed,6077443
4,1,946,completed,6077901
4,1,947,completed,6073943
4,1,948,completed,6069068
4,1,949,completed,5984568
4,1,950,completed,5999359
4,1,951,completed,6001318
4,1,952,completed,6002652
4,1,953,completed,5937610
4,1,954,completed,5936901
4,1,955,completed,5938569
4,1,956,completed,5938985
4,1,957,completed,6082026
4,1,958,completed,6099151
4,1,959,completed,6109609
4,1,960,completed,6122234
4,1,961,completed,5904152
4,1,962,completed,5919443
4,1,963,completed,5916527
4,1,964,completed,5912943
4,1,965,completed,5934860
4,1,966,completed,5936235
4,1,967,completed,5929860
4,1,968,completed,5922152
4,1,969,completed,6088276
4,1,970,completed,6083151
4,1,971,completed,6084193
4,1,972,completed,6084734
4,1,973,completed,5913651
4,1,974,completed,5942610
4,1,975,completed,5955985
4,1,976,completed,5967443
4,1,977,completed,6040610
4,1,978,completed,6028568
4,1,979,completed,6017651
4,1,980,completed,6006568
4,1,981,completed,5959485
4,1,982,completed,6001110
4,1,983,completed,6010235
4,1,984,completed,6018485
4,1,985,completed,6099984
4,1,986,completed,6135068
4,1,987,completed,6130651
4,1,988,completed,6126651
4,1,989,completed,5816985
4,1,990,completed,5812943
4,1,991,completed,5809068
4,1,992,completed,5806402
4,1,993,completed,5575611
4,1,994,completed,5581944
4,1,995,completed,5583444
4,1,996,completed,5584444
4,1,997,completed,7525064
4,1,998,completed,7534856
4,1,999,completed,7535897
4,1,1000,completed,7536772
4,1,1001,completed,5913610
4,1,1002,completed,5929985
4,1,1003,completed,5931319
4,1,1004,completed,5932360
4,1,1005,completed,5952735
4,1,1006,completed,5967777
4,1,1007,completed,5969568
4,1,1008,completed,5944651
4,1,1009,completed,5794235
4,1,1010,completed,5799318
4,1,1011,completed,5799568
4,1,1012,completed,5799735
4,1,1013,completed,5824902
4,1,1014,completed,5840652
4,1,1015,completed,5841194
4,1,1016,completed,5841651
4,1,1017,completed,5993859
4,1,1018,completed,6001068
4,1,1019,completed,6002609
4,1,1020,completed,6003901
4,1,1021,completed,5737861
4,1,1022,completed,5759444
4,1,1023,completed,5760360
4,1,1024,completed,5761735
4,1,1025,completed,5953943
4,1,1026,completed,5961277
4,1,1027,completed,5961735
4,1,1028,completed,5962651
4,1,1029,completed,7326315
4,1,1030,completed,7343273
4,1,1031,completed,7348189
4,1,1032,completed,7351897
4,1,1033,completed,6109151
4,1,1034,completed,6117817
4,1,1035,completed,6118651
4,1,1036,completed,6119651
4,1,1037,completed,5898735
4,1,1038,completed,5920235
4,1,1039,completed,5921735
4,1,1040,completed,5922652
4,1,1041,completed,5990734
4,1,1042,completed,5988943
4,1,1043,completed,5983818
4,1,1044,completed,5978610
4,1,1045,completed,5799193
4,1,1046,completed,5799235
4,1,1047,completed,5805985
4,1,1048,completed,5810860
4,1,1049,completed,5872360
4,1,1050,completed,5872527
4,1,1051,completed,5868444
4,1,1052,completed,5864652
4,1,1053,completed,6264026
4,1,1054,completed,6266318
4,1,1055,completed,6266650
4,1,1056,completed,6267109
4,1,1057,completed,5898943
4,1,1058,completed,5919568
4,1,1059,completed,5920860
4,1,1060,completed,5921777
4,1,1061,completed,5989068
4,1,1062,completed,5992984
4,1,1063,completed,6004235
4,1,1064,completed,6015901
4,1,1065,completed,6010401
4,1,1066,completed,6022276
4,1,1067,completed,6016567
4,1,1068,completed,6010985
4,1,1069,completed,5945151
4,1,1070,completed,5940235
4,1,1071,completed,5935610
4,1,1072,completed,5930652
4,1,1073,completed,5988276
4,1,1074,completed,6003068
4,1,1075,completed,6004276
4,1,1076,completed,6005318
4,1,1077,completed,5978151
4,1,1078,completed,5961068
4,1,1079,completed,5960819
4,1,1080,completed,5960652
4,1,1081,completed,5966068
4,1,1082,completed,5982026
4,1,1083,completed,5988568
4,1,1084,completed,5995610
4,1,1085,completed,5983777
4,1,1086,completed,5976901
4,1,1087,completed,5971027
4,1,1088,completed,5965485
4,1,1089,completed,6131692
4,1,1090,completed,6142901
4,1,1091,completed,6144568
4,1,1092,completed,6146818
4,1,1093,completed,5795944
4,1,1094,completed,5808444
4,1,1095,completed,5814360
4,1,1096,completed,5821651
4,1,1097,completed,6137734
4,1,1098,completed,6137359
4,1,1099,completed,6130651
4,1,1100,completed,6124735
4,1,1101,completed,6159901
4,1,1102,completed,6156776
4,1,1103,completed,6159235
4,1,1104,completed,6161109
4,1,1105,completed,5721985
4,1,1106,completed,5695152
4,1,1107,completed,5705527
4,1,1108,completed,5716110
4,1,1109,completed,6014818
4,1,1110,completed,6017860
4,1,1111,completed,6011276
4,1,1112,completed,6005318
4,1,1113,completed,5943901
4,1,1114,completed,5962985
4,1,1115,completed,5960777
4,1,1116,completed,5957401
4,1,1117,completed,4593155
4,1,1118,completed,4586571
4,1,1119,completed,4596530
4,1,1120,completed,4607155
4,1,1121,completed,7416606
4,1,1122,completed,7411356
4,1,1123,completed,7401647
4,1,1124,completed,7390648
4,1,1125,completed,6055276
4,1,1126,completed,6070942
4,1,1127,completed,6079026
4,1,1128,completed,6086401
4,1,1129,completed,5444944
4,1,1130,completed,5446861
4,1,1131,completed,5444861
4,1,1132,completed,5442861
4,1,1133,completed,6393358
4,1,1134,completed,6393026
4,1,1135,completed,6389401
4,1,1136,completed,6385317
4,1,1137,completed,5967151
4,1,1138,completed,5968693
4,1,1139,completed,5974734
4,1,1140,completed,5981818
4,1,1141,completed,5716193
4,1,1142,completed,5733611
4,1,1143,completed,5728277
4,1,1144,completed,5723027
4,1,1145,completed,6227984
4,1,1146,completed,6232484
4,1,1147,completed,6232817
4,1,1148,completed,6251984
4,1,1149,completed,5945110
4,1,1150,completed,5964693
4,1,1151,completed,5976110
4,1,1152,completed,5987110
4,1,1153,completed,6009193
4,1,1154,completed,5999068
4,1,1155,completed,5988151
4,1,1156,completed,5976193
4,1,1157,completed,5530028
4,1,1158,completed,5538819
4,1,1159,completed,5540694
4,1,1160,completed,5542361
4,1,1161,completed,6378067
4,1,1162,completed,6397817
4,1,1163,completed,6410234
4,1,1164,completed,6421400
4,1,1165,completed,6029484
4,1,1166,completed,6026818
4,1,1167,completed,6019901
4,1,1168,completed,6013193
4,1,1169,completed,5963901
4,1,1170,completed,5974818
4,1,1171,completed,5972902
4,1,1172,completed,5969193
4,1,1173,completed,5981735
4,1,1174,completed,5978068
4,1,1175,completed,5978318
4,1,1176,completed,5979193
4,1,1177,completed,5997151
4,1,1178,completed,5997693
4,1,1179,completed,5998026
4,1,1180,completed,5998776
4,1,1181,completed,6027610
4,1,1182,completed,6035026
4,1,1183,completed,6036360
4,1,1184,completed,6037776
4,1,1185,completed,5965401
4,1,1186,completed,5975819
4,1,1187,completed,5980402
4,1,1188,completed,5984943
4,1,1189,completed,6075443
4,1,1190,completed,6101276
4,1,1191,completed,6109193
4,1,1192,completed,6114776
4,1,1193,completed,5998609
4,1,1194,completed,6009068
4,1,1195,completed,6011360
4,1,1196,completed,6012443
4,1,1197,completed,5890776
4,1,1198,completed,5879360
4,1,1199,completed,5867443
4,1,1200,completed,5856693
4,1,1201,completed,5528111
4,1,1202,completed,5532027
4,1,1203,completed,5532985
4,1,1204,completed,5533486
4,1,1205,completed,6357817
4,1,1206,completed,6375817
4,1,1207,completed,6388067
4,1,1208,completed,6400900
4,1,1209,completed,6052526
4,1,1210,completed,6041110
4,1,1211,completed,6028985
4,1,1212,completed,6017859
4,1,1213,completed,5988360
4,1,1214,completed,5995110
4,1,1215,completed,5997152
4,1,1216,completed,5999526
4,1,1217,completed,5903152
4,1,1218,completed,5905402
4,1,1219,completed,5906443
4,1,1220,completed,5907818
4,1,1221,completed,6066235
4,1,1222,completed,6071193
4,1,1223,completed,6072234
4,1,1224,completed,6073651
4,1,1225,completed,5970318
4,1,1226,completed,5988568
4,1,1227,completed,5995860
4,1,1228,completed,6002402
4,1,1229,completed,5922152
4,1,1230,completed,5915026
4,1,1231,completed,5908235
4,1,1232,completed,5901860
4,1,1233,completed,5666360
4,1,1234,completed,5674027
4,1,1235,completed,5674652
4,1,1236,completed,5675318
4,1,1237,completed,6323317
4,1,1238,completed,6342859
4,1,1239,completed,6344525
4,1,1240,completed,6345858
4,1,1241,completed,5780944
4,1,1242,completed,5765235
4,1,1243,completed,5765277
4,1,1244,completed,5766152
4,1,1245,completed,6227067
4,1,1246,completed,6238692
4,1,1247,completed,6295692
4,1,1248,completed,6297150
4,1,1249,completed,5412153
4,1,1250,completed,5432694
4,1,1251,completed,5444444
4,1,1252,completed,5455903
4,1,1253,completed,5856151
4,1,1254,completed,5853943
4,1,1255,completed,5846485
4,1,1256,completed,5839193
4,1,1257,completed,6562025
4,1,1258,completed,6586608
4,1,1259,completed,6594358
4,1,1260,completed,6601525
4,1,1261,completed,6015818
4,1,1262,completed,6007777
4,1,1263,completed,5997610
4,1,1264,completed,5986777
4,1,1265,completed,6055734
4,1,1266,completed,6055485
4,1,1267,completed,6057652
4,1,1268,completed,6058902
4,1,1269,completed,5911859
4,1,1270,completed,5937693
4,1,1271,completed,5948485
4,1,1272,completed,5959985
4,1,1273,completed,5907193
4,1,1274,completed,5911318
4,1,1275,completed,5905568
4,1,1276,completed,5898735
4,1,1277,completed,6030568
4,1,1278,completed,6035609
4,1,1279,completed,6032193
4,1,1280,completed,6028234
4,1,1281,completed,5966193
4,1,1282,completed,5974985
4,1,1283,completed,5978901
4,1,1284,completed,5979818
4,1,1285,completed,6049943
4,1,1286,completed,6037026
4,1,1287,completed,6041193
4,1,1288,completed,6044901
4,1,1289,completed,5937484
4,1,1290,completed,5978568
4,1,1291,completed,5976443
4,1,1292,completed,5973652
4,1,1293,completed,5997693
4,1,1294,completed,6005360
4,1,1295,completed,6006235
4,1,1296,completed,6006985
4,1,1297,completed,5664986
4,1,1298,completed,5644735
4,1,1299,completed,5645236
4,1,1300,completed,5645361
4,1,1301,completed,6431900
4,1,1302,completed,6430442
4,1,1303,completed,6432066
4,1,1304,completed,6433733
4,1,1305,completed,5843151
4,1,1306,completed,5824568
4,1,1307,completed,5824651
4,1,1308,completed,5825860
4,1,1309,completed,5887818
4,1,1310,completed,5889360
4,1,1311,completed,5895776
4,1,1312,completed,5901152
4,1,1313,completed,6110735
4,1,1314,completed,6127026
4,1,1315,completed,6122235
4,1,1316,completed,6116817
4,1,1317,completed,5829485
4,1,1318,completed,5840527
4,1,1319,completed,5851652
4,1,1320,completed,5862485
4,1,1321,completed,5995027
4,1,1322,completed,5997318
4,1,1323,completed,5988193
4,1,1324,completed,5977651
4,1,1325,completed,6086776
4,1,1326,completed,6085651
4,1,1327,completed,6085401
4,1,1328,completed,6086484
4,1,1329,completed,5258320
4,1,1330,completed,5254987
4,1,1331,completed,5255570
4,1,1332,completed,5255945
4,1,1333,completed,6616275
4,1,1334,completed,6641817
4,1,1335,completed,6645358
4,1,1336,completed,6647858
4,1,1337,completed,5939860
4,1,1338,completed,5914443
4,1,1339,completed,5914652
4,1,1340,completed,5914985
4,1,1341,completed,6004734
4,1,1342,completed,6005735
4,1,1343,completed,6006359
4,1,1344,completed,6006860
4,1,1345,completed,6145609
4,1,1346,completed,6148150
4,1,1347,completed,6148151
4,1,1348,completed,6149276
4,1,1349,completed,5913193
4,1,1350,completed,5908735
4,1,1351,completed,5912318
4,1,1352,completed,5914110
4,1,1353,completed,5408111
4,1,1354,completed,5405028
4,1,1355,completed,5407153
4,1,1356,completed,5407486
4,1,1357,completed,6458650
4,1,1358,completed,6472608
4,1,1359,completed,6476358
4,1,1360,completed,6479025
4,1,1361,completed,5981609
4,1,1362,completed,5980985
4,1,1363,completed,5983401
4,1,1364,completed,5984527
4,1,1365,completed,5912694
4,1,1366,completed,5905235
4,1,1367,completed,5905401
4,1,1368,completed,5905235
4,1,1369,completed,5451070
4,1,1370,completed,5463944
4,1,1371,completed,5467944
4,1,1372,completed,5469819
4,1,1373,completed,6321984
4,1,1374,completed,6319401
4,1,1375,completed,6321859
4,1,1376,completed,6322609
4,1,1377,completed,6044693
4,1,1378,completed,6041693
4,1,1379,completed,6043151
4,1,1380,completed,6043735
4,1,1381,completed,5823402
4,1,1382,completed,5831027
4,1,1383,completed,5833943
4,1,1384,completed,5834735
4,1,1385,completed,6143942
4,1,1386,completed,6140193
4,1,1387,completed,6140942
4,1,1388,completed,6140735
4,1,1389,completed,5699360
4,1,1390,completed,5710903
4,1,1391,completed,5714611
4,1,1392,completed,5716444
4,1,1393,completed,6263276
4,1,1394,completed,6261943
4,1,1395,completed,6264192
4,1,1396,completed,6265359
4,1,1397,completed,5964443
4,1,1398,completed,5959943
4,1,1399,completed,5960651
4,1,1400,completed,5960485
4,1,1401,completed,6001401
4,1,1402,completed,6011651
4,1,1403,completed,6015610
4,1,1404,completed,6017401
4,1,1405,completed,5991193
4,1,1406,completed,5993068
4,1,1407,completed,5995776
4,1,1408,completed,5996984
4,1,1409,completed,5909068
4,1,1410,completed,5910276
4,1,1411,completed,5911902
4,1,1412,completed,5913068
4,1,1413,completed,6189942
4,1,1414,completed,6205900
4,1,1415,completed,6208651
4,1,1416,completed,6210025
4,1,1417,completed,5660902
4,1,1418,completed,5656152
4,1,1419,completed,5657486
4,1,1420,completed,5657444
4,1,1421,completed,5935026
4,1,1422,completed,5934735
4,1,1423,completed,5935569
4,1,1424,completed,5936277
4,1,1425,completed,6005526
4,1,1426,completed,6008859
4,1,1427,completed,6010193
4,1,1428,completed,6011110
4,1,1429,completed,5935694
4,1,1430,completed,5935401
4,1,1431,completed,5936193
4,1,1432,completed,5936651
4,1,1433,completed,5508861
4,1,1434,completed,5513486
4,1,1435,completed,5515444
4,1,1436,completed,5516736
4,1,1437,completed,6470983
4,1,1438,completed,6474775
4,1,1439,completed,6477150
4,1,1440,completed,6478567
4,1,1441,completed,5975901
4,1,1442,completed,5975109
4,1,1443,completed,5977193
4,1,1444,completed,5978110
4,1,1445,completed,6071276
4,1,1446,completed,6077817
4,1,1447,completed,6080734
4,1,1448,completed,6081692
4,1,1449,completed,5865527
4,1,1450,completed,5866651
4,1,1451,completed,5869152
4,1,1452,completed,5870152
4,1,1453,completed,5458236
4,1,1454,completed,5458195
4,1,1455,completed,5459319
4,1,1456,completed,5459737
4,1,1457,completed,6208734
4,1,1458,completed,6217693
4,1,1459,completed,6221026
4,1,1460,completed,6222401
4,1,1461,completed,6241859
4,1,1462,completed,6247942
4,1,1463,completed,6250359
4,1,1464,completed,6252276
4,1,1465,completed,5948402
4,1,1466,completed,5942027
4,1,1467,completed,5942235
4,1,1468,completed,5942276
4,1,1469,completed,6181651
4,1,1470,completed,6194776
4,1,1471,completed,6198401
4,1,1472,completed,6200359
4,1,1473,completed,5769943
4,1,1474,completed,5760735
4,1,1475,completed,5760652
4,1,1476,completed,5760610
4,1,1477,completed,6010651
4,1,1478,completed,6019484
4,1,1479,completed,6021901
4,1,1480,completed,6023777
4,1,1481,completed,5943693
4,1,1482,completed,5942194
4,1,1483,completed,5944110
4,1,1484,completed,5944569
4,1,1485,completed,5954943
4,1,1486,completed,5960652
4,1,1487,completed,5962110
4,1,1488,completed,5963610
4,1,1489,completed,5936360
4,1,1490,completed,5935818
4,1,1491,completed,5937443
4,1,1492,completed,5938193
4,1,1493,completed,6121067
4,1,1494,completed,6130193
4,1,1495,completed,6133484
4,1,1496,completed,6136110
4,1,1497,completed,5617944
4,1,1498,completed,5598819
4,1,1499,completed,5602027
4,1,1500,completed,5603986
4,1,1501,completed,6194901
4,1,1502,completed,6196609
4,1,1503,completed,6198818
4,1,1504,completed,6199984
4,1,1505,completed,5336611
4,1,1506,completed,5337237
4,1,1507,completed,5338362
4,1,1508,completed,5339403
4,1,1509,completed,6382192
4,1,1510,completed,6379942
4,1,1511,completed,6381025
4,1,1512,completed,6381901
4,1,1513,completed,6044693
4,1,1514,completed,6051443
4,1,1515,completed,6055152
4,1,1516,completed,6056568
4,1,1517,completed,6006651
4,1,1518,completed,6006318
4,1,1519,completed,6008443
4,1,1520,completed,6009776
4,1,1521,completed,5859485
4,1,1522,completed,5857902
4,1,1523,completed,5859235
4,1,1524,completed,5859776
4,1,1525,completed,6082443
4,1,1526,completed,6093068
4,1,1527,completed,6095318
4,1,1528,completed,6096276
4,1,1529,completed,5834902
4,1,1530,completed,5833527
4,1,1531,completed,5834902
4,1,1532,completed,5835360
4,1,1533,completed,5964818
4,1,1534,completed,5963651
4,1,1535,completed,5965110
4,1,1536,completed,5965527
4,1,1537,completed,5488194
4,1,1538,completed,5490694
4,1,1539,completed,5492319
4,1,1540,completed,5493111
4,1,1541,completed,6438817
4,1,1542,completed,6444942
4,1,1543,completed,6448275
4,1,1544,completed,6449984
4,1,1545,completed,6005818
4,1,1546,completed,6003610
4,1,1547,completed,6004609
4,1,1548,completed,6005277
4,1,1549,completed,5965776
4,1,1550,completed,5972234
4,1,1551,completed,5974985
4,1,1552,completed,5976401
4,1,1553,completed,6112109
4,1,1554,completed,6300942
4,1,1555,completed,6305525
4,1,1556,completed,6306108
4,1,1557,completed,5687319
4,1,1558,completed,5640610
4,1,1559,completed,5642652
4,1,1560,completed,5644069
4,1,1561,completed,5934276
4,1,1562,completed,5937568
4,1,1563,completed,5939943
4,1,1564,completed,5941401
4,1,1565,completed,5971859
4,1,1566,completed,5977318
4,1,1567,completed,5980110
4,1,1568,completed,5981818
4,1,1569,completed,6050234
4,1,1570,completed,6050818
4,1,1571,completed,6052193
4,1,1572,completed,6052651
4,1,1573,completed,5811860
4,1,1574,completed,5814193
4,1,1575,completed,5815402
4,1,1576,completed,5816027
4,1,1577,completed,5794776
4,1,1578,completed,5793235
4,1,1579,completed,5794485
4,1,1580,completed,5794735
4,1,1581,completed,6336151
4,1,1582,completed,6341817
4,1,1583,completed,6345026
4,1,1584,completed,6346776
4,1,1585,completed,5846402
4,1,1586,completed,5849569
4,1,1587,completed,5851401
4,1,1588,completed,5852610
4,1,1589,completed,5975110
4,1,1590,completed,5985609
4,1,1591,completed,5989401
4,1,1592,completed,5991652
4,1,1593,completed,4438030
4,1,1594,completed,4438238
4,1,1595,completed,4439446
4,1,1596,completed,4440030
4,1,1597,completed,8516228
4,1,1598,completed,8515686
4,1,1599,completed,8516604
4,1,1600,completed,8517187
4,1,1601,completed,7018066
4,1,1602,completed,7023357
4,1,1603,completed,7024482
4,1,1604,completed,7026148
4,1,1605,completed,5772818
4,1,1606,completed,5799819
4,1,1607,completed,5801027
4,1,1608,completed,5801652
4,1,1609,completed,5950152
4,1,1610,completed,5951193
4,1,1611,completed,5967443
4,1,1612,completed,5972109
4,1,1613,completed,6032651
4,1,1614,completed,6024443
4,1,1615,completed,6020193
4,1,1616,completed,6017818
4,1,1617,completed,5932318
4,1,1618,completed,5935776
4,1,1619,completed,5939027
4,1,1620,completed,5939818
4,1,1621,completed,6131526
4,1,1622,completed,6123776
4,1,1623,completed,6125276
4,1,1624,completed,6126651
4,1,1625,completed,5535236
4,1,1626,completed,5553277
4,1,1627,completed,5559694
4,1,1628,completed,5565735
4,1,1629,completed,6285859
4,1,1630,completed,6290608
4,1,1631,completed,6286400
4,1,1632,completed,6280609
4,1,1633,completed,5829276
4,1,1634,completed,5826027
4,1,1635,completed,5827319
4,1,1636,completed,5828736
4,1,1637,completed,6253234
4,1,1638,completed,6182609
4,1,1639,completed,6163317
4,1,1640,completed,6143151
4,1,1641,completed,5898360
4,1,1642,completed,5934402
4,1,1643,completed,5947402
4,1,1644,completed,5957318
4,1,1645,completed,5956985
4,1,1646,completed,5967068
4,1,1647,completed,5959652
4,1,1648,completed,5950277
4,1,1649,completed,5965860
4,1,1650,completed,5967068
4,1,1651,completed,5973693
4,1,1652,completed,5979027
4,1,1653,completed,5959943
4,1,1654,completed,5966902
4,1,1655,completed,5967985
4,1,1656,completed,5966818
4,1,1657,completed,6038068
4,1,1658,completed,6033818
4,1,1659,completed,6029526
4,1,1660,completed,6025818
4,1,1661,completed,5951402
4,1,1662,completed,5947777
4,1,1663,completed,5944484
4,1,1664,completed,5947860
4,1,1665,completed,6108318
4,1,1666,completed,6113942
4,1,1667,completed,6110943
4,1,1668,completed,6107359
4,1,1669,completed,5911402
4,1,1670,completed,5918110
4,1,1671,completed,5922151
4,1,1672,completed,5927235
4,1,1673,completed,5906068
4,1,1674,completed,5902943
4,1,1675,completed,5899151
4,1,1676,completed,5894693
4,1,1677,completed,5952318
4,1,1678,completed,5952193
4,1,1679,completed,5952485
4,1,1680,completed,5953152
4,1,1681,completed,6113401
4,1,1682,completed,6110109
4,1,1683,completed,6110859
4,1,1684,completed,6112151
4,1,1685,completed,5953610
4,1,1686,completed,5958318
4,1,1687,completed,5959651
4,1,1688,completed,5960151
4,1,1689,completed,6043193
4,1,1690,completed,6040943
4,1,1691,completed,6042568
4,1,1692,completed,6043610
4,1,1693,completed,6039984
4,1,1694,completed,6062026
4,1,1695,completed,6063943
4,1,1696,completed,6064193
4,1,1697,completed,5859985
4,1,1698,completed,5862610
4,1,1699,completed,5867526
4,1,1700,completed,5872652
4,1,1701,completed,5971902
4,1,1702,completed,5978359
4,1,1703,completed,5975610
4,1,1704,completed,5971485
4,1,1705,completed,5854860
4,1,1706,completed,5854860
4,1,1707,completed,5855818
4,1,1708,completed,5855860
4,1,1709,completed,5866735
4,1,1710,completed,5876359
4,1,1711,completed,5880193
4,1,1712,completed,5884276
4,1,1713,completed,6118568
4,1,1714,completed,6130276
4,1,1715,completed,6130443
4,1,1716,completed,6130734
4,1,1717,completed,5751110
4,1,1718,completed,5752068
4,1,1719,completed,5748236
4,1,1720,completed,5744277
4,1,1721,completed,6231234
4,1,1722,completed,6225192
4,1,1723,completed,6225817
4,1,1724,completed,6226651
4,1,1725,completed,5919443
4,1,1726,completed,5930860
4,1,1727,completed,5932277
4,1,1728,completed,5932568
4,1,1729,completed,6028568
4,1,1730,completed,6035068
4,1,1731,completed,6040568
4,1,1732,completed,6045693
4,1,1733,completed,6051651
4,1,1734,completed,6066568
4,1,1735,completed,6072276
4,1,1736,completed,6078651
4,1,1737,completed,5979484
4,1,1738,completed,5989943
4,1,1739,completed,5992443
4,1,1740,completed,5992276
4,1,1741,completed,5897068
4,1,1742,completed,5909902
4,1,1743,completed,5903360
4,1,1744,completed,5897527
4,1,1745,completed,5975235
4,1,1746,completed,5990109
4,1,1747,completed,5996693
4,1,1748,completed,6002484
4,1,1749,completed,5973193
4,1,1750,completed,5977651
4,1,1751,completed,5976776
4,1,1752,completed,5976568
4,1,1753,completed,6071484
4,1,1754,completed,6065859
4,1,1755,completed,6056026
4,1,1756,completed,6045985
4,1,1757,completed,5966193
4,1,1758,completed,5967152
4,1,1759,completed,5968693
4,1,1760,completed,5970151
4,1,1761,completed,5912985
4,1,1762,completed,5911652
4,1,1763,completed,5911402
4,1,1764,completed,5911151
4,1,1765,completed,6093985
4,1,1766,completed,6103984
4,1,1767,completed,6105527
4,1,1768,completed,6107318
4,1,1769,completed,5996526
4,1,1770,completed,5998068
4,1,1771,completed,5998484
4,1,1772,completed,5998235
4,1,1773,completed,6075110
4,1,1774,completed,6080109
4,1,1775,completed,6080859
4,1,1776,completed,6081693
4,1,1777,completed,5744819
4,1,1778,completed,5747569
4,1,1779,completed,5748777
4,1,1780,completed,5749402
4,1,1781,completed,6069484
4,1,1782,completed,6087609
4,1,1783,completed,6089859
4,1,1784,completed,6091859
4,1,1785,completed,5712068
4,1,1786,completed,5699277
4,1,1787,completed,5705277
4,1,1788,completed,5709902
4,1,1789,completed,6197567
4,1,1790,completed,6216151
4,1,1791,completed,6223234
4,1,1792,completed,6229442
4,1,1793,completed,5975193
4,1,1794,completed,5981401
4,1,1795,completed,5981651
4,1,1796,completed,5981484
4,1,1797,completed,5997442
4,1,1798,completed,5989943
4,1,1799,completed,5979277
4,1,1800,completed,5968860
4,1,1801,completed,6045068
4,1,1802,completed,6061943
4,1,1803,completed,6063693
4,1,1804,completed,6064568
4,1,1805,completed,5889860
4,1,1806,completed,5880693
4,1,1807,completed,5884109
4,1,1808,completed,5888318
4,1,1809,completed,6142567
4,1,1810,completed,6145110
4,1,1811,completed,6140985
4,1,1812,completed,6137026
4,1,1813,completed,5890860
4,1,1814,completed,5901444
4,1,1815,completed,5903027
4,1,1816,completed,5904235
4,1,1817,completed,6012567
4,1,1818,completed,6002777
4,1,1819,completed,6007777
4,1,1820,completed,6013235
4,1,1821,completed,6065901
4,1,1822,completed,6069651
4,1,1823,completed,6065860
4,1,1824,completed,6062693
4,1,1825,completed,5838818
4,1,1826,completed,5856277
4,1,1827,completed,5866777
4,1,1828,completed,5877318
4,1,1829,completed,5572611
4,1,1830,completed,5574361
4,1,1831,completed,5568486
4,1,1832,completed,5562736
4,1,1833,completed,6423984
4,1,1834,completed,6447900
4,1,1835,completed,6454650
4,1,1836,completed,6455733
4,1,1837,completed,5990110
4,1,1838,completed,5999235
4,1,1839,completed,6003901
4,1,1840,completed,6009610
4,1,1841,completed,5959234
4,1,1842,completed,5947568
4,1,1843,completed,5937109
4,1,1844,completed,5926443
4,1,1845,completed,5990276
4,1,1846,completed,5997776
4,1,1847,completed,5999068
4,1,1848,completed,6001027
4,1,1849,completed,5953443
4,1,1850,completed,5970818
4,1,1851,completed,5979277
4,1,1852,completed,5989027
4,1,1853,completed,5979652
4,1,1854,completed,5979110
4,1,1855,completed,5974651
4,1,1856,completed,5969485
4,1,1857,completed,5999318
4,1,1858,completed,6010859
4,1,1859,completed,6008068
4,1,1860,completed,6003984
4,1,1861,completed,5985068
4,1,1862,completed,5987443
4,1,1863,completed,5994401
4,1,1864,completed,6000235
4,1,1865,completed,6063484
4,1,1866,completed,6077109
4,1,1867,completed,6077609
4,1,1868,completed,6072609
4,1,1869,completed,5969985
4,1,1870,completed,5988110
4,1,1871,completed,5987651
4,1,1872,completed,5999026
4,1,1873,completed,5999609
4,1,1874,completed,6001485
4,1,1875,completed,5995776
4,1,1876,completed,5989443
4,1,1877,completed,5844985
4,1,1878,completed,5844526
4,1,1879,completed,5840193
4,1,1880,completed,5835943
4,1,1881,completed,6123943
4,1,1882,completed,6116984
4,1,1883,completed,6117860
4,1,1884,completed,6118693
4,1,1885,completed,6968732
4,1,1886,completed,6971316
4,1,1887,completed,6972107
4,1,1888,completed,6972940
4,1,1889,completed,6002693
4,1,1890,completed,6022610
4,1,1891,completed,6024235
4,1,1892,completed,6025360
4,1,1893,completed,5987568
4,1,1894,completed,5970610
4,1,1895,completed,5974777
4,1,1896,completed,5979484
4,1,1897,completed,5980068
4,1,1898,completed,5982193
4,1,1899,completed,5983401
4,1,1900,completed,5984152
4,1,1901,completed,5566235
4,1,1902,completed,5572736
4,1,1903,completed,5568570
4,1,1904,completed,5564445
4,1,1905,completed,6273984
4,1,1906,completed,6260733
4,1,1907,completed,6260692
4,1,1908,completed,6261359
4,1,1909,completed,5073279
4,1,1910,completed,5071446
4,1,1911,completed,5071737
4,1,1912,completed,5072195
4,1,1913,completed,5841652
4,1,1914,completed,5843027
4,1,1915,completed,5843569
4,1,1916,completed,5844110
4,1,1917,completed,6735274
4,1,1918,completed,6733399
4,1,1919,completed,6733608
4,1,1920,completed,6733816
4,1,1921,completed,4960196
4,1,1922,completed,4959946
4,1,1923,completed,4960196
4,1,1924,completed,4960612
4,1,1925,completed,5986026
4,1,1926,completed,5990443
4,1,1927,completed,5991068
4,1,1928,completed,5991693
4,1,1929,completed,5439236
4,1,1930,completed,5437778
4,1,1931,completed,5438111
4,1,1932,completed,5438527
4,1,1933,completed,7709730
4,1,1934,completed,7720397
4,1,1935,completed,7721522
4,1,1936,completed,7722231
4,1,1937,completed,6280234
4,1,1938,completed,6278734
4,1,1939,completed,6279400
4,1,1940,completed,6279526
4,1,1941,completed,6504608
4,1,1942,completed,6503358
4,1,1943,completed,6503650
4,1,1944,completed,6503858
4,1,1945,completed,6238568
4,1,1946,completed,6242192
4,1,1947,completed,6242859
4,1,1948,completed,6243734
4,1,1949,completed,6269359
4,1,1950,completed,6267567
4,1,1951,completed,6267817
4,1,1952,completed,6267859
4,1,1953,completed,6243192
4,1,1954,completed,6241026
4,1,1955,completed,6241401
4,1,1956,completed,6241734
4,1,1957,completed,6217276
4,1,1958,completed,6218984
4,1,1959,completed,6219442
4,1,1960,completed,6219859
4,1,1961,completed,6221900
4,1,1962,completed,6221692
4,1,1963,completed,6221984
4,1,1964,completed,6222192
4,1,1965,completed,6222026
4,1,1966,completed,6222817
4,1,1967,completed,6223025
4,1,1968,completed,6223317
4,1,1969,completed,6209275
4,1,1970,completed,6214109
4,1,1971,completed,6214568
4,1,1972,completed,6215484
4,1,1973,completed,4142656
4,1,1974,completed,4157906
4,1,1975,completed,4164115
4,1,1976,completed,4168906
4,1,1977,completed,6273859
4,1,1978,completed,6268234
4,1,1979,completed,6263859
4,1,1980,completed,6259609
4,1,1981,completed,6330692
4,1,1982,completed,6332442
4,1,1983,completed,6332858
4,1,1984,completed,6333067
4,1,1985,completed,6531316
4,1,1986,completed,6531275
4,1,1987,completed,6531775
4,1,1988,completed,6532233
4,1,1989,completed,6011943
4,1,1990,completed,6014318
4,1,1991,completed,6014610
4,1,1992,completed,6014859
4,1,1993,completed,5973818
4,1,1994,completed,5979151
4,1,1995,completed,5980443
4,1,1996,completed,5981777
4,1,1997,completed,6020818
4,1,1998,completed,6020943
4,1,1999,completed,6021235
4,1,2000,completed,6021526
4,1,2001,completed,5966110
4,1,2002,completed,5965860
4,1,2003,completed,5966027
4,1,2004,completed,5966360
4,1,2005,completed,5979610
4,1,2006,completed,5980568
4,1,2007,completed,5980943
4,1,2008,completed,5981360
4,1,2009,completed,5894610
4,1,2010,completed,5894652
4,1,2011,completed,5894901
4,1,2012,completed,5895318
4,1,2013,completed,6058234
4,1,2014,completed,6058901
4,1,2015,completed,6059318
4,1,2016,completed,6059651
4,1,2017,completed,5649277
4,1,2018,completed,5649735
4,1,2019,completed,5650028
4,1,2020,completed,5650402
4,1,2021,completed,6252317
4,1,2022,completed,6251942
4,1,2023,completed,6252193
4,1,2024,completed,6252568
4,1,2025,completed,6005026
4,1,2026,completed,6005234
4,1,2027,completed,6005610
4,1,2028,completed,6006026
4,1,2029,completed,6044901
4,1,2030,completed,6045401
4,1,2031,completed,6045776
4,1,2032,completed,6045277
4,1,2033,completed,5936318
4,1,2034,completed,5936027
4,1,2035,completed,5936401
4,1,2036,completed,5936777
4,1,2037,completed,6012443
4,1,2038,completed,6013651
4,1,2039,completed,6014193
4,1,2040,completed,6014693
4,1,2041,completed,5959693
4,1,2042,completed,5960151
4,1,2043,completed,5960485
4,1,2044,completed,5960818
4,1,2045,completed,6022026
4,1,2046,completed,6021902
4,1,2047,completed,6022110
4,1,2048,completed,6022609
4,1,2049,completed,5965109
4,1,2050,completed,5956819
4,1,2051,completed,5957194
4,1,2052,completed,5957777
4,1,2053,completed,5999026
4,1,2054,completed,5999151
4,1,2055,completed,5999651
4,1,2056,completed,6000151
4,1,2057,completed,5973568
4,1,2058,completed,5973943
4,1,2059,completed,5974568
4,1,2060,completed,5975068
4,1,2061,completed,5990277
4,1,2062,completed,5990734
4,1,2063,completed,5991276
4,1,2064,completed,5991859
4,1,2065,completed,5985443
4,1,2066,completed,5986068
4,1,2067,completed,5986652
4,1,2068,completed,5987318
4,1,2069,completed,5982485
4,1,2070,completed,5983527
4,1,2071,completed,5984151
4,1,2072,completed,5984818
4,1,2073,completed,6015360
4,1,2074,completed,6018651
4,1,2075,completed,6019401
4,1,2076,completed,6019985
4,1,2077,completed,5903568
4,1,2078,completed,5903110
4,1,2079,completed,5903902
4,1,2080,completed,5904194
4,1,2081,completed,5956818
4,1,2082,completed,5948860
4,1,2083,completed,5949526
4,1,2084,completed,5950318
4,1,2085,completed,5996484
4,1,2086,completed,5996818
4,1,2087,completed,5997485
4,1,2088,completed,5998152
4,1,2089,completed,5956318
4,1,2090,completed,5958444
4,1,2091,completed,5959318
4,1,2092,completed,5960110
4,1,2093,completed,5965027
4,1,2094,completed,5963610
4,1,2095,completed,5964110
4,1,2096,completed,5964652
4,1,2097,completed,5971443
4,1,2098,completed,5971526
4,1,2099,completed,5972110
4,1,2100,completed,5972776
4,1,2101,completed,5976235
4,1,2102,completed,5975234
4,1,2103,completed,5975818
4,1,2104,completed,5976485
4,1,2105,completed,5979776
4,1,2106,completed,5978693
4,1,2107,completed,5979277
4,1,2108,completed,5979776
4,1,2109,completed,6015026
4,1,2110,completed,6022735
4,1,2111,completed,6023693
4,1,2112,completed,6024526
4,1,2113,completed,5995193
4,1,2114,completed,5999609
4,1,2115,completed,6000735
4,1,2116,completed,6002026
4,1,2117,completed,5677194
4,1,2118,completed,5678069
4,1,2119,completed,5678819
4,1,2120,completed,5680069
4,1,2121,completed,5990360
4,1,2122,completed,5989276
4,1,2123,completed,5989443
4,1,2124,completed,5989984
4,1,2125,completed,5892235
4,1,2126,completed,5898235
4,1,2127,completed,5899569
4,1,2128,completed,5900860
4,1,2129,completed,5857902
4,1,2130,completed,5855819
4,1,2131,completed,5856110
4,1,2132,completed,5856568
4,1,2133,completed,6405192
4,1,2134,completed,6407775
4,1,2135,completed,6408526
4,1,2136,completed,6409275
4,1,2137,completed,5948360
4,1,2138,completed,5951984
4,1,2139,completed,5955485
4,1,2140,completed,5956277
4,1,2141,completed,5998401
4,1,2142,completed,6005735
4,1,2143,completed,6007402
4,1,2144,completed,6007985
4,1,2145,completed,5915569
4,1,2146,completed,5913277
4,1,2147,completed,5913860
4,1,2148,completed,5914902
4,1,2149,completed,6021526
4,1,2150,completed,6031526
4,1,2151,completed,6033568
4,1,2152,completed,6035401
4,1,2153,completed,6036401
4,1,2154,completed,6036026
4,1,2155,completed,6037027
4,1,2156,completed,6038193
4,1,2157,completed,5875110
4,1,2158,completed,5878485
4,1,2159,completed,5880360
4,1,2160,completed,5882319
4,1,2161,completed,5463361
4,1,2162,completed,5459278
4,1,2163,completed,5459611
4,1,2164,completed,5459861
4,1,2165,completed,6427108
4,1,2166,completed,6438150
4,1,2167,completed,6440025
4,1,2168,completed,6442025
4,1,2169,completed,5954735
4,1,2170,completed,5954443
4,1,2171,completed,5955818
4,1,2172,completed,5957318
4,1,2173,completed,5325028
4,1,2174,completed,5323112
4,1,2175,completed,5324070
4,1,2176,completed,5325070
4,1,2177,completed,6556067
4,1,2178,completed,6557942
4,1,2179,completed,6558567
4,1,2180,completed,6559900
4,1,2181,completed,5955026
4,1,2182,completed,5951276
4,1,2183,completed,5951276
4,1,2184,completed,5951651
4,1,2185,completed,5993110
4,1,2186,completed,5991943
4,1,2187,completed,5992485
4,1,2188,completed,5992818
4,1,2189,completed,5939443
4,1,2190,completed,5940693
4,1,2191,completed,5941485
4,1,2192,completed,5942402
4,1,2193,completed,5977860
4,1,2194,completed,5981651
4,1,2195,completed,5982526
4,1,2196,completed,5983360
4,1,2197,completed,5987151
4,1,2198,completed,5990359
4,1,2199,completed,5991484
4,1,2200,completed,5992609
4,1,2201,completed,5564028
4,1,2202,completed,5562944
4,1,2203,completed,5564069
4,1,2204,completed,5564778
4,1,2205,completed,6312484
4,1,2206,completed,6315942
4,1,2207,completed,6316943
4,1,2208,completed,6317859
4,1,2209,completed,6025568
4,1,2210,completed,6035276
4,1,2211,completed,6036860
4,1,2212,completed,6038151
4,1,2213,completed,5322362
4,1,2214,completed,5317904
4,1,2215,completed,5318278
4,1,2216,completed,5318570
4,1,2217,completed,6508067
4,1,2218,completed,6503984
4,1,2219,completed,6504609
4,1,2220,completed,6505525
4,1,2221,completed,6046984
4,1,2222,completed,6053943
4,1,2223,completed,6055193
4,1,2224,completed,6056610
4,1,2225,completed,5937860
4,1,2226,completed,5938693
4,1,2227,completed,5940277
4,1,2228,completed,5941651
4,1,2229,completed,5908610
4,1,2230,completed,5904360
4,1,2231,completed,5904360
4,1,2232,completed,5904360
4,1,2233,completed,6077984
4,1,2234,completed,6086026
4,1,2235,completed,6087276
4,1,2236,completed,6088943
4,1,2237,completed,5287487
4,1,2238,completed,5287028
4,1,2239,completed,5287778
4,1,2240,completed,5288986
4,1,2241,completed,6548400
4,1,2242,completed,6554983
4,1,2243,completed,6555274
4,1,2244,completed,6556941
4,1,2245,completed,5991527
4,1,2246,completed,5989901
4,1,2247,completed,5990402
4,1,2248,completed,5991027
4,1,2249,completed,5752236
4,1,2250,completed,5757402
4,1,2251,completed,5758693
4,1,2252,completed,5760485
4,1,2253,completed,5902777
4,1,2254,completed,5904902
4,1,2255,completed,5905860
4,1,2256,completed,5907318
4,1,2257,completed,5934776
4,1,2258,completed,5885693
4,1,2259,completed,5886110
4,1,2260,completed,5887485
4,1,2261,completed,5883943
4,1,2262,completed,5885110
4,1,2263,completed,5886443
4,1,2264,completed,5887943
4,1,2265,completed,6286775
4,1,2266,completed,6291817
4,1,2267,completed,6293150
4,1,2268,completed,6294734
4,1,2269,completed,5951943
4,1,2270,completed,5955401
4,1,2271,completed,5956069
4,1,2272,completed,5957277
4,1,2273,completed,5939110
4,1,2274,completed,5945610
4,1,2275,completed,5946652
4,1,2276,completed,5947902
4,1,2277,completed,6013151
4,1,2278,completed,6018776
4,1,2279,completed,6019485
4,1,2280,completed,6020818
4,1,2281,completed,5924818
4,1,2282,completed,5930485
4,1,2283,completed,5931776
4,1,2284,completed,5933693
4,1,2285,completed,5923985
4,1,2286,completed,5920444
4,1,2287,completed,5920985
4,1,2288,completed,5921360
4,1,2289,completed,6050818
4,1,2290,completed,6058527
4,1,2291,completed,6059610
4,1,2292,completed,6061026
4,1,2293,completed,5979359
4,1,2294,completed,5990860
4,1,2295,completed,5992942
4,1,2296,completed,6006026
4,1,2297,completed,6088026
4,1,2298,completed,6092109
4,1,2299,completed,6093818
4,1,2300,completed,6095359
4,1,2301,completed,5783402
4,1,2302,completed,5780568
4,1,2303,completed,5781194
4,1,2304,completed,5782235
4,1,2305,completed,5930151
4,1,2306,completed,5938651
4,1,2307,completed,5941027
4,1,2308,completed,5943026
4,1,2309,completed,5963443
4,1,2310,completed,5965651
4,1,2311,completed,5966652
4,1,2312,completed,5967568
4,1,2313,completed,5913527
4,1,2314,completed,5910984
4,1,2315,completed,5911985
4,1,2316,completed,5913360
4,1,2317,completed,5958735
4,1,2318,completed,5957693
4,1,2319,completed,5958235
4,1,2320,completed,5958818
4,1,2321,completed,6001443
4,1,2322,completed,6015901
4,1,2323,completed,6018193
4,1,2324,completed,6020484
4,1,2325,completed,6045109
4,1,2326,completed,6045692
4,1,2327,completed,6046985
4,1,2328,completed,6048110
4,1,2329,completed,5187487
4,1,2330,completed,5181236
4,1,2331,completed,5181570
4,1,2332,completed,5181487
4,1,2333,completed,6710400
4,1,2334,completed,6721107
4,1,2335,completed,6722858
4,1,2336,completed,6723649
4,1,2337,completed,6137192
4,1,2338,completed,6137109
4,1,2339,completed,6137693
4,1,2340,completed,6138318
4,1,2341,completed,5522652
4,1,2342,completed,5533860
4,1,2343,completed,5535861
4,1,2344,completed,5538069
4,1,2345,completed,5893693
4,1,2346,completed,5887776
4,1,2347,completed,5888443
4,1,2348,completed,5889152
4,1,2349,completed,5963735
4,1,2350,completed,5969860
4,1,2351,completed,5971235
4,1,2352,completed,5972777
4,1,2353,completed,6249484
4,1,2354,completed,6248151
4,1,2355,completed,6248026
4,1,2356,completed,6248692
4,1,2357,completed,5917360
4,1,2358,completed,5925193
4,1,2359,completed,5926818
4,1,2360,completed,5928651
4,1,2361,completed,5395445
4,1,2362,completed,5387903
4,1,2363,completed,5387819
4,1,2364,completed,5387945
4,1,2365,completed,6522859
4,1,2366,completed,6538859
4,1,2367,completed,6540858
4,1,2368,completed,6543108
4,1,2369,completed,5934860
4,1,2370,completed,5931360
4,1,2371,completed,5932610
4,1,2372,completed,5934360
4,1,2373,completed,5921776
4,1,2374,completed,5923527
4,1,2375,completed,5924485
4,1,2376,completed,5925485
4,1,2377,completed,5987526
4,1,2378,completed,5990401
4,1,2379,completed,5991110
4,1,2380,completed,5991984
4,1,2381,completed,5865693
4,1,2382,completed,5868277
4,1,2383,completed,5869235
4,1,2384,completed,5870068
4,1,2385,completed,6015985
4,1,2386,completed,6018485
4,1,2387,completed,6019526
4,1,2388,completed,6020485
4,1,2389,completed,6003901
4,1,2390,completed,6007401
4,1,2391,completed,6008360
4,1,2392,completed,6009318
4,1,2393,completed,5925318
4,1,2394,completed,5929318
4,1,2395,completed,5930318
4,1,2396,completed,5931568
4,1,2397,completed,6015318
4,1,2398,completed,6023443
4,1,2399,completed,6025277
4,1,2400,completed,6027276
4,1,2401,completed,5882235
4,1,2402,completed,5879568
4,1,2403,completed,5879985
4,1,2404,completed,5880360
4,1,2405,completed,5962859
4,1,2406,completed,5971610
4,1,2407,completed,5973402
4,1,2408,completed,5975277
4,1,2409,completed,5932109
4,1,2410,completed,5924109
4,1,2411,completed,5924234
4,1,2412,completed,5924068
4,1,2413,completed,6106860
4,1,2414,completed,6116692
4,1,2415,completed,6118068
4,1,2416,completed,6120193
4,1,2417,completed,5769235
4,1,2418,completed,5759902
4,1,2419,completed,5759068
4,1,2420,completed,5758569
4,1,2421,completed,6002193
4,1,2422,completed,5994943
4,1,2423,completed,5995693
4,1,2424,completed,5996693
4,1,2425,completed,5382444
4,1,2426,completed,5383986
4,1,2427,completed,5384445
4,1,2428,completed,5384819
4,1,2429,completed,6548067
4,1,2430,completed,6550858
4,1,2431,completed,6551400
4,1,2432,completed,6551859
4,1,2433,completed,6027693
4,1,2434,completed,6037234
4,1,2435,completed,6038818
4,1,2436,completed,6040526
4,1,2437,completed,5908193
4,1,2438,completed,5900319
4,1,2439,completed,5900610
4,1,2440,completed,5900985
4,1,2441,completed,5423028
4,1,2442,completed,5436570
4,1,2443,completed,5438528
4,1,2444,completed,5440487
4,1,2445,completed,6568567
4,1,2446,completed,6568942
4,1,2447,completed,6569650
4,1,2448,completed,6570400
4,1,2449,completed,5885068
4,1,2450,completed,5881776
4,1,2451,completed,5882027
4,1,2452,completed,5882485
4,1,2453,completed,5497403
4,1,2454,completed,5499027
4,1,2455,completed,5499945
4,1,2456,completed,5501111
4,1,2457,completed,6508275
4,1,2458,completed,6521067
4,1,2459,completed,6523358
4,1,2460,completed,6525733
4,1,2461,completed,5914027
4,1,2462,completed,5903277
4,1,2463,completed,5903277
4,1,2464,completed,5903651
4,1,2465,completed,5993818
4,1,2466,completed,6006277
4,1,2467,completed,6008318
4,1,2468,completed,6011068
4,1,2469,completed,5920068
4,1,2470,completed,5927443
4,1,2471,completed,5929318
4,1,2472,completed,5931443
4,1,2473,completed,5918068
4,1,2474,completed,5910443
4,1,2475,completed,5910527
4,1,2476,completed,5910485
4,1,2477,completed,6007235
4,1,2478,completed,6015693
4,1,2479,completed,6017943
4,1,2480,completed,6019818
4,1,2481,completed,5869401
4,1,2482,completed,5866151
4,1,2483,completed,5866277
4,1,2484,completed,5866277
4,1,2485,completed,6089067
4,1,2486,completed,6099692
4,1,2487,completed,6101651
4,1,2488,completed,6103651
4,1,2489,completed,5921568
4,1,2490,completed,5916360
4,1,2491,completed,5916902
4,1,2492,completed,5917151
4,1,2493,completed,5916901
4,1,2494,completed,5916151
4,1,2495,completed,5916693
4,1,2496,completed,5917235
4,1,2497,completed,6128026
4,1,2498,completed,6137401
4,1,2499,completed,6139110
4,1,2500,completed,6141485
4,1,2501,completed,5806819
4,1,2502,completed,5801485
4,1,2503,completed,5801735
4,1,2504,completed,5802193
4,1,2505,completed,6012859
4,1,2506,completed,6017151
4,1,2507,completed,6017901
4,1,2508,completed,6018859
4,1,2509,completed,6004318
4,1,2510,completed,6016610
4,1,2511,completed,6018860
4,1,2512,completed,6021360
4,1,2513,completed,5874444
4,1,2514,completed,5872068
4,1,2515,completed,5872735
4,1,2516,completed,5873526
4,1,2517,completed,5950318
4,1,2518,completed,5955734
4,1,2519,completed,5956609
4,1,2520,completed,5958151
4,1,2521,completed,5990734
4,1,2522,completed,5994026
4,1,2523,completed,5995151
4,1,2524,completed,5996318
4,1,2525,completed,5927693
4,1,2526,completed,5932151
4,1,2527,completed,5933568
4,1,2528,completed,5935110
4,1,2529,completed,5682319
4,1,2530,completed,5678902
4,1,2531,completed,5679319
4,1,2532,completed,5679652
4,1,2533,completed,6208693
4,1,2534,completed,6210151
4,1,2535,completed,6210734
4,1,2536,completed,6211692
4,1,2537,completed,5961485
4,1,2538,completed,5963026
4,1,2539,completed,5963734
4,1,2540,completed,5964402
4,1,2541,completed,6161276
4,1,2542,completed,6173025
4,1,2543,completed,6181484
4,1,2544,completed,6183526
4,1,2545,completed,5274695
4,1,2546,completed,5271611
4,1,2547,completed,5272528
4,1,2548,completed,5273362
4,1,2549,completed,6531067
4,1,2550,completed,6535234
4,1,2551,completed,6536233
4,1,2552,completed,6537566
4,1,2553,completed,5868610
4,1,2554,completed,5876193
4,1,2555,completed,5877818
4,1,2556,completed,5879776
4,1,2557,completed,5928985
4,1,2558,completed,5929193
4,1,2559,completed,5930110
4,1,2560,completed,5931318
4,1,2561,completed,5560611
4,1,2562,completed,5562402
4,1,2563,completed,5563152
4,1,2564,completed,5564611
4,1,2565,completed,6380525
4,1,2566,completed,6394358
4,1,2567,completed,6396859
4,1,2568,completed,6399317
4,1,2569,completed,5940443
4,1,2570,completed,5942777
4,1,2571,completed,5944193
4,1,2572,completed,5945735
4,1,2573,completed,5316028
4,1,2574,completed,5313695
4,1,2575,completed,5314528
4,1,2576,completed,5315653
4,1,2577,completed,6556400
4,1,2578,completed,6554317
4,1,2579,completed,6555483
4,1,2580,completed,6557067
4,1,2581,completed,5939277
4,1,2582,completed,5939069
4,1,2583,completed,5939985
4,1,2584,completed,5940819
4,1,2585,completed,6081693
4,1,2586,completed,6080193
4,1,2587,completed,6080818
4,1,2588,completed,6081651
4,1,2589,completed,5284028
4,1,2590,completed,5294403
4,1,2591,completed,5295945
4,1,2592,completed,5298111
4,1,2593,completed,6472441
4,1,2594,completed,6468733
4,1,2595,completed,6468900
4,1,2596,completed,6469150
4,1,2597,completed,5533569
4,1,2598,completed,5544610
4,1,2599,completed,5546403
4,1,2600,completed,5548569
4,1,2601,completed,6417442
4,1,2602,completed,6420692
4,1,2603,completed,6421108
4,1,2604,completed,6421816
4,1,2605,completed,5970651
4,1,2606,completed,5968693
4,1,2607,completed,5968943
4,1,2608,completed,5969276
4,1,2609,completed,5415069
4,1,2610,completed,5429236
4,1,2611,completed,5431195
4,1,2612,completed,5433611
4,1,2613,completed,6401401
4,1,2614,completed,6394317
4,1,2615,completed,6394484
4,1,2616,completed,6394775
4,1,2617,completed,6081234
4,1,2618,completed,6084151
4,1,2619,completed,6084776
4,1,2620,completed,6085234
4,1,2621,completed,5955193
4,1,2622,completed,5955027
4,1,2623,completed,5955693
4,1,2624,completed,5956193
4,1,2625,completed,6022360
4,1,2626,completed,6029985
4,1,2627,completed,6031610
4,1,2628,completed,6033401
4,1,2629,completed,5955360
4,1,2630,completed,5954526
4,1,2631,completed,5954734
4,1,2632,completed,5954984
4,1,2633,completed,5962318
4,1,2634,completed,5966068
4,1,2635,completed,5967151
4,1,2636,completed,5968610
4,1,2637,completed,5932694
4,1,2638,completed,5931443
4,1,2639,completed,5931651
4,1,2640,completed,5931902
4,1,2641,completed,5995151
4,1,2642,completed,6000776
4,1,2643,completed,6001652
4,1,2644,completed,6002526
4,1,2645,completed,5955651
4,1,2646,completed,5958859
4,1,2647,completed,5959860
4,1,2648,completed,5960943
4,1,2649,completed,5326903
4,1,2650,completed,5325569
4,1,2651,completed,5325820
4,1,2652,completed,5326111
4,1,2653,completed,6548691
4,1,2654,completed,6554567
4,1,2655,completed,6555525
4,1,2656,completed,6556692
4,1,2657,completed,6058318
4,1,2658,completed,6067818
4,1,2659,completed,6069526
4,1,2660,completed,6071442
4,1,2661,completed,5530944
4,1,2662,completed,5529819
4,1,2663,completed,5530236
4,1,2664,completed,5530403
4,1,2665,completed,6374692
4,1,2666,completed,6383608
4,1,2667,completed,6385942
4,1,2668,completed,6388317
4,1,2669,completed,5951734
4,1,2670,completed,5953360
4,1,2671,completed,5954443
4,1,2672,completed,5955527
4,1,2673,completed,5946735
4,1,2674,completed,5945026
4,1,2675,completed,5945193
4,1,2676,completed,5945526
4,1,2677,completed,5373945
4,1,2678,completed,5378528
4,1,2679,completed,5380278
4,1,2680,completed,5382278
4,1,2681,completed,6481025
4,1,2682,completed,6475192
4,1,2683,completed,6475442
4,1,2684,completed,6475775
4,1,2685,completed,6079693
4,1,2686,completed,6091317
4,1,2687,completed,6093068
4,1,2688,completed,6094943
4,1,2689,completed,5921569
4,1,2690,completed,5918693
4,1,2691,completed,5920027
4,1,2692,completed,5921527
4,1,2693,completed,5878485
4,1,2694,completed,5870735
4,1,2695,completed,5870527
4,1,2696,completed,5870360
4,1,2697,completed,6039068
4,1,2698,completed,6051026
4,1,2699,completed,6052942
4,1,2700,completed,6054651
4,1,2701,completed,5947526
4,1,2702,completed,5945818
4,1,2703,completed,5946485
4,1,2704,completed,5946943
4,1,2705,completed,5956068
4,1,2706,completed,5956485
4,1,2707,completed,5957193
4,1,2708,completed,5958318
4,1,2709,completed,6134567
4,1,2710,completed,6197401
4,1,2711,completed,6200400
4,1,2712,completed,6202401
4,1,2713,completed,5679902
4,1,2714,completed,5674027
4,1,2715,completed,5674902
4,1,2716,completed,5675110
4,1,2717,completed,5921484
4,1,2718,completed,5918151
4,1,2719,completed,5918693
4,1,2720,completed,5919360
4,1,2721,completed,6003652
4,1,2722,completed,6005985
4,1,2723,completed,6006401
4,1,2724,completed,6007234
4,1,2725,completed,5649819
4,1,2726,completed,5658985
4,1,2727,completed,5660985
4,1,2728,completed,5663277
4,1,2729,completed,6188942
4,1,2730,completed,6179859
4,1,2731,completed,6179942
4,1,2732,completed,6179734
4,1,2733,completed,6112192
4,1,2734,completed,6116942
4,1,2735,completed,6117776
4,1,2736,completed,6119360
4,1,2737,completed,5709319
4,1,2738,completed,5710069
4,1,2739,completed,5710527
4,1,2740,completed,5711110
4,1,2741,completed,6167317
4,1,2742,completed,6170484
4,1,2743,completed,6171026
4,1,2744,completed,6172026
4,1,2745,completed,5938401
4,1,2746,completed,5945360
4,1,2747,completed,5946860
4,1,2748,completed,5948026
4,1,2749,completed,5945401
4,1,2750,completed,5943484
4,1,2751,completed,5943776
4,1,2752,completed,5944068
4,1,2753,completed,5969026
4,1,2754,completed,5978777
4,1,2755,completed,5979985
4,1,2756,completed,5981151
4,1,2757,completed,6029818
4,1,2758,completed,6038359
4,1,2759,completed,6040068
4,1,2760,completed,6041860
4,1,2761,completed,5879318
4,1,2762,completed,5872443
4,1,2763,completed,5872110
4,1,2764,completed,5872193
4,1,2765,completed,6118151
4,1,2766,completed,6132359
4,1,2767,completed,6135067
4,1,2768,completed,6137984
4,1,2769,completed,5987234
4,1,2770,completed,5992026
4,1,2771,completed,5993110
4,1,2772,completed,5994859
4,1,2773,completed,5257695
4,1,2774,completed,5244195
4,1,2775,completed,5244945
4,1,2776,completed,5245319
4,1,2777,completed,5993276
4,1,2778,completed,6004610
4,1,2779,completed,6006818
4,1,2780,completed,6008318
4,1,2781,completed,5623985
4,1,2782,completed,5624235
4,1,2783,completed,5625736
4,1,2784,completed,5626653
4,1,2785,completed,6157401
4,1,2786,completed,6154485
4,1,2787,completed,6154568
4,1,2788,completed,6154651
4,1,2789,completed,6009568
4,1,2790,completed,6017026
4,1,2791,completed,6019109
4,1,2792,completed,6020568
4,1,2793,completed,5905860
4,1,2794,completed,5900110
4,1,2795,completed,5900027
4,1,2796,completed,5899819
4,1,2797,completed,6039485
4,1,2798,completed,6052776
4,1,2799,completed,6055276
4,1,2800,completed,6057443
4,1,2801,completed,5903026
4,1,2802,completed,5897859
4,1,2803,completed,5898484
4,1,2804,completed,5898610
4,1,2805,completed,5340570
4,1,2806,completed,5339778
4,1,2807,completed,5340028
4,1,2808,completed,5340028
4,1,2809,completed,6602108
4,1,2810,completed,6609941
4,1,2811,completed,6611274
4,1,2812,completed,6612275
4,1,2813,completed,5915818
4,1,2814,completed,5921652
4,1,2815,completed,5923151
4,1,2816,completed,5924276
4,1,2817,completed,6038235
4,1,2818,completed,6037109
4,1,2819,completed,6037443
4,1,2820,completed,6037776
4,1,2821,completed,5971109
4,1,2822,completed,5984068
4,1,2823,completed,5986610
4,1,2824,completed,5988443
4,1,2825,completed,5906443
4,1,2826,completed,5907485
4,1,2827,completed,5908902
4,1,2828,completed,5910235
4,1,2829,completed,5968609
4,1,2830,completed,5966193
4,1,2831,completed,5966568
4,1,2832,completed,5966277
4,1,2833,completed,6527317
4,1,2834,completed,6543067
4,1,2835,completed,6545650
4,1,2836,completed,6547733
4,1,2837,completed,5388861
4,1,2838,completed,5389653
4,1,2839,completed,5390153
4,1,2840,completed,5390403
4,1,2841,completed,5906485
4,1,2842,completed,5908152
4,1,2843,completed,5909277
4,1,2844,completed,5909193
4,1,2845,completed,5977693
4,1,2846,completed,5987235
4,1,2847,completed,5988776
4,1,2848,completed,5989984
4,1,2849,completed,5934276
4,1,2850,completed,5936401
4,1,2851,completed,5937152
4,1,2852,completed,5937860
4,1,2853,completed,5975110
4,1,2854,completed,5979735
4,1,2855,completed,5980818
4,1,2856,completed,5981609
4,1,2857,completed,5948068
4,1,2858,completed,5953527
4,1,2859,completed,5955610
4,1,2860,completed,5957276
4,1,2861,completed,5907027
4,1,2862,completed,5901110
4,1,2863,completed,5901485
4,1,2864,completed,5901276
4,1,2865,completed,6060526
4,1,2866,completed,6071568
4,1,2867,completed,6073693
4,1,2868,completed,6075735
4,1,2869,completed,5874318
4,1,2870,completed,5868902
4,1,2871,completed,5868860
4,1,2872,completed,5868651
4,1,2873,completed,6129068
4,1,2874,completed,6131360
4,1,2875,completed,6132442
4,1,2876,completed,6133192
4,1,2877,completed,5852902
4,1,2878,completed,5863651
4,1,2879,completed,5865652
4,1,2880,completed,5867068
4,1,2881,completed,5796360
4,1,2882,completed,5789902
4,1,2883,completed,5790027
4,1,2884,completed,5789985
4,1,2885,completed,6163735
4,1,2886,completed,6165234
4,1,2887,completed,6165859
4,1,2888,completed,6166443
4,1,2889,completed,5890276
4,1,2890,completed,5883818
4,1,2891,completed,5884485
4,1,2892,completed,5884652
4,1,2893,completed,5896568
4,1,2894,completed,5894110
4,1,2895,completed,5894318
4,1,2896,completed,5894276
4,1,2897,completed,6014235
4,1,2898,completed,6020484
4,1,2899,completed,6022068
4,1,2900,completed,6023526
4,1,2901,completed,5990818
4,1,2902,completed,5990193
4,1,2903,completed,5990735
4,1,2904,completed,5990818
4,1,2905,completed,5697944
4,1,2906,completed,5699444
4,1,2907,completed,5700819
4,1,2908,completed,5701861
4,1,2909,completed,5980860
4,1,2910,completed,5985776
4,1,2911,completed,5986818
4,1,2912,completed,5987443
4,1,2913,completed,6180734
4,1,2914,completed,6185651
4,1,2915,completed,6187192
4,1,2916,completed,6188442
4,1,2917,completed,5497111
4,1,2918,completed,5501069
4,1,2919,completed,5502152
4,1,2920,completed,5502819
4,1,2921,completed,6462275
4,1,2922,completed,6472483
4,1,2923,completed,6475359
4,1,2924,completed,6477442
4,1,2925,completed,5927527
4,1,2926,completed,5923944
4,1,2927,completed,5925402
4,1,2928,completed,5926360
4,1,2929,completed,5937235
4,1,2930,completed,5939276
4,1,2931,completed,5940109
4,1,2932,completed,5940610
4,1,2933,completed,5957484
4,1,2934,completed,5963818
4,1,2935,completed,5965276
4,1,2936,completed,5966276
4,1,2937,completed,5923984
4,1,2938,completed,5926318
4,1,2939,completed,5927110
4,1,2940,completed,5927235
4,1,2941,completed,5998401
4,1,2942,completed,6002318
4,1,2943,completed,6003193
4,1,2944,completed,6003651
4,1,2945,completed,6031860
4,1,2946,completed,6039527
4,1,2947,completed,6041026
4,1,2948,completed,6046818
4,1,2949,completed,5953568
4,1,2950,completed,5954193
4,1,2951,completed,5954693
4,1,2952,completed,5955193
4,1,2953,completed,5924152
4,1,2954,completed,5930193
4,1,2955,completed,5931027
4,1,2956,completed,5931609
4,1,2957,completed,5844318
4,1,2958,completed,5849985
4,1,2959,completed,5851194
4,1,2960,completed,5852235
4,1,2961,completed,6109901
4,1,2962,completed,6116318
4,1,2963,completed,6118443
4,1,2964,completed,6119734
4,1,2965,completed,5830360
4,1,2966,completed,5831069
4,1,2967,completed,5832402
4,1,2968,completed,5833610
4,1,2969,completed,5684610
4,1,2970,completed,5676235
4,1,2971,completed,5734902
4,1,2972,completed,5735486
4,1,2973,completed,5630652
4,1,2974,completed,5627652
4,1,2975,completed,5627485
4,1,2976,completed,5627610
4,1,2977,completed,6484733
4,1,2978,completed,6496067
4,1,2979,completed,6497816
4,1,2980,completed,6499442
4,1,2981,completed,6091192
4,1,2982,completed,6086860
4,1,2983,completed,6086860
4,1,2984,completed,6087027
4,1,2985,completed,5272278
4,1,2986,completed,5275820
4,1,2987,completed,5277986
4,1,2988,completed,5279487
4,1,2989,completed,6490484
4,1,2990,completed,6492442
4,1,2991,completed,6493276
4,1,2992,completed,6493942
4,1,2993,completed,5952318
4,1,2994,completed,5949818
4,1,2995,completed,5949943
4,1,2996,completed,5949901
4,1,2997,completed,5988818
4,1,2998,completed,5993193
4,1,2999,completed,5993777
4,1,3000,completed,5994402
4,1,3001,completed,5794861
4,1,3002,completed,5801027
4,1,3003,completed,5802735
4,1,3004,completed,5804110
4,1,3005,completed,6129484
4,1,3006,completed,6122943
4,1,3007,completed,6124109
4,1,3008,completed,6124443
4,1,3009,completed,6075776
4,1,3010,completed,6077234
4,1,3011,completed,6078151
4,1,3012,completed,6078776
4,1,3013,completed,5878402
4,1,3014,completed,5883818
4,1,3015,completed,5885652
4,1,3016,completed,5886943
4,1,3017,completed,5441403
4,1,3018,completed,5433820
4,1,3019,completed,5433611
4,1,3020,completed,5433445
4,1,3021,completed,6422692
4,1,3022,completed,6434150
4,1,3023,completed,6435400
4,1,3024,completed,6437067
4,1,3025,completed,5998818
4,1,3026,completed,6007651
4,1,3027,completed,6008943
4,1,3028,completed,6010110
4,1,3029,completed,5388778
4,1,3030,completed,5382777
4,1,3031,completed,5383027
4,1,3032,completed,5383236
4,1,3033,completed,6455484
4,1,3034,completed,6466941
4,1,3035,completed,6468483
4,1,3036,completed,6469608
4,1,3037,completed,5967318
4,1,3038,completed,5965693
4,1,3039,completed,5966277
4,1,3040,completed,5967026
4,1,3041,completed,5483986
4,1,3042,completed,5490319
4,1,3043,completed,5491319
4,1,3044,completed,5492319
4,1,3045,completed,6446150
4,1,3046,completed,6446734
4,1,3047,completed,6447358
4,1,3048,completed,6447400
4,1,3049,completed,5964235
4,1,3050,completed,5966943
4,1,3051,completed,5967610
4,1,3052,completed,5968318
4,1,3053,completed,5986610
4,1,3054,completed,5994110
4,1,3055,completed,5994818
4,1,3056,completed,5955860
4,1,3057,completed,5932402
4,1,3058,completed,5934110
4,1,3059,completed,5934527
4,1,3060,completed,5935276
4,1,3061,completed,5462653
4,1,3062,completed,5468028
4,1,3063,completed,5468944
4,1,3064,completed,5470152
4,1,3065,completed,6478900
4,1,3066,completed,6488775
4,1,3067,completed,6489900
4,1,3068,completed,6491275
4,1,3069,completed,6015734
4,1,3070,completed,6008859
4,1,3071,completed,6009359
4,1,3072,completed,6009526
4,1,3073,completed,5893110
4,1,3074,completed,5895027
4,1,3075,completed,5895234
4,1,3076,completed,5895651
4,1,3077,completed,5983984
4,1,3078,completed,5987193
4,1,3079,completed,5987735
4,1,3080,completed,5987985
4,1,3081,completed,6004068
4,1,3082,completed,6007984
4,1,3083,completed,6010027
4,1,3084,completed,6011526
4,1,3085,completed,5938651
4,1,3086,completed,5952776
4,1,3087,completed,5958985
4,1,3088,completed,5963902
4,1,3089,completed,6179317
4,1,3090,completed,6181068
4,1,3091,completed,6176901
4,1,3092,completed,6171942
4,1,3093,completed,5779402
4,1,3094,completed,5781194
4,1,3095,completed,5782069
4,1,3096,completed,5782610
4,1,3097,completed,5998360
4,1,3098,completed,6005318
4,1,3099,completed,6006943
4,1,3100,completed,6007943
4,1,3101,completed,5944068
4,1,3102,completed,5946776
4,1,3103,completed,5948027
4,1,3104,completed,5948735
4,1,3105,completed,5928485
4,1,3106,completed,5930818
4,1,3107,completed,5931652
4,1,3108,completed,5932193
4,1,3109,completed,5697069
4,1,3110,completed,5706360
4,1,3111,completed,5710777
4,1,3112,completed,5711693
4,1,3113,completed,6271609
4,1,3114,completed,6278984
4,1,3115,completed,6281400
4,1,3116,completed,6282775
4,1,3117,completed,5448611
4,1,3118,completed,5446111
4,1,3119,completed,5446778
4,1,3120,completed,5447028
4,1,3121,completed,5937152
4,1,3122,completed,5949818
4,1,3123,completed,5952610
4,1,3124,completed,5954735
4,1,3125,completed,6445358
4,1,3126,completed,6447233
4,1,3127,completed,6449025
4,1,3128,completed,6450025
4,1,3129,completed,6000485
4,1,3130,completed,6008776
4,1,3131,completed,6009234
4,1,3132,completed,6012151
4,1,3133,completed,5888652
4,1,3134,completed,5888652
4,1,3135,completed,5889402
4,1,3136,completed,5889818
4,1,3137,completed,5812776
4,1,3138,completed,5813526
4,1,3139,completed,5814360
4,1,3140,completed,5815026
4,1,3141,completed,6113609
4,1,3142,completed,6130776
4,1,3143,completed,6131692
4,1,3144,completed,6132401
4,1,3145,completed,5968027
4,1,3146,completed,5970318
4,1,3147,completed,5971026
4,1,3148,completed,5971485
4,1,3149,completed,5954568
4,1,3150,completed,5958818
4,1,3151,completed,5960026
4,1,3152,completed,5960985
4,1,3153,completed,5958193
4,1,3154,completed,5964943
4,1,3155,completed,5966484
4,1,3156,completed,5966818
4,1,3157,completed,5961901
4,1,3158,completed,5963360
4,1,3159,completed,5964026
4,1,3160,completed,5964235
4,1,3161,completed,6054026
4,1,3162,completed,6058067
4,1,3163,completed,6059235
4,1,3164,completed,6059859
4,1,3165,completed,5934527
4,1,3166,completed,5951568
4,1,3167,completed,5954359
4,1,3168,completed,5956818
4,1,3169,completed,5909777
4,1,3170,completed,5905027
4,1,3171,completed,5906443
4,1,3172,completed,5907610
4,1,3173,completed,5453111
4,1,3174,completed,5452444
4,1,3175,completed,5452903
4,1,3176,completed,5452903
4,1,3177,completed,6404358
4,1,3178,completed,6414900
4,1,3179,completed,6416942
4,1,3180,completed,6418359
4,1,3181,completed,5949734
4,1,3182,completed,5948526
4,1,3183,completed,5949985
4,1,3184,completed,5951110
4,1,3185,completed,5947068
4,1,3186,completed,5943359
4,1,3187,completed,5944109
4,1,3188,completed,5944318
4,1,3189,completed,5964193
4,1,3190,completed,5969276
4,1,3191,completed,5970152
4,1,3192,completed,5971026
4,1,3193,completed,5944651
4,1,3194,completed,5947818
4,1,3195,completed,5948151
4,1,3196,completed,5948984
4,1,3197,completed,5459402
4,1,3198,completed,5470111
4,1,3199,completed,5470445
4,1,3200,completed,5471653
4,1,3201,completed,6417733
4,1,3202,completed,6420984
4,1,3203,completed,6421525
4,1,3204,completed,6422817
4,1,3205,completed,5436194
4,1,3206,completed,5438819
4,1,3207,completed,5439195
4,1,3208,completed,5439944
4,1,3209,completed,6497900
4,1,3210,completed,6505400
4,1,3211,completed,6505567
4,1,3212,completed,6506858
4,1,3213,completed,6032526
4,1,3214,completed,6037568
4,1,3215,completed,6038818
4,1,3216,completed,6040151
4,1,3217,completed,5663111
4,1,3218,completed,5666194
4,1,3219,completed,5666361
4,1,3220,completed,5666611
4,1,3221,completed,7226774
4,1,3222,completed,7247857
4,1,3223,completed,7256898
4,1,3224,completed,7263773
4,1,3225,completed,5942860
4,1,3226,completed,5947943
4,1,3227,completed,5944402
4,1,3228,completed,5942652
4,1,3229,completed,5980443
4,1,3230,completed,5977277
4,1,3231,completed,5973109
4,1,3232,completed,5968859
4,1,3233,completed,5823068
4,1,3234,completed,5824526
4,1,3235,completed,5824860
4,1,3236,completed,5825235
4,1,3237,completed,6124276
4,1,3238,completed,6127568
4,1,3239,completed,6133401
4,1,3240,completed,6139859
4,1,3241,completed,6042652
4,1,3242,completed,6043401
4,1,3243,completed,6038234
4,1,3244,completed,6031901
4,1,3245,completed,5946985
4,1,3246,completed,5952943
4,1,3247,completed,5961776
4,1,3248,completed,5967526
4,1,3249,completed,6018610
4,1,3250,completed,6012651
4,1,3251,completed,6008151
4,1,3252,completed,6003693
4,1,3253,completed,5939235
4,1,3254,completed,5948360
4,1,3255,completed,5955693
4,1,3256,completed,5963901
4,1,3257,completed,6039609
4,1,3258,completed,6039735
4,1,3259,completed,6033401
4,1,3260,completed,6027526
4,1,3261,completed,6017735
4,1,3262,completed,6021151
4,1,3263,completed,6022027
4,1,3264,completed,6022609
4,1,3265,completed,5904818
4,1,3266,completed,5913277
4,1,3267,completed,5915527
4,1,3268,completed,5917360
4,1,3269,completed,5981443
4,1,3270,completed,5980985
4,1,3271,completed,5982193
4,1,3272,completed,5983234
4,1,3273,completed,5979984
4,1,3274,completed,5996068
4,1,3275,completed,6008234
4,1,3276,completed,6019193
4,1,3277,completed,5996859
4,1,3278,completed,5986985
4,1,3279,completed,5976110
4,1,3280,completed,5965693
4,1,3281,completed,5933526
4,1,3282,completed,5937777
4,1,3283,completed,5942068
4,1,3284,completed,5946193
4,1,3285,completed,6027359
4,1,3286,completed,6026860
4,1,3287,completed,6024276
4,1,3288,completed,6021985
4,1,3289,completed,5992484
4,1,3290,completed,6004151
4,1,3291,completed,6010359
4,1,3292,completed,6016401
4,1,3293,completed,5987860
4,1,3294,completed,5991027
4,1,3295,completed,6050026
4,1,3296,completed,6052485
4,1,3297,completed,6012527
4,1,3298,completed,5968735
4,1,3299,completed,5968360
4,1,3300,completed,5968859
4,1,3301,completed,6060567
4,1,3302,completed,6070485
4,1,3303,completed,6074026
4,1,3304,completed,6076734
4,1,3305,completed,5915610
4,1,3306,completed,5919443
4,1,3307,completed,5919401
4,1,3308,completed,5919985
4,1,3309,completed,5962693
4,1,3310,completed,5965777
4,1,3311,completed,5965610
4,1,3312,completed,5963652
4,1,3313,completed,5868360
4,1,3314,completed,5861860
4,1,3315,completed,5852277
4,1,3316,completed,5842860
4,1,3317,completed,6150234
4,1,3318,completed,6155484
4,1,3319,completed,6157068
4,1,3320,completed,6158150
4,1,3321,completed,5988777
4,1,3322,completed,5993776
4,1,3323,completed,5995318
4,1,3324,completed,5996401
4,1,3325,completed,5822652
4,1,3326,completed,5824569
4,1,3327,completed,5825610
4,1,3328,completed,5826652
4,1,3329,completed,6060068
4,1,3330,completed,6060776
4,1,3331,completed,6061485
4,1,3332,completed,6062526
4,1,3333,completed,6006818
4,1,3334,completed,6016777
4,1,3335,completed,6017651
4,1,3336,completed,6017776
4,1,3337,completed,5982318
4,1,3338,completed,5989651
4,1,3339,completed,6001318
4,1,3340,completed,6012110
4,1,3341,completed,6061610
4,1,3342,completed,6054276
4,1,3343,completed,6044942
4,1,3344,completed,6035567
4,1,3345,completed,5984943
4,1,3346,completed,6000068
4,1,3347,completed,6010151
4,1,3348,completed,6021360
4,1,3349,completed,5930527
4,1,3350,completed,5937860
4,1,3351,completed,5937776
4,1,3352,completed,5937984
4,1,3353,completed,5966402
4,1,3354,completed,5957818
4,1,3355,completed,5948443
4,1,3356,completed,5938735
4,1,3357,completed,5988985
4,1,3358,completed,5991860
4,1,3359,completed,5993068
4,1,3360,completed,5994318
4,1,3361,completed,5749277
4,1,3362,completed,5763110
4,1,3363,completed,5768152
4,1,3364,completed,5771861
4,1,3365,completed,6208609
4,1,3366,completed,6221067
4,1,3367,completed,6218651
4,1,3368,completed,6215318
4,1,3369,completed,5962401
4,1,3370,completed,5956735
4,1,3371,completed,5960401
4,1,3372,completed,5969443
4,1,3373,completed,6029109
4,1,3374,completed,6047526
4,1,3375,completed,6046360
4,1,3376,completed,6032276
4,1,3377,completed,6034443
4,1,3378,completed,6035443
4,1,3379,completed,6046526
4,1,3380,completed,6057817
4,1,3381,completed,5947026
4,1,3382,completed,5939194
4,1,3383,completed,5929443
4,1,3384,completed,5918694
4,1,3385,completed,5948610
4,1,3386,completed,5954735
4,1,3387,completed,5958651
4,1,3388,completed,5962860
4,1,3389,completed,6002818
4,1,3390,completed,6003193
4,1,3391,completed,6000068
4,1,3392,completed,5997568
4,1,3393,completed,6000235
4,1,3394,completed,6011901
4,1,3395,completed,6021485
4,1,3396,completed,6033526
4,1,3397,completed,5977985
4,1,3398,completed,5981109
4,1,3399,completed,5978610
4,1,3400,completed,5978068
4,1,3401,completed,5989401
4,1,3402,completed,5999235
4,1,3403,completed,6000651
4,1,3404,completed,6001401
4,1,3405,completed,5995777
4,1,3406,completed,5986651
4,1,3407,completed,5976859
4,1,3408,completed,5967777
4,1,3409,completed,5684153
4,1,3410,completed,5708818
4,1,3411,completed,5711610
4,1,3412,completed,5713069
4,1,3413,completed,6258484
4,1,3414,completed,6252859
4,1,3415,completed,6263901
4,1,3416,completed,6274776
4,1,3417,completed,5957776
4,1,3418,completed,5952860
4,1,3419,completed,5945651
4,1,3420,completed,5938401
4,1,3421,completed,6047777
4,1,3422,completed,6049068
4,1,3423,completed,6047027
4,1,3424,completed,6044693
4,1,3425,completed,5951527
4,1,3426,completed,5967110
4,1,3427,completed,5977193
4,1,3428,completed,5988151
4,1,3429,completed,5482986
4,1,3430,completed,5476111
4,1,3431,completed,5466444
4,1,3432,completed,5456277
4,1,3433,completed,6482358
4,1,3434,completed,6503567
4,1,3435,completed,6506233
4,1,3436,completed,6506441
4,1,3437,completed,5984360
4,1,3438,completed,5978985
4,1,3439,completed,5980402
4,1,3440,completed,5982068
4,1,3441,completed,5987860
4,1,3442,completed,5986318
4,1,3443,completed,5986359
4,1,3444,completed,5986276
4,1,3445,completed,5586610
4,1,3446,completed,5589403
4,1,3447,completed,5590319
4,1,3448,completed,5591069
4,1,3449,completed,6523983
4,1,3450,completed,6527234
4,1,3451,completed,6528734
4,1,3452,completed,6529775
4,1,3453,completed,5865194
4,1,3454,completed,5894152
4,1,3455,completed,5902694
4,1,3456,completed,5910401
4,1,3457,completed,5975068
4,1,3458,completed,5990234
4,1,3459,completed,5987151
4,1,3460,completed,5980276
4,1,3461,completed,6043067
4,1,3462,completed,6029693
4,1,3463,completed,6030610
4,1,3464,completed,6032276
4,1,3465,completed,5978526
4,1,3466,completed,5982985
4,1,3467,completed,5987110
4,1,3468,completed,5988568
4,1,3469,completed,5508528
4,1,3470,completed,5520903
4,1,3471,completed,5525903
4,1,3472,completed,5529986
4,1,3473,completed,6361401
4,1,3474,completed,6358650
4,1,3475,completed,6354775
4,1,3476,completed,6351275
4,1,3477,completed,6159234
4,1,3478,completed,6169067
4,1,3479,completed,6171359
4,1,3480,completed,6172859
4,1,3481,completed,5907943
4,1,3482,completed,5889152
4,1,3483,completed,5888902
4,1,3484,completed,5888985
4,1,3485,completed,5951985
4,1,3486,completed,5956568
4,1,3487,completed,5958235
4,1,3488,completed,5959610
4,1,3489,completed,5975193
4,1,3490,completed,5979360
4,1,3491,completed,5986693
4,1,3492,completed,5993360
4,1,3493,completed,5938777
4,1,3494,completed,5933527
4,1,3495,completed,5927610
4,1,3496,completed,5921402
4,1,3497,completed,6068109
4,1,3498,completed,6073151
4,1,3499,completed,6074026
4,1,3500,completed,6075109
4,1,3501,completed,5905776
4,1,3502,completed,5914819
4,1,3503,completed,5918359
4,1,3504,completed,5920193
4,1,3505,completed,5967152
4,1,3506,completed,5957194
4,1,3507,completed,5961568
4,1,3508,completed,5967401
4,1,3509,completed,5992568
4,1,3510,completed,5992152
4,1,3511,completed,5986735
4,1,3512,completed,5982318
4,1,3513,completed,6025151
4,1,3514,completed,6041860
4,1,3515,completed,6044985
4,1,3516,completed,6045860
4,1,3517,completed,5930818
4,1,3518,completed,5928527
4,1,3519,completed,5929568
4,1,3520,completed,5930276
4,1,3521,completed,6118359
4,1,3522,completed,6134942
4,1,3523,completed,6148109
4,1,3524,completed,6159692
4,1,3525,completed,5837860
4,1,3526,completed,5824194
4,1,3527,completed,5811943
4,1,3528,completed,5800985
4,1,3529,completed,6096360
4,1,3530,completed,6089860
4,1,3531,completed,6081609
4,1,3532,completed,6083193
4,1,3533,completed,5969276
4,1,3534,completed,5975610
4,1,3535,completed,5975527
4,1,3536,completed,5976651
4,1,3537,completed,5527361
4,1,3538,completed,5527069
4,1,3539,completed,5528778
4,1,3540,completed,5529194
4,1,3541,completed,6338692
4,1,3542,completed,6345401
4,1,3543,completed,6357443
4,1,3544,completed,6369609
4,1,3545,completed,6044942
4,1,3546,completed,6052401
4,1,3547,completed,6041901
4,1,3548,completed,6031859
4,1,3549,completed,5945693
4,1,3550,completed,5952859
4,1,3551,completed,5955985
4,1,3552,completed,5957235
4,1,3553,completed,5976776
4,1,3554,completed,5965318
4,1,3555,completed,5969651
4,1,3556,completed,5973943
4,1,3557,completed,6068402
4,1,3558,completed,6068735
4,1,3559,completed,6065693
4,1,3560,completed,6061526
4,1,3561,completed,5429611
4,1,3562,completed,5418653
4,1,3563,completed,5419528
4,1,3564,completed,5420403
4,1,3565,completed,6576566
4,1,3566,completed,6584066
4,1,3567,completed,6585983
4,1,3568,completed,6587358
4,1,3569,completed,5882069
4,1,3570,completed,5898943
4,1,3571,completed,5911984
4,1,3572,completed,5922235
4,1,3573,completed,5931402
4,1,3574,completed,5918193
4,1,3575,completed,5906527
4,1,3576,completed,5897276
4,1,3577,completed,6143984
4,1,3578,completed,6147401
4,1,3579,completed,6149026
4,1,3580,completed,6149734
4,1,3581,completed,5798485
4,1,3582,completed,5799402
4,1,3583,completed,5799986
4,1,3584,completed,5800486
4,1,3585,completed,6114817
4,1,3586,completed,6125443
4,1,3587,completed,6127484
4,1,3588,completed,6129901
4,1,3589,completed,5934526
4,1,3590,completed,5931818
4,1,3591,completed,5931402
4,1,3592,completed,5930984
4,1,3593,completed,6854024
4,1,3594,completed,6856732
4,1,3595,completed,6857399
4,1,3596,completed,6857899
4,1,3597,completed,5915318
4,1,3598,completed,5919318
4,1,3599,completed,5920901
4,1,3600,completed,5921901
4,1,3601,completed,7017024
4,1,3602,completed,7036482
4,1,3603,completed,7048815
4,1,3604,completed,7059649
4,1,3605,completed,6138443
4,1,3606,completed,6150651
4,1,3607,completed,6155317
4,1,3608,completed,6155734
4,1,3609,completed,5867568
4,1,3610,completed,5868318
4,1,3611,completed,5866276
4,1,3612,completed,5866568
4,1,3613,completed,5950777
4,1,3614,completed,5949318
4,1,3615,completed,5939360
4,1,3616,completed,5927902
4,1,3617,completed,6010735
4,1,3618,completed,6003318
4,1,3619,completed,6004443
4,1,3620,completed,6005818
4,1,3621,completed,5921027
4,1,3622,completed,5934610
4,1,3623,completed,5941110
4,1,3624,completed,5946943
4,1,3625,completed,6041942
4,1,3626,completed,6038026
4,1,3627,completed,6032401
4,1,3628,completed,6027443
4,1,3629,completed,5972193
4,1,3630,completed,5989985
4,1,3631,completed,5996276
4,1,3632,completed,6001526
4,1,3633,completed,5982943
4,1,3634,completed,5980693
4,1,3635,completed,5980943
4,1,3636,completed,5981151
4,1,3637,completed,6048943
4,1,3638,completed,6049484
4,1,3639,completed,6044859
4,1,3640,completed,6040360
4,1,3641,completed,6090443
4,1,3642,completed,6105818
4,1,3643,completed,6109693
4,1,3644,completed,6111526
4,1,3645,completed,5842402
4,1,3646,completed,5824111
4,1,3647,completed,5824985
4,1,3648,completed,5826652
4,1,3649,completed,6009109
4,1,3650,completed,6038276
4,1,3651,completed,6042985
4,1,3652,completed,6048652
4,1,3653,completed,5959443
4,1,3654,completed,5959235
4,1,3655,completed,5955193
4,1,3656,completed,5951151
4,1,3657,completed,5747985
4,1,3658,completed,5778235
4,1,3659,completed,5783860
4,1,3660,completed,5789235
4,1,3661,completed,6193234
4,1,3662,completed,6195109
4,1,3663,completed,6190068
4,1,3664,completed,6185109
4,1,3665,completed,5451403
4,1,3666,completed,5452986
4,1,3667,completed,5454652
4,1,3668,completed,5456361
4,1,3669,completed,6314859
4,1,3670,completed,6325359
4,1,3671,completed,6325942
4,1,3672,completed,6326026
4,1,3673,completed,5951777
4,1,3674,completed,5944235
4,1,3675,completed,5944568
4,1,3676,completed,5945360
4,1,3677,completed,6154942
4,1,3678,completed,6168109
4,1,3679,completed,6175735
4,1,3680,completed,6182026
4,1,3681,completed,6011734
4,1,3682,completed,6006110
4,1,3683,completed,6000193
4,1,3684,completed,5994277
4,1,3685,completed,5500444
4,1,3686,completed,5524944
4,1,3687,completed,5527152
4,1,3688,completed,5528069
4,1,3689,completed,6417526
4,1,3690,completed,6411734
4,1,3691,completed,6417484
4,1,3692,completed,6429025
4,1,3693,completed,6080776
4,1,3694,completed,6094026
4,1,3695,completed,6085984
4,1,3696,completed,6074026
4,1,3697,completed,5827610
4,1,3698,completed,5843901
4,1,3699,completed,5854943
4,1,3700,completed,5864027
4,1,3701,completed,5846527
4,1,3702,completed,5833360
4,1,3703,completed,5824443
4,1,3704,completed,5816443
4,1,3705,completed,6213109
4,1,3706,completed,6215693
4,1,3707,completed,6221776
4,1,3708,completed,6226234
4,1,3709,completed,6037777
4,1,3710,completed,6054027
4,1,3711,completed,6050901
4,1,3712,completed,6048402
4,1,3713,completed,5946859
4,1,3714,completed,5939443
4,1,3715,completed,5943568
4,1,3716,completed,5948193
4,1,3717,completed,6000276
4,1,3718,completed,6019193
4,1,3719,completed,6024818
4,1,3720,completed,6032610
4,1,3721,completed,5564778
4,1,3722,completed,5560819
4,1,3723,completed,5550111
4,1,3724,completed,5539736
4,1,3725,completed,6397317
4,1,3726,completed,6421234
4,1,3727,completed,6424900
4,1,3728,completed,6426442
4,1,3729,completed,6012067
4,1,3730,completed,5996943
4,1,3731,completed,5997652
4,1,3732,completed,5999027
4,1,3733,completed,6028026
4,1,3734,completed,6033568
4,1,3735,completed,6034652
4,1,3736,completed,6035776
4,1,3737,completed,5931401
4,1,3738,completed,5951277
4,1,3739,completed,5956693
4,1,3740,completed,5962401
4,1,3741,completed,5941151
4,1,3742,completed,5949484
4,1,3743,completed,5946401
4,1,3744,completed,5940901
4,1,3745,completed,5461903
4,1,3746,completed,5463278
4,1,3747,completed,5464320
4,1,3748,completed,5465152
4,1,3749,completed,6511441
4,1,3750,completed,6515775
4,1,3751,completed,6520817
4,1,3752,completed,6525650
4,1,3753,completed,5975652
4,1,3754,completed,5990110
4,1,3755,completed,5988568
4,1,3756,completed,5984902
4,1,3757,completed,6075234
4,1,3758,completed,6074443
4,1,3759,completed,6078568
4,1,3760,completed,6083192
4,1,3761,completed,5518111
4,1,3762,completed,5516069
4,1,3763,completed,5511903
4,1,3764,completed,5507861
4,1,3765,completed,6366526
4,1,3766,completed,6383734
4,1,3767,completed,6385942
4,1,3768,completed,6387234
4,1,3769,completed,5971902
4,1,3770,completed,5978609
4,1,3771,completed,5980777
4,1,3772,completed,5981943
4,1,3773,completed,6119192
4,1,3774,completed,6105526
4,1,3775,completed,6105526
4,1,3776,completed,6106109
4,1,3777,completed,5968901
4,1,3778,completed,5970151
4,1,3779,completed,5970818
4,1,3780,completed,5971359
4,1,3781,completed,5849568
4,1,3782,completed,5858568
4,1,3783,completed,5860402
4,1,3784,completed,5861277
4,1,3785,completed,5956693
4,1,3786,completed,5956527
4,1,3787,completed,5960651
4,1,3788,completed,5965235
4,1,3789,completed,6014151
4,1,3790,completed,6028859
4,1,3791,completed,6037151
4,1,3792,completed,6043651
4,1,3793,completed,5986110
4,1,3794,completed,5974985
4,1,3795,completed,5963984
4,1,3796,completed,5953443
4,1,3797,completed,6030277
4,1,3798,completed,6041110
4,1,3799,completed,6043068
4,1,3800,completed,6045651
4,1,3801,completed,5943276
4,1,3802,completed,5918860
4,1,3803,completed,5919110
4,1,3804,completed,5920402
4,1,3805,completed,6116234
4,1,3806,completed,6118609
4,1,3807,completed,6118943
4,1,3808,completed,6119109
4,1,3809,completed,5564778
4,1,3810,completed,5555736
4,1,3811,completed,5556569
4,1,3812,completed,5557361
4,1,3813,completed,6242984
4,1,3814,completed,6245067
4,1,3815,completed,6245359
4,1,3816,completed,6245734
4,1,3817,completed,6045192
4,1,3818,completed,6045401
4,1,3819,completed,6046401
4,1,3820,completed,6046901
4,1,3821,completed,5966401
4,1,3822,completed,5974193
4,1,3823,completed,5983568
4,1,3824,completed,5990026
4,1,3825,completed,5959151
4,1,3826,completed,5967776
4,1,3827,completed,5967151
4,1,3828,completed,5965568
4,1,3829,completed,6048818
4,1,3830,completed,6062484
4,1,3831,completed,6059359
4,1,3832,completed,6054776
4,1,3833,completed,5883527
4,1,3834,completed,5880943
4,1,3835,completed,5887277
4,1,3836,completed,5893193
4,1,3837,completed,5656152
4,1,3838,completed,5651236
4,1,3839,completed,5645819
4,1,3840,completed,5640569
4,1,3841,completed,6330275
4,1,3842,completed,6355900
4,1,3843,completed,6366192
4,1,3844,completed,6377192
4,1,3845,completed,5742194
4,1,3846,completed,5733486
4,1,3847,completed,5725110
4,1,3848,completed,5715152
4,1,3849,completed,6295901
4,1,3850,completed,6295692
4,1,3851,completed,6295692
4,1,3852,completed,6295734
4,1,3853,completed,5927777
4,1,3854,completed,5931443
4,1,3855,completed,5932901
4,1,3856,completed,5934943
4,1,3857,completed,5954277
4,1,3858,completed,5954443
4,1,3859,completed,5954194
4,1,3860,completed,5954193
4,1,3861,completed,6144567
4,1,3862,completed,6152359
4,1,3863,completed,6153109
4,1,3864,completed,6153942
4,1,3865,completed,5877860
4,1,3866,completed,5870694
4,1,3867,completed,5871818
4,1,3868,completed,5873026
4,1,3869,completed,5931193
4,1,3870,completed,5939943
4,1,3871,completed,5945026
4,1,3872,completed,5949610
4,1,3873,completed,5896819
4,1,3874,completed,5900443
4,1,3875,completed,5897401
4,1,3876,completed,5894610
4,1,3877,completed,6250609
4,1,3878,completed,6252734
4,1,3879,completed,6253276
4,1,3880,completed,6253775
4,1,3881,completed,5816610
4,1,3882,completed,5810902
4,1,3883,completed,5817110
4,1,3884,completed,5821860
4,1,3885,completed,5982776
4,1,3886,completed,5980277
4,1,3887,completed,5975485
4,1,3888,completed,5971943
4,1,3889,completed,5427820
4,1,3890,completed,5435903
4,1,3891,completed,5443570
4,1,3892,completed,5449819
4,1,3893,completed,6511733
4,1,3894,completed,6512192
4,1,3895,completed,6510150
4,1,3896,completed,6508150
4,1,3897,completed,5840568
4,1,3898,completed,5843110
4,1,3899,completed,5840069
4,1,3900,completed,5837110
4,1,3901,completed,6129943
4,1,3902,completed,6136984
4,1,3903,completed,6137942
4,1,3904,completed,6137817
4,1,3905,completed,5682652
4,1,3906,completed,5673694
4,1,3907,completed,5673569
4,1,3908,completed,5674403
4,1,3909,completed,6307983
4,1,3910,completed,6309692
4,1,3911,completed,6310442
4,1,3912,completed,6311817
4,1,3913,completed,5996193
4,1,3914,completed,6005568
4,1,3915,completed,6011276
4,1,3916,completed,6016652
4,1,3917,completed,6006318
4,1,3918,completed,6016485
4,1,3919,completed,6017568
4,1,3920,completed,6017277
4,1,3921,completed,6005068
4,1,3922,completed,6002526
4,1,3923,completed,5998443
4,1,3924,completed,5994443
4,1,3925,completed,5937652
4,1,3926,completed,5943068
4,1,3927,completed,5946526
4,1,3928,completed,5950110
4,1,3929,completed,6025027
4,1,3930,completed,6024818
4,1,3931,completed,6022693
4,1,3932,completed,6020318
4,1,3933,completed,5989068
4,1,3934,completed,6003609
4,1,3935,completed,6013359
4,1,3936,completed,6023818
4,1,3937,completed,6003484
4,1,3938,completed,5996318
4,1,3939,completed,5986776
4,1,3940,completed,5977652
4,1,3941,completed,5765818
4,1,3942,completed,5776985
4,1,3943,completed,5778860
4,1,3944,completed,5780694
4,1,3945,completed,6180942
4,1,3946,completed,6189568
4,1,3947,completed,6197525
4,1,3948,completed,6198817
4,1,3949,completed,5979652
4,1,3950,completed,5962110
4,1,3951,completed,5972026
4,1,3952,completed,5982568
4,1,3953,completed,5976151
4,1,3954,completed,5967110
4,1,3955,completed,5956651
4,1,3956,completed,5946360
4,1,3957,completed,5970609
4,1,3958,completed,5981109
4,1,3959,completed,5988485
4,1,3960,completed,5996610
4,1,3961,completed,6011652
4,1,3962,completed,6007484
4,1,3963,completed,6000652
4,1,3964,completed,5994068
4,1,3965,completed,5976735
4,1,3966,completed,5986901
4,1,3967,completed,5993818
4,1,3968,completed,5999735
4,1,3969,completed,5976277
4,1,3970,completed,5975151
4,1,3971,completed,5972234
4,1,3972,completed,5969985
4,1,3973,completed,5986693
4,1,3974,completed,5988527
4,1,3975,completed,5988110
4,1,3976,completed,5987984
4,1,3977,completed,6087985
4,1,3978,completed,6107568
4,1,3979,completed,6114692
4,1,3980,completed,6120818
4,1,3981,completed,6020984
4,1,3982,completed,6020943
4,1,3983,completed,6012318
4,1,3984,completed,6003859
4,1,3985,completed,5962110
4,1,3986,completed,5959902
4,1,3987,completed,5962152
4,1,3988,completed,5963818
4,1,3989,completed,5940527
4,1,3990,completed,5959193
4,1,3991,completed,5961610
4,1,3992,completed,5963443
4,1,3993,completed,6036276
4,1,3994,completed,6013359
4,1,3995,completed,6012860
4,1,3996,completed,6013360
4,1,3997,completed,6054985
4,1,3998,completed,6066943
4,1,3999,completed,6069151
4,1,4000,completed,6071026
4,1,4001,completed,5923235
4,1,4002,completed,5923693
4,1,4003,completed,5925069
4,1,4004,completed,5926151
4,1,4005,completed,5870360
4,1,4006,completed,5861902
4,1,4007,completed,5861860
4,1,4008,completed,5861860
4,1,4009,completed,6001359
4,1,4010,completed,6022526
4,1,4011,completed,6034443
4,1,4012,completed,6045318
4,1,4013,completed,5933777
4,1,4014,completed,5928527
4,1,4015,completed,5918068
4,1,4016,completed,5907110
4,1,4017,completed,6003568
4,1,4018,completed,6010110
4,1,4019,completed,6019985
4,1,4020,completed,6031234
4,1,4021,completed,6029193
4,1,4022,completed,6023276
4,1,4023,completed,6013401
4,1,4024,completed,6003318
4,1,4025,completed,5953193
4,1,4026,completed,5965193
4,1,4027,completed,5972693
4,1,4028,completed,5981776
4,1,4029,completed,6040360
4,1,4030,completed,6043318
4,1,4031,completed,6036276
4,1,4032,completed,6030359
4,1,4033,completed,5946776
4,1,4034,completed,5950277
4,1,4035,completed,5951402
4,1,4036,completed,5951152
4,1,4037,completed,5963693
4,1,4038,completed,5966151
4,1,4039,completed,5977610
4,1,4040,completed,5988193
4,1,4041,completed,6026317
4,1,4042,completed,6020151
4,1,4043,completed,6010860
4,1,4044,completed,6001860
4,1,4045,completed,5779611
4,1,4046,completed,5785068
4,1,4047,completed,5786818
4,1,4048,completed,5788111
4,1,4049,completed,6153192
4,1,4050,completed,6154317
4,1,4051,completed,6154901
4,1,4052,completed,6155234
4,1,4053,completed,5993777
4,1,4054,completed,6015401
4,1,4055,completed,6027485
4,1,4056,completed,6039152
4,1,4057,completed,5964985
4,1,4058,completed,5955735
4,1,4059,completed,5944902
4,1,4060,completed,5934068
4,1,4061,completed,5967568
4,1,4062,completed,5968401
4,1,4063,completed,5969985
4,1,4064,completed,5971318
4,1,4065,completed,6009485
4,1,4066,completed,6022609
4,1,4067,completed,6029360
4,1,4068,completed,6035276
4,1,4069,completed,6091193
4,1,4070,completed,6098817
4,1,4071,completed,6101526
4,1,4072,completed,6103276
4,1,4073,completed,5356778
4,1,4074,completed,5368236
4,1,4075,completed,5370070
4,1,4076,completed,5355445
4,1,4077,completed,6447358
4,1,4078,completed,6444525
4,1,4079,completed,6440859
4,1,4080,completed,6436358
4,1,4081,completed,6070735
4,1,4082,completed,6090693
4,1,4083,completed,6089693
4,1,4084,completed,6086776
4,1,4085,completed,5943985
4,1,4086,completed,5928485
4,1,4087,completed,5936027
4,1,4088,completed,5943693
4,1,4089,completed,5996360
4,1,4090,completed,6012109
4,1,4091,completed,6007484
4,1,4092,completed,6001110
4,1,4093,completed,6007193
4,1,4094,completed,5995526
4,1,4095,completed,6002860
4,1,4096,completed,6010359
4,1,4097,completed,5992859
4,1,4098,completed,6006985
4,1,4099,completed,6000568
4,1,4100,completed,5994026
4,1,4101,completed,5956402
4,1,4102,completed,5951776
4,1,4103,completed,5958443
4,1,4104,completed,5963610
4,1,4105,completed,5999860
4,1,4106,completed,6006777
4,1,4107,completed,6010526
4,1,4108,completed,6016484
4,1,4109,completed,5995151
4,1,4110,completed,5988818
4,1,4111,completed,5979276
4,1,4112,completed,5969859
4,1,4113,completed,5955401
4,1,4114,completed,5966859
4,1,4115,completed,5973818
4,1,4116,completed,5981943
4,1,4117,completed,6004610
4,1,4118,completed,6009485
4,1,4119,completed,6008776
4,1,4120,completed,6008526
4,1,4121,completed,5980610
4,1,4122,completed,5987234
4,1,4123,completed,5986777
4,1,4124,completed,5986443
4,1,4125,completed,5901776
4,1,4126,completed,5895318
4,1,4127,completed,5889027
4,1,4128,completed,5883152
4,1,4129,completed,6037735
4,1,4130,completed,6042360
4,1,4131,completed,6046235
4,1,4132,completed,6050193
4,1,4133,completed,6105776
4,1,4134,completed,6123568
4,1,4135,completed,6122401
4,1,4136,completed,6120026
4,1,4137,completed,5935734
4,1,4138,completed,5928943
4,1,4139,completed,5937193
4,1,4140,completed,5944860
4,1,4141,completed,5685486
4,1,4142,completed,5683944
4,1,4143,completed,5677027
4,1,4144,completed,5670818
4,1,4145,completed,6248359
4,1,4146,completed,6248734
4,1,4147,completed,6250276
4,1,4148,completed,6251442
4,1,4149,completed,5983693
4,1,4150,completed,5995860
4,1,4151,completed,6006443
4,1,4152,completed,6015652
4,1,4153,completed,6011109
4,1,4154,completed,6004401
4,1,4155,completed,5996110
4,1,4156,completed,5987026
4,1,4157,completed,5651069
4,1,4158,completed,5673610
4,1,4159,completed,5685027
4,1,4160,completed,5695569
4,1,4161,completed,6278484
4,1,4162,completed,6280567
4,1,4163,completed,6279900
4,1,4164,completed,6279484
4,1,4165,completed,6008068
4,1,4166,completed,6006068
4,1,4167,completed,5998776
4,1,4168,completed,5988902
4,1,4169,completed,5906568
4,1,4170,completed,5903860
4,1,4171,completed,5911527
4,1,4172,completed,5919401
4,1,4173,completed,5722110
4,1,4174,completed,5728069
4,1,4175,completed,5746402
4,1,4176,completed,5747818
4,1,4177,completed,6324109
4,1,4178,completed,6327650
4,1,4179,completed,6303609
4,1,4180,completed,6296359
4,1,4181,completed,5988693
4,1,4182,completed,5979193
4,1,4183,completed,5983027
4,1,4184,completed,5987193
4,1,4185,completed,6014485
4,1,4186,completed,6037235
4,1,4187,completed,6042610
4,1,4188,completed,6047693
4,1,4189,completed,5999068
4,1,4190,completed,5991443
4,1,4191,completed,5984277
4,1,4192,completed,5976943
4,1,4193,completed,5978777
4,1,4194,completed,5980818
4,1,4195,completed,5981818
4,1,4196,completed,5983234
4,1,4197,completed,5996860
4,1,4198,completed,6002317
4,1,4199,completed,6003651
4,1,4200,completed,6004735
4,1,4201,completed,5949152
4,1,4202,completed,5943276
4,1,4203,completed,5943318
4,1,4204,completed,5943485
4,1,4205,completed,5631027
4,1,4206,completed,5633361
4,1,4207,completed,5633861
4,1,4208,completed,5634402
4,1,4209,completed,6419817
4,1,4210,completed,6429442
4,1,4211,completed,6431317
4,1,4212,completed,6433317
4,1,4213,completed,5858110
4,1,4214,completed,5863110
4,1,4215,completed,5863735
4,1,4216,completed,5864068
4,1,4217,completed,6068152
4,1,4218,completed,6061901
4,1,4219,completed,6062985
4,1,4220,completed,6064027
4,1,4221,completed,5952027
4,1,4222,completed,5971068
4,1,4223,completed,5974109
4,1,4224,completed,5975151
4,1,4225,completed,5961609
4,1,4226,completed,5951610
4,1,4227,completed,5956859
4,1,4228,completed,5963360
4,1,4229,completed,5994610
4,1,4230,completed,6012110
4,1,4231,completed,6007235
4,1,4232,completed,6001901
4,1,4233,completed,5806902
4,1,4234,completed,5803277
4,1,4235,completed,5804235
4,1,4236,completed,5804485
4,1,4237,completed,6123901
4,1,4238,completed,6121068
4,1,4239,completed,6125110
4,1,4240,completed,6128692
4,1,4241,completed,6021651
4,1,4242,completed,6020026
4,1,4243,completed,6017735
4,1,4244,completed,6014901
4,1,4245,completed,6111568
4,1,4246,completed,6124692
4,1,4247,completed,6135318
4,1,4248,completed,6144860
4,1,4249,completed,5644736
4,1,4250,completed,5637694
4,1,4251,completed,5628736
4,1,4252,completed,5618819
4,1,4253,completed,6205651
4,1,4254,completed,6221526
4,1,4255,completed,6223067
4,1,4256,completed,6223942
4,1,4257,completed,6079776
4,1,4258,completed,6082151
4,1,4259,completed,6089234
4,1,4260,completed,6095568
4,1,4261,completed,5891235
4,1,4262,completed,5884735
4,1,4263,completed,5879527
4,1,4264,completed,5874693
4,1,4265,completed,6024359
4,1,4266,completed,6027818
4,1,4267,completed,6028110
4,1,4268,completed,6028485
4,1,4269,completed,5967068
4,1,4270,completed,5969859
4,1,4271,completed,5971443
4,1,4272,completed,5972943
4,1,4273,completed,6037901
4,1,4274,completed,6045192
4,1,4275,completed,6046276
4,1,4276,completed,6047526
4,1,4277,completed,5922818
4,1,4278,completed,5918776
4,1,4279,completed,5919402
4,1,4280,completed,5919609
4,1,4281,completed,5968277
4,1,4282,completed,5971193
4,1,4283,completed,5983360
4,1,4284,completed,5994776
4,1,4285,completed,6002110
4,1,4286,completed,5992568
4,1,4287,completed,5982693
4,1,4288,completed,5973318
4,1,4289,completed,5703402
4,1,4290,completed,5719485
4,1,4291,completed,5729861
4,1,4292,completed,5740777
4,1,4293,completed,6096860
4,1,4294,completed,6090984
4,1,4295,completed,6081568
4,1,4296,completed,6072151
4,1,4297,completed,5989985
4,1,4298,completed,5999402
4,1,4299,completed,6000943
4,1,4300,completed,6002443
4,1,4301,completed,5912401
4,1,4302,completed,5920527
4,1,4303,completed,5921443
4,1,4304,completed,5921651
4,1,4305,completed,6204818
4,1,4306,completed,6208609
4,1,4307,completed,6216151
4,1,4308,completed,6224443
4,1,4309,completed,5981318
4,1,4310,completed,5991651
4,1,4311,completed,5985359
4,1,4312,completed,5978569
4,1,4313,completed,6022651
4,1,4314,completed,6035859
4,1,4315,completed,6048360
4,1,4316,completed,6059985
4,1,4317,completed,5655278
4,1,4318,completed,5660069
4,1,4319,completed,5657486
4,1,4320,completed,5655194
4,1,4321,completed,6248234
4,1,4322,completed,6263942
4,1,4323,completed,6265526
4,1,4324,completed,6264234
4,1,4325,completed,5994026
4,1,4326,completed,5999693
4,1,4327,completed,6003485
4,1,4328,completed,5998193
4,1,4329,completed,6068026
4,1,4330,completed,6066359
4,1,4331,completed,6057526
4,1,4332,completed,6047484
4,1,4333,completed,5897526
4,1,4334,completed,5900235
4,1,4335,completed,5905777
4,1,4336,completed,5911069
4,1,4337,completed,5991402
4,1,4338,completed,5988526
4,1,4339,completed,5984443
4,1,4340,completed,5979985
4,1,4341,completed,5979234
4,1,4342,completed,5993609
4,1,4343,completed,6003110
4,1,4344,completed,6013818
4,1,4345,completed,5998818
4,1,4346,completed,5993235
4,1,4347,completed,5984068
4,1,4348,completed,5974735
4,1,4349,completed,5649069
4,1,4350,completed,5652485
4,1,4351,completed,5653610
4,1,4352,completed,5654610
4,1,4353,completed,6387358
4,1,4354,completed,6393442
4,1,4355,completed,6394401
4,1,4356,completed,6395067
4,1,4357,completed,5874027
4,1,4358,completed,5882443
4,1,4359,completed,5893777
4,1,4360,completed,5904860
4,1,4361,completed,6007359
4,1,4362,completed,6011735
4,1,4363,completed,6009860
4,1,4364,completed,6006818
4,1,4365,completed,6006777
4,1,4366,completed,5999318
4,1,4367,completed,5991943
4,1,4368,completed,5985110
4,1,4369,completed,5959277
4,1,4370,completed,5969526
4,1,4371,completed,5972651
4,1,4372,completed,5973901
4,1,4373,completed,6162901
4,1,4374,completed,6148235
4,1,4375,completed,6148192
4,1,4376,completed,6148692
4,1,4377,completed,5715902
4,1,4378,completed,5732360
4,1,4379,completed,5734985
4,1,4380,completed,5735985
4,1,4381,completed,5488028
4,1,4382,completed,5482903
4,1,4383,completed,5483527
4,1,4384,completed,5484652
4,1,4385,completed,6496608
4,1,4386,completed,6501566
4,1,4387,completed,6502650
4,1,4388,completed,6503858
4,1,4389,completed,5999860
4,1,4390,completed,6020526
4,1,4391,completed,6032734
4,1,4392,completed,6044234
4,1,4393,completed,5620485
4,1,4394,completed,5629569
4,1,4395,completed,5629777
4,1,4396,completed,5630236
4,1,4397,completed,6436567
4,1,4398,completed,6433484
4,1,4399,completed,6424150
4,1,4400,completed,6414150
4,1,4401,completed,5862860
4,1,4402,completed,5883527
4,1,4403,completed,5893610
4,1,4404,completed,5905568
4,1,4405,completed,5975193
4,1,4406,completed,5965109
4,1,4407,completed,5953860
4,1,4408,completed,5942984
4,1,4409,completed,6077318
4,1,4410,completed,6084568
4,1,4411,completed,6086276
4,1,4412,completed,6087776
4,1,4413,completed,5954735
4,1,4414,completed,5971318
4,1,4415,completed,5972651
4,1,4416,completed,5973193
4,1,4417,completed,5965234
4,1,4418,completed,5954819
4,1,4419,completed,5954860
4,1,4420,completed,5955943
4,1,4421,completed,5974152
4,1,4422,completed,5995776
4,1,4423,completed,5998193
4,1,4424,completed,5999402
4,1,4425,completed,5603069
4,1,4426,completed,5608027
4,1,4427,completed,5612944
4,1,4428,completed,5618444
4,1,4429,completed,6369983
4,1,4430,completed,6390400
4,1,4431,completed,6386817
4,1,4432,completed,6382692
4,1,4433,completed,5961735
4,1,4434,completed,5966276
4,1,4435,completed,5968651
4,1,4436,completed,5969860
4,1,4437,completed,5805193
4,1,4438,completed,5803777
4,1,4439,completed,5809860
4,1,4440,completed,5815443
4,1,4441,completed,6159651
4,1,4442,completed,6177110
4,1,4443,completed,6173318
4,1,4444,completed,6169401
4,1,4445,completed,5975652
4,1,4446,completed,5961318
4,1,4447,completed,5961443
4,1,4448,completed,5962026
4,1,4449,completed,5941860
4,1,4450,completed,5942734
4,1,4451,completed,5943402
4,1,4452,completed,5944152
4,1,4453,completed,6041984
4,1,4454,completed,6055318
4,1,4455,completed,6057276
4,1,4456,completed,6063693
4,1,4457,completed,5895527
4,1,4458,completed,5895110
4,1,4459,completed,5890235
4,1,4460,completed,5884319
4,1,4461,completed,6078317
4,1,4462,completed,6072109
4,1,4463,completed,6072485
4,1,4464,completed,6073401
4,1,4465,completed,5909568
4,1,4466,completed,5909027
4,1,4467,completed,5909943
4,1,4468,completed,5910860
4,1,4469,completed,6031192
4,1,4470,completed,6037151
4,1,4471,completed,6037901
4,1,4472,completed,6038860
4,1,4473,completed,5966235
4,1,4474,completed,5965943
4,1,4475,completed,5967693
4,1,4476,completed,5969193
4,1,4477,completed,6031610
4,1,4478,completed,6043151
4,1,4479,completed,6047985
4,1,4480,completed,6048485
4,1,4481,completed,6036818
4,1,4482,completed,6034651
4,1,4483,completed,6034526
4,1,4484,completed,6035568
4,1,4485,completed,6003360
4,1,4486,completed,6006985
4,1,4487,completed,6007610
4,1,4488,completed,6008235
4,1,4489,completed,5998402
4,1,4490,completed,6016860
4,1,4491,completed,6020235
4,1,4492,completed,6021818
4,1,4493,completed,5846818
4,1,4494,completed,5836735
4,1,4495,completed,5841443
4,1,4496,completed,5845652
4,1,4497,completed,6074484
4,1,4498,completed,6075193
4,1,4499,completed,6072734
4,1,4500,completed,6070401
4,1,4501,completed,5943568
4,1,4502,completed,5956318
4,1,4503,completed,5967860
4,1,4504,completed,5986943
4,1,4505,completed,5938193
4,1,4506,completed,5946568
4,1,4507,completed,5947443
4,1,4508,completed,5938527
4,1,4509,completed,5917735
4,1,4510,completed,5924360
4,1,4511,completed,5915360
4,1,4512,completed,5905444
4,1,4513,completed,5989651
4,1,4514,completed,5987151
4,1,4515,completed,5988026
4,1,4516,completed,5988443
4,1,4517,completed,6030734
4,1,4518,completed,6045277
4,1,4519,completed,6054735
4,1,4520,completed,6063902
4,1,4521,completed,5952401
4,1,4522,completed,5956776
4,1,4523,completed,5955443
4,1,4524,completed,5953776
4,1,4525,completed,5972276
4,1,4526,completed,5967193
4,1,4527,completed,5962068
4,1,4528,completed,5956443
4,1,4529,completed,5795277
4,1,4530,completed,5797652
4,1,4531,completed,5798694
4,1,4532,completed,5799736
4,1,4533,completed,6084318
4,1,4534,completed,6096859
4,1,4535,completed,6108485
4,1,4536,completed,6119192
4,1,4537,completed,6148442
4,1,4538,completed,6139276
4,1,4539,completed,6128276
4,1,4540,completed,6117734
4,1,4541,completed,6061151
4,1,4542,completed,6085151
4,1,4543,completed,6091859
4,1,4544,completed,6097443
4,1,4545,completed,5862151
4,1,4546,completed,5882776
4,1,4547,completed,5890693
4,1,4548,completed,5897026
4,1,4549,completed,5980068
4,1,4550,completed,5965693
4,1,4551,completed,5953901
4,1,4552,completed,5943193
4,1,4553,completed,5976069
4,1,4554,completed,5969860
4,1,4555,completed,5970818
4,1,4556,completed,5972110
4,1,4557,completed,5960651
4,1,4558,completed,5971651
4,1,4559,completed,5976776
4,1,4560,completed,5981276
4,1,4561,completed,6003567
4,1,4562,completed,5999818
4,1,4563,completed,5995401
4,1,4564,completed,5991485
4,1,4565,completed,6014943
4,1,4566,completed,6029443
4,1,4567,completed,6033193
4,1,4568,completed,6034484
4,1,4569,completed,5963776
4,1,4570,completed,5964110
4,1,4571,completed,5964151
4,1,4572,completed,5964651
4,1,4573,completed,7112856
4,1,4574,completed,7114774
4,1,4575,completed,7115190
4,1,4576,completed,7115899
4,1,4577,completed,5862401
4,1,4578,completed,5861235
4,1,4579,completed,5862777
4,1,4580,completed,5864318
4,1,4581,completed,5948777
4,1,4582,completed,5957693
4,1,4583,completed,5963277
4,1,4584,completed,5968234
4,1,4585,completed,5803444
4,1,4586,completed,5812693
4,1,4587,completed,5813151
4,1,4588,completed,5813694
4,1,4589,completed,6162610
4,1,4590,completed,6176359
4,1,4591,completed,6183193
4,1,4592,completed,6189610
4,1,4593,completed,5991277
4,1,4594,completed,5990485
4,1,4595,completed,5982485
4,1,4596,completed,5975443
4,1,4597,completed,6016651
4,1,4598,completed,6020151
4,1,4599,completed,6016735
4,1,4600,completed,6013942
4,1,4601,completed,5461153
4,1,4602,completed,5469861
4,1,4603,completed,5474694
4,1,4604,completed,5479820
4,1,4605,completed,5911401
4,1,4606,completed,5914735
4,1,4607,completed,5910402
4,1,4608,completed,5906526
4,1,4609,completed,6237275
4,1,4610,completed,6240317
4,1,4611,completed,6244525
4,1,4612,completed,6249317
4,1,4613,completed,6280984
4,1,4614,completed,6284567
4,1,4615,completed,6281233
4,1,4616,completed,6277026
4,1,4617,completed,6037776
4,1,4618,completed,6032859
4,1,4619,completed,6033651
4,1,4620,completed,6034110
4,1,4621,completed,5973527
4,1,4622,completed,5992443
4,1,4623,completed,5994068
4,1,4624,completed,5995693
4,1,4625,completed,5976693
4,1,4626,completed,5972860
4,1,4627,completed,5976735
4,1,4628,completed,5981193
4,1,4629,completed,6013985
4,1,4630,completed,6040526
4,1,4631,completed,6048692
4,1,4632,completed,6054234
4,1,4633,completed,6008443
4,1,4634,completed,6002693
4,1,4635,completed,5993402
4,1,4636,completed,5985609
4,1,4637,completed,5903735
4,1,4638,completed,5912027
4,1,4639,completed,5917318
4,1,4640,completed,5921902
4,1,4641,completed,6181692
4,1,4642,completed,6185359
4,1,4643,completed,6182151
4,1,4644,completed,6178192
4,1,4645,completed,5759527
4,1,4646,completed,5784485
4,1,4647,completed,5791569
4,1,4648,completed,5799277
4,1,4649,completed,6033234
4,1,4650,completed,6028609
4,1,4651,completed,6022152
4,1,4652,completed,6016026
4,1,4653,completed,5489986
4,1,4654,completed,5505236
4,1,4655,completed,5517569
4,1,4656,completed,5528860
4,1,4657,completed,6425692
4,1,4658,completed,6419608
4,1,4659,completed,6408859
4,1,4660,completed,6398067
4,1,4661,completed,5990526
4,1,4662,completed,5993776
4,1,4663,completed,5994276
4,1,4664,completed,5994985
4,1,4665,completed,6934649
4,1,4666,completed,6959232
4,1,4667,completed,6972649
4,1,4668,completed,6985065
4,1,4669,completed,6137067
4,1,4670,completed,6132943
4,1,4671,completed,6121485
4,1,4672,completed,6110276
4,1,4673,completed,5557152
4,1,4674,completed,5555944
4,1,4675,completed,5557653
4,1,4676,completed,5559652
4,1,4677,completed,6258776
4,1,4678,completed,6260276
4,1,4679,completed,6260692
4,1,4680,completed,6261067
4,1,4681,completed,6003859
4,1,4682,completed,5998777
4,1,4683,completed,5998985
4,1,4684,completed,5999277
4,1,4685,completed,5989693
4,1,4686,completed,5997026
4,1,4687,completed,5998443
4,1,4688,completed,6000235
4,1,4689,completed,5969651
4,1,4690,completed,5972610
4,1,4691,completed,5972943
4,1,4692,completed,5973027
4,1,4693,completed,5925360
4,1,4694,completed,5928276
4,1,4695,completed,5928610
4,1,4696,completed,5928777
4,1,4697,completed,6072776
4,1,4698,completed,6094109
4,1,4699,completed,6096067
4,1,4700,completed,6097901
4,1,4701,completed,6817690
4,1,4702,completed,6822899
4,1,4703,completed,6829358
4,1,4704,completed,6834358
4,1,4705,completed,6214693
4,1,4706,completed,6218276
4,1,4707,completed,6214650
4,1,4708,completed,6211193
4,1,4709,completed,5403320
4,1,4710,completed,5381903
4,1,4711,completed,5381986
4,1,4712,completed,5381820
4,1,4713,completed,6401275
4,1,4714,completed,6395442
4,1,4715,completed,6395609
4,1,4716,completed,6395775
4,1,4717,completed,6038526
4,1,4718,completed,6047443
4,1,4719,completed,6049860
4,1,4720,completed,6051526
4,1,4721,completed,5921902
4,1,4722,completed,5926610
4,1,4723,completed,5928193
4,1,4724,completed,5929235
4,1,4725,completed,5974443
4,1,4726,completed,5974568
4,1,4727,completed,5974609
4,1,4728,completed,5974652
4,1,4729,completed,5985526
4,1,4730,completed,6004193
4,1,4731,completed,6017109
4,1,4732,completed,6028484
4,1,4733,completed,5975901
4,1,4734,completed,5967901
4,1,4735,completed,5957110
4,1,4736,completed,5946026
4,1,4737,completed,6190651
4,1,4738,completed,6213484
4,1,4739,completed,6216234
4,1,4740,completed,6218026
4,1,4741,completed,5782193
4,1,4742,completed,5744068
4,1,4743,completed,5744319
4,1,4744,completed,5744402
4,1,4745,completed,5939610
4,1,4746,completed,5944569
4,1,4747,completed,5948360
4,1,4748,completed,5952610
4,1,4749,completed,6037818
4,1,4750,completed,6040942
4,1,4751,completed,6038151
4,1,4752,completed,6035109
4,1,4753,completed,5947026
4,1,4754,completed,5960485
4,1,4755,completed,5962193
4,1,4756,completed,5962693
4,1,4757,completed,6000484
4,1,4758,completed,5988693
4,1,4759,completed,5989693
4,1,4760,completed,5990859
4,1,4761,completed,5647403
4,1,4762,completed,5649194
4,1,4763,completed,5649903
4,1,4764,completed,5650611
4,1,4765,completed,6304151
4,1,4766,completed,6306151
4,1,4767,completed,6306317
4,1,4768,completed,6306067
4,1,4769,completed,6034943
4,1,4770,completed,6029068
4,1,4771,completed,6033318
4,1,4772,completed,6034318
4,1,4773,completed,5969110
4,1,4774,completed,5975068
4,1,4775,completed,5981068
4,1,4776,completed,5986818
4,1,4777,completed,5965110
4,1,4778,completed,5961318
4,1,4779,completed,5956818
4,1,4780,completed,5952569
4,1,4781,completed,5960859
4,1,4782,completed,5960026
4,1,4783,completed,5960693
4,1,4784,completed,5960985
4,1,4785,completed,5989776
4,1,4786,completed,6004692
4,1,4787,completed,6010818
4,1,4788,completed,6018360
4,1,4789,completed,5982110
4,1,4790,completed,5986109
4,1,4791,completed,5983610
4,1,4792,completed,5981068
4,1,4793,completed,5997693
4,1,4794,completed,5997652
4,1,4795,completed,5993401
4,1,4796,completed,5989985
4,1,4797,completed,5450861
4,1,4798,completed,5464403
4,1,4799,completed,5466694
4,1,4800,completed,5467236
4,1,4801,completed,6590859
4,1,4802,completed,6583567
4,1,4803,completed,6583900
4,1,4804,completed,6584858
4,1,4805,completed,5765110
4,1,4806,completed,5770193
4,1,4807,completed,5771277
4,1,4808,completed,5772027
4,1,4809,completed,6232275
4,1,4810,completed,6242984
4,1,4811,completed,6256150
4,1,4812,completed,6267526
4,1,4813,completed,5372486
4,1,4814,completed,5359278
4,1,4815,completed,5347362
4,1,4816,completed,5337111
4,1,4817,completed,6632192
4,1,4818,completed,6658024
4,1,4819,completed,6661441
4,1,4820,completed,6663357
4,1,4821,completed,5873318
4,1,4822,completed,5868568
4,1,4823,completed,5878485
4,1,4824,completed,5889235
4,1,4825,completed,5980110
4,1,4826,completed,5972026
4,1,4827,completed,5962402
4,1,4828,completed,5952068
4,1,4829,completed,5980193
4,1,4830,completed,5984985
4,1,4831,completed,5986527
4,1,4832,completed,5988485
4,1,4833,completed,5786110
4,1,4834,completed,5796985
4,1,4835,completed,5802277
4,1,4836,completed,5807651
4,1,4837,completed,6248693
4,1,4838,completed,6259109
4,1,4839,completed,6255275
4,1,4840,completed,6250025
4,1,4841,completed,5974485
4,1,4842,completed,5986652
4,1,4843,completed,5988984
4,1,4844,completed,5990068
4,1,4845,completed,5887777
4,1,4846,completed,5881943
4,1,4847,completed,5888735
4,1,4848,completed,5893860
4,1,4849,completed,6042568
4,1,4850,completed,6044484
4,1,4851,completed,6039901
4,1,4852,completed,6036151
4,1,4853,completed,5933276
4,1,4854,completed,5943443
4,1,4855,completed,5944485
4,1,4856,completed,5944610
4,1,4857,completed,6001318
4,1,4858,completed,5991192
4,1,4859,completed,5992026
4,1,4860,completed,5993026
4,1,4861,completed,6026735
4,1,4862,completed,6036776
4,1,4863,completed,6038235
4,1,4864,completed,6039693
4,1,4865,completed,5929568
4,1,4866,completed,5942234
4,1,4867,completed,5944901
4,1,4868,completed,5945902
4,1,4869,completed,5974859
4,1,4870,completed,5966026
4,1,4871,completed,5971943
4,1,4872,completed,5977651
4,1,4873,completed,6020943
4,1,4874,completed,6024318
4,1,4875,completed,6020484
4,1,4876,completed,6016360
4,1,4877,completed,5940193
4,1,4878,completed,5940568
4,1,4879,completed,5941651
4,1,4880,completed,5942902
4,1,4881,completed,6030401
4,1,4882,completed,6032776
4,1,4883,completed,6033152
4,1,4884,completed,6033402
4,1,4885,completed,5952693
4,1,4886,completed,5944485
4,1,4887,completed,5945152
4,1,4888,completed,5946069
4,1,4889,completed,5941734
4,1,4890,completed,5952526
4,1,4891,completed,5953693
4,1,4892,completed,5954193
4,1,4893,completed,5953068
4,1,4894,completed,5948818
4,1,4895,completed,5948485
4,1,4896,completed,5949151
4,1,4897,completed,6038360
4,1,4898,completed,6051318
4,1,4899,completed,6053776
4,1,4900,completed,6054651
4,1,4901,completed,5995693
4,1,4902,completed,5982610
4,1,4903,completed,5982734
4,1,4904,completed,5983110
4,1,4905,completed,5962484
4,1,4906,completed,5977609
4,1,4907,completed,5980152
4,1,4908,completed,5980818
4,1,4909,completed,6018193
4,1,4910,completed,6029568
4,1,4911,completed,6042276
4,1,4912,completed,6053193
4,1,4913,completed,5445486
4,1,4914,completed,5433819
4,1,4915,completed,5422903
4,1,4916,completed,5412569
4,1,4917,completed,6494400
4,1,4918,completed,6500691
4,1,4919,completed,6502067
4,1,4920,completed,6502817
4,1,4921,completed,5993860
4,1,4922,completed,6009693
4,1,4923,completed,6024568
4,1,4924,completed,6036067
4,1,4925,completed,5984568
4,1,4926,completed,5969985
4,1,4927,completed,5958443
4,1,4928,completed,5947651
4,1,4929,completed,6024901
4,1,4930,completed,6028235
4,1,4931,completed,6029276
4,1,4932,completed,6030651
4,1,4933,completed,5983234
4,1,4934,completed,6005151
4,1,4935,completed,6006693
4,1,4936,completed,6007443
4,1,4937,completed,5601610
4,1,4938,completed,5599110
4,1,4939,completed,5604069
4,1,4940,completed,5609486
4,1,4941,completed,6347525
4,1,4942,completed,6351400
4,1,4943,completed,6346775
4,1,4944,completed,6342984
4,1,4945,completed,5950693
4,1,4946,completed,5955485
4,1,4947,completed,5956443
4,1,4948,completed,5957109
4,1,4949,completed,5967026
4,1,4950,completed,5989484
4,1,4951,completed,6002443
4,1,4952,completed,6013860
4,1,4953,completed,6007484
4,1,4954,completed,5997359
4,1,4955,completed,5986152
4,1,4956,completed,5975235
4,1,4957,completed,5968443
4,1,4958,completed,5979109
4,1,4959,completed,5983693
4,1,4960,completed,5988402
4,1,4961,completed,6000568
4,1,4962,completed,6032193
4,1,4963,completed,6043817
4,1,4964,completed,6051526
4,1,4965,completed,5953568
4,1,4966,completed,5939777
4,1,4967,completed,5928360
4,1,4968,completed,5918443
4,1,4969,completed,5978402
4,1,4970,completed,5978235
4,1,4971,completed,5978359
4,1,4972,completed,5977943
4,1,4973,completed,5995110
4,1,4974,completed,5999277
4,1,4975,completed,6000735
4,1,4976,completed,6002318
4,1,4977,completed,5971235
4,1,4978,completed,5973402
4,1,4979,completed,5974444
4,1,4980,completed,5975193
4,1,4981,completed,6088610
4,1,4982,completed,6091860
4,1,4983,completed,6092943
4,1,4984,completed,6094027
4,1,4985,completed,5925985
4,1,4986,completed,5930234
4,1,4987,completed,5931318
4,1,4988,completed,5932318
4,1,4989,completed,5943485
4,1,4990,completed,5961027
4,1,4991,completed,5968235
4,1,4992,completed,5973777
4,1,4993,completed,6033859
4,1,4994,completed,6032110
4,1,4995,completed,6026527
4,1,4996,completed,6021110
4,1,4997,completed,5941027
4,1,4998,completed,5947943
4,1,4999,completed,5954610
4,1,5000,completed,5960152
4,1,5001,completed,5968443
4,1,5002,completed,5972776
4,1,5003,completed,5973277
4,1,5004,completed,5972818
4,1,5005,completed,5957277
4,1,5006,completed,5958402
4,1,5007,completed,5959235
4,1,5008,completed,5959109
4,1,5009,completed,5997859
4,1,5010,completed,6002860
4,1,5011,completed,6002652
4,1,5012,completed,6002902
4,1,5013,completed,6030693
4,1,5014,completed,6028818
4,1,5015,completed,6023901
4,1,5016,completed,6018985
4,1,5017,completed,6018443
4,1,5018,completed,6030318
4,1,5019,completed,6032401
4,1,5020,completed,6034902
4,1,5021,completed,5943277
4,1,5022,completed,5943568
4,1,5023,completed,5944652
4,1,5024,completed,5945901
4,1,5025,completed,5970485
4,1,5026,completed,5970110
4,1,5027,completed,5970235
4,1,5028,completed,5970527
4,1,5029,completed,6008110
4,1,5030,completed,6014735
4,1,5031,completed,6016609
4,1,5032,completed,6018193
4,1,5033,completed,5928943
4,1,5034,completed,5938151
4,1,5035,completed,5938735
4,1,5036,completed,5938568
4,1,5037,completed,5992026
4,1,5038,completed,5998568
4,1,5039,completed,6009735
4,1,5040,completed,6020568
4,1,5041,completed,5996609
4,1,5042,completed,5987651
4,1,5043,completed,5977360
4,1,5044,completed,5967026
4,1,5045,completed,5961985
4,1,5046,completed,5972526
4,1,5047,completed,5979818
4,1,5048,completed,5988068
4,1,5049,completed,6098193
4,1,5050,completed,6098443
4,1,5051,completed,6092026
4,1,5052,completed,6085692
4,1,5053,completed,6051026
4,1,5054,completed,6064776
4,1,5055,completed,6066485
4,1,5056,completed,6066943
4,1,5057,completed,5851151
4,1,5058,completed,5849110
4,1,5059,completed,5855402
4,1,5060,completed,5861860
4,1,5061,completed,5992568
4,1,5062,completed,6012943
4,1,5063,completed,6016651
4,1,5064,completed,6021443
4,1,5065,completed,5968610
4,1,5066,completed,5959151
4,1,5067,completed,5949151
4,1,5068,completed,5938818
4,1,5069,completed,5992068
4,1,5070,completed,5993402
4,1,5071,completed,5993776
4,1,5072,completed,5994068
4,1,5073,completed,5709819
4,1,5074,completed,5714277
4,1,5075,completed,5715985
4,1,5076,completed,5718193
4,1,5077,completed,6210151
4,1,5078,completed,6225734
4,1,5079,completed,6237359
4,1,5080,completed,6248067
4,1,5081,completed,6026610
4,1,5082,completed,6028318
4,1,5083,completed,6023026
4,1,5084,completed,6017818
4,1,5085,completed,5968651
4,1,5086,completed,5965026
4,1,5087,completed,5960693
4,1,5088,completed,5956652
4,1,5089,completed,5976360
4,1,5090,completed,5977151
4,1,5091,completed,5977401
4,1,5092,completed,5977734
4,1,5093,completed,6043235
4,1,5094,completed,6069735
4,1,5095,completed,6071984
4,1,5096,completed,6072526
4,1,5097,completed,5999735
4,1,5098,completed,6003527
4,1,5099,completed,6010693
4,1,5100,completed,6066151
4,1,5101,completed,5959151
4,1,5102,completed,5954693
4,1,5103,completed,5949568
4,1,5104,completed,5876110
4,1,5105,completed,6099068
4,1,5106,completed,6107776
4,1,5107,completed,6110443
4,1,5108,completed,6110943
4,1,5109,completed,6001027
4,1,5110,completed,5997110
4,1,5111,completed,5998860
4,1,5112,completed,6001318
4,1,5113,completed,5878234
4,1,5114,completed,5890735
4,1,5115,completed,5896818
4,1,5116,completed,5902110
4,1,5117,completed,5991068
4,1,5118,completed,5991360
4,1,5119,completed,5986151
4,1,5120,completed,5981776
4,1,5121,completed,5967777
4,1,5122,completed,5953110
4,1,5123,completed,5952610
4,1,5124,completed,5953568
4,1,5125,completed,5920944
4,1,5126,completed,5937985
4,1,5127,completed,5941068
4,1,5128,completed,5942027
4,1,5129,completed,6006818
4,1,5130,completed,6010276
4,1,5131,completed,6012652
4,1,5132,completed,6013027
4,1,5133,completed,5979609
4,1,5134,completed,5985235
4,1,5135,completed,5986276
4,1,5136,completed,5987276
4,1,5137,completed,6017818
4,1,5138,completed,6032235
4,1,5139,completed,6033860
4,1,5140,completed,6034527
4,1,5141,completed,5929984
4,1,5142,completed,5929360
4,1,5143,completed,5930735
4,1,5144,completed,5931818
4,1,5145,completed,6046776
4,1,5146,completed,6050276
4,1,5147,completed,6055443
4,1,5148,completed,6061443
4,1,5149,completed,5959277
4,1,5150,completed,5957693
4,1,5151,completed,5951735
4,1,5152,completed,5947818
4,1,5153,completed,5959818
4,1,5154,completed,5974235
4,1,5155,completed,5982026
4,1,5156,completed,5988985
4,1,5157,completed,5965193
4,1,5158,completed,5980610
4,1,5159,completed,5979526
4,1,5160,completed,5978026
4,1,5161,completed,5995693
4,1,5162,completed,6024818
4,1,5163,completed,6028859
4,1,5164,completed,6030818
4,1,5165,completed,6030776
4,1,5166,completed,6024360
4,1,5167,completed,6017318
4,1,5168,completed,6011527
4,1,5169,completed,5661027
4,1,5170,completed,5664277
4,1,5171,completed,5666110
4,1,5172,completed,5668194
4,1,5173,completed,6200400
4,1,5174,completed,6220275
4,1,5175,completed,6231651
4,1,5176,completed,6240442
4,1,5177,completed,6001193
4,1,5178,completed,5995777
4,1,5179,completed,5987234
4,1,5180,completed,5979651
4,1,5181,completed,5378486
4,1,5182,completed,5394237
4,1,5183,completed,5403570
4,1,5184,completed,5413861
4,1,5185,completed,6521816
4,1,5186,completed,6514192
4,1,5187,completed,6504025
4,1,5188,completed,6494233
4,1,5189,completed,5978735
4,1,5190,completed,5985943
4,1,5191,completed,5986318
4,1,5192,completed,5986693
4,1,5193,completed,6094942
4,1,5194,completed,6103443
4,1,5195,completed,6105567
4,1,5196,completed,6107401
4,1,5197,completed,5378862
4,1,5198,completed,5392611
4,1,5199,completed,5393445
4,1,5200,completed,5393694
4,1,5201,completed,6522650
4,1,5202,completed,6515358
4,1,5203,completed,6515733
4,1,5204,completed,6516275
4,1,5205,completed,5822110
4,1,5206,completed,5828277
4,1,5207,completed,5830152
4,1,5208,completed,5832402
4,1,5209,completed,6228734
4,1,5210,completed,6234609
4,1,5211,completed,6236525
4,1,5212,completed,6237817
4,1,5213,completed,5933693
4,1,5214,completed,5960652
4,1,5215,completed,5970735
4,1,5216,completed,5979360
4,1,5217,completed,5980526
4,1,5218,completed,5994860
4,1,5219,completed,5973943
4,1,5220,completed,5984318
4,1,5221,completed,5942610
4,1,5222,completed,5947359
4,1,5223,completed,5937402
4,1,5224,completed,5928068
4,1,5225,completed,5934360
4,1,5226,completed,5920401
4,1,5227,completed,5923693
4,1,5228,completed,5926527
4,1,5229,completed,6018526
4,1,5230,completed,6020068
4,1,5231,completed,6017860
4,1,5232,completed,6016276
4,1,5233,completed,5934860
4,1,5234,completed,5933068
4,1,5235,completed,5933068
4,1,5236,completed,5932776
4,1,5237,completed,6092360
4,1,5238,completed,6101109
4,1,5239,completed,6103234
4,1,5240,completed,6104859
4,1,5241,completed,5900318
4,1,5242,completed,5917443
4,1,5243,completed,5928568
4,1,5244,completed,5937652
4,1,5245,completed,6091776
4,1,5246,completed,6080735
4,1,5247,completed,6071193
4,1,5248,completed,6062401
4,1,5249,completed,5892859
4,1,5250,completed,5921776
4,1,5251,completed,5924609
4,1,5252,completed,5926568
4,1,5253,completed,5987859
4,1,5254,completed,5964443
4,1,5255,completed,5963818
4,1,5256,completed,5963984
4,1,5257,completed,5446027
4,1,5258,completed,5450153
4,1,5259,completed,5450694
4,1,5260,completed,5451528
4,1,5261,completed,7568606
4,1,5262,completed,7594105
4,1,5263,completed,7596398
4,1,5264,completed,7598855
4,1,5265,completed,5781860
4,1,5266,completed,5785861
4,1,5267,completed,5786902
4,1,5268,completed,5787777
4,1,5269,completed,5969235
4,1,5270,completed,5974235
4,1,5271,completed,5974068
4,1,5272,completed,5974109
4,1,5273,completed,5960777
4,1,5274,completed,5981777
4,1,5275,completed,5983527
4,1,5276,completed,5984985
4,1,5277,completed,5836152
4,1,5278,completed,5826277
4,1,5279,completed,5825944
4,1,5280,completed,5825777
4,1,5281,completed,6087067
4,1,5282,completed,6100318
4,1,5283,completed,6101109
4,1,5284,completed,6101817
4,1,5285,completed,7049274
4,1,5286,completed,7050357
4,1,5287,completed,7057940
4,1,5288,completed,7064398
4,1,5289,completed,5891443
4,1,5290,completed,5897069
4,1,5291,completed,5895694
4,1,5292,completed,5894943
4,1,5293,completed,5997776
4,1,5294,completed,6000401
4,1,5295,completed,5997985
4,1,5296,completed,5994735
4,1,5297,completed,5966568
4,1,5298,completed,5967318
4,1,5299,completed,5967734
4,1,5300,completed,5967609
4,1,5301,completed,5990568
4,1,5302,completed,5986735
4,1,5303,completed,5987318
4,1,5304,completed,5987443
4,1,5305,completed,5751610
4,1,5306,completed,5754110
4,1,5307,completed,5756151
4,1,5308,completed,5757527
4,1,5309,completed,6202526
4,1,5310,completed,6216193
4,1,5311,completed,6217942
4,1,5312,completed,6219859
4,1,5313,completed,6563066
4,1,5314,completed,6568483
4,1,5315,completed,6569983
4,1,5316,completed,6572108
4,1,5317,completed,7627398
4,1,5318,completed,7644314
4,1,5319,completed,7680772
4,1,5320,completed,7688897
4,1,5321,completed,7669189
4,1,5322,completed,7674397
4,1,5323,completed,7637356
4,1,5324,completed,7630397
4,1,5325,completed,6061360
4,1,5326,completed,6085151
4,1,5327,completed,6087568
4,1,5328,completed,6088860
4,1,5329,completed,5234362
4,1,5330,completed,5234945
4,1,5331,completed,5235528
4,1,5332,completed,5235862
4,1,5333,completed,6522359
4,1,5334,completed,6525733
4,1,5335,completed,6526317
4,1,5336,completed,6526566
4,1,5337,completed,6042568
4,1,5338,completed,6060860
4,1,5339,completed,6062193
4,1,5340,completed,6062568
4,1,5341,completed,5903901
4,1,5342,completed,5907777
4,1,5343,completed,5969318
4,1,5344,completed,5970027
4,1,5345,completed,6023984
4,1,5346,completed,6035318
4,1,5347,completed,6036193
4,1,5348,completed,6036734
4,1,5349,completed,6844066
4,1,5350,completed,6873065
4,1,5351,completed,6885232
4,1,5352,completed,6897108
4,1,5353,completed,6125693
4,1,5354,completed,6112568
4,1,5355,completed,6101526
4,1,5356,completed,6090693
4,1,5357,completed,5914401
4,1,5358,completed,5921943
4,1,5359,completed,5923360
4,1,5360,completed,5924193
4,1,5361,completed,6018401
4,1,5362,completed,6039985
4,1,5363,completed,6056485
4,1,5364,completed,6069818
4,1,5365,completed,5864318
4,1,5366,completed,5855693
4,1,5367,completed,5848402
4,1,5368,completed,5830443
4,1,5369,completed,5995568
4,1,5370,completed,5992818
4,1,5371,completed,5989485
4,1,5372,completed,5986443
4,1,5373,completed,5981568
4,1,5374,completed,5984193
4,1,5375,completed,5984568
4,1,5376,completed,5985235
4,1,5377,completed,6081901
4,1,5378,completed,6090776
4,1,5379,completed,6092484
4,1,5380,completed,6094860
4,1,5381,completed,5937027
4,1,5382,completed,5944526
4,1,5383,completed,5945527
4,1,5384,completed,5945735
4,1,5385,completed,5878193
4,1,5386,completed,5873651
4,1,5387,completed,5879527
4,1,5388,completed,5885818
4,1,5389,completed,6020485
4,1,5390,completed,6024943
4,1,5391,completed,6022360
4,1,5392,completed,6018985
4,1,5393,completed,5975943
4,1,5394,completed,5989568
4,1,5395,completed,5997235
4,1,5396,completed,6003902
4,1,5397,completed,5983776
4,1,5398,completed,5976401
4,1,5399,completed,5970068
4,1,5400,completed,5964318
4,1,5401,completed,6003568
4,1,5402,completed,6027818
4,1,5403,completed,6031360
4,1,5404,completed,6032360
4,1,5405,completed,5990443
4,1,5406,completed,5970026
4,1,5407,completed,5971068
4,1,5408,completed,5971734
4,1,5409,completed,5964318
4,1,5410,completed,5964985
4,1,5411,completed,5965610
4,1,5412,completed,5965485
4,1,5413,completed,5998318
4,1,5414,completed,6021860
4,1,5415,completed,6034777
4,1,5416,completed,6045527
4,1,5417,completed,5956027
4,1,5418,completed,5947818
4,1,5419,completed,5938026
4,1,5420,completed,5929985
4,1,5421,completed,5948901
4,1,5422,completed,5959902
4,1,5423,completed,5970193
4,1,5424,completed,5980735
4,1,5425,completed,6009318
4,1,5426,completed,6003985
4,1,5427,completed,5993818
4,1,5428,completed,5984651
4,1,5429,completed,5948068
4,1,5430,completed,5963860
4,1,5431,completed,5964651
4,1,5432,completed,5964485
4,1,5433,completed,5875944
4,1,5434,completed,5869943
4,1,5435,completed,5870318
4,1,5436,completed,5871860
4,1,5437,completed,6138276
4,1,5438,completed,6159401
4,1,5439,completed,6161776
4,1,5440,completed,6162359
4,1,5441,completed,6058443
4,1,5442,completed,6044401
4,1,5443,completed,6044027
4,1,5444,completed,6045526
4,1,5445,completed,5797110
4,1,5446,completed,5802651
4,1,5447,completed,5803568
4,1,5448,completed,5804818
4,1,5449,completed,6139276
4,1,5450,completed,6140235
4,1,5451,completed,6142151
4,1,5452,completed,6143151
4,1,5453,completed,5928776
4,1,5454,completed,5943651
4,1,5455,completed,5949776
4,1,5456,completed,5955276
4,1,5457,completed,5969610
4,1,5458,completed,5983984
4,1,5459,completed,5983943
4,1,5460,completed,5983193
4,1,5461,completed,6020735
4,1,5462,completed,6020984
4,1,5463,completed,6017485
4,1,5464,completed,6013901
4,1,5465,completed,5955109
4,1,5466,completed,5956068
4,1,5467,completed,5957485
4,1,5468,completed,5957984
4,1,5469,completed,6022818
4,1,5470,completed,6031067
4,1,5471,completed,6033360
4,1,5472,completed,6034776
4,1,5473,completed,5900235
4,1,5474,completed,5912027
4,1,5475,completed,5913193
4,1,5476,completed,5913485
4,1,5477,completed,5958359
4,1,5478,completed,5952484
4,1,5479,completed,5956693
4,1,5480,completed,5960568
4,1,5481,completed,5999818
4,1,5482,completed,6000818
4,1,5483,completed,5997568
4,1,5484,completed,5993776
4,1,5485,completed,5967860
4,1,5486,completed,5956277
4,1,5487,completed,5952985
4,1,5488,completed,5952901
4,1,5489,completed,6030567
4,1,5490,completed,6036485
4,1,5491,completed,6038734
4,1,5492,completed,6039734
4,1,5493,completed,7702355
4,1,5494,completed,7679272
4,1,5495,completed,7674855
4,1,5496,completed,7676730
4,1,5497,completed,6234026
4,1,5498,completed,6227026
4,1,5499,completed,6227442
4,1,5500,completed,6227525
4,1,5501,completed,5969277
4,1,5502,completed,5990068
4,1,5503,completed,5991443
4,1,5504,completed,5992735
4,1,5505,completed,5878527
4,1,5506,completed,5889693
4,1,5507,completed,5890568
4,1,5508,completed,5892444
4,1,5509,completed,5998193
4,1,5510,completed,6021443
4,1,5511,completed,6022651
4,1,5512,completed,6023776
4,1,5513,completed,5858943
4,1,5514,completed,5860902
4,1,5515,completed,5862235
4,1,5516,completed,5863318
4,1,5517,completed,5930318
4,1,5518,completed,5925652
4,1,5519,completed,5924151
4,1,5520,completed,5924110
4,1,5521,completed,5983276
4,1,5522,completed,5984109
4,1,5523,completed,5984443
4,1,5524,completed,5984943
4,1,5525,completed,5959526
4,1,5526,completed,5958110
4,1,5527,completed,5958569
4,1,5528,completed,5959026
4,1,5529,completed,5879235
4,1,5530,completed,5893568
4,1,5531,completed,5894776
4,1,5532,completed,5895610
4,1,5533,completed,5651527
4,1,5534,completed,5666235
4,1,5535,completed,5667568
4,1,5536,completed,5668319
4,1,5537,completed,6385525
4,1,5538,completed,6392817
4,1,5539,completed,6393692
4,1,5540,completed,6394567
4,1,5541,completed,5972652
4,1,5542,completed,5974318
4,1,5543,completed,5974526
4,1,5544,completed,5975152
4,1,5545,completed,5950610
4,1,5546,completed,5958652
4,1,5547,completed,5959860
4,1,5548,completed,5960485
4,1,5549,completed,5927610
4,1,5550,completed,5926902
4,1,5551,completed,5927027
4,1,5552,completed,5926943
4,1,5553,completed,7188440
4,1,5554,completed,7193481
4,1,5555,completed,7194939
4,1,5556,completed,7199690
4,1,5557,completed,5811069
4,1,5558,completed,5790610
4,1,5559,completed,5797526
4,1,5560,completed,5803943
4,1,5561,completed,5961360
4,1,5562,completed,5957027
4,1,5563,completed,5950318
4,1,5564,completed,5944193
4,1,5565,completed,5997734
4,1,5566,completed,6006151
4,1,5567,completed,6009110
4,1,5568,completed,6010360
4,1,5569,completed,5962027
4,1,5570,completed,5971902
4,1,5571,completed,5972943
4,1,5572,completed,5973485
4,1,5573,completed,6041109
4,1,5574,completed,6031610
4,1,5575,completed,6032193
4,1,5576,completed,6032152
4,1,5577,completed,5964443
4,1,5578,completed,5971485
4,1,5579,completed,5973443
4,1,5580,completed,5975526
4,1,5581,completed,5939776
4,1,5582,completed,5960359
4,1,5583,completed,5973068
4,1,5584,completed,5984318
4,1,5585,completed,6086651
4,1,5586,completed,6079859
4,1,5587,completed,6085276
4,1,5588,completed,6075401
4,1,5589,completed,5931443
4,1,5590,completed,5967026
4,1,5591,completed,5978401
4,1,5592,completed,5987276
4,1,5593,completed,5971068
4,1,5594,completed,5964068
4,1,5595,completed,5956318
4,1,5596,completed,5950776
4,1,5597,completed,5913193
4,1,5598,completed,5913693
4,1,5599,completed,5915235
4,1,5600,completed,5916110
4,1,5601,completed,5546527
4,1,5602,completed,5553111
4,1,5603,completed,5553361
4,1,5604,completed,5553861
4,1,5605,completed,6488275
4,1,5606,completed,6522441
4,1,5607,completed,6526358
4,1,5608,completed,6527317
4,1,5609,completed,5895277
4,1,5610,completed,5887943
4,1,5611,completed,5893152
4,1,5612,completed,5896527
4,1,5613,completed,6015734
4,1,5614,completed,6026068
4,1,5615,completed,6026693
4,1,5616,completed,6027901
4,1,5617,completed,5957568
4,1,5618,completed,5953193
4,1,5619,completed,5948235
4,1,5620,completed,5944068
4,1,5621,completed,6057818
4,1,5622,completed,6062568
4,1,5623,completed,6063859
4,1,5624,completed,6064360
4,1,5625,completed,5885860
4,1,5626,completed,5871235
4,1,5627,completed,5871693
4,1,5628,completed,5872818
4,1,5629,completed,5976401
4,1,5630,completed,5973485
4,1,5631,completed,5974276
4,1,5632,completed,5974276
4,1,5633,completed,6035109
4,1,5634,completed,6045860
4,1,5635,completed,6047734
4,1,5636,completed,6049984
4,1,5637,completed,5996943
4,1,5638,completed,6005609
4,1,5639,completed,6006943
4,1,5640,completed,6006693
4,1,5641,completed,5991610
4,1,5642,completed,5983526
4,1,5643,completed,5984152
4,1,5644,completed,5984943
4,1,5645,completed,5948901
4,1,5646,completed,5952735
4,1,5647,completed,5954026
4,1,5648,completed,5954318
4,1,5649,completed,5963193
4,1,5650,completed,5960193
4,1,5651,completed,5960776
4,1,5652,completed,5961818
4,1,5653,completed,5930318
4,1,5654,completed,5932652
4,1,5655,completed,5933859
4,1,5656,completed,5934193
4,1,5657,completed,6049526
4,1,5658,completed,6043943
4,1,5659,completed,6044401
4,1,5660,completed,6045151
4,1,5661,completed,5942277
4,1,5662,completed,5951985
4,1,5663,completed,5958984
4,1,5664,completed,5964609
4,1,5665,completed,5973901
4,1,5666,completed,5972943
4,1,5667,completed,5968068
4,1,5668,completed,5963902
4,1,5669,completed,5705568
4,1,5670,completed,5731860
4,1,5671,completed,5735611
4,1,5672,completed,5737069
4,1,5673,completed,6262109
4,1,5674,completed,6237817
4,1,5675,completed,6236984
4,1,5676,completed,6236817
4,1,5677,completed,6015776
4,1,5678,completed,6024526
4,1,5679,completed,6026318
4,1,5680,completed,6028567
4,1,5681,completed,5993610
4,1,5682,completed,5995359
4,1,5683,completed,5996068
4,1,5684,completed,5996152
4,1,5685,completed,5554945
4,1,5686,completed,5553194
4,1,5687,completed,5554527
4,1,5688,completed,5555111
4,1,5689,completed,7433314
4,1,5690,completed,7426356
4,1,5691,completed,7427689
4,1,5692,completed,7428273
4,1,5693,completed,5865610
4,1,5694,completed,5876818
4,1,5695,completed,5882568
4,1,5696,completed,5888402
4,1,5697,completed,6139484
4,1,5698,completed,6140026
4,1,5699,completed,6134693
4,1,5700,completed,6129401
4,1,5701,completed,5846110
4,1,5702,completed,5853694
4,1,5703,completed,5858652
4,1,5704,completed,5863568
4,1,5705,completed,6140609
4,1,5706,completed,6141692
4,1,5707,completed,6138318
4,1,5708,completed,6135026
4,1,5709,completed,5401362
4,1,5710,completed,5423819
4,1,5711,completed,5438611
4,1,5712,completed,5451195
4,1,5713,completed,6346608
4,1,5714,completed,6344609
4,1,5715,completed,6333401
4,1,5716,completed,6321484
4,1,5717,completed,6090859
4,1,5718,completed,6084443
4,1,5719,completed,6085193
4,1,5720,completed,6085568
4,1,5721,completed,5905734
4,1,5722,completed,5916318
4,1,5723,completed,5919068
4,1,5724,completed,5919693
4,1,5725,completed,5994734
4,1,5726,completed,5984443
4,1,5727,completed,5985568
4,1,5728,completed,5987193
4,1,5729,completed,5911401
4,1,5730,completed,5913068
4,1,5731,completed,5915110
4,1,5732,completed,5916068
4,1,5733,completed,5796860
4,1,5734,completed,5802194
4,1,5735,completed,5803777
4,1,5736,completed,5805610
4,1,5737,completed,6180817
4,1,5738,completed,6192859
4,1,5739,completed,6194276
4,1,5740,completed,6193984
4,1,5741,completed,5949484
4,1,5742,completed,5949359
4,1,5743,completed,5953776
4,1,5744,completed,5958484
4,1,5745,completed,6040443
4,1,5746,completed,6050985
4,1,5747,completed,6048443
4,1,5748,completed,6044526
4,1,5749,completed,5845818
4,1,5750,completed,5852610
4,1,5751,completed,5854277
4,1,5752,completed,5855443
4,1,5753,completed,6085110
4,1,5754,completed,6098818
4,1,5755,completed,6113401
4,1,5756,completed,6124193
4,1,5757,completed,5971526
4,1,5758,completed,5967693
4,1,5759,completed,5961151
4,1,5760,completed,5955318
4,1,5761,completed,6047276
4,1,5762,completed,6046193
4,1,5763,completed,6041693
4,1,5764,completed,6036610
4,1,5765,completed,5949943
4,1,5766,completed,5961318
4,1,5767,completed,5963735
4,1,5768,completed,5965110
4,1,5769,completed,5945652
4,1,5770,completed,5935527
4,1,5771,completed,5941068
4,1,5772,completed,5945818
4,1,5773,completed,6116776
4,1,5774,completed,6130817
4,1,5775,completed,6127109
4,1,5776,completed,6123942
4,1,5777,completed,5901902
4,1,5778,completed,5898901
4,1,5779,completed,5904360
4,1,5780,completed,5910443
4,1,5781,completed,5943651
4,1,5782,completed,5946485
4,1,5783,completed,5945276
4,1,5784,completed,5944735
4,1,5785,completed,6228067
4,1,5786,completed,6229526
4,1,5787,completed,6226359
4,1,5788,completed,6222442
4,1,5789,completed,5944151
4,1,5790,completed,5937110
4,1,5791,completed,5938027
4,1,5792,completed,5939527
4,1,5793,completed,5793277
4,1,5794,completed,5800610
4,1,5795,completed,5805069
4,1,5796,completed,5809569
4,1,5797,completed,6105651
4,1,5798,completed,6127442
4,1,5799,completed,6134692
4,1,5800,completed,6142610
4,1,5801,completed,5901568
4,1,5802,completed,5902484
4,1,5803,completed,5893068
4,1,5804,completed,5882193
4,1,5805,completed,5958485
4,1,5806,completed,5952193
4,1,5807,completed,5957151
4,1,5808,completed,5961776
4,1,5809,completed,5962152
4,1,5810,completed,5970235
4,1,5811,completed,5970819
4,1,5812,completed,5970235
4,1,5813,completed,6021901
4,1,5814,completed,6034985
4,1,5815,completed,6039026
4,1,5816,completed,6040442
4,1,5817,completed,6007235
4,1,5818,completed,5999193
4,1,5819,completed,5993860
4,1,5820,completed,5989443
4,1,5821,completed,5981943
4,1,5822,completed,5985902
4,1,5823,completed,5987360
4,1,5824,completed,5988360
4,1,5825,completed,5946276
4,1,5826,completed,5956318
4,1,5827,completed,5962277
4,1,5828,completed,5968818
4,1,5829,completed,6057401
4,1,5830,completed,6059568
4,1,5831,completed,6054360
4,1,5832,completed,6049318
4,1,5833,completed,5951318
4,1,5834,completed,5958610
4,1,5835,completed,5961568
4,1,5836,completed,5962401
4,1,5837,completed,5569819
4,1,5838,completed,5563945
4,1,5839,completed,5570445
4,1,5840,completed,5575778
4,1,5841,completed,6350942
4,1,5842,completed,6350692
4,1,5843,completed,6345525
4,1,5844,completed,6341734
4,1,5845,completed,6094901
4,1,5846,completed,6113276
4,1,5847,completed,6120401
4,1,5848,completed,6124484
4,1,5849,completed,5996235
4,1,5850,completed,6012484
4,1,5851,completed,6001901
4,1,5852,completed,6017442
4,1,5853,completed,6021484
4,1,5854,completed,6032734
4,1,5855,completed,6002526
4,1,5856,completed,6007901
4,1,5857,completed,5943151
4,1,5858,completed,5966277
4,1,5859,completed,5963818
4,1,5860,completed,5961776
4,1,5861,completed,5891152
4,1,5862,completed,5898193
4,1,5863,completed,5904443
4,1,5864,completed,5910318
4,1,5865,completed,5997276
4,1,5866,completed,6023985
4,1,5867,completed,6022526
4,1,5868,completed,6019568
4,1,5869,completed,5708069
4,1,5870,completed,5698986
4,1,5871,completed,5709777
4,1,5872,completed,5719985
4,1,5873,completed,5749693
4,1,5874,completed,5737443
4,1,5875,completed,5727318
4,1,5876,completed,5717152
4,1,5877,completed,6467775
4,1,5878,completed,6495983
4,1,5879,completed,6499734
4,1,5880,completed,6501692
4,1,5881,completed,5946194
4,1,5882,completed,5937027
4,1,5883,completed,5943526
4,1,5884,completed,5949026
4,1,5885,completed,5849986
4,1,5886,completed,5856027
4,1,5887,completed,5855194
4,1,5888,completed,5854069
4,1,5889,completed,5912401
4,1,5890,completed,5911152
4,1,5891,completed,5906526
4,1,5892,completed,5903402
4,1,5893,completed,6226192
4,1,5894,completed,6237484
4,1,5895,completed,6239109
4,1,5896,completed,6240192
4,1,5897,completed,6028652
4,1,5898,completed,6058567
4,1,5899,completed,6073110
4,1,5900,completed,6087693
4,1,5901,completed,5891444
4,1,5902,completed,5889610
4,1,5903,completed,5876568
4,1,5904,completed,5868443
4,1,5905,completed,6088651
4,1,5906,completed,6086568
4,1,5907,completed,6087943
4,1,5908,completed,6088442
4,1,5909,completed,5914985
4,1,5910,completed,5909944
4,1,5911,completed,5911568
4,1,5912,completed,5912777
4,1,5913,completed,6089234
4,1,5914,completed,6105402
4,1,5915,completed,6109068
4,1,5916,completed,6111151
4,1,5917,completed,5901359
4,1,5918,completed,5888985
4,1,5919,completed,5892652
4,1,5920,completed,5897069
4,1,5921,completed,5983818
4,1,5922,completed,5990152
4,1,5923,completed,5987610
4,1,5924,completed,5985401
4,1,5925,completed,5925068
4,1,5926,completed,5941568
4,1,5927,completed,5944984
4,1,5928,completed,5945901
4,1,5929,completed,6001734
4,1,5930,completed,5982693
4,1,5931,completed,5982443
4,1,5932,completed,5983234
4,1,5933,completed,5983860
4,1,5934,completed,5993318
4,1,5935,completed,5994484
4,1,5936,completed,5996110
4,1,5937,completed,5945235
4,1,5938,completed,5954068
4,1,5939,completed,5958401
4,1,5940,completed,5962526
4,1,5941,completed,6098026
4,1,5942,completed,6098693
4,1,5943,completed,6095484
4,1,5944,completed,6093026
4,1,5945,completed,6039693
4,1,5946,completed,6037193
4,1,5947,completed,6038193
4,1,5948,completed,6039193
4,1,5949,completed,5828943
4,1,5950,completed,5842443
4,1,5951,completed,5845652
4,1,5952,completed,5845985
4,1,5953,completed,5976734
4,1,5954,completed,5968318
4,1,5955,completed,5968818
4,1,5956,completed,5970110
4,1,5957,completed,5721694
4,1,5958,completed,5735152
4,1,5959,completed,5736902
4,1,5960,completed,5737735
4,1,5961,completed,6279609
4,1,5962,completed,6275817
4,1,5963,completed,6281109
4,1,5964,completed,6286234
4,1,5965,completed,6033651
4,1,5966,completed,6034193
4,1,5967,completed,6029859
4,1,5968,completed,6025735
4,1,5969,completed,5968235
4,1,5970,completed,5986110
4,1,5971,completed,5998110
4,1,5972,completed,6009193
4,1,5973,completed,5963610
4,1,5974,completed,5959568
4,1,5975,completed,5949401
4,1,5976,completed,5903276
4,1,5977,completed,6074067
4,1,5978,completed,6076734
4,1,5979,completed,6109443
4,1,5980,completed,6115318
4,1,5981,completed,5820318
4,1,5982,completed,5820402
4,1,5983,completed,5821193
4,1,5984,completed,5821985
4,1,5985,completed,6050276
4,1,5986,completed,6055985
4,1,5987,completed,6056818
4,1,5988,completed,6058067
4,1,5989,completed,5592944
4,1,5990,completed,5607611
4,1,5991,completed,5613402
4,1,5992,completed,5618027
4,1,5993,completed,6286942
4,1,5994,completed,6301317
4,1,5995,completed,6300276
4,1,5996,completed,6297317
4,1,5997,completed,5997651
4,1,5998,completed,5986027
4,1,5999,completed,5990193
4,1,6000,completed,5994818
4,1,6001,completed,5966943
4,1,6002,completed,5972610
4,1,6003,completed,5973568
4,1,6004,completed,5973235
4,1,6005,completed,5801944
4,1,6006,completed,5799443
4,1,6007,completed,5795819
4,1,6008,completed,5792068
4,1,6009,completed,6183776
4,1,6010,completed,6192234
4,1,6011,completed,6194442
4,1,6012,completed,6194734
4,1,6013,completed,5650528
4,1,6014,completed,5652777
4,1,6015,completed,5664152
4,1,6016,completed,5674902
4,1,6017,completed,5955193
4,1,6018,completed,5943859
4,1,6019,completed,5933234
4,1,6020,completed,5922777
4,1,6021,completed,6358192
4,1,6022,completed,6380067
4,1,6023,completed,6392192
4,1,6024,completed,6403317
4,1,6025,completed,6013359
4,1,6026,completed,6023527
4,1,6027,completed,6024068
4,1,6028,completed,6025068
4,1,6029,completed,5987318
4,1,6030,completed,5994235
4,1,6031,completed,5985485
4,1,6032,completed,5974943
4,1,6033,completed,6024652
4,1,6034,completed,6028318
4,1,6035,completed,6030485
4,1,6036,completed,6032568
4,1,6037,completed,5903444
4,1,6038,completed,5890610
4,1,6039,completed,5896068
4,1,6040,completed,5901401
4,1,6041,completed,6010151
4,1,6042,completed,6007151
4,1,6043,completed,6002610
4,1,6044,completed,5998068
4,1,6045,completed,5839985
4,1,6046,completed,5844277
4,1,6047,completed,5845527
4,1,6048,completed,5846151
4,1,6049,completed,6102985
4,1,6050,completed,6115609
4,1,6051,completed,6124942
4,1,6052,completed,6133067
4,1,6053,completed,6139776
4,1,6054,completed,6141235
4,1,6055,completed,6134401
4,1,6056,completed,6127401
4,1,6057,completed,5886193
4,1,6058,completed,5866026
4,1,6059,completed,5865485
4,1,6060,completed,5877110
4,1,6061,completed,5678235
4,1,6062,completed,5671152
4,1,6063,completed,5662110
4,1,6064,completed,5652110
4,1,6065,completed,6015276
4,1,6066,completed,6016401
4,1,6067,completed,6017610
4,1,6068,completed,6018693
4,1,6069,completed,5800068
4,1,6070,completed,5810402
4,1,6071,completed,5816027
4,1,6072,completed,5820610
4,1,6073,completed,6380650
4,1,6074,completed,6377775
4,1,6075,completed,6373734
4,1,6076,completed,6369400
4,1,6077,completed,6076984
4,1,6078,completed,6089443
4,1,6079,completed,6092110
4,1,6080,completed,6094067
4,1,6081,completed,5993234
4,1,6082,completed,5992401
4,1,6083,completed,5993110
4,1,6084,completed,5994193
4,1,6085,completed,5890277
4,1,6086,completed,5904693
4,1,6087,completed,5915234
4,1,6088,completed,5925068
4,1,6089,completed,5987151
4,1,6090,completed,5979901
4,1,6091,completed,5969568
4,1,6092,completed,5958943
4,1,6093,completed,5581986
4,1,6094,completed,5591694
4,1,6095,completed,5599444
4,1,6096,completed,5611361
4,1,6097,completed,6497942
4,1,6098,completed,6514275
4,1,6099,completed,6509483
4,1,6100,completed,6510442
4,1,6101,completed,5897819
4,1,6102,completed,5891777
4,1,6103,completed,5884069
4,1,6104,completed,5876110
4,1,6105,completed,5834568
4,1,6106,completed,5832026
4,1,6107,completed,5833235
4,1,6108,completed,5834693
4,1,6109,completed,5674860
4,1,6110,completed,5686736
4,1,6111,completed,5693860
4,1,6112,completed,5701485
4,1,6113,completed,6410401
4,1,6114,completed,6432234
4,1,6115,completed,6436609
4,1,6116,completed,6439484
4,1,6117,completed,5985610
4,1,6118,completed,5972652
4,1,6119,completed,5961401
4,1,6120,completed,5951860
4,1,6121,completed,6138776
4,1,6122,completed,6170818
4,1,6123,completed,6181818
4,1,6124,completed,6194109
4,1,6125,completed,5886944
4,1,6126,completed,5883901
4,1,6127,completed,5873985
4,1,6128,completed,5865568
4,1,6129,completed,5919359
4,1,6130,completed,5907902
4,1,6131,completed,5914235
4,1,6132,completed,5919277
4,1,6133,completed,5912944
4,1,6134,completed,5931152
4,1,6135,completed,5927860
4,1,6136,completed,5923693
4,1,6137,completed,6158401
4,1,6138,completed,6162776
4,1,6139,completed,6170151
4,1,6140,completed,6177609
4,1,6141,completed,5902318
4,1,6142,completed,5896402
4,1,6143,completed,5889444
4,1,6144,completed,5883901
4,1,6145,completed,6131318
4,1,6146,completed,6150484
4,1,6147,completed,6152026
4,1,6148,completed,6153234
4,1,6149,completed,5848444
4,1,6150,completed,5850776
4,1,6151,completed,5852610
4,1,6152,completed,5853651
4,1,6153,completed,6008443
4,1,6154,completed,5996735
4,1,6155,completed,5998151
4,1,6156,completed,5998901
4,1,6157,completed,5976943
4,1,6158,completed,5981777
4,1,6159,completed,5983110
4,1,6160,completed,5984860
4,1,6161,completed,5911151
4,1,6162,completed,5921401
4,1,6163,completed,5924568
4,1,6164,completed,5925568
4,1,6165,completed,5854277
4,1,6166,completed,5845443
4,1,6167,completed,5845985
4,1,6168,completed,5847276
4,1,6169,completed,6130401
4,1,6170,completed,6143943
4,1,6171,completed,6145901
4,1,6172,completed,6147609
4,1,6173,completed,6079901
4,1,6174,completed,6085109
4,1,6175,completed,6086734
4,1,6176,completed,6087526
4,1,6177,completed,5886527
4,1,6178,completed,5937609
4,1,6179,completed,5941068
4,1,6180,completed,5942277
4,1,6181,completed,5988027
4,1,6182,completed,5954401
4,1,6183,completed,5956693
4,1,6184,completed,5957651
4,1,6185,completed,5903985
4,1,6186,completed,5898610
4,1,6187,completed,5898569
4,1,6188,completed,5899318
4,1,6189,completed,7207898
4,1,6190,completed,7223857
4,1,6191,completed,7223940
4,1,6192,completed,7224939
4,1,6193,completed,5771735
4,1,6194,completed,5775486
4,1,6195,completed,5775735
4,1,6196,completed,5776069
4,1,6197,completed,5916735
4,1,6198,completed,5924568
4,1,6199,completed,5924568
4,1,6200,completed,5925152
4,1,6201,completed,6150276
4,1,6202,completed,6160026
4,1,6203,completed,6160610
4,1,6204,completed,6161193
4,1,6205,completed,5823443
4,1,6206,completed,5827401
4,1,6207,completed,5827402
4,1,6208,completed,5827526
4,1,6209,completed,5932401
4,1,6210,completed,5956943
4,1,6211,completed,5958068
4,1,6212,completed,5959818
4,1,6213,completed,5941985
4,1,6214,completed,5945318
4,1,6215,completed,5946027
4,1,6216,completed,5946860
4,1,6217,completed,7117107
4,1,6218,completed,7126607
4,1,6219,completed,7138857
4,1,6220,completed,7149940
4,1,6221,completed,5927234
4,1,6222,completed,5920235
4,1,6223,completed,5911151
4,1,6224,completed,5899735
4,1,6225,completed,5916818
4,1,6226,completed,5930652
4,1,6227,completed,5941693
4,1,6228,completed,5952568
4,1,6229,completed,5988984
4,1,6230,completed,5980818
4,1,6231,completed,5970735
4,1,6232,completed,5960818
4,1,6233,completed,5969318
4,1,6234,completed,5979776
4,1,6235,completed,5985068
4,1,6236,completed,5990651
4,1,6237,completed,5985943
4,1,6238,completed,5993651
4,1,6239,completed,5990235
4,1,6240,completed,5986026
4,1,6241,completed,6026735
4,1,6242,completed,6034277
4,1,6243,completed,6036026
4,1,6244,completed,6037235
4,1,6245,completed,5965859
4,1,6246,completed,5961526
4,1,6247,completed,5967860
4,1,6248,completed,5974402
4,1,6249,completed,6153734
4,1,6250,completed,6160609
4,1,6251,completed,6165192
4,1,6252,completed,6170317
4,1,6253,completed,6011526
4,1,6254,completed,6003984
4,1,6255,completed,5994318
4,1,6256,completed,5984943
4,1,6257,completed,5964401
4,1,6258,completed,5969401
4,1,6259,completed,5970485
4,1,6260,completed,5971776
4,1,6261,completed,5990693
4,1,6262,completed,6002652
4,1,6263,completed,6010526
4,1,6264,completed,6018818
4,1,6265,completed,6027027
4,1,6266,completed,6045318
4,1,6267,completed,6038276
4,1,6268,completed,6030985
4,1,6269,completed,6011609
4,1,6270,completed,6020901
4,1,6271,completed,6022652
4,1,6272,completed,6024526
4,1,6273,completed,5996735
4,1,6274,completed,5946068
4,1,6275,completed,5911902
4,1,6276,completed,5907068
4,1,6277,completed,5885235
4,1,6278,completed,5899152
4,1,6279,completed,5899860
4,1,6280,completed,5900235
4,1,6281,completed,5977277
4,1,6282,completed,5966026
4,1,6283,completed,5970776
4,1,6284,completed,5975068
4,1,6285,completed,6096526
4,1,6286,completed,6102485
4,1,6287,completed,6099735
4,1,6288,completed,6097485
4,1,6289,completed,5854693
4,1,6290,completed,5836485
4,1,6291,completed,5835902
4,1,6292,completed,5825069
4,1,6293,completed,6023318
4,1,6294,completed,6013068
4,1,6295,completed,6006943
4,1,6296,completed,6001402
4,1,6297,completed,5444153
4,1,6298,completed,5466778
4,1,6299,completed,5469153
4,1,6300,completed,5470403
4,1,6301,completed,6421567
4,1,6302,completed,6418816
4,1,6303,completed,6424150
4,1,6304,completed,6429525
4,1,6305,completed,5955777
4,1,6306,completed,5962276
4,1,6307,completed,5960901
4,1,6308,completed,5960610
4,1,6309,completed,6084651
4,1,6310,completed,6106609
4,1,6311,completed,6104526
4,1,6312,completed,6102110
4,1,6313,completed,5903693
4,1,6314,completed,5913110
4,1,6315,completed,5914443
4,1,6316,completed,5914360
4,1,6317,completed,6092193
4,1,6318,completed,6085651
4,1,6319,completed,6086067
4,1,6320,completed,6086693
4,1,6321,completed,5881777
4,1,6322,completed,5895901
4,1,6323,completed,5903401
4,1,6324,completed,5910901
4,1,6325,completed,5974151
4,1,6326,completed,5976652
4,1,6327,completed,5972943
4,1,6328,completed,5970943
4,1,6329,completed,5996109
4,1,6330,completed,6017443
4,1,6331,completed,6025610
4,1,6332,completed,6048193
4,1,6333,completed,6122484
4,1,6334,completed,6148901
4,1,6335,completed,6150026
4,1,6336,completed,6134067
4,1,6337,completed,5269278
4,1,6338,completed,5266028
4,1,6339,completed,5258153
4,1,6340,completed,5250445
4,1,6341,completed,6552067
4,1,6342,completed,6556691
4,1,6343,completed,6554816
4,1,6344,completed,6551817
4,1,6345,completed,5984027
4,1,6346,completed,5950110
4,1,6347,completed,5958235
4,1,6348,completed,5960152
4,1,6349,completed,5956568
4,1,6350,completed,5946693
4,1,6351,completed,5905235
4,1,6352,completed,5905526
4,1,6353,completed,6066317
4,1,6354,completed,6076318
4,1,6355,completed,6078026
4,1,6356,completed,6079442
4,1,6357,completed,6072276
4,1,6358,completed,6100484
4,1,6359,completed,6110568
4,1,6360,completed,6127151
4,1,6361,completed,5809152
4,1,6362,completed,5804902
4,1,6363,completed,5798776
4,1,6364,completed,5772818
4,1,6365,completed,6066110
4,1,6366,completed,6070318
4,1,6367,completed,6068318
4,1,6368,completed,6065526
4,1,6369,completed,5914735
4,1,6370,completed,5907193
4,1,6371,completed,5908485
4,1,6372,completed,5917944
4,1,6373,completed,5982818
4,1,6374,completed,5974527
4,1,6375,completed,5991610
4,1,6376,completed,5998818
4,1,6377,completed,6043568
4,1,6378,completed,6043943
4,1,6379,completed,6027152
4,1,6380,completed,6021276
4,1,6381,completed,5912027
4,1,6382,completed,5925860
4,1,6383,completed,5931985
4,1,6384,completed,5937735
4,1,6385,completed,5984734
4,1,6386,completed,5986235
4,1,6387,completed,5981151
4,1,6388,completed,5966402
4,1,6389,completed,6069818
4,1,6390,completed,6041318
4,1,6391,completed,6042193
4,1,6392,completed,6043151
4,1,6393,completed,5893735
4,1,6394,completed,5892985
4,1,6395,completed,5894443
4,1,6396,completed,5895652
4,1,6397,completed,6002360
4,1,6398,completed,6038776
4,1,6399,completed,6041317
4,1,6400,completed,6043610
4,1,6401,completed,5930693
4,1,6402,completed,5934818
4,1,6403,completed,5935402
4,1,6404,completed,5936235
4,1,6405,completed,5971443
4,1,6406,completed,5958276
4,1,6407,completed,5958527
4,1,6408,completed,5958901
4,1,6409,completed,6031693
4,1,6410,completed,6043026
4,1,6411,completed,6050860
4,1,6412,completed,6057026
4,1,6413,completed,5887527
4,1,6414,completed,5892485
4,1,6415,completed,5891984
4,1,6416,completed,5891610
4,1,6417,completed,6011317
4,1,6418,completed,6014318
4,1,6419,completed,6009485
4,1,6420,completed,6004485
4,1,6421,completed,5994402
4,1,6422,completed,5996984
4,1,6423,completed,5998360
4,1,6424,completed,5999318
4,1,6425,completed,6016152
4,1,6426,completed,6014068
4,1,6427,completed,6019527
4,1,6428,completed,6024068
4,1,6429,completed,6025360
4,1,6430,completed,6056026
4,1,6431,completed,6062901
4,1,6432,completed,6069443
4,1,6433,completed,5937277
4,1,6434,completed,5927735
4,1,6435,completed,5917110
4,1,6436,completed,5907151
4,1,6437,completed,5968527
4,1,6438,completed,5978943
4,1,6439,completed,5984401
4,1,6440,completed,5988818
4,1,6441,completed,6017693
4,1,6442,completed,6021734
4,1,6443,completed,6019151
4,1,6444,completed,6016235
4,1,6445,completed,5927735
4,1,6446,completed,5901027
4,1,6447,completed,5899527
4,1,6448,completed,5899776
4,1,6449,completed,6097110
4,1,6450,completed,6089693
4,1,6451,completed,6090735
4,1,6452,completed,6091485
4,1,6453,completed,5904819
4,1,6454,completed,5903569
4,1,6455,completed,5904527
4,1,6456,completed,5905568
4,1,6457,completed,6047568
4,1,6458,completed,6024985
4,1,6459,completed,6025276
4,1,6460,completed,6026567
4,1,6461,completed,5935943
4,1,6462,completed,5968984
4,1,6463,completed,5980152
4,1,6464,completed,5991818
4,1,6465,completed,5929860
4,1,6466,completed,5918944
4,1,6467,completed,5907777
4,1,6468,completed,5897069
4,1,6469,completed,5956068
4,1,6470,completed,5950276
4,1,6471,completed,5950568
4,1,6472,completed,5950401
4,1,6473,completed,6039985
4,1,6474,completed,6052901
4,1,6475,completed,6053651
4,1,6476,completed,6054276
4,1,6477,completed,5881443
4,1,6478,completed,5878777
4,1,6479,completed,5879818
4,1,6480,completed,5881360
4,1,6481,completed,6019943
4,1,6482,completed,6015943
4,1,6483,completed,6021985
4,1,6484,completed,6026443
4,1,6485,completed,6015277
4,1,6486,completed,6033318
4,1,6487,completed,6030317
4,1,6488,completed,6026442
4,1,6489,completed,5988026
4,1,6490,completed,5975693
4,1,6491,completed,5976859
4,1,6492,completed,5977985
4,1,6493,completed,5526445
4,1,6494,completed,5527111
4,1,6495,completed,5527236
4,1,6496,completed,5527569
4,1,6497,completed,6445941
4,1,6498,completed,6439317
4,1,6499,completed,6440817
4,1,6500,completed,6442233
4,1,6501,completed,6050860
4,1,6502,completed,6064067
4,1,6503,completed,6065651
4,1,6504,completed,6067526
4,1,6505,completed,5460236
4,1,6506,completed,5495111
4,1,6507,completed,5510111
4,1,6508,completed,5521819
4,1,6509,completed,6419150
4,1,6510,completed,6398567
4,1,6511,completed,6387817
4,1,6512,completed,6377776
4,1,6513,completed,5932693
4,1,6514,completed,5951193
4,1,6515,completed,5952526
4,1,6516,completed,5953151
4,1,6517,completed,6046693
4,1,6518,completed,6047443
4,1,6519,completed,6067109
4,1,6520,completed,6069068
4,1,6521,completed,5974068
4,1,6522,completed,5985277
4,1,6523,completed,5962110
4,1,6524,completed,5978485
4,1,6525,completed,6029943
4,1,6526,completed,6027359
4,1,6527,completed,6019735
4,1,6528,completed,6004193
4,1,6529,completed,6148151
4,1,6530,completed,6157651
4,1,6531,completed,6158901
4,1,6532,completed,6160775
4,1,6533,completed,5707819
4,1,6534,completed,5699361
4,1,6535,completed,5700777
4,1,6536,completed,5701902
4,1,6537,completed,6173984
4,1,6538,completed,6179860
4,1,6539,completed,6184151
4,1,6540,completed,6189359
4,1,6541,completed,5866401
4,1,6542,completed,5912401
4,1,6543,completed,5909610
4,1,6544,completed,5907485
4,1,6545,completed,5915652
4,1,6546,completed,5913610
4,1,6547,completed,5940193
4,1,6548,completed,5950901
4,1,6549,completed,5975818
4,1,6550,completed,5959444
4,1,6551,completed,5948318
4,1,6552,completed,5937943
4,1,6553,completed,6039485
4,1,6554,completed,6033901
4,1,6555,completed,6035193
4,1,6556,completed,6036276
4,1,6557,completed,5846402
4,1,6558,completed,5852068
4,1,6559,completed,5839610
4,1,6560,completed,5841277
4,1,6561,completed,6125526
4,1,6562,completed,6128234
4,1,6563,completed,6128443
4,1,6564,completed,6128693
4,1,6565,completed,5917735
4,1,6566,completed,5906901
4,1,6567,completed,5906360
4,1,6568,completed,5911402
4,1,6569,completed,5935610
4,1,6570,completed,5935985
4,1,6571,completed,5934985
4,1,6572,completed,5933026
4,1,6573,completed,6093610
4,1,6574,completed,6100609
4,1,6575,completed,6098152
4,1,6576,completed,6096235
4,1,6577,completed,5907151
4,1,6578,completed,5916193
4,1,6579,completed,5921901
4,1,6580,completed,5926901
4,1,6581,completed,5963068
4,1,6582,completed,5957610
4,1,6583,completed,5952443
4,1,6584,completed,5947276
4,1,6585,completed,6045652
4,1,6586,completed,6065901
4,1,6587,completed,6067484
4,1,6588,completed,6067859
4,1,6589,completed,5947609
4,1,6590,completed,5932985
4,1,6591,completed,5938485
4,1,6592,completed,5944027
4,1,6593,completed,6001901
4,1,6594,completed,5998401
4,1,6595,completed,5993318
4,1,6596,completed,5988234
4,1,6597,completed,5964735
4,1,6598,completed,5972027
4,1,6599,completed,5982693
4,1,6600,completed,6000152
4,1,6601,completed,6008276
4,1,6602,completed,6012151
4,1,6603,completed,6012443
4,1,6604,completed,5975985
4,1,6605,completed,6021943
4,1,6606,completed,6028568
4,1,6607,completed,6022568
4,1,6608,completed,6002609
4,1,6609,completed,5956193
4,1,6610,completed,5947193
4,1,6611,completed,5943652
4,1,6612,completed,5940652
4,1,6613,completed,5943901
4,1,6614,completed,5953110
4,1,6615,completed,5958943
4,1,6616,completed,5963943
4,1,6617,completed,6107193
4,1,6618,completed,6108609
4,1,6619,completed,6103984
4,1,6620,completed,6100443
4,1,6621,completed,5966526
4,1,6622,completed,5972609
4,1,6623,completed,5981068
4,1,6624,completed,5988151
4,1,6625,completed,5910610
4,1,6626,completed,5913485
4,1,6627,completed,5907944
4,1,6628,completed,5901735
4,1,6629,completed,5737985
4,1,6630,completed,5736527
4,1,6631,completed,5736777
4,1,6632,completed,5737569
4,1,6633,completed,6196942
4,1,6634,completed,6213651
4,1,6635,completed,6221275
4,1,6636,completed,6229859
4,1,6637,completed,6012109
4,1,6638,completed,6005776
4,1,6639,completed,5997651
4,1,6640,completed,5992026
4,1,6641,completed,5953068
4,1,6642,completed,5984901
4,1,6643,completed,5998068
4,1,6644,completed,6008318
4,1,6645,completed,6052651
4,1,6646,completed,6069860
4,1,6647,completed,6062235
4,1,6648,completed,6052985
4,1,6649,completed,5758902
4,1,6650,completed,5721777
4,1,6651,completed,5720985
4,1,6652,completed,5720819
4,1,6653,completed,6243151
4,1,6654,completed,6246193
4,1,6655,completed,6247109
4,1,6656,completed,6247984
4,1,6657,completed,5922402
4,1,6658,completed,5945652
4,1,6659,completed,5957860
4,1,6660,completed,5985485
4,1,6661,completed,5575319
4,1,6662,completed,5584235
4,1,6663,completed,5560028
4,1,6664,completed,5549736
4,1,6665,completed,6544775
4,1,6666,completed,6536900
4,1,6667,completed,6542400
4,1,6668,completed,6550358
4,1,6669,completed,7281565
4,1,6670,completed,7279856
4,1,6671,completed,7247814
4,1,6672,completed,7242314
4,1,6673,completed,5886735
4,1,6674,completed,5900860
4,1,6675,completed,5902402
4,1,6676,completed,5903151
4,1,6677,completed,6122234
4,1,6678,completed,6126484
4,1,6679,completed,6133067
4,1,6680,completed,6139526
4,1,6681,completed,6260984
4,1,6682,completed,6264318
4,1,6683,completed,6262484
4,1,6684,completed,6262025
4,1,6685,completed,6009068
4,1,6686,completed,6023110
4,1,6687,completed,6024901
4,1,6688,completed,6026818
4,1,6689,completed,5980402
4,1,6690,completed,5976318
4,1,6691,completed,5970776
4,1,6692,completed,5965277
4,1,6693,completed,5993693
4,1,6694,completed,5994693
4,1,6695,completed,5994984
4,1,6696,completed,5995151
4,1,6697,completed,6018401
4,1,6698,completed,6043902
4,1,6699,completed,6053901
4,1,6700,completed,6060776
4,1,6701,completed,5995193
4,1,6702,completed,6000942
4,1,6703,completed,5995151
4,1,6704,completed,5988818
4,1,6705,completed,6122151
4,1,6706,completed,6114526
4,1,6707,completed,6114818
4,1,6708,completed,6116109
4,1,6709,completed,5857318
4,1,6710,completed,5862902
4,1,6711,completed,5864027
4,1,6712,completed,5864776
4,1,6713,completed,5942360
4,1,6714,completed,5930152
4,1,6715,completed,5930401
4,1,6716,completed,5931110
4,1,6717,completed,5956526
4,1,6718,completed,5971776
4,1,6719,completed,5973151
4,1,6720,completed,5973193
4,1,6721,completed,5712569
4,1,6722,completed,5713152
4,1,6723,completed,5719235
4,1,6724,completed,5725110
4,1,6725,completed,6274984
4,1,6726,completed,6273400
4,1,6727,completed,6268234
4,1,6728,completed,6262984
4,1,6729,completed,5686652
4,1,6730,completed,5710402
4,1,6731,completed,5714902
4,1,6732,completed,5716444
4,1,6733,completed,5813068
4,1,6734,completed,5808693
4,1,6735,completed,5819819
4,1,6736,completed,5830776
4,1,6737,completed,6441275
4,1,6738,completed,6433858
4,1,6739,completed,6423442
4,1,6740,completed,6412275
4,1,6741,completed,6000027
4,1,6742,completed,5999359
4,1,6743,completed,6000318
4,1,6744,completed,6001151
4,1,6745,completed,5855402
4,1,6746,completed,5855402
4,1,6747,completed,5861985
4,1,6748,completed,5867651
4,1,6749,completed,6120234
4,1,6750,completed,6115442
4,1,6751,completed,6110151
4,1,6752,completed,6105859
4,1,6753,completed,5658194
4,1,6754,completed,5679111
4,1,6755,completed,5693235
4,1,6756,completed,5700277
4,1,6757,completed,6371817
4,1,6758,completed,6353984
4,1,6759,completed,6346734
4,1,6760,completed,6340526
4,1,6761,completed,5869609
4,1,6762,completed,5878610
4,1,6763,completed,5879818
4,1,6764,completed,5879985
4,1,6765,completed,5560486
4,1,6766,completed,5564986
4,1,6767,completed,5568069
4,1,6768,completed,5569402
4,1,6769,completed,6376817
4,1,6770,completed,6370317
4,1,6771,completed,6374567
4,1,6772,completed,6378900
4,1,6773,completed,6115360
4,1,6774,completed,6119526
4,1,6775,completed,6116942
4,1,6776,completed,6114484
4,1,6777,completed,5907777
4,1,6778,completed,5910276
4,1,6779,completed,5921319
4,1,6780,completed,5929235
4,1,6781,completed,5969818
4,1,6782,completed,5969776
4,1,6783,completed,5961485
4,1,6784,completed,5953610
4,1,6785,completed,5975568
4,1,6786,completed,5983777
4,1,6787,completed,5988151
4,1,6788,completed,5992776
4,1,6789,completed,5986027
4,1,6790,completed,5981318
4,1,6791,completed,5978693
4,1,6792,completed,5975735
4,1,6793,completed,5964901
4,1,6794,completed,5971735
4,1,6795,completed,5972110
4,1,6796,completed,5972109
4,1,6797,completed,6050859
4,1,6798,completed,6047860
4,1,6799,completed,6049318
4,1,6800,completed,6050776
4,1,6801,completed,5906402
4,1,6802,completed,5913235
4,1,6803,completed,5913819
4,1,6804,completed,5913193
4,1,6805,completed,6150151
4,1,6806,completed,6152776
4,1,6807,completed,6153984
4,1,6808,completed,6154609
4,1,6809,completed,5851818
4,1,6810,completed,5873485
4,1,6811,completed,5881652
4,1,6812,completed,5888444
4,1,6813,completed,5970402
4,1,6814,completed,5973776
4,1,6815,completed,5969276
4,1,6816,completed,5963443
4,1,6817,completed,5954026
4,1,6818,completed,5957151
4,1,6819,completed,5958777
4,1,6820,completed,5960527
4,1,6821,completed,6068693
4,1,6822,completed,6090318
4,1,6823,completed,6091610
4,1,6824,completed,6091734
4,1,6825,completed,5937901
4,1,6826,completed,5942860
4,1,6827,completed,5953693
4,1,6828,completed,5965026
4,1,6829,completed,6019942
4,1,6830,completed,6017277
4,1,6831,completed,6008027
4,1,6832,completed,5998651
4,1,6833,completed,5696777
4,1,6834,completed,5719069
4,1,6835,completed,5719652
4,1,6836,completed,5720652
4,1,6837,completed,6217109
4,1,6838,completed,6220651
4,1,6839,completed,6222317
4,1,6840,completed,6223442
4,1,6841,completed,6064068
4,1,6842,completed,6064067
4,1,6843,completed,6076651
4,1,6844,completed,6087984
4,1,6845,completed,6004609
4,1,6846,completed,6015526
4,1,6847,completed,6014985
4,1,6848,completed,6011485
4,1,6849,completed,5867527
4,1,6850,completed,5856318
4,1,6851,completed,5848485
4,1,6852,completed,5841943
4,1,6853,completed,5982776
4,1,6854,completed,5988068
4,1,6855,completed,5989777
4,1,6856,completed,5991152
4,1,6857,completed,5999109
4,1,6858,completed,6002943
4,1,6859,completed,6003484
4,1,6860,completed,6003985
4,1,6861,completed,6013776
4,1,6862,completed,6011860
4,1,6863,completed,6012401
4,1,6864,completed,6012818
4,1,6865,completed,5954776
4,1,6866,completed,5977235
4,1,6867,completed,5979735
4,1,6868,completed,5981027
4,1,6869,completed,6029318
4,1,6870,completed,6019026
4,1,6871,completed,6019484
4,1,6872,completed,6019527
4,1,6873,completed,5994484
4,1,6874,completed,5999151
4,1,6875,completed,6001110
4,1,6876,completed,6002443
4,1,6877,completed,5843818
4,1,6878,completed,5830610
4,1,6879,completed,5836402
4,1,6880,completed,5840527
4,1,6881,completed,5963443
4,1,6882,completed,5964068
4,1,6883,completed,5962944
4,1,6884,completed,5961360
4,1,6885,completed,6077193
4,1,6886,completed,6075568
4,1,6887,completed,6071859
4,1,6888,completed,6068318
4,1,6889,completed,5935984
4,1,6890,completed,5948359
4,1,6891,completed,5949943
4,1,6892,completed,5950402
4,1,6893,completed,5977776
4,1,6894,completed,5967193
4,1,6895,completed,5966901
4,1,6896,completed,5967068
4,1,6897,completed,6003151
4,1,6898,completed,6008985
4,1,6899,completed,6009943
4,1,6900,completed,6010401
4,1,6901,completed,5983693
4,1,6902,completed,5984109
4,1,6903,completed,5983859
4,1,6904,completed,5984193
4,1,6905,completed,5978152
4,1,6906,completed,5976943
4,1,6907,completed,5977360
4,1,6908,completed,5977651
4,1,6909,completed,6011235
4,1,6910,completed,6012026
4,1,6911,completed,6012693
4,1,6912,completed,6012860
4,1,6913,completed,5977401
4,1,6914,completed,5975651
4,1,6915,completed,5978568
4,1,6916,completed,5981068
4,1,6917,completed,5718319
4,1,6918,completed,5723985
4,1,6919,completed,5722318
4,1,6920,completed,5720527
4,1,6921,completed,6266068
4,1,6922,completed,6265317
4,1,6923,completed,6265401
4,1,6924,completed,6265651
4,1,6925,completed,5998692
4,1,6926,completed,6007526
4,1,6927,completed,6011193
4,1,6928,completed,6013943
4,1,6929,completed,5928360
4,1,6930,completed,5928027
4,1,6931,completed,5925402
4,1,6932,completed,5923151
4,1,6933,completed,6061567
4,1,6934,completed,6071651
4,1,6935,completed,6074859
4,1,6936,completed,6077651
4,1,6937,completed,5973901
4,1,6938,completed,5978901
4,1,6939,completed,5977027
4,1,6940,completed,5974693
4,1,6941,completed,6007777
4,1,6942,completed,6000985
4,1,6943,completed,6001276
4,1,6944,completed,6001943
4,1,6945,completed,5976568
4,1,6946,completed,5977360
4,1,6947,completed,5977818
4,1,6948,completed,5978068
4,1,6949,completed,5992152
4,1,6950,completed,5997193
4,1,6951,completed,5998359
4,1,6952,completed,5998735
4,1,6953,completed,5982985
4,1,6954,completed,5979401
4,1,6955,completed,5981902
4,1,6956,completed,5984318
4,1,6957,completed,6009901
4,1,6958,completed,6008526
4,1,6959,completed,6006484
4,1,6960,completed,6004484
4,1,6961,completed,5981943
4,1,6962,completed,5979776
4,1,6963,completed,5979777
4,1,6964,completed,5979902
4,1,6965,completed,6011234
4,1,6966,completed,6010734
4,1,6967,completed,6010942
4,1,6968,completed,6011193
4,1,6969,completed,5980651
4,1,6970,completed,5989777
4,1,6971,completed,5991234
4,1,6972,completed,5991359
4,1,6973,completed,5985776
4,1,6974,completed,5981110
4,1,6975,completed,5981485
4,1,6976,completed,5981984
4,1,6977,completed,6005735
4,1,6978,completed,6004610
4,1,6979,completed,6007235
4,1,6980,completed,6009610
4,1,6981,completed,5991402
4,1,6982,completed,5994860
4,1,6983,completed,5993485
4,1,6984,completed,5991860
4,1,6985,completed,5986526
4,1,6986,completed,5982943
4,1,6987,completed,5985318
4,1,6988,completed,5987693
4,1,6989,completed,6020318
4,1,6990,completed,6018902
4,1,6991,completed,6016818
4,1,6992,completed,6014984
4,1,6993,completed,5975526
4,1,6994,completed,5972068
4,1,6995,completed,5972235
4,1,6996,completed,5972318
4,1,6997,completed,5986860
4,1,6998,completed,5987359
4,1,6999,completed,5987651
4,1,7000,completed,5987859
4,1,7001,completed,5995568
4,1,7002,completed,6000943
4,1,7003,completed,6001485
4,1,7004,completed,6001735
4,1,7005,completed,5996151
4,1,7006,completed,5992902
4,1,7007,completed,5993234
4,1,7008,completed,5993359
4,1,7009,completed,6019901
4,1,7010,completed,6035193
4,1,7011,completed,6046193
4,1,7012,completed,6049984
4,1,7013,completed,5991484
4,1,7014,completed,5991026
4,1,7015,completed,5991151
4,1,7016,completed,5991818
4,1,7017,completed,6014901
4,1,7018,completed,6020360
4,1,7019,completed,6014485
4,1,7020,completed,6012151
4,1,7021,completed,5967568
4,1,7022,completed,5963068
4,1,7023,completed,5963485
4,1,7024,completed,5964152
4,1,7025,completed,6005651
4,1,7026,completed,6023193
4,1,7027,completed,6035068
4,1,7028,completed,6039817
4,1,7029,completed,5978193
4,1,7030,completed,5980526
4,1,7031,completed,5970860
4,1,7032,completed,5973360
4,1,7033,completed,6024985
4,1,7034,completed,6016151
4,1,7035,completed,6013693
4,1,7036,completed,6011527
4,1,7037,completed,5852277
4,1,7038,completed,5859943
4,1,7039,completed,5865610
4,1,7040,completed,5870693
4,1,7041,completed,5684778
4,1,7042,completed,5679360
4,1,7043,completed,5674486
4,1,7044,completed,5669486
4,1,7045,completed,7257231
4,1,7046,completed,7258898
4,1,7047,completed,7259564
4,1,7048,completed,7260274
4,1,7049,completed,6010985
4,1,7050,completed,6015943
4,1,7051,completed,6019901
4,1,7052,completed,6022401
4,1,7053,completed,6017109
4,1,7054,completed,6015485
4,1,7055,completed,6012735
4,1,7056,completed,6010360
4,1,7057,completed,6094443
4,1,7058,completed,6092609
4,1,7059,completed,6095859
4,1,7060,completed,6098193
4,1,7061,completed,5914652
4,1,7062,completed,5912360
4,1,7063,completed,5909319
4,1,7064,completed,5906401
4,1,7065,completed,5987193
4,1,7066,completed,5991734
4,1,7067,completed,6008401
4,1,7068,completed,6012235
4,1,7069,completed,5976527
4,1,7070,completed,5967193
4,1,7071,completed,5967193
4,1,7072,completed,5967235
4,1,7073,completed,5985401
4,1,7074,completed,5989652
4,1,7075,completed,5991568
4,1,7076,completed,5993276
4,1,7077,completed,5980610
4,1,7078,completed,5976151
4,1,7079,completed,5971568
4,1,7080,completed,5967402
4,1,7081,completed,6028651
4,1,7082,completed,6029568
4,1,7083,completed,6029901
4,1,7084,completed,6030234
4,1,7085,completed,6000609
4,1,7086,completed,6013026
4,1,7087,completed,6016651
4,1,7088,completed,6020693
4,1,7089,completed,5955401
4,1,7090,completed,5957610
4,1,7091,completed,5957985
4,1,7092,completed,5958068
4,1,7093,completed,6028984
4,1,7094,completed,6026193
4,1,7095,completed,6022651
4,1,7096,completed,6019277
4,1,7097,completed,5992359
4,1,7098,completed,5993152
4,1,7099,completed,5993485
4,1,7100,completed,5993776
4,1,7101,completed,5961776
4,1,7102,completed,5963235
4,1,7103,completed,5967985
4,1,7104,completed,5972401
4,1,7105,completed,5625194
4,1,7106,completed,5625777
4,1,7107,completed,5621819
4,1,7108,completed,5617778
4,1,7109,completed,6341150
4,1,7110,completed,6339442
4,1,7111,completed,6342817
4,1,7112,completed,6346400
4,1,7113,completed,6012526
4,1,7114,completed,6013860
4,1,7115,completed,6013693
4,1,7116,completed,6013734
4,1,7117,completed,6031109
4,1,7118,completed,6029609
4,1,7119,completed,6027193
4,1,7120,completed,6024276
4,1,7121,completed,6209485
4,1,7122,completed,6215193
4,1,7123,completed,6214692
4,1,7124,completed,6215026
4,1,7125,completed,5581610
4,1,7126,completed,5573403
4,1,7127,completed,5573986
4,1,7128,completed,5575361
4,1,7129,completed,6170360
4,1,7130,completed,6165734
4,1,7131,completed,6166693
4,1,7132,completed,6166943
4,1,7133,completed,5984943
4,1,7134,completed,5985485
4,1,7135,completed,5991026
4,1,7136,completed,5996777
4,1,7137,completed,5686569
4,1,7138,completed,5693027
4,1,7139,completed,5687277
4,1,7140,completed,5682569
4,1,7141,completed,6294942
4,1,7142,completed,6277317
4,1,7143,completed,6277151
4,1,7144,completed,6277567
4,1,7145,completed,5946526
4,1,7146,completed,5948693
4,1,7147,completed,5954527
4,1,7148,completed,6017027
4,1,7149,completed,6061317
4,1,7150,completed,6074318
4,1,7151,completed,6074068
4,1,7152,completed,6007026
4,1,7153,completed,5956360
4,1,7154,completed,5972610
4,1,7155,completed,5976151
4,1,7156,completed,5977151
4,1,7157,completed,5949277
4,1,7158,completed,5946777
4,1,7159,completed,5940776
4,1,7160,completed,5934610
4,1,7161,completed,5995526
4,1,7162,completed,6006068
4,1,7163,completed,6007859
4,1,7164,completed,6008610
4,1,7165,completed,6010026
4,1,7166,completed,6010110
4,1,7167,completed,6011276
4,1,7168,completed,6011818
4,1,7169,completed,5982443
4,1,7170,completed,5970901
4,1,7171,completed,5970985
4,1,7172,completed,5971651
4,1,7173,completed,5980776
4,1,7174,completed,5986276
4,1,7175,completed,5986818
4,1,7176,completed,5986859
4,1,7177,completed,6009568
4,1,7178,completed,5996651
4,1,7179,completed,5997193
4,1,7180,completed,5998693
4,1,7181,completed,5946527
4,1,7182,completed,5955277
4,1,7183,completed,5958985
4,1,7184,completed,5962860
4,1,7185,completed,6083818
4,1,7186,completed,6104318
4,1,7187,completed,6111151
4,1,7188,completed,6118234
4,1,7189,completed,5883610
4,1,7190,completed,5885110
4,1,7191,completed,5874610
4,1,7192,completed,5864235
4,1,7193,completed,5604986
4,1,7194,completed,5604903
4,1,7195,completed,5605236
4,1,7196,completed,5605486
4,1,7197,completed,6338900
4,1,7198,completed,6347650
4,1,7199,completed,6356608
4,1,7200,completed,6363526
4,1,7201,completed,5994776
4,1,7202,completed,5994193
4,1,7203,completed,5988651
4,1,7204,completed,5982610
4,1,7205,completed,6011651
4,1,7206,completed,6004901
4,1,7207,completed,6006443
4,1,7208,completed,6008277
4,1,7209,completed,5980568
4,1,7210,completed,5981610
4,1,7211,completed,5982277
4,1,7212,completed,5982568
4,1,7213,completed,6048485
4,1,7214,completed,6051943
4,1,7215,completed,6053026
4,1,7216,completed,6053610
4,1,7217,completed,5938860
4,1,7218,completed,5954193
4,1,7219,completed,5955401
4,1,7220,completed,5957235
4,1,7221,completed,5970110
4,1,7222,completed,5973276
4,1,7223,completed,5974443
4,1,7224,completed,5975568
4,1,7225,completed,6064984
4,1,7226,completed,6071568
4,1,7227,completed,6075735
4,1,7228,completed,6079818
4,1,7229,completed,5870568
4,1,7230,completed,5867568
4,1,7231,completed,5863152
4,1,7232,completed,5859276
4,1,7233,completed,5741402
4,1,7234,completed,5760986
4,1,7235,completed,5773110
4,1,7236,completed,5784444
4,1,7237,completed,6088651
4,1,7238,completed,6076526
4,1,7239,completed,6065693
4,1,7240,completed,6055067
4,1,7241,completed,6136735
4,1,7242,completed,6139401
4,1,7243,completed,6140068
4,1,7244,completed,6140818
4,1,7245,completed,6017443
4,1,7246,completed,6020901
4,1,7247,completed,6022193
4,1,7248,completed,6023401
4,1,7249,completed,5966443
4,1,7250,completed,5968068
4,1,7251,completed,5968860
4,1,7252,completed,5969610
4,1,7253,completed,5966027
4,1,7254,completed,5977193
4,1,7255,completed,5982693
4,1,7256,completed,5988443
4,1,7257,completed,6011443
4,1,7258,completed,6008818
4,1,7259,completed,6003402
4,1,7260,completed,5997901
4,1,7261,completed,6072568
4,1,7262,completed,6082192
4,1,7263,completed,6083317
4,1,7264,completed,6084109
4,1,7265,completed,5879568
4,1,7266,completed,5879235
4,1,7267,completed,5884526
4,1,7268,completed,5889568
4,1,7269,completed,6097818
4,1,7270,completed,6110568
4,1,7271,completed,6114609
4,1,7272,completed,6117068
4,1,7273,completed,5891152
4,1,7274,completed,5895485
4,1,7275,completed,5897110
4,1,7276,completed,5899443
4,1,7277,completed,5979193
4,1,7278,completed,5972026
4,1,7279,completed,5962776
4,1,7280,completed,5952777
4,1,7281,completed,6084234
4,1,7282,completed,6095193
4,1,7283,completed,6101359
4,1,7284,completed,6106734
4,1,7285,completed,6037526
4,1,7286,completed,6037734
4,1,7287,completed,6032860
4,1,7288,completed,6028443
4,1,7289,completed,5907902
4,1,7290,completed,5931568
4,1,7291,completed,5938568
4,1,7292,completed,5944901
4,1,7293,completed,5903194
4,1,7294,completed,5913527
4,1,7295,completed,5917068
4,1,7296,completed,5921818
4,1,7297,completed,6059776
4,1,7298,completed,6052817
4,1,7299,completed,6041734
4,1,7300,completed,6031234
4,1,7301,completed,5988151
4,1,7302,completed,5984818
4,1,7303,completed,5985193
4,1,7304,completed,5986152
4,1,7305,completed,5896485
4,1,7306,completed,5906693
4,1,7307,completed,5908402
4,1,7308,completed,5908777
4,1,7309,completed,6035943
4,1,7310,completed,6043568
4,1,7311,completed,6044568
4,1,7312,completed,6045443
4,1,7313,completed,6009277
4,1,7314,completed,6026484
4,1,7315,completed,6038985
4,1,7316,completed,6049817
4,1,7317,completed,6138734
4,1,7318,completed,6133318
4,1,7319,completed,6122985
4,1,7320,completed,6114192
4,1,7321,completed,5510570
4,1,7322,completed,5512402
4,1,7323,completed,5513152
4,1,7324,completed,5513361
4,1,7325,completed,6221109
4,1,7326,completed,6243317
4,1,7327,completed,6253234
4,1,7328,completed,6261150
4,1,7329,completed,6049859
4,1,7330,completed,6064901
4,1,7331,completed,6062360
4,1,7332,completed,6059276
4,1,7333,completed,5923318
4,1,7334,completed,5958693
4,1,7335,completed,5958943
4,1,7336,completed,5955568
4,1,7337,completed,5954485
4,1,7338,completed,5936693
4,1,7339,completed,5941610
4,1,7340,completed,5946568
4,1,7341,completed,6115484
4,1,7342,completed,6114276
4,1,7343,completed,6108651
4,1,7344,completed,6102401
4,1,7345,completed,5822569
4,1,7346,completed,5822818
4,1,7347,completed,5826152
4,1,7348,completed,5830401
4,1,7349,completed,6045234
4,1,7350,completed,6045484
4,1,7351,completed,6041693
4,1,7352,completed,6037651
4,1,7353,completed,5952151
4,1,7354,completed,5955027
4,1,7355,completed,5960277
4,1,7356,completed,5965901
4,1,7357,completed,6032026
4,1,7358,completed,6033860
4,1,7359,completed,6029318
4,1,7360,completed,6024734
4,1,7361,completed,5955027
4,1,7362,completed,5960068
4,1,7363,completed,5961193
4,1,7364,completed,5962193
4,1,7365,completed,5984485
4,1,7366,completed,5965568
4,1,7367,completed,5966860
4,1,7368,completed,5967944
4,1,7369,completed,5963901
4,1,7370,completed,5966443
4,1,7371,completed,5966485
4,1,7372,completed,5967068
4,1,7373,completed,6107109
4,1,7374,completed,6135735
4,1,7375,completed,6148651
4,1,7376,completed,6159193
4,1,7377,completed,5948235
4,1,7378,completed,5960568
4,1,7379,completed,5959860
4,1,7380,completed,5959485
4,1,7381,completed,5889235
4,1,7382,completed,5882527
4,1,7383,completed,5872943
4,1,7384,completed,5863110
4,1,7385,completed,6117026
4,1,7386,completed,6134818
4,1,7387,completed,6136192
4,1,7388,completed,6136401
4,1,7389,completed,6027026
4,1,7390,completed,6034776
4,1,7391,completed,6076442
4,1,7392,completed,6081567
4,1,7393,completed,5772111
4,1,7394,completed,5740319
4,1,7395,completed,5738360
4,1,7396,completed,5737985
4,1,7397,completed,6067651
4,1,7398,completed,6071443
4,1,7399,completed,6067068
4,1,7400,completed,6063026
4,1,7401,completed,5865152
4,1,7402,completed,5869277
4,1,7403,completed,5870526
4,1,7404,completed,5870902
4,1,7405,completed,6036235
4,1,7406,completed,6031527
4,1,7407,completed,6033027
4,1,7408,completed,6034193
4,1,7409,completed,5924027
4,1,7410,completed,5926776
4,1,7411,completed,5926943
4,1,7412,completed,5927068
4,1,7413,completed,6005901
4,1,7414,completed,6013360
4,1,7415,completed,6013651
4,1,7416,completed,6013776
4,1,7417,completed,6049401
4,1,7418,completed,6061026
4,1,7419,completed,6063026
4,1,7420,completed,6065984
4,1,7421,completed,5942234
4,1,7422,completed,5968651
4,1,7423,completed,5980401
4,1,7424,completed,5991609
4,1,7425,completed,5949193
4,1,7426,completed,5936693
4,1,7427,completed,5925318
4,1,7428,completed,5914318
4,1,7429,completed,6002651
4,1,7430,completed,6007859
4,1,7431,completed,6009235
4,1,7432,completed,6010860
4,1,7433,completed,5961485
4,1,7434,completed,5964901
4,1,7435,completed,5965943
4,1,7436,completed,5966609
4,1,7437,completed,6067026
4,1,7438,completed,6075610
4,1,7439,completed,6076859
4,1,7440,completed,6078109
4,1,7441,completed,5971985
4,1,7442,completed,5976776
4,1,7443,completed,5977985
4,1,7444,completed,5979068
4,1,7445,completed,5871860
4,1,7446,completed,5880277
4,1,7447,completed,5881068
4,1,7448,completed,5881068
4,1,7449,completed,6031485
4,1,7450,completed,6027318
4,1,7451,completed,6028151
4,1,7452,completed,6029860
4,1,7453,completed,5973485
4,1,7454,completed,5974568
4,1,7455,completed,5974360
4,1,7456,completed,5974652
4,1,7457,completed,6069443
4,1,7458,completed,6065734
4,1,7459,completed,6065860
4,1,7460,completed,6066276
4,1,7461,completed,5884693
4,1,7462,completed,5905359
4,1,7463,completed,5908110
4,1,7464,completed,5909443
4,1,7465,completed,5963360
4,1,7466,completed,5953485
4,1,7467,completed,5957026
4,1,7468,completed,5960568
4,1,7469,completed,6013484
4,1,7470,completed,6016401
4,1,7471,completed,6016443
4,1,7472,completed,6016360
4,1,7473,completed,5986193
4,1,7474,completed,6002318
4,1,7475,completed,6000443
4,1,7476,completed,5997943
4,1,7477,completed,6065485
4,1,7478,completed,6079193
4,1,7479,completed,6081318
4,1,7480,completed,6082568
4,1,7481,completed,5368695
4,1,7482,completed,5343945
4,1,7483,completed,5343028
4,1,7484,completed,5343486
4,1,7485,completed,7520189
4,1,7486,completed,7506315
4,1,7487,completed,7508106
4,1,7488,completed,7509314
4,1,7489,completed,6132609
4,1,7490,completed,6133943
4,1,7491,completed,6140318
4,1,7492,completed,6146026
4,1,7493,completed,5893069
4,1,7494,completed,5904068
4,1,7495,completed,5899860
4,1,7496,completed,5896360
4,1,7497,completed,5820819
4,1,7498,completed,5837818
4,1,7499,completed,5845402
4,1,7500,completed,5852860
4,1,7501,completed,6099610
4,1,7502,completed,6094026
4,1,7503,completed,6086693
4,1,7504,completed,6079401
4,1,7505,completed,5993234
4,1,7506,completed,6020193
4,1,7507,completed,6024026
4,1,7508,completed,6026610
4,1,7509,completed,6040276
4,1,7510,completed,6016276
4,1,7511,completed,6015859
4,1,7512,completed,6016359
4,1,7513,completed,5960985
4,1,7514,completed,5967485
4,1,7515,completed,5969359
4,1,7516,completed,5963276
4,1,7517,completed,5985734
4,1,7518,completed,5992193
4,1,7519,completed,5993527
4,1,7520,completed,5995235
4,1,7521,completed,5988360
4,1,7522,completed,6014568
4,1,7523,completed,6028110
4,1,7524,completed,6041068
4,1,7525,completed,6104651
4,1,7526,completed,6093360
4,1,7527,completed,6080735
4,1,7528,completed,6069526
4,1,7529,completed,5928860
4,1,7530,completed,5922651
4,1,7531,completed,5923360
4,1,7532,completed,5924152
4,1,7533,completed,5359820
4,1,7534,completed,5354194
4,1,7535,completed,5355153
4,1,7536,completed,5355694
4,1,7537,completed,6467484
4,1,7538,completed,6483983
4,1,7539,completed,6489692
4,1,7540,completed,6494692
4,1,7541,completed,5975985
4,1,7542,completed,5984110
4,1,7543,completed,5985610
4,1,7544,completed,5987610
4,1,7545,completed,5972651
4,1,7546,completed,5974735
4,1,7547,completed,5972776
4,1,7548,completed,5971693
4,1,7549,completed,6056985
4,1,7550,completed,6071818
4,1,7551,completed,6071901
4,1,7552,completed,6064068
4,1,7553,completed,5946694
4,1,7554,completed,5955526
4,1,7555,completed,5956484
4,1,7556,completed,5956443
4,1,7557,completed,6027526
4,1,7558,completed,6032276
4,1,7559,completed,6028693
4,1,7560,completed,6024776
4,1,7561,completed,5903402
4,1,7562,completed,5917526
4,1,7563,completed,5922319
4,1,7564,completed,5927985
4,1,7565,completed,6010192
4,1,7566,completed,6023359
4,1,7567,completed,6030401
4,1,7568,completed,6036318
4,1,7569,completed,6025027
4,1,7570,completed,6017776
4,1,7571,completed,6008443
4,1,7572,completed,5999401
4,1,7573,completed,6020984
4,1,7574,completed,6020235
4,1,7575,completed,6020068
4,1,7576,completed,6020193
4,1,7577,completed,5888568
4,1,7578,completed,5889568
4,1,7579,completed,5889984
4,1,7580,completed,5890318
4,1,7581,completed,6009651
4,1,7582,completed,6011901
4,1,7583,completed,6012526
4,1,7584,completed,6013151
4,1,7585,completed,5963818
4,1,7586,completed,5969651
4,1,7587,completed,5970568
4,1,7588,completed,5971776
4,1,7589,completed,5985110
4,1,7590,completed,5994484
4,1,7591,completed,5999318
4,1,7592,completed,6004360
4,1,7593,completed,6026818
4,1,7594,completed,6051443
4,1,7595,completed,6059985
4,1,7596,completed,6066193
4,1,7597,completed,5976068
4,1,7598,completed,5973276
4,1,7599,completed,5962985
4,1,7600,completed,5952984
4,1,7601,completed,5972443
4,1,7602,completed,5968277
4,1,7603,completed,5973402
4,1,7604,completed,5978026
4,1,7605,completed,6033735
4,1,7606,completed,6038735
4,1,7607,completed,6035860
4,1,7608,completed,6033068
4,1,7609,completed,5937527
4,1,7610,completed,5936277
4,1,7611,completed,5938693
4,1,7612,completed,5939860
4,1,7613,completed,5993693
4,1,7614,completed,5980610
4,1,7615,completed,5980735
4,1,7616,completed,5981151
4,1,7617,completed,5957568
4,1,7618,completed,5964693
4,1,7619,completed,5973026
4,1,7620,completed,5981901
4,1,7621,completed,5696527
4,1,7622,completed,5704193
4,1,7623,completed,5706569
4,1,7624,completed,5709235
4,1,7625,completed,6360609
4,1,7626,completed,6361775
4,1,7627,completed,6354192
4,1,7628,completed,6348359
4,1,7629,completed,5928569
4,1,7630,completed,5949360
4,1,7631,completed,5954193
4,1,7632,completed,5956443
4,1,7633,completed,5934485
4,1,7634,completed,5932485
4,1,7635,completed,5926443
4,1,7636,completed,5920651
4,1,7637,completed,6122193
4,1,7638,completed,6117651
4,1,7639,completed,6118442
4,1,7640,completed,6119401
4,1,7641,completed,5936526
4,1,7642,completed,5958776
4,1,7643,completed,5962193
4,1,7644,completed,5963568
4,1,7645,completed,5936360
4,1,7646,completed,5939734
4,1,7647,completed,5950860
4,1,7648,completed,5961652
4,1,7649,completed,6012485
4,1,7650,completed,6018943
4,1,7651,completed,6018651
4,1,7652,completed,6018443
4,1,7653,completed,6044276
4,1,7654,completed,6060234
4,1,7655,completed,6051276
4,1,7656,completed,6041110
4,1,7657,completed,5982360
4,1,7658,completed,5969401
4,1,7659,completed,5970359
4,1,7660,completed,5971027
4,1,7661,completed,6017193
4,1,7662,completed,6022234
4,1,7663,completed,6023193
4,1,7664,completed,6024152
4,1,7665,completed,5956276
4,1,7666,completed,5968026
4,1,7667,completed,5970901
4,1,7668,completed,5972068
4,1,7669,completed,5873693
4,1,7670,completed,5891484
4,1,7671,completed,5897027
4,1,7672,completed,5901359
4,1,7673,completed,5975152
4,1,7674,completed,5965193
4,1,7675,completed,5971818
4,1,7676,completed,5978943
4,1,7677,completed,5954026
4,1,7678,completed,5953526
4,1,7679,completed,5948152
4,1,7680,completed,5941485
4,1,7681,completed,6010568
4,1,7682,completed,6017359
4,1,7683,completed,6017234
4,1,7684,completed,6017110
4,1,7685,completed,5889860
4,1,7686,completed,5888860
4,1,7687,completed,5885318
4,1,7688,completed,5881943
4,1,7689,completed,6053193
4,1,7690,completed,6061151
4,1,7691,completed,6062068
4,1,7692,completed,6062567
4,1,7693,completed,5902693
4,1,7694,completed,5911068
4,1,7695,completed,5913568
4,1,7696,completed,5914110
4,1,7697,completed,5926860
4,1,7698,completed,5929734
4,1,7699,completed,5936193
4,1,7700,completed,5942109
4,1,7701,completed,6197943
4,1,7702,completed,6203276
4,1,7703,completed,6198692
4,1,7704,completed,6194485
4,1,7705,completed,8329895
4,1,7706,completed,8360853
4,1,7707,completed,8365937
4,1,7708,completed,8371520
4,1,7709,completed,7514606
4,1,7710,completed,7518522
4,1,7711,completed,7514897
4,1,7712,completed,7510355
4,1,7713,completed,5864568
4,1,7714,completed,5867944
4,1,7715,completed,5872235
4,1,7716,completed,5877235
4,1,7717,completed,6098901
4,1,7718,completed,6108193
4,1,7719,completed,6104360
4,1,7720,completed,6100651
4,1,7721,completed,5643694
4,1,7722,completed,5645986
4,1,7723,completed,5647486
4,1,7724,completed,5648360
4,1,7725,completed,5976902
4,1,7726,completed,5969568
4,1,7727,completed,5970276
4,1,7728,completed,5971068
4,1,7729,completed,6388233
4,1,7730,completed,6402109
4,1,7731,completed,6406900
4,1,7732,completed,6410942
4,1,7733,completed,5988109
4,1,7734,completed,5987984
4,1,7735,completed,5984734
4,1,7736,completed,5981610
4,1,7737,completed,5967860
4,1,7738,completed,5964485
4,1,7739,completed,5965277
4,1,7740,completed,5965943
4,1,7741,completed,5775818
4,1,7742,completed,5780819
4,1,7743,completed,5781569
4,1,7744,completed,5782568
4,1,7745,completed,6373109
4,1,7746,completed,6372525
4,1,7747,completed,6373067
4,1,7748,completed,6373942
4,1,7749,completed,5870985
4,1,7750,completed,5874069
4,1,7751,completed,5874902
4,1,7752,completed,5875943
4,1,7753,completed,5874485
4,1,7754,completed,5877068
4,1,7755,completed,5877944
4,1,7756,completed,5878902
4,1,7757,completed,6005026
4,1,7758,completed,6026151
4,1,7759,completed,6037401
4,1,7760,completed,6048859
4,1,7761,completed,5966484
4,1,7762,completed,5967318
4,1,7763,completed,5967110
4,1,7764,completed,5967402
4,1,7765,completed,6004735
4,1,7766,completed,5997193
4,1,7767,completed,5985901
4,1,7768,completed,5976026
4,1,7769,completed,5429486
4,1,7770,completed,5441028
4,1,7771,completed,5446611
4,1,7772,completed,5451736
4,1,7773,completed,7753189
4,1,7774,completed,7751231
4,1,7775,completed,7747522
4,1,7776,completed,7719647
4,1,7777,completed,5934985
4,1,7778,completed,5940985
4,1,7779,completed,5940818
4,1,7780,completed,5940901
4,1,7781,completed,5902943
4,1,7782,completed,5891526
4,1,7783,completed,5892485
4,1,7784,completed,5893985
4,1,7785,completed,5978943
4,1,7786,completed,5993860
4,1,7787,completed,6001068
4,1,7788,completed,6007193
4,1,7789,completed,6027235
4,1,7790,completed,6026443
4,1,7791,completed,6019652
4,1,7792,completed,6013652
4,1,7793,completed,5948693
4,1,7794,completed,5954776
4,1,7795,completed,5959902
4,1,7796,completed,5963943
4,1,7797,completed,6179568
4,1,7798,completed,6180360
4,1,7799,completed,6176067
4,1,7800,completed,6172276
4,1,7801,completed,5765319
4,1,7802,completed,5774277
4,1,7803,completed,5779527
4,1,7804,completed,5783777
4,1,7805,completed,6055485
4,1,7806,completed,6057651
4,1,7807,completed,6054485
4,1,7808,completed,6051734
4,1,7809,completed,5949443
4,1,7810,completed,5949401
4,1,7811,completed,5949485
4,1,7812,completed,5949694
4,1,7813,completed,6131818
4,1,7814,completed,6152693
4,1,7815,completed,6164526
4,1,7816,completed,6175025
4,1,7817,completed,5825736
4,1,7818,completed,5826193
4,1,7819,completed,5825943
4,1,7820,completed,5826110
4,1,7821,completed,6035901
4,1,7822,completed,6032443
4,1,7823,completed,6022527
4,1,7824,completed,6012651
4,1,7825,completed,5967401
4,1,7826,completed,5971859
4,1,7827,completed,5973318
4,1,7828,completed,5974609
4,1,7829,completed,5972401
4,1,7830,completed,5988693
4,1,7831,completed,5995318
4,1,7832,completed,6001110
4,1,7833,completed,6024985
4,1,7834,completed,6039526
4,1,7835,completed,6034235
4,1,7836,completed,6028734
4,1,7837,completed,6035610
4,1,7838,completed,6040527
4,1,7839,completed,6042151
4,1,7840,completed,6043652
4,1,7841,completed,5960235
4,1,7842,completed,5978693
4,1,7843,completed,5979110
4,1,7844,completed,5979401
4,1,7845,completed,6002777
4,1,7846,completed,6014235
4,1,7847,completed,6016277
4,1,7848,completed,6017818
4,1,7849,completed,5837860
4,1,7850,completed,5823444
4,1,7851,completed,5830318
4,1,7852,completed,5837360
4,1,7853,completed,6004901
4,1,7854,completed,6004776
4,1,7855,completed,5998568
4,1,7856,completed,5992526
4,1,7857,completed,5949194
4,1,7858,completed,5950152
4,1,7859,completed,5951151
4,1,7860,completed,5951568
4,1,7861,completed,5984235
4,1,7862,completed,5986360
4,1,7863,completed,5986859
4,1,7864,completed,5987277
4,1,7865,completed,5998652
4,1,7866,completed,6001151
4,1,7867,completed,6001984
4,1,7868,completed,6002401
4,1,7869,completed,5980401
4,1,7870,completed,5995776
4,1,7871,completed,5997152
4,1,7872,completed,5997652
4,1,7873,completed,5982984
4,1,7874,completed,5987776
4,1,7875,completed,5998651
4,1,7876,completed,6009360
4,1,7877,completed,5995901
4,1,7878,completed,6000193
4,1,7879,completed,5994776
4,1,7880,completed,5989943
4,1,7881,completed,5948152
4,1,7882,completed,5949777
4,1,7883,completed,5944735
4,1,7884,completed,5939734
4,1,7885,completed,5995485
4,1,7886,completed,6009276
4,1,7887,completed,6010234
4,1,7888,completed,6011193
4,1,7889,completed,6065776
4,1,7890,completed,6058484
4,1,7891,completed,6058401
4,1,7892,completed,6059026
4,1,7893,completed,5959568
4,1,7894,completed,5981443
4,1,7895,completed,5992818
4,1,7896,completed,6004652
4,1,7897,completed,5605903
4,1,7898,completed,5597611
4,1,7899,completed,5586485
4,1,7900,completed,5575778
4,1,7901,completed,6528359
4,1,7902,completed,6541692
4,1,7903,completed,6558942
4,1,7904,completed,6561233
4,1,7905,completed,5817818
4,1,7906,completed,5803027
4,1,7907,completed,5784485
4,1,7908,completed,5784694
4,1,7909,completed,6065943
4,1,7910,completed,6075318
4,1,7911,completed,6077109
4,1,7912,completed,6077360
4,1,7913,completed,5866693
4,1,7914,completed,5866485
4,1,7915,completed,5871401
4,1,7916,completed,5875610
4,1,7917,completed,5991734
4,1,7918,completed,6016610
4,1,7919,completed,6015485
4,1,7920,completed,6013235
4,1,7921,completed,5970902
4,1,7922,completed,5955318
4,1,7923,completed,5958485
4,1,7924,completed,5963443
4,1,7925,completed,5868860
4,1,7926,completed,5882818
4,1,7927,completed,5879068
4,1,7928,completed,5875277
4,1,7929,completed,6004401
4,1,7930,completed,6004651
4,1,7931,completed,6009026
4,1,7932,completed,6014401
4,1,7933,completed,6098568
4,1,7934,completed,6099901
4,1,7935,completed,6096067
4,1,7936,completed,6093859
4,1,7937,completed,5944152
4,1,7938,completed,5951151
4,1,7939,completed,5951026
4,1,7940,completed,5951068
4,1,7941,completed,5963443
4,1,7942,completed,5967651
4,1,7943,completed,5968402
4,1,7944,completed,5968943
4,1,7945,completed,6005776
4,1,7946,completed,6002776
4,1,7947,completed,6003527
4,1,7948,completed,6004943
4,1,7949,completed,6004443
4,1,7950,completed,5994568
4,1,7951,completed,5999443
4,1,7952,completed,6002735
4,1,7953,completed,5977859
4,1,7954,completed,5982026
4,1,7955,completed,5978235
4,1,7956,completed,5975318
4,1,7957,completed,5687610
4,1,7958,completed,5698944
4,1,7959,completed,5710444
4,1,7960,completed,5721110
4,1,7961,completed,6269484
4,1,7962,completed,6262984
4,1,7963,completed,6253609
4,1,7964,completed,6244859
4,1,7965,completed,5882610
4,1,7966,completed,5882068
4,1,7967,completed,5882026
4,1,7968,completed,5882443
4,1,7969,completed,6113442
4,1,7970,completed,6112901
4,1,7971,completed,6113484
4,1,7972,completed,6114484
4,1,7973,completed,5948276
4,1,7974,completed,5950485
4,1,7975,completed,5951318
4,1,7976,completed,5952110
4,1,7977,completed,5990068
4,1,7978,completed,5992318
4,1,7979,completed,5992318
4,1,7980,completed,5992359
4,1,7981,completed,5621985
4,1,7982,completed,5626278
4,1,7983,completed,5626569
4,1,7984,completed,5627152
4,1,7985,completed,6302359
4,1,7986,completed,6315275
4,1,7987,completed,6316442
4,1,7988,completed,6317233
4,1,7989,completed,5549861
4,1,7990,completed,5562319
4,1,7991,completed,5575153
4,1,7992,completed,5586110
4,1,7993,completed,6486233
4,1,7994,completed,6488233
4,1,7995,completed,6478525
4,1,7996,completed,6468817
4,1,7997,completed,5997818
4,1,7998,completed,6000485
4,1,7999,completed,6003943
4,1,8000,completed,6007693
4,1,8001,completed,6013859
4,1,8002,completed,6014735
4,1,8003,completed,6011818
4,1,8004,completed,6008610
4,1,8005,completed,6137109
4,1,8006,completed,6138860
4,1,8007,completed,6139193
4,1,8008,completed,6139359
4,1,8009,completed,5781360
4,1,8010,completed,5754485
4,1,8011,completed,5743360
4,1,8012,completed,5735568
4,1,8013,completed,5958110
4,1,8014,completed,5980776
4,1,8015,completed,5992735
4,1,8016,completed,6003235
4,1,8017,completed,6009568
4,1,8018,completed,6023068
4,1,8019,completed,6023860
4,1,8020,completed,6025026
4,1,8021,completed,5994318
4,1,8022,completed,5984318
4,1,8023,completed,5972735
4,1,8024,completed,5961943
4,1,8025,completed,5935568
4,1,8026,completed,5939485
4,1,8027,completed,5943110
4,1,8028,completed,5947026
4,1,8029,completed,6029026
4,1,8030,completed,6030568
4,1,8031,completed,6027610
4,1,8032,completed,6024443
4,1,8033,completed,5984234
4,1,8034,completed,5980693
4,1,8035,completed,5981693
4,1,8036,completed,5981985
4,1,8037,completed,6010652
4,1,8038,completed,6010193
4,1,8039,completed,6011527
4,1,8040,completed,6013151
4,1,8041,completed,5593528
4,1,8042,completed,5605944
4,1,8043,completed,5607069
4,1,8044,completed,5607194
4,1,8045,completed,6304609
4,1,8046,completed,6314984
4,1,8047,completed,6316693
4,1,8048,completed,6317901
4,1,8049,completed,5999568
4,1,8050,completed,5990026
4,1,8051,completed,5996068
4,1,8052,completed,6002068
4,1,8053,completed,5989985
4,1,8054,completed,5985193
4,1,8055,completed,5979194
4,1,8056,completed,5972943
4,1,8057,completed,6031527
4,1,8058,completed,6061860
4,1,8059,completed,6075901
4,1,8060,completed,6087484
4,1,8061,completed,6056943
4,1,8062,completed,6066026
4,1,8063,completed,6055693
4,1,8064,completed,6045401
4,1,8065,completed,6054818
4,1,8066,completed,6048318
4,1,8067,completed,6056985
4,1,8068,completed,6066151
4,1,8069,completed,5850110
4,1,8070,completed,5843527
4,1,8071,completed,5835152
4,1,8072,completed,5827402
4,1,8073,completed,5964735
4,1,8074,completed,5970776
4,1,8075,completed,5978610
4,1,8076,completed,5986277
4,1,8077,completed,5983609
4,1,8078,completed,5978610
4,1,8079,completed,5971151
4,1,8080,completed,5964276
4,1,8081,completed,6013859
4,1,8082,completed,6031943
4,1,8083,completed,6040152
4,1,8084,completed,6047401
4,1,8085,completed,5882360
4,1,8086,completed,5883402
4,1,8087,completed,5876985
4,1,8088,completed,5870360
4,1,8089,completed,6085360
4,1,8090,completed,6084401
4,1,8091,completed,6104984
4,1,8092,completed,6110192
4,1,8093,completed,5520652
4,1,8094,completed,5523402
4,1,8095,completed,5526277
4,1,8096,completed,5527861
4,1,8097,completed,6329484
4,1,8098,completed,6328192
4,1,8099,completed,6322067
4,1,8100,completed,6316192
4,1,8101,completed,6063609
4,1,8102,completed,6074735
4,1,8103,completed,6085818
4,1,8104,completed,6096526
4,1,8105,completed,5995318
4,1,8106,completed,6018526
4,1,8107,completed,6020109
4,1,8108,completed,6020193
4,1,8109,completed,5949068
4,1,8110,completed,5944277
4,1,8111,completed,5933360
4,1,8112,completed,5923860
4,1,8113,completed,6076110
4,1,8114,completed,6093151
4,1,8115,completed,6094443
4,1,8116,completed,6095567
4,1,8117,completed,5921485
4,1,8118,completed,5935068
4,1,8119,completed,5944110
4,1,8120,completed,5950860
4,1,8121,completed,5943860
4,1,8122,completed,5934068
4,1,8123,completed,5926693
4,1,8124,completed,5920276
4,1,8125,completed,6031234
4,1,8126,completed,6060985
4,1,8127,completed,6072151
4,1,8128,completed,6084068
4,1,8129,completed,6000360
4,1,8130,completed,6004318
4,1,8131,completed,5996818
4,1,8132,completed,5990735
4,1,8133,completed,5682568
4,1,8134,completed,5688152
4,1,8135,completed,5685027
4,1,8136,completed,5680360
4,1,8137,completed,5747944
4,1,8138,completed,5777652
4,1,8139,completed,5784319
4,1,8140,completed,5791860
4,1,8141,completed,6372983
4,1,8142,completed,6366150
4,1,8143,completed,6359317
4,1,8144,completed,6352442
4,1,8145,completed,6099901
4,1,8146,completed,6106068
4,1,8147,completed,6106692
4,1,8148,completed,6107067
4,1,8149,completed,5955151
4,1,8150,completed,5962901
4,1,8151,completed,5970026
4,1,8152,completed,5976277
4,1,8153,completed,5970027
4,1,8154,completed,5962693
4,1,8155,completed,5956901
4,1,8156,completed,5951693
4,1,8157,completed,5959193
4,1,8158,completed,5973943
4,1,8159,completed,5975484
4,1,8160,completed,5975859
4,1,8161,completed,5900860
4,1,8162,completed,5903734
4,1,8163,completed,5914818
4,1,8164,completed,5924818
4,1,8165,completed,6102235
4,1,8166,completed,6092318
4,1,8167,completed,6082110
4,1,8168,completed,6072026
4,1,8169,completed,5542278
4,1,8170,completed,5549611
4,1,8171,completed,5551611
4,1,8172,completed,5553069
4,1,8173,completed,6360151
4,1,8174,completed,6371817
4,1,8175,completed,6382609
4,1,8176,completed,6392858
4,1,8177,completed,6016026
4,1,8178,completed,6017943
4,1,8179,completed,6017318
4,1,8180,completed,6016776
4,1,8181,completed,5980152
4,1,8182,completed,5982360
4,1,8183,completed,5977526
4,1,8184,completed,5973026
4,1,8185,completed,5966193
4,1,8186,completed,5966652
4,1,8187,completed,5961818
4,1,8188,completed,5955818
4,1,8189,completed,6059776
4,1,8190,completed,6075818
4,1,8191,completed,6078068
4,1,8192,completed,6079193
4,1,8193,completed,5969402
4,1,8194,completed,5967694
4,1,8195,completed,5968527
4,1,8196,completed,5969194
4,1,8197,completed,6037859
4,1,8198,completed,6037526
4,1,8199,completed,6043235
4,1,8200,completed,6049151
4,1,8201,completed,5951193
4,1,8202,completed,5968068
4,1,8203,completed,5968526
4,1,8204,completed,5968318
4,1,8205,completed,5933068
4,1,8206,completed,5938735
4,1,8207,completed,5939026
4,1,8208,completed,5940443
4,1,8209,completed,6042985
4,1,8210,completed,6041692
4,1,8211,completed,6036276
4,1,8212,completed,6030734
4,1,8213,completed,5995610
4,1,8214,completed,6004735
4,1,8215,completed,6006152
4,1,8216,completed,6006610
4,1,8217,completed,5927360
4,1,8218,completed,5932818
4,1,8219,completed,5944443
4,1,8220,completed,5956484
4,1,8221,completed,6080484
4,1,8222,completed,6073568
4,1,8223,completed,6062943
4,1,8224,completed,6051943
4,1,8225,completed,5939568
4,1,8226,completed,5943901
4,1,8227,completed,5944569
4,1,8228,completed,5945985
4,1,8229,completed,5890901
4,1,8230,completed,5921193
4,1,8231,completed,5929901
4,1,8232,completed,5936693
4,1,8233,completed,6055026
4,1,8234,completed,6046442
4,1,8235,completed,6040026
4,1,8236,completed,6034068
4,1,8237,completed,5966069
4,1,8238,completed,5983902
4,1,8239,completed,5985985
4,1,8240,completed,5986651
4,1,8241,completed,5982735
4,1,8242,completed,5990652
4,1,8243,completed,5992068
4,1,8244,completed,5993401
4,1,8245,completed,5948193
4,1,8246,completed,5947777
4,1,8247,completed,5957360
4,1,8248,completed,5968402
4,1,8249,completed,5975526
4,1,8250,completed,5977068
4,1,8251,completed,5971984
4,1,8252,completed,5967485
4,1,8253,completed,6138693
4,1,8254,completed,6150818
4,1,8255,completed,6154026
4,1,8256,completed,6146401
4,1,8257,completed,5593444
4,1,8258,completed,5593486
4,1,8259,completed,5586194
4,1,8260,completed,5577944
4,1,8261,completed,6253568
4,1,8262,completed,6258484
4,1,8263,completed,6259651
4,1,8264,completed,6260651
4,1,8265,completed,6085151
4,1,8266,completed,6090109
4,1,8267,completed,6090901
4,1,8268,completed,6091109
4,1,8269,completed,5851652
4,1,8270,completed,5848818
4,1,8271,completed,5850360
4,1,8272,completed,5851944
4,1,8273,completed,6001985
4,1,8274,completed,6004651
4,1,8275,completed,6010567
4,1,8276,completed,6015234
4,1,8277,completed,6056609
4,1,8278,completed,6071943
4,1,8279,completed,6074985
4,1,8280,completed,6074526
4,1,8281,completed,5928193
4,1,8282,completed,5945943
4,1,8283,completed,5945151
4,1,8284,completed,5946318
4,1,8285,completed,5766444
4,1,8286,completed,5771277
4,1,8287,completed,5766069
4,1,8288,completed,5758902
4,1,8289,completed,6296609
4,1,8290,completed,6293733
4,1,8291,completed,6295025
4,1,8292,completed,6296108
4,1,8293,completed,5858026
4,1,8294,completed,5855027
4,1,8295,completed,5855652
4,1,8296,completed,5856276
4,1,8297,completed,5965401
4,1,8298,completed,5967027
4,1,8299,completed,5967901
4,1,8300,completed,5968735
4,1,8301,completed,6053235
4,1,8302,completed,6059109
4,1,8303,completed,6059943
4,1,8304,completed,6060568
4,1,8305,completed,5918985
4,1,8306,completed,5923443
4,1,8307,completed,5934568
4,1,8308,completed,5945735
4,1,8309,completed,6030485
4,1,8310,completed,6024693
4,1,8311,completed,6014734
4,1,8312,completed,6004026
4,1,8313,completed,5986151
4,1,8314,completed,6009360
4,1,8315,completed,6020984
4,1,8316,completed,6032360
4,1,8317,completed,5909568
4,1,8318,completed,5895776
4,1,8319,completed,5885277
4,1,8320,completed,5875360
4,1,8321,completed,6092401
4,1,8322,completed,6099984
4,1,8323,completed,6100151
4,1,8324,completed,6100859
4,1,8325,completed,5660402
4,1,8326,completed,5679027
4,1,8327,completed,5691360
4,1,8328,completed,5702611
4,1,8329,completed,6217067
4,1,8330,completed,6214901
4,1,8331,completed,6205151
4,1,8332,completed,6196025
4,1,8333,completed,6041401
4,1,8334,completed,6032443
4,1,8335,completed,6032276
4,1,8336,completed,6032735
4,1,8337,completed,5916068
4,1,8338,completed,5936943
4,1,8339,completed,5948443
4,1,8340,completed,5959610
4,1,8341,completed,5947068
4,1,8342,completed,5935484
4,1,8343,completed,5924609
4,1,8344,completed,5914151
4,1,8345,completed,6058527
4,1,8346,completed,6076026
4,1,8347,completed,6077817
4,1,8348,completed,6078568
4,1,8349,completed,5931818
4,1,8350,completed,5934318
4,1,8351,completed,5941318
4,1,8352,completed,5948110
4,1,8353,completed,5993527
4,1,8354,completed,5997693
4,1,8355,completed,5992443
4,1,8356,completed,5986110
4,1,8357,completed,5682194
4,1,8358,completed,5673361
4,1,8359,completed,5673569
4,1,8360,completed,5674361
4,1,8361,completed,6258692
4,1,8362,completed,6263818
4,1,8363,completed,6275776
4,1,8364,completed,6287025
4,1,8365,completed,6015818
4,1,8366,completed,6005193
4,1,8367,completed,5994317
4,1,8368,completed,5984277
4,1,8369,completed,6048318
4,1,8370,completed,6065609
4,1,8371,completed,6067109
4,1,8372,completed,6067485
4,1,8373,completed,5994276
4,1,8374,completed,6003610
4,1,8375,completed,6006318
4,1,8376,completed,6007901
4,1,8377,completed,5926401
4,1,8378,completed,5913943
4,1,8379,completed,5919069
4,1,8380,completed,5922985
4,1,8381,completed,6008693
4,1,8382,completed,6008651
4,1,8383,completed,6005485
4,1,8384,completed,6003235
4,1,8385,completed,5930193
4,1,8386,completed,5940110
4,1,8387,completed,5944568
4,1,8388,completed,5948068
4,1,8389,completed,5561861
4,1,8390,completed,5559903
4,1,8391,completed,5556902
4,1,8392,completed,5554819
4,1,8393,completed,6390483
4,1,8394,completed,6403817
4,1,8395,completed,6410650
4,1,8396,completed,6416817
4,1,8397,completed,6011818
4,1,8398,completed,6008360
4,1,8399,completed,6003360
4,1,8400,completed,5998360
4,1,8401,completed,5985609
4,1,8402,completed,5987359
4,1,8403,completed,5988318
4,1,8404,completed,5989318
4,1,8405,completed,5992776
4,1,8406,completed,5996776
4,1,8407,completed,5996693
4,1,8408,completed,5996860
4,1,8409,completed,6011527
4,1,8410,completed,6034110
4,1,8411,completed,6046859
4,1,8412,completed,6058276
4,1,8413,completed,6003526
4,1,8414,completed,5993110
4,1,8415,completed,5983443
4,1,8416,completed,5973526
4,1,8417,completed,5930193
4,1,8418,completed,5933485
4,1,8419,completed,5933152
4,1,8420,completed,5933359
4,1,8421,completed,6001735
4,1,8422,completed,6002110
4,1,8423,completed,6006818
4,1,8424,completed,6011026
4,1,8425,completed,6010359
4,1,8426,completed,6010943
4,1,8427,completed,6008152
4,1,8428,completed,6005485
4,1,8429,completed,5963027
4,1,8430,completed,5963860
4,1,8431,completed,5964026
4,1,8432,completed,5964068
4,1,8433,completed,6088484
4,1,8434,completed,6102568
4,1,8435,completed,6105151
4,1,8436,completed,6106776
4,1,8437,completed,5891110
4,1,8438,completed,5883027
4,1,8439,completed,5893485
4,1,8440,completed,5902776
4,1,8441,completed,5950902
4,1,8442,completed,5945902
4,1,8443,completed,5936277
4,1,8444,completed,5927652
4,1,8445,completed,6033318
4,1,8446,completed,6032193
4,1,8447,completed,6032860
4,1,8448,completed,6032609
4,1,8449,completed,5516403
4,1,8450,completed,5518360
4,1,8451,completed,5525194
4,1,8452,completed,5531861
4,1,8453,completed,6400650
4,1,8454,completed,6396442
4,1,8455,completed,6390608
4,1,8456,completed,6384525
4,1,8457,completed,6064527
4,1,8458,completed,6088859
4,1,8459,completed,6100526
4,1,8460,completed,6111735
4,1,8461,completed,5900485
4,1,8462,completed,5885819
4,1,8463,completed,5875110
4,1,8464,completed,5864110
4,1,8465,completed,6008151
4,1,8466,completed,6028152
4,1,8467,completed,6030110
4,1,8468,completed,6031318
4,1,8469,completed,5992402
4,1,8470,completed,6000151
4,1,8471,completed,6002276
4,1,8472,completed,6003110
4,1,8473,completed,5497278
4,1,8474,completed,5490736
4,1,8475,completed,5490986
4,1,8476,completed,5491194
4,1,8477,completed,5982860
4,1,8478,completed,5988443
4,1,8479,completed,5990151
4,1,8480,completed,5991068
4,1,8481,completed,6436067
4,1,8482,completed,6434692
4,1,8483,completed,6440275
4,1,8484,completed,6445692
4,1,8485,completed,6006067
4,1,8486,completed,6004276
4,1,8487,completed,5999485
4,1,8488,completed,5993234
4,1,8489,completed,6090735
4,1,8490,completed,6100276
4,1,8491,completed,6111859
4,1,8492,completed,6122776
4,1,8493,completed,5911151
4,1,8494,completed,5902443
4,1,8495,completed,5891860
4,1,8496,completed,5881735
4,1,8497,completed,5943193
4,1,8498,completed,5953693
4,1,8499,completed,5958109
4,1,8500,completed,5963027
4,1,8501,completed,5999818
4,1,8502,completed,6032609
4,1,8503,completed,6042151
4,1,8504,completed,6048859
4,1,8505,completed,6011943
4,1,8506,completed,5996943
4,1,8507,completed,5987693
4,1,8508,completed,5977901
4,1,8509,completed,5687194
4,1,8510,completed,5675402
4,1,8511,completed,5678986
4,1,8512,completed,5681902
4,1,8513,completed,6267193
4,1,8514,completed,6296650
4,1,8515,completed,6305233
4,1,8516,completed,6312400
4,1,8517,completed,5674194
4,1,8518,completed,5661402
4,1,8519,completed,5651152
4,1,8520,completed,5641777
4,1,8521,completed,6256817
4,1,8522,completed,6260442
4,1,8523,completed,6260859
4,1,8524,completed,6260692
4,1,8525,completed,6004734
4,1,8526,completed,6020818
4,1,8527,completed,6032818
4,1,8528,completed,6044276
4,1,8529,completed,5966985
4,1,8530,completed,5969235
4,1,8531,completed,5962818
4,1,8532,completed,5954402
4,1,8533,completed,6012734
4,1,8534,completed,6023318
4,1,8535,completed,6028276
4,1,8536,completed,6034776
4,1,8537,completed,6197109
4,1,8538,completed,6219942
4,1,8539,completed,6210776
4,1,8540,completed,6201234
4,1,8541,completed,5794985
4,1,8542,completed,5811902
4,1,8543,completed,5815818
4,1,8544,completed,5819610
4,1,8545,completed,5937235
4,1,8546,completed,5944485
4,1,8547,completed,5944818
4,1,8548,completed,5944818
4,1,8549,completed,5890902
4,1,8550,completed,5905276
4,1,8551,completed,5903027
4,1,8552,completed,5898777
4,1,8553,completed,5444319
4,1,8554,completed,5441319
4,1,8555,completed,5442070
4,1,8556,completed,5442195
4,1,8557,completed,6671399
4,1,8558,completed,6664816
4,1,8559,completed,6665858
4,1,8560,completed,6667608
4,1,8561,completed,5900609
4,1,8562,completed,5913568
4,1,8563,completed,5923276
4,1,8564,completed,5934026
4,1,8565,completed,5597569
4,1,8566,completed,5589236
4,1,8567,completed,5578235
4,1,8568,completed,5567486
4,1,8569,completed,6431233
4,1,8570,completed,6438358
4,1,8571,completed,6440483
4,1,8572,completed,6442109
4,1,8573,completed,6013651
4,1,8574,completed,6021276
4,1,8575,completed,6021651
4,1,8576,completed,6021193
4,1,8577,completed,5937901
4,1,8578,completed,5933569
4,1,8579,completed,5934694
4,1,8580,completed,5936319
4,1,8581,completed,5966568
4,1,8582,completed,5969235
4,1,8583,completed,5969027
4,1,8584,completed,5968818
4,1,8585,completed,5945610
4,1,8586,completed,5958526
4,1,8587,completed,5959734
4,1,8588,completed,5959818
4,1,8589,completed,6009568
4,1,8590,completed,6020110
4,1,8591,completed,6032401
4,1,8592,completed,6043235
4,1,8593,completed,5971359
4,1,8594,completed,5959860
4,1,8595,completed,5949193
4,1,8596,completed,5939901
4,1,8597,completed,5981193
4,1,8598,completed,5992984
4,1,8599,completed,6003484
4,1,8600,completed,6013901
4,1,8601,completed,5992984
4,1,8602,completed,5984235
4,1,8603,completed,5975152
4,1,8604,completed,5965443
4,1,8605,completed,5991943
4,1,8606,completed,6010526
4,1,8607,completed,6020860
4,1,8608,completed,6030110
4,1,8609,completed,5989943
4,1,8610,completed,5980318
4,1,8611,completed,5970527
4,1,8612,completed,5961818
4,1,8613,completed,6034943
4,1,8614,completed,6042193
4,1,8615,completed,6043527
4,1,8616,completed,6044693
4,1,8617,completed,5925651
4,1,8618,completed,5926943
4,1,8619,completed,5927735
4,1,8620,completed,5928276
4,1,8621,completed,5953235
4,1,8622,completed,5959818
4,1,8623,completed,5963609
4,1,8624,completed,5966818
4,1,8625,completed,6031735
4,1,8626,completed,6031651
4,1,8627,completed,6029651
4,1,8628,completed,6027485
4,1,8629,completed,5895484
4,1,8630,completed,5909609
4,1,8631,completed,5919151
4,1,8632,completed,5928568
4,1,8633,completed,6102359
4,1,8634,completed,6109484
4,1,8635,completed,6107068
4,1,8636,completed,6105151
4,1,8637,completed,5938444
4,1,8638,completed,5941026
4,1,8639,completed,5938943
4,1,8640,completed,5937235
4,1,8641,completed,6000151
4,1,8642,completed,6009152
4,1,8643,completed,6012985
4,1,8644,completed,6018193
4,1,8645,completed,6003193
4,1,8646,completed,6007360
4,1,8647,completed,5998110
4,1,8648,completed,5988318
4,1,8649,completed,6017568
4,1,8650,completed,6034443
4,1,8651,completed,6044985
4,1,8652,completed,6056901
4,1,8653,completed,5915235
4,1,8654,completed,5916110
4,1,8655,completed,5913985
4,1,8656,completed,5910652
4,1,8657,completed,6007943
4,1,8658,completed,6006068
4,1,8659,completed,5999485
4,1,8660,completed,5992068
4,1,8661,completed,5974818
4,1,8662,completed,5988276
4,1,8663,completed,5998318
4,1,8664,completed,6009568
4,1,8665,completed,5995735
4,1,8666,completed,5999943
4,1,8667,completed,5997443
4,1,8668,completed,5995401
4,1,8669,completed,6008234
4,1,8670,completed,6002484
4,1,8671,completed,5996276
4,1,8672,completed,5990443
4,1,8673,completed,5961819
4,1,8674,completed,5974276
4,1,8675,completed,5983651
4,1,8676,completed,5993984
4,1,8677,completed,5802152
4,1,8678,completed,5808527
4,1,8679,completed,5799860
4,1,8680,completed,5790610
4,1,8681,completed,6175901
4,1,8682,completed,6175526
4,1,8683,completed,6176734
4,1,8684,completed,6177192
4,1,8685,completed,6024652
4,1,8686,completed,6025235
4,1,8687,completed,6031693
4,1,8688,completed,6038026
4,1,8689,completed,5965276
4,1,8690,completed,5964151
4,1,8691,completed,5958443
4,1,8692,completed,5952693
4,1,8693,completed,5955485
4,1,8694,completed,5970777
4,1,8695,completed,5972985
4,1,8696,completed,5973776
4,1,8697,completed,5996985
4,1,8698,completed,5996777
4,1,8699,completed,5998235
4,1,8700,completed,5998484
4,1,8701,completed,6056734
4,1,8702,completed,6050568
4,1,8703,completed,6051818
4,1,8704,completed,6053151
4,1,8705,completed,5916610
4,1,8706,completed,5931234
4,1,8707,completed,5932818
4,1,8708,completed,5933360
4,1,8709,completed,6017859
4,1,8710,completed,6007484
4,1,8711,completed,6007985
4,1,8712,completed,6008693
4,1,8713,completed,5950568
4,1,8714,completed,5968860
4,1,8715,completed,5971443
4,1,8716,completed,5972027
4,1,8717,completed,5951860
4,1,8718,completed,5945777
4,1,8719,completed,5951860
4,1,8720,completed,5956818
4,1,8721,completed,6104151
4,1,8722,completed,6106485
4,1,8723,completed,6102401
4,1,8724,completed,6098234
4,1,8725,completed,5908776
4,1,8726,completed,5931027
4,1,8727,completed,5934568
4,1,8728,completed,5936110
4,1,8729,completed,5955360
4,1,8730,completed,5931527
4,1,8731,completed,5931818
4,1,8732,completed,5931652
4,1,8733,completed,5772985
4,1,8734,completed,5777819
4,1,8735,completed,5778485
4,1,8736,completed,5779110
4,1,8737,completed,6174484
4,1,8738,completed,6181901
4,1,8739,completed,6190693
4,1,8740,completed,6197734
4,1,8741,completed,5746777
4,1,8742,completed,5738194
4,1,8743,completed,5731027
4,1,8744,completed,5724569
4,1,8745,completed,6210817
4,1,8746,completed,6232609
4,1,8747,completed,6235984
4,1,8748,completed,6237776
4,1,8749,completed,5986985
4,1,8750,completed,5976819
4,1,8751,completed,5982735
4,1,8752,completed,5988651
4,1,8753,completed,6002526
4,1,8754,completed,5998235
4,1,8755,completed,5991901
4,1,8756,completed,5985026
4,1,8757,completed,5462444
4,1,8758,completed,5479861
4,1,8759,completed,5480736
4,1,8760,completed,5481069
4,1,8761,completed,6505358
4,1,8762,completed,6514317
4,1,8763,completed,6526192
4,1,8764,completed,6537483
4,1,8765,completed,5998901
4,1,8766,completed,5988151
4,1,8767,completed,5976985
4,1,8768,completed,5965777
4,1,8769,completed,7137357
4,1,8770,completed,7144273
4,1,8771,completed,7147107
4,1,8772,completed,7149815
4,1,8773,completed,5487486
4,1,8774,completed,5485486
4,1,8775,completed,5491194
4,1,8776,completed,5495361
4,1,8777,completed,6290983
4,1,8778,completed,6297608
4,1,8779,completed,6297775
4,1,8780,completed,6297692
4,1,8781,completed,5999693
4,1,8782,completed,5996359
4,1,8783,completed,5992402
4,1,8784,completed,5988152
4,1,8785,completed,5701443
4,1,8786,completed,5709610
4,1,8787,completed,5710902
4,1,8788,completed,5711152
4,1,8789,completed,6253775
4,1,8790,completed,6266359
4,1,8791,completed,6269776
4,1,8792,completed,6271525
4,1,8793,completed,6036193
4,1,8794,completed,6040776
4,1,8795,completed,6053692
4,1,8796,completed,6065818
4,1,8797,completed,5945776
4,1,8798,completed,5933360
4,1,8799,completed,5921777
4,1,8800,completed,5910443
4,1,8801,completed,6038485
4,1,8802,completed,6048735
4,1,8803,completed,6051735
4,1,8804,completed,6054193
4,1,8805,completed,5926027
4,1,8806,completed,5951527
4,1,8807,completed,5955609
4,1,8808,completed,5957068
4,1,8809,completed,5994610
4,1,8810,completed,5991110
4,1,8811,completed,6002402
4,1,8812,completed,6013484
4,1,8813,completed,5966693
4,1,8814,completed,5974818
4,1,8815,completed,5971652
4,1,8816,completed,5968651
4,1,8817,completed,5987234
4,1,8818,completed,5999485
4,1,8819,completed,5993068
4,1,8820,completed,5985985
4,1,8821,completed,5966193
4,1,8822,completed,5962401
4,1,8823,completed,5966901
4,1,8824,completed,5971485
4,1,8825,completed,6022402
4,1,8826,completed,6026110
4,1,8827,completed,6024151
4,1,8828,completed,6020984
4,1,8829,completed,5911860
4,1,8830,completed,5909860
4,1,8831,completed,5912443
4,1,8832,completed,5915902
4,1,8833,completed,6125859
4,1,8834,completed,6134318
4,1,8835,completed,6131359
4,1,8836,completed,6128318
4,1,8837,completed,5857902
4,1,8838,completed,5812901
4,1,8839,completed,5812527
4,1,8840,completed,5811193
4,1,8841,completed,5967652
4,1,8842,completed,5968943
4,1,8843,completed,5963485
4,1,8844,completed,5958069
4,1,8845,completed,6006568
4,1,8846,completed,6009526
4,1,8847,completed,6011109
4,1,8848,completed,6011693
4,1,8849,completed,6177693
4,1,8850,completed,6172359
4,1,8851,completed,6173735
4,1,8852,completed,6174984
4,1,8853,completed,5924443
4,1,8854,completed,5923277
4,1,8855,completed,5923860
4,1,8856,completed,5924109
4,1,8857,completed,5575485
4,1,8858,completed,5578861
4,1,8859,completed,5581111
4,1,8860,completed,5583194
4,1,8861,completed,6219567
4,1,8862,completed,6223651
4,1,8863,completed,6224442
4,1,8864,completed,6224317
4,1,8865,completed,6031860
4,1,8866,completed,6019860
4,1,8867,completed,6020234
4,1,8868,completed,6020776
4,1,8869,completed,5547444
4,1,8870,completed,5565819
4,1,8871,completed,5578569
4,1,8872,completed,5589944
4,1,8873,completed,6345942
4,1,8874,completed,6346776
4,1,8875,completed,6340567
4,1,8876,completed,6334650
4,1,8877,completed,6086276
4,1,8878,completed,6100692
4,1,8879,completed,6106234
4,1,8880,completed,6112360
4,1,8881,completed,5765318
4,1,8882,completed,5755569
4,1,8883,completed,5744611
4,1,8884,completed,5733986
4,1,8885,completed,6120526
4,1,8886,completed,6126943
4,1,8887,completed,6127818
4,1,8888,completed,6128485
4,1,8889,completed,6021776
4,1,8890,completed,6036276
4,1,8891,completed,6046943
4,1,8892,completed,6057818
4,1,8893,completed,6004902
4,1,8894,completed,6011235
4,1,8895,completed,6010443
4,1,8896,completed,6010110
4,1,8897,completed,5519444
4,1,8898,completed,5518861
4,1,8899,completed,5513111
4,1,8900,completed,5508235
4,1,8901,completed,6435525
4,1,8902,completed,6436608
4,1,8903,completed,6432692
4,1,8904,completed,6428442
4,1,8905,completed,6007985
4,1,8906,completed,6018651
4,1,8907,completed,6032943
4,1,8908,completed,6045401
4,1,8909,completed,5987318
4,1,8910,completed,5975318
4,1,8911,completed,5963735
4,1,8912,completed,5952901
4,1,8913,completed,5995859
4,1,8914,completed,6002818
4,1,8915,completed,6005026
4,1,8916,completed,6006818
4,1,8917,completed,5952652
4,1,8918,completed,5968026
4,1,8919,completed,5977776
4,1,8920,completed,5988818
4,1,8921,completed,5504153
4,1,8922,completed,5497027
4,1,8923,completed,5486361
4,1,8924,completed,5475819
4,1,8925,completed,7573106
4,1,8926,completed,7577105
4,1,8927,completed,7578689
4,1,8928,completed,7579689
4,1,8929,completed,5842194
4,1,8930,completed,5849819
4,1,8931,completed,5850485
4,1,8932,completed,5851110
4,1,8933,completed,5984401
4,1,8934,completed,5992610
4,1,8935,completed,5994651
4,1,8936,completed,5995401
4,1,8937,completed,6081443
4,1,8938,completed,6085443
4,1,8939,completed,6096859
4,1,8940,completed,6107817
4,1,8941,completed,5921776
4,1,8942,completed,5913068
4,1,8943,completed,5902443
4,1,8944,completed,5892276
4,1,8945,completed,5983526
4,1,8946,completed,6008901
4,1,8947,completed,6024651
4,1,8948,completed,6036359
4,1,8949,completed,6074401
4,1,8950,completed,6076901
4,1,8951,completed,6075526
4,1,8952,completed,6076360
4,1,8953,completed,5881235
4,1,8954,completed,5874943
4,1,8955,completed,5863569
4,1,8956,completed,5852944
4,1,8957,completed,5977693
4,1,8958,completed,5979610
4,1,8959,completed,5981069
4,1,8960,completed,5982610
4,1,8961,completed,5950318
4,1,8962,completed,5949401
4,1,8963,completed,5949277
4,1,8964,completed,5949360
4,1,8965,completed,6053234
4,1,8966,completed,6055693
4,1,8967,completed,6056276
4,1,8968,completed,6056984
4,1,8969,completed,5958026
4,1,8970,completed,5967068
4,1,8971,completed,5968818
4,1,8972,completed,5969776
4,1,8973,completed,5914444
4,1,8974,completed,5908193
4,1,8975,completed,5912985
4,1,8976,completed,5917651
4,1,8977,completed,6056526
4,1,8978,completed,6075693
4,1,8979,completed,6073152
4,1,8980,completed,6070651
4,1,8981,completed,6056401
4,1,8982,completed,6042234
4,1,8983,completed,6043192
4,1,8984,completed,6044692
4,1,8985,completed,6071776
4,1,8986,completed,6072734
4,1,8987,completed,6073234
4,1,8988,completed,6073693
4,1,8989,completed,5448070
4,1,8990,completed,5465069
4,1,8991,completed,5466902
4,1,8992,completed,5468111
4,1,8993,completed,6287693
4,1,8994,completed,6286568
4,1,8995,completed,6287818
4,1,8996,completed,6288734
4,1,8997,completed,6182692
4,1,8998,completed,6171401
4,1,8999,completed,6171651
4,1,9000,completed,6172484
4,1,9001,completed,5836693
4,1,9002,completed,5838860
4,1,9003,completed,5840319
4,1,9004,completed,5841443
4,1,9005,completed,5940943
4,1,9006,completed,5949652
4,1,9007,completed,5961360
4,1,9008,completed,5972234
4,1,9009,completed,5989943
4,1,9010,completed,5978777
4,1,9011,completed,5968151
4,1,9012,completed,5957735
4,1,9013,completed,6006485
4,1,9014,completed,6007401
4,1,9015,completed,6008568
4,1,9016,completed,6009860
4,1,9017,completed,5650819
4,1,9018,completed,5660736
4,1,9019,completed,5666985
4,1,9020,completed,5675985
4,1,9021,completed,6012193
4,1,9022,completed,6014110
4,1,9023,completed,6009151
4,1,9024,completed,6000277
4,1,9025,completed,6394359
4,1,9026,completed,6403775
4,1,9027,completed,6409900
4,1,9028,completed,6415525
4,1,9029,completed,5396903
4,1,9030,completed,5408611
4,1,9031,completed,5410028
4,1,9032,completed,5410403
4,1,9033,completed,6234525
4,1,9034,completed,6235567
4,1,9035,completed,6230234
4,1,9036,completed,6227401
4,1,9037,completed,7162815
4,1,9038,completed,7172565
4,1,9039,completed,7174107
4,1,9040,completed,7175774
4,1,9041,completed,6028817
4,1,9042,completed,6035984
4,1,9043,completed,6036109
4,1,9044,completed,6035942
4,1,9045,completed,5911943
4,1,9046,completed,5934443
4,1,9047,completed,5936526
4,1,9048,completed,5938193
4,1,9049,completed,5875360
4,1,9050,completed,5882193
4,1,9051,completed,5883235
4,1,9052,completed,5883818
4,1,9053,completed,6000318
4,1,9054,completed,6010776
4,1,9055,completed,6011693
4,1,9056,completed,6012568
4,1,9057,completed,5911360
4,1,9058,completed,5916860
4,1,9059,completed,5917901
4,1,9060,completed,5918902
4,1,9061,completed,5895610
4,1,9062,completed,5891443
4,1,9063,completed,5891026
4,1,9064,completed,5890527
4,1,9065,completed,6954733
4,1,9066,completed,6980857
4,1,9067,completed,6992774
4,1,9068,completed,7004898
4,1,9069,completed,6147026
4,1,9070,completed,6158526
4,1,9071,completed,6159901
4,1,9072,completed,6159692
4,1,9073,completed,5851610
4,1,9074,completed,5840901
4,1,9075,completed,5830526
4,1,9076,completed,5820069
4,1,9077,completed,5952359
4,1,9078,completed,5966234
4,1,9079,completed,5975652
4,1,9080,completed,5986735
4,1,9081,completed,6000193
4,1,9082,completed,5994193
4,1,9083,completed,5984235
4,1,9084,completed,5974443
4,1,9085,completed,5981943
4,1,9086,completed,5982901
4,1,9087,completed,5982985
4,1,9088,completed,5982735
4,1,9089,completed,6008151
4,1,9090,completed,6018402
4,1,9091,completed,6019943
4,1,9092,completed,6021735
4,1,9093,completed,7042607
4,1,9094,completed,7046440
4,1,9095,completed,7050648
4,1,9096,completed,7054148
4,1,9097,completed,6010776
4,1,9098,completed,6016860
4,1,9099,completed,6014318
4,1,9100,completed,6011443
4,1,9101,completed,5870026
4,1,9102,completed,5862568
4,1,9103,completed,5868193
4,1,9104,completed,5874401
4,1,9105,completed,5740361
4,1,9106,completed,5734319
4,1,9107,completed,5727694
4,1,9108,completed,5721610
4,1,9109,completed,6246650
4,1,9110,completed,6240192
4,1,9111,completed,6240609
4,1,9112,completed,6240859
4,1,9113,completed,5957818
4,1,9114,completed,5949360
4,1,9115,completed,5950693
4,1,9116,completed,5952444
4,1,9117,completed,5978234
4,1,9118,completed,5978360
4,1,9119,completed,5978235
4,1,9120,completed,5978026
4,1,9121,completed,6022526
4,1,9122,completed,6041734
4,1,9123,completed,6044276
4,1,9124,completed,6046151
4,1,9125,completed,5951401
4,1,9126,completed,5947193
4,1,9127,completed,5957818
4,1,9128,completed,5967777
4,1,9129,completed,5980902
4,1,9130,completed,5971110
4,1,9131,completed,5960693
4,1,9132,completed,5950068
4,1,9133,completed,6014734
4,1,9134,completed,6038651
4,1,9135,completed,6049693
4,1,9136,completed,6060693
4,1,9137,completed,5740485
4,1,9138,completed,5739360
4,1,9139,completed,5732194
4,1,9140,completed,5753527
4,1,9141,completed,6217400
4,1,9142,completed,6232651
4,1,9143,completed,6239026
4,1,9144,completed,6218443
4,1,9145,completed,6000943
4,1,9146,completed,6009735
4,1,9147,completed,6010151
4,1,9148,completed,6009484
4,1,9149,completed,5970985
4,1,9150,completed,5963485
4,1,9151,completed,5953693
4,1,9152,completed,5943027
4,1,9153,completed,6048485
4,1,9154,completed,6057485
4,1,9155,completed,6058818
4,1,9156,completed,6060818
4,1,9157,completed,5927526
4,1,9158,completed,5931776
4,1,9159,completed,5933234
4,1,9160,completed,5934360
4,1,9161,completed,5945651
4,1,9162,completed,5944901
4,1,9163,completed,5944901
4,1,9164,completed,5944943
4,1,9165,completed,6042485
4,1,9166,completed,6050026
4,1,9167,completed,6051902
4,1,9168,completed,6053693
4,1,9169,completed,5958360
4,1,9170,completed,5982901
4,1,9171,completed,5994859
4,1,9172,completed,6005110
4,1,9173,completed,5935860
4,1,9174,completed,5935485
4,1,9175,completed,5926818
4,1,9176,completed,5916777
4,1,9177,completed,5593777
4,1,9178,completed,5618985
4,1,9179,completed,5634569
4,1,9180,completed,5647027
4,1,9181,completed,6382150
4,1,9182,completed,6387858
4,1,9183,completed,6378442
4,1,9184,completed,6367983
4,1,9185,completed,6006401
4,1,9186,completed,5988151
4,1,9187,completed,5987860
4,1,9188,completed,5987693
4,1,9189,completed,5806652
4,1,9190,completed,5809068
4,1,9191,completed,5809610
4,1,9192,completed,5810360
4,1,9193,completed,6133235
4,1,9194,completed,6124776
4,1,9195,completed,6125276
4,1,9196,completed,6125150
4,1,9197,completed,5948276
4,1,9198,completed,5967526
4,1,9199,completed,5979693
4,1,9200,completed,5990985
4,1,9201,completed,5979568
4,1,9202,completed,5967985
4,1,9203,completed,5957610
4,1,9204,completed,5947318
4,1,9205,completed,5980693
4,1,9206,completed,5989693
4,1,9207,completed,5990943
4,1,9208,completed,5991610
4,1,9209,completed,6012693
4,1,9210,completed,6026610
4,1,9211,completed,6038443
4,1,9212,completed,6049027
4,1,9213,completed,5990860
4,1,9214,completed,5981860
4,1,9215,completed,5972110
4,1,9216,completed,5963402
4,1,9217,completed,5974860
4,1,9218,completed,5997485
4,1,9219,completed,6003359
4,1,9220,completed,6004901
4,1,9221,completed,5958901
4,1,9222,completed,5948276
4,1,9223,completed,5958318
4,1,9224,completed,5968693
4,1,9225,completed,5982735
4,1,9226,completed,5976734
4,1,9227,completed,5967360
4,1,9228,completed,5957735
4,1,9229,completed,6057734
4,1,9230,completed,6061609
4,1,9231,completed,6061818
4,1,9232,completed,6062151
4,1,9233,completed,5955776
4,1,9234,completed,5976360
4,1,9235,completed,5990651
4,1,9236,completed,6002235
4,1,9237,completed,5594736
4,1,9238,completed,5590485
4,1,9239,completed,5581069
4,1,9240,completed,5570652
4,1,9241,completed,6455983
4,1,9242,completed,6446858
4,1,9243,completed,6447609
4,1,9244,completed,6447900
4,1,9245,completed,5871360
4,1,9246,completed,5873735
4,1,9247,completed,5874235
4,1,9248,completed,5874901
4,1,9249,completed,5940734
4,1,9250,completed,5949401
4,1,9251,completed,5950985
4,1,9252,completed,5951359
4,1,9253,completed,6029109
4,1,9254,completed,6023693
4,1,9255,completed,6023902
4,1,9256,completed,6023901
4,1,9257,completed,6016443
4,1,9258,completed,6021026
4,1,9259,completed,6022818
4,1,9260,completed,6024359
4,1,9261,completed,5949818
4,1,9262,completed,5948610
4,1,9263,completed,5948610
4,1,9264,completed,5948526
4,1,9265,completed,5823277
4,1,9266,completed,5831819
4,1,9267,completed,5832485
4,1,9268,completed,5832652
4,1,9269,completed,7059774
4,1,9270,completed,7073315
4,1,9271,completed,7074690
4,1,9272,completed,7076315
4,1,9273,completed,6003485
4,1,9274,completed,6000068
4,1,9275,completed,6000609
4,1,9276,completed,6000860
4,1,9277,completed,6009776
4,1,9278,completed,6016276
4,1,9279,completed,6019026
4,1,9280,completed,6021401
4,1,9281,completed,5896569
4,1,9282,completed,5905068
4,1,9283,completed,5910360
4,1,9284,completed,5914818
4,1,9285,completed,6022152
4,1,9286,completed,6024443
4,1,9287,completed,6020860
4,1,9288,completed,6017360
4,1,9289,completed,5835985
4,1,9290,completed,5832069
4,1,9291,completed,5832777
4,1,9292,completed,5833860
4,1,9293,completed,5882985
4,1,9294,completed,5891776
4,1,9295,completed,5896151
4,1,9296,completed,5901526
4,1,9297,completed,5919444
4,1,9298,completed,5939485
4,1,9299,completed,5946110
4,1,9300,completed,5953360
4,1,9301,completed,5895610
4,1,9302,completed,5903234
4,1,9303,completed,5906610
4,1,9304,completed,5906860
4,1,9305,completed,6362275
4,1,9306,completed,6347276
4,1,9307,completed,6335567
4,1,9308,completed,6325567
4,1,9309,completed,6007318
4,1,9310,completed,6022443
4,1,9311,completed,6024068
4,1,9312,completed,6024693
4,1,9313,completed,5984860
4,1,9314,completed,5991777
4,1,9315,completed,6001693
4,1,9316,completed,6012026
4,1,9317,completed,5995568
4,1,9318,completed,5996276
4,1,9319,completed,5987152
4,1,9320,completed,5975777
4,1,9321,completed,6006734
4,1,9322,completed,6003110
4,1,9323,completed,6004610
4,1,9324,completed,6006276
4,1,9325,completed,5964860
4,1,9326,completed,5965443
4,1,9327,completed,5965652
4,1,9328,completed,5966069
4,1,9329,completed,5981860
4,1,9330,completed,6003318
4,1,9331,completed,6013485
4,1,9332,completed,6025776
4,1,9333,completed,5763527
4,1,9334,completed,5776027
4,1,9335,completed,5774402
4,1,9336,completed,5772485
4,1,9337,completed,6257318
4,1,9338,completed,6262942
4,1,9339,completed,6254901
4,1,9340,completed,6246276
4,1,9341,completed,5945776
4,1,9342,completed,5948943
4,1,9343,completed,5957984
4,1,9344,completed,5964443
4,1,9345,completed,5976943
4,1,9346,completed,5984776
4,1,9347,completed,5982318
4,1,9348,completed,5980276
4,1,9349,completed,6115484
4,1,9350,completed,6117067
4,1,9351,completed,6113734
4,1,9352,completed,6110359
4,1,9353,completed,5863652
4,1,9354,completed,5878735
4,1,9355,completed,5881068
4,1,9356,completed,5881860
4,1,9357,completed,5958568
4,1,9358,completed,5963485
4,1,9359,completed,5975443
4,1,9360,completed,5986901
4,1,9361,completed,5982193
4,1,9362,completed,5970859
4,1,9363,completed,5960027
4,1,9364,completed,5949276
4,1,9365,completed,6016234
4,1,9366,completed,6044651
4,1,9367,completed,6047317
4,1,9368,completed,6049776
4,1,9369,completed,5942402
4,1,9370,completed,5931943
4,1,9371,completed,5942693
4,1,9372,completed,5952943
4,1,9373,completed,5774319
4,1,9374,completed,5764485
4,1,9375,completed,5754319
4,1,9376,completed,5744027
4,1,9377,completed,6176276
4,1,9378,completed,6198067
4,1,9379,completed,6208609
4,1,9380,completed,6219901
4,1,9381,completed,5978110
4,1,9382,completed,5977526
4,1,9383,completed,5966526
4,1,9384,completed,5956068
4,1,9385,completed,6078610
4,1,9386,completed,6074901
4,1,9387,completed,6075859
4,1,9388,completed,6076734
4,1,9389,completed,5956819
4,1,9390,completed,5960068
4,1,9391,completed,5961235
4,1,9392,completed,5962152
4,1,9393,completed,5935485
4,1,9394,completed,5935526
4,1,9395,completed,5935860
4,1,9396,completed,5936110
4,1,9397,completed,6039068
4,1,9398,completed,6068151
4,1,9399,completed,6081901
4,1,9400,completed,6094359
4,1,9401,completed,5928193
4,1,9402,completed,5928026
4,1,9403,completed,5922360
4,1,9404,completed,5912359
4,1,9405,completed,6003692
4,1,9406,completed,5990359
4,1,9407,completed,5994943
4,1,9408,completed,5999276
4,1,9409,completed,6016652
4,1,9410,completed,6043443
4,1,9411,completed,6041651
4,1,9412,completed,6039526
4,1,9413,completed,5936068
4,1,9414,completed,5926443
4,1,9415,completed,5937735
4,1,9416,completed,5948193
4,1,9417,completed,6000943
4,1,9418,completed,6002235
4,1,9419,completed,5996234
4,1,9420,completed,5990610
4,1,9421,completed,5956901
4,1,9422,completed,5981318
4,1,9423,completed,5980359
4,1,9424,completed,5976985
4,1,9425,completed,5982026
4,1,9426,completed,5957568
4,1,9427,completed,5957026
4,1,9428,completed,5957610
4,1,9429,completed,6042276
4,1,9430,completed,6048026
4,1,9431,completed,6048901
4,1,9432,completed,6049859
4,1,9433,completed,5956777
4,1,9434,completed,5977568
4,1,9435,completed,5988943
4,1,9436,completed,6000151
4,1,9437,completed,5926693
4,1,9438,completed,5925110
4,1,9439,completed,5919068
4,1,9440,completed,5912069
4,1,9441,completed,6012110
4,1,9442,completed,6024985
4,1,9443,completed,6025276
4,1,9444,completed,6025735
4,1,9445,completed,5993859
4,1,9446,completed,6004734
4,1,9447,completed,6006485
4,1,9448,completed,6009401
4,1,9449,completed,5979984
4,1,9450,completed,5975485
4,1,9451,completed,5968860
4,1,9452,completed,5962318
4,1,9453,completed,5990027
4,1,9454,completed,6000234
4,1,9455,completed,6003151
4,1,9456,completed,6003818
4,1,9457,completed,6017651
4,1,9458,completed,6010359
4,1,9459,completed,6012526
4,1,9460,completed,6014902
4,1,9461,completed,5942402
4,1,9462,completed,5941734
4,1,9463,completed,5941901
4,1,9464,completed,5942401
4,1,9465,completed,5992818
4,1,9466,completed,6011527
4,1,9467,completed,6023068
4,1,9468,completed,6045401
4,1,9469,completed,5971068
4,1,9470,completed,5962026
4,1,9471,completed,5942109
4,1,9472,completed,5932069
4,1,9473,completed,5975776
4,1,9474,completed,5975318
4,1,9475,completed,5975110
4,1,9476,completed,5975109
4,1,9477,completed,5980151
4,1,9478,completed,5984693
4,1,9479,completed,5985485
4,1,9480,completed,5985860
4,1,9481,completed,5963360
4,1,9482,completed,5962151
4,1,9483,completed,5962526
4,1,9484,completed,5962651
4,1,9485,completed,5823860
4,1,9486,completed,5829444
4,1,9487,completed,5829902
4,1,9488,completed,5830693
4,1,9489,completed,6206526
4,1,9490,completed,6213234
4,1,9491,completed,6215276
4,1,9492,completed,6216525
4,1,9493,completed,5552819
4,1,9494,completed,5549444
4,1,9495,completed,5550819
4,1,9496,completed,5551110
4,1,9497,completed,6402567
4,1,9498,completed,6398942
4,1,9499,completed,6400359
4,1,9500,completed,6401942
4,1,9501,completed,6085901
4,1,9502,completed,6092735
4,1,9503,completed,6093859
4,1,9504,completed,6095526
4,1,9505,completed,5568111
4,1,9506,completed,5560777
4,1,9507,completed,5565194
4,1,9508,completed,5569236
4,1,9509,completed,5860693
4,1,9510,completed,5885110
4,1,9511,completed,5883444
4,1,9512,completed,5881235
4,1,9513,completed,6366192
4,1,9514,completed,6366942
4,1,9515,completed,6369817
4,1,9516,completed,6371358
4,1,9517,completed,6003318
4,1,9518,completed,5978735
4,1,9519,completed,5977984
4,1,9520,completed,5978193
4,1,9521,completed,6005943
4,1,9522,completed,6022359
4,1,9523,completed,6024317
4,1,9524,completed,6027109
4,1,9525,completed,5961026
4,1,9526,completed,5973985
4,1,9527,completed,5974527
4,1,9528,completed,5975026
4,1,9529,completed,5970276
4,1,9530,completed,5960651
4,1,9531,completed,5960610
4,1,9532,completed,5960943
4,1,9533,completed,6064402
4,1,9534,completed,6068234
4,1,9535,completed,6069818
4,1,9536,completed,6071651
4,1,9537,completed,5896110
4,1,9538,completed,5896026
4,1,9539,completed,5895860
4,1,9540,completed,5895860
4,1,9541,completed,6133234
4,1,9542,completed,6163442
4,1,9543,completed,6167485
4,1,9544,completed,6169026
4,1,9545,completed,5639027
4,1,9546,completed,5612818
4,1,9547,completed,5618277
4,1,9548,completed,5625069
4,1,9549,completed,6245484
4,1,9550,completed,6240609
4,1,9551,completed,6234234
4,1,9552,completed,6227526
4,1,9553,completed,5920568
4,1,9554,completed,5932360
4,1,9555,completed,5933735
4,1,9556,completed,5934818
4,1,9557,completed,5999818
4,1,9558,completed,6024276
4,1,9559,completed,6035151
4,1,9560,completed,6045693
4,1,9561,completed,6095734
4,1,9562,completed,6085360
4,1,9563,completed,6075110
4,1,9564,completed,6063193
4,1,9565,completed,5875943
4,1,9566,completed,5901402
4,1,9567,completed,5913776
4,1,9568,completed,5925235
4,1,9569,completed,5974068
4,1,9570,completed,5965068
4,1,9571,completed,5955110
4,1,9572,completed,5945484
4,1,9573,completed,5996277
4,1,9574,completed,6010151
4,1,9575,completed,6020943
4,1,9576,completed,6032068
4,1,9577,completed,5836776
4,1,9578,completed,5828277
4,1,9579,completed,5818235
4,1,9580,completed,5808235
4,1,9581,completed,6067609
4,1,9582,completed,6083110
4,1,9583,completed,6083901
4,1,9584,completed,6083776
4,1,9585,completed,6069734
4,1,9586,completed,6058109
4,1,9587,completed,6055985
4,1,9588,completed,6060234
4,1,9589,completed,6038359
4,1,9590,completed,6036776
4,1,9591,completed,6032942
4,1,9592,completed,6029734
4,1,9593,completed,5897901
4,1,9594,completed,5907444
4,1,9595,completed,5908777
4,1,9596,completed,5910568
4,1,9597,completed,6022734
4,1,9598,completed,6027317
4,1,9599,completed,6028026
4,1,9600,completed,6028693
4,1,9601,completed,5771402
4,1,9602,completed,5785818
4,1,9603,completed,5791985
4,1,9604,completed,5799319
4,1,9605,completed,6186442
4,1,9606,completed,6184317
4,1,9607,completed,6178109
4,1,9608,completed,6173151
4,1,9609,completed,5977485
4,1,9610,completed,6000985
4,1,9611,completed,6015402
4,1,9612,completed,6027277
4,1,9613,completed,5948152
4,1,9614,completed,5934568
4,1,9615,completed,5923901
4,1,9616,completed,5915485
4,1,9617,completed,6041402
4,1,9618,completed,6044610
4,1,9619,completed,6044943
4,1,9620,completed,6045402
4,1,9621,completed,6002693
4,1,9622,completed,6004901
4,1,9623,completed,6006443
4,1,9624,completed,6007860
4,1,9625,completed,5936694
4,1,9626,completed,5943818
4,1,9627,completed,5945984
4,1,9628,completed,5946401
4,1,9629,completed,5932777
4,1,9630,completed,5931735
4,1,9631,completed,5936526
4,1,9632,completed,5940985
4,1,9633,completed,6024734
4,1,9634,completed,6025359
4,1,9635,completed,6022276
4,1,9636,completed,6019193
4,1,9637,completed,5933735
4,1,9638,completed,5943235
4,1,9639,completed,5948444
4,1,9640,completed,5953693
4,1,9641,completed,5953652
4,1,9642,completed,5953277
4,1,9643,completed,5948693
4,1,9644,completed,5944068
4,1,9645,completed,6040693
4,1,9646,completed,6048943
4,1,9647,completed,6050735
4,1,9648,completed,6051901
4,1,9649,completed,5972901
4,1,9650,completed,5968068
4,1,9651,completed,5973276
4,1,9652,completed,5978277
4,1,9653,completed,6013527
4,1,9654,completed,6029484
4,1,9655,completed,6026235
4,1,9656,completed,6022235
4,1,9657,completed,5952735
4,1,9658,completed,5950651
4,1,9659,completed,5960776
4,1,9660,completed,5968943
4,1,9661,completed,6210859
4,1,9662,completed,6207318
4,1,9663,completed,6199484
4,1,9664,completed,6193151
4,1,9665,completed,5840068
4,1,9666,completed,5853651
4,1,9667,completed,5864443
4,1,9668,completed,5876444
4,1,9669,completed,5927151
4,1,9670,completed,5932985
4,1,9671,completed,5923652
4,1,9672,completed,5913651
4,1,9673,completed,6129151
4,1,9674,completed,6115776
4,1,9675,completed,6115609
4,1,9676,completed,6116068
4,1,9677,completed,5881651
4,1,9678,completed,5890777
4,1,9679,completed,5892443
4,1,9680,completed,5893943
4,1,9681,completed,6994399
4,1,9682,completed,7001690
4,1,9683,completed,7007857
4,1,9684,completed,7013024
4,1,9685,completed,5931693
4,1,9686,completed,5931485
4,1,9687,completed,5926068
4,1,9688,completed,5920734
4,1,9689,completed,5847485
4,1,9690,completed,5857527
4,1,9691,completed,5859985
4,1,9692,completed,5860901
4,1,9693,completed,6077068
4,1,9694,completed,6078276
4,1,9695,completed,6083318
4,1,9696,completed,6089109
4,1,9697,completed,5794693
4,1,9698,completed,5794361
4,1,9699,completed,5789193
4,1,9700,completed,5784152
4,1,9701,completed,5929527
4,1,9702,completed,5929360
4,1,9703,completed,5930985
4,1,9704,completed,5932651
4,1,9705,completed,5915026
4,1,9706,completed,5916110
4,1,9707,completed,5916235
4,1,9708,completed,5916235
4,1,9709,completed,6302317
4,1,9710,completed,6317275
4,1,9711,completed,6318401
4,1,9712,completed,6318650
4,1,9713,completed,6059734
4,1,9714,completed,6057026
4,1,9715,completed,6058651
4,1,9716,completed,6061151
4,1,9717,completed,5376278
4,1,9718,completed,5382570
4,1,9719,completed,5383153
4,1,9720,completed,5383569
4,1,9721,completed,6553400
4,1,9722,completed,6562816
4,1,9723,completed,6564649
4,1,9724,completed,6566691
4,1,9725,completed,5943027
4,1,9726,completed,5963735
4,1,9727,completed,5965776
4,1,9728,completed,5966235
4,1,9729,completed,6036485
4,1,9730,completed,6029193
4,1,9731,completed,6029693
4,1,9732,completed,6030527
4,1,9733,completed,5900152
4,1,9734,completed,5899193
4,1,9735,completed,5906068
4,1,9736,completed,5913276
4,1,9737,completed,5977110
4,1,9738,completed,5971568
4,1,9739,completed,5965234
4,1,9740,completed,5959193
4,1,9741,completed,6015818
4,1,9742,completed,6019027
4,1,9743,completed,6019735
4,1,9744,completed,6020776
4,1,9745,completed,5944901
4,1,9746,completed,5943860
4,1,9747,completed,5945693
4,1,9748,completed,5947401
4,1,9749,completed,6014818
4,1,9750,completed,6015526
4,1,9751,completed,6015485
4,1,9752,completed,6015693
4,1,9753,completed,5969526
4,1,9754,completed,5977026
4,1,9755,completed,5978193
4,1,9756,completed,5979026
4,1,9757,completed,5967776
4,1,9758,completed,5981484
4,1,9759,completed,5993151
4,1,9760,completed,6004651
4,1,9761,completed,6016193
4,1,9762,completed,6009151
4,1,9763,completed,5998401
4,1,9764,completed,5987693
4,1,9765,completed,5957401
4,1,9766,completed,5963193
4,1,9767,completed,5964818
4,1,9768,completed,5967401
4,1,9769,completed,5925860
4,1,9770,completed,5932652
4,1,9771,completed,5937735
4,1,9772,completed,5942235
4,1,9773,completed,6008110
4,1,9774,completed,6005277
4,1,9775,completed,6001110
4,1,9776,completed,5997568
4,1,9777,completed,6033901
4,1,9778,completed,6039651
4,1,9779,completed,6040776
4,1,9780,completed,6042360
4,1,9781,completed,5916527
4,1,9782,completed,5908818
4,1,9783,completed,5912943
4,1,9784,completed,5917110
4,1,9785,completed,6037318
4,1,9786,completed,6041026
4,1,9787,completed,6038443
4,1,9788,completed,6035776
4,1,9789,completed,5975860
4,1,9790,completed,5978651
4,1,9791,completed,5979985
4,1,9792,completed,5981527
4,1,9793,completed,5963193
4,1,9794,completed,5962735
4,1,9795,completed,5962776
4,1,9796,completed,5962860
4,1,9797,completed,5998235
4,1,9798,completed,6021152
4,1,9799,completed,6033109
4,1,9800,completed,6044484
4,1,9801,completed,5965276
4,1,9802,completed,5965860
4,1,9803,completed,5963485
4,1,9804,completed,5960818
4,1,9805,completed,6010859
4,1,9806,completed,6006276
4,1,9807,completed,5998402
4,1,9808,completed,5990609
4,1,9809,completed,6113109
4,1,9810,completed,6117943
4,1,9811,completed,6118776
4,1,9812,completed,6119942
4,1,9813,completed,5862860
4,1,9814,completed,5877485
4,1,9815,completed,5891985
4,1,9816,completed,5904110
4,1,9817,completed,6093776
4,1,9818,completed,6089026
4,1,9819,completed,6077276
4,1,9820,completed,6066526
4,1,9821,completed,5955526
4,1,9822,completed,5955109
4,1,9823,completed,5957235
4,1,9824,completed,5959651
4,1,9825,completed,5942610
4,1,9826,completed,5951860
4,1,9827,completed,5952568
4,1,9828,completed,5953318
4,1,9829,completed,5985110
4,1,9830,completed,6000651
4,1,9831,completed,6002401
4,1,9832,completed,6004110
4,1,9833,completed,5996735
4,1,9834,completed,5976026
4,1,9835,completed,5976151
4,1,9836,completed,5976610
4,1,9837,completed,5953401
4,1,9838,completed,5955901
4,1,9839,completed,5956776
4,1,9840,completed,5957818
4,1,9841,completed,5930193
4,1,9842,completed,5939735
4,1,9843,completed,5945318
4,1,9844,completed,5950026
4,1,9845,completed,5956276
4,1,9846,completed,5959652
4,1,9847,completed,5959401
4,1,9848,completed,5958776
4,1,9849,completed,6017942
4,1,9850,completed,6016110
4,1,9851,completed,6012526
4,1,9852,completed,6008859
4,1,9853,completed,5891068
4,1,9854,completed,5899026
4,1,9855,completed,5901443
4,1,9856,completed,5903776
4,1,9857,completed,6059734
4,1,9858,completed,6076192
4,1,9859,completed,6087151
4,1,9860,completed,6098234
4,1,9861,completed,5973985
4,1,9862,completed,5971151
4,1,9863,completed,5962318
4,1,9864,completed,5951609
4,1,9865,completed,6121401
4,1,9866,completed,6122859
4,1,9867,completed,6129651
4,1,9868,completed,6136276
4,1,9869,completed,5541902
4,1,9870,completed,5536819
4,1,9871,completed,5530777
4,1,9872,completed,5525153
4,1,9873,completed,6308775
4,1,9874,completed,6314151
4,1,9875,completed,6314609
4,1,9876,completed,6315192
4,1,9877,completed,5994943
4,1,9878,completed,6009651
4,1,9879,completed,6012068
4,1,9880,completed,6012943
4,1,9881,completed,5768235
4,1,9882,completed,5763485
4,1,9883,completed,5768777
4,1,9884,completed,5774318
4,1,9885,completed,6235443
4,1,9886,completed,6245776
4,1,9887,completed,6241984
4,1,9888,completed,6237109
4,1,9889,completed,5638653
4,1,9890,completed,5630277
4,1,9891,completed,5630569
4,1,9892,completed,5631652
4,1,9893,completed,6286775
4,1,9894,completed,6287901
4,1,9895,completed,6288358
4,1,9896,completed,6288858
4,1,9897,completed,6013943
4,1,9898,completed,6042276
4,1,9899,completed,6045276
4,1,9900,completed,6047360
4,1,9901,completed,6004151
4,1,9902,completed,5984318
4,1,9903,completed,5985026
4,1,9904,completed,5986026
4,1,9905,completed,5430236
4,1,9906,completed,5428902
4,1,9907,completed,5428777
4,1,9908,completed,5428986
4,1,9909,completed,6465066
4,1,9910,completed,6480734
4,1,9911,completed,6492150
4,1,9912,completed,6502984
4,1,9913,completed,6016776
4,1,9914,completed,6020985
4,1,9915,completed,6020401
4,1,9916,completed,6020693
4,1,9917,completed,5997693
4,1,9918,completed,6004568
4,1,9919,completed,6000360
4,1,9920,completed,5994818
4,1,9921,completed,5987359
4,1,9922,completed,5983026
4,1,9923,completed,5977818
4,1,9924,completed,5973235
4,1,9925,completed,5985151
4,1,9926,completed,5989526
4,1,9927,completed,5990527
4,1,9928,completed,5991568
4,1,9929,completed,5981484
4,1,9930,completed,5984359
4,1,9931,completed,5985110
4,1,9932,completed,5985734
4,1,9933,completed,5994151
4,1,9934,completed,6013109
4,1,9935,completed,6014484
4,1,9936,completed,6015818
4,1,9937,completed,6066360
4,1,9938,completed,6057109
4,1,9939,completed,6058026
4,1,9940,completed,6058859
4,1,9941,completed,6044360
4,1,9942,completed,6051568
4,1,9943,completed,6052484
4,1,9944,completed,6053693
4,1,9945,completed,5862985
4,1,9946,completed,5858818
4,1,9947,completed,5870651
4,1,9948,completed,5881985
4,1,9949,completed,6007318
4,1,9950,completed,5997610
4,1,9951,completed,5986610
4,1,9952,completed,5976735
4,1,9953,completed,5930693
4,1,9954,completed,5935943
4,1,9955,completed,5936985
4,1,9956,completed,5938235
4,1,9957,completed,6011860
4,1,9958,completed,6006735
4,1,9959,completed,6007984
4,1,9960,completed,6009276
4,1,9961,completed,5949652
4,1,9962,completed,5966901
4,1,9963,completed,5975318
4,1,9964,completed,5983901
4,1,9965,completed,5984818
4,1,9966,completed,5995651
4,1,9967,completed,5989568
4,1,9968,completed,5982485
4,1,9969,completed,5955901
4,1,9970,completed,5956443
4,1,9971,completed,5962360
4,1,9972,completed,5967901
4,1,9973,completed,5990401
4,1,9974,completed,6001401
4,1,9975,completed,6003526
4,1,9976,completed,6004151
4,1,9977,completed,6014360
4,1,9978,completed,6011818
4,1,9979,completed,6006652
4,1,9980,completed,6001193
4,1,9981,completed,5966276
4,1,9982,completed,5974651
4,1,9983,completed,5976735
4,1,9984,completed,5977693
4,1,9985,completed,6014193
4,1,9986,completed,6006067
4,1,9987,completed,6006609
4,1,9988,completed,6007276
4,1,9989,completed,5733818
4,1,9990,completed,5750444
4,1,9991,completed,5752152
4,1,9992,completed,5753236
4,1,9993,completed,6379692
4,1,9994,completed,6369359
4,1,9995,completed,6369692
4,1,9996,completed,6370067
4,1,9997,completed,5855443
4,1,9998,completed,5851194
4,1,9999,completed,5852069
4,1,10000,completed,5853443
