limit,round,id,result,latency_ns
4,3,1,completed,7547814
4,3,2,completed,7583063
4,3,3,completed,7588481
4,3,4,completed,7593814
4,3,5,completed,5841902
4,3,6,completed,5853444
4,3,7,completed,5855610
4,3,8,completed,5858027
4,3,9,completed,6085984
4,3,10,completed,6104235
4,3,11,completed,6103276
4,3,12,completed,6101776
4,3,13,completed,6024276
4,3,14,completed,6023109
4,3,15,completed,6023526
4,3,16,completed,6023734
4,3,17,completed,5971110
4,3,18,completed,5977776
4,3,19,completed,5979110
4,3,20,completed,5980151
4,3,21,completed,5992943
4,3,22,completed,5999652
4,3,23,completed,5998693
4,3,24,completed,5997776
4,3,25,completed,6145735
4,3,26,completed,6145401
4,3,27,completed,6140484
4,3,28,completed,6135568
4,3,29,completed,5873110
4,3,30,completed,5876777
4,3,31,completed,5878360
4,3,32,completed,5880318
4,3,33,completed,5986193
4,3,34,completed,5987860
4,3,35,completed,5988026
4,3,36,completed,5988276
4,3,37,completed,5987276
4,3,38,completed,5977860
4,3,39,completed,5977985
4,3,40,completed,5978860
4,3,41,completed,5971276
4,3,42,completed,5996193
4,3,43,completed,5998859
4,3,44,completed,5979734
4,3,45,completed,5959235
4,3,46,completed,5955152
4,3,47,completed,5960485
4,3,48,completed,5966193
4,3,49,completed,6120234
4,3,50,completed,6126609
4,3,51,completed,6121693
4,3,52,completed,6118109
4,3,53,completed,5831735
4,3,54,completed,5826068
4,3,55,completed,5826277
4,3,56,completed,5826360
4,3,57,completed,5889610
4,3,58,completed,5891985
4,3,59,completed,5875277
4,3,60,completed,5876151
4,3,61,completed,6124609
4,3,62,completed,6129401
4,3,63,completed,6134068
4,3,64,completed,6138276
4,3,65,completed,5945985
4,3,66,completed,5959651
4,3,67,completed,5960151
4,3,68,completed,5961109
4,3,69,completed,6000776
4,3,70,completed,6000443
4,3,71,completed,5995943
4,3,72,completed,5991068
4,3,73,completed,5913027
4,3,74,completed,5916735
4,3,75,completed,5917485
4,3,76,completed,5918902
4,3,77,completed,5996235
4,3,78,completed,5996110
4,3,79,completed,5996401
4,3,80,completed,5996610
4,3,81,completed,6115235
4,3,82,completed,6117984
4,3,83,completed,6118317
4,3,84,completed,6119484
4,3,85,completed,5837277
4,3,86,completed,5829069
4,3,87,completed,5829860
4,3,88,completed,5830401
4,3,89,completed,6036318
4,3,90,completed,6054068
4,3,91,completed,6059276
4,3,92,completed,6064110
4,3,93,completed,5950568
4,3,94,completed,5966818
4,3,95,completed,5964234
4,3,96,completed,5960735
4,3,97,completed,5746485
4,3,98,completed,5821235
4,3,99,completed,5832985
4,3,100,completed,5838902
4,3,101,completed,6161401
4,3,102,completed,6139818
4,3,103,completed,6141776
4,3,104,completed,6144401
4,3,105,completed,5996193
4,3,106,completed,6003610
4,3,107,completed,6003276
4,3,108,completed,6003027
4,3,109,completed,5986151
4,3,110,completed,5980985
4,3,111,completed,5974193
4,3,112,completed,5967943
4,3,113,completed,5995401
4,3,114,completed,6015026
4,3,115,completed,6021192
4,3,116,completed,6026276
4,3,117,completed,5963235
4,3,118,completed,5971901
4,3,119,completed,5971901
4,3,120,completed,5971818
4,3,121,completed,6073067
4,3,122,completed,6076276
4,3,123,completed,6072151
4,3,124,completed,6068193
4,3,125,completed,5592778
4,3,126,completed,5597236
4,3,127,completed,5597986
4,3,128,completed,5599069
4,3,129,completed,6278192
4,3,130,completed,6291568
4,3,131,completed,6296151
4,3,132,completed,6300568
4,3,133,completed,6042693
4,3,134,completed,6055234
4,3,135,completed,6051318
4,3,136,completed,6047152
4,3,137,completed,5969943
4,3,138,completed,5942235
4,3,139,completed,5934318
4,3,140,completed,5931985
4,3,141,completed,6001068
4,3,142,completed,5999652
4,3,143,completed,6000234
4,3,144,completed,6000901
4,3,145,completed,5912193
4,3,146,completed,5883068
4,3,147,completed,5873985
4,3,148,completed,5865485
4,3,149,completed,6052901
4,3,150,completed,6056692
4,3,151,completed,6057109
4,3,152,completed,6058026
4,3,153,completed,5993651
4,3,154,completed,5993985
4,3,155,completed,5998527
4,3,156,completed,6003818
4,3,157,completed,13308466
4,3,158,completed,13310549
4,3,159,completed,13306383
4,3,160,completed,13301090
4,3,161,completed,7491897
4,3,162,completed,7502231
4,3,163,completed,7503356
4,3,164,completed,7503981
4,3,165,completed,5946027
4,3,166,completed,5940402
4,3,167,completed,5940818
4,3,168,completed,5941318
4,3,169,completed,5852318
4,3,170,completed,5860985
4,3,171,completed,5861360
4,3,172,completed,5861526
4,3,173,completed,6242484
4,3,174,completed,6258109
4,3,175,completed,6258692
4,3,176,completed,6259442
4,3,177,completed,10320974
4,3,178,completed,10335599
4,3,179,completed,10336849
4,3,180,completed,10337307
4,3,181,completed,6744483
4,3,182,completed,6765441
4,3,183,completed,6765858
4,3,184,completed,6766400
4,3,185,completed,5497569
4,3,186,completed,5507944
4,3,187,completed,5509027
4,3,188,completed,5509444
4,3,189,completed,6506941
4,3,190,completed,6513566
4,3,191,completed,6513650
4,3,192,completed,6513983
4,3,193,completed,5940151
4,3,194,completed,5955901
4,3,195,completed,5956527
4,3,196,completed,5956860
4,3,197,completed,5957401
4,3,198,completed,5964110
4,3,199,completed,5965027
4,3,200,completed,5965901
4,3,201,completed,5408402
4,3,202,completed,5492611
4,3,203,completed,5493694
4,3,204,completed,5494152
4,3,205,completed,6381609
4,3,206,completed,6401109
4,3,207,completed,6401692
4,3,208,completed,6401776
4,3,209,completed,7659814
4,3,210,completed,7675688
4,3,211,completed,7681105
4,3,212,completed,7686688
4,3,213,completed,6088526
4,3,214,completed,6090942
4,3,215,completed,6086443
4,3,216,completed,6082068
4,3,217,completed,5276320
4,3,218,completed,5285694
4,3,219,completed,5291153
4,3,220,completed,5298070
4,3,221,completed,6499358
4,3,222,completed,6509858
4,3,223,completed,6505484
4,3,224,completed,6499733
4,3,225,completed,6029109
4,3,226,completed,6020443
4,3,227,completed,6020776
4,3,228,completed,6021110
4,3,229,completed,5937777
4,3,230,completed,5943526
4,3,231,completed,5944943
4,3,232,completed,5944901
4,3,233,completed,6020276
4,3,234,completed,6022109
4,3,235,completed,6026776
4,3,236,completed,6032068
4,3,237,completed,6074693
4,3,238,completed,6075152
4,3,239,completed,6071485
4,3,240,completed,6067485
4,3,241,completed,5887402
4,3,242,completed,5888860
4,3,243,completed,5889526
4,3,244,completed,5890777
4,3,245,completed,5985359
4,3,246,completed,6015693
4,3,247,completed,6022901
4,3,248,completed,6028360
4,3,249,completed,6063026
4,3,250,completed,6085026
4,3,251,completed,6092067
4,3,252,completed,6099068
4,3,253,completed,5463569
4,3,254,completed,5472819
4,3,255,completed,5466028
4,3,256,completed,5459903
4,3,257,completed,6311859
4,3,258,completed,6326150
4,3,259,completed,6333026
4,3,260,completed,6338733
4,3,261,completed,5701319
4,3,262,completed,5707360
4,3,263,completed,5697735
4,3,264,completed,5687194
4,3,265,completed,6284359
4,3,266,completed,6280859
4,3,267,completed,6284359
4,3,268,completed,6288609
4,3,269,completed,6017735
4,3,270,completed,6028151
4,3,271,completed,6024234
4,3,272,completed,6020484
4,3,273,completed,6334026
4,3,274,completed,6331693
4,3,275,completed,6332984
4,3,276,completed,6333775
4,3,277,completed,5647403
4,3,278,completed,5665694
4,3,279,completed,5671653
4,3,280,completed,5676402
4,3,281,completed,5971109
4,3,282,completed,5980068
4,3,283,completed,5979651
4,3,284,completed,5980484
4,3,285,completed,5958610
4,3,286,completed,5981318
4,3,287,completed,5982818
4,3,288,completed,5982401
4,3,289,completed,5931943
4,3,290,completed,5932693
4,3,291,completed,5933734
4,3,292,completed,5933318
4,3,293,completed,5705569
4,3,294,completed,5708443
4,3,295,completed,5706652
4,3,296,completed,5703652
4,3,297,completed,6299401
4,3,298,completed,6302442
4,3,299,completed,6303484
4,3,300,completed,6304984
4,3,301,completed,5994568
4,3,302,completed,6012943
4,3,303,completed,6019776
4,3,304,completed,6025901
4,3,305,completed,6009234
4,3,306,completed,6026610
4,3,307,completed,6021943
4,3,308,completed,6015735
4,3,309,completed,5934526
4,3,310,completed,5933526
4,3,311,completed,5938234
4,3,312,completed,5942776
4,3,313,completed,6275983
4,3,314,completed,6303859
4,3,315,completed,6300526
4,3,316,completed,6297359
4,3,317,completed,5687777
4,3,318,completed,5704610
4,3,319,completed,5712319
4,3,320,completed,5718694
4,3,321,completed,6000568
4,3,322,completed,5998193
4,3,323,completed,5991776
4,3,324,completed,5985568
4,3,325,completed,6005776
4,3,326,completed,6006235
4,3,327,completed,6006860
4,3,328,completed,6007359
4,3,329,completed,6689858
4,3,330,completed,6688774
4,3,331,completed,6689525
4,3,332,completed,6689733
4,3,333,completed,7268482
4,3,334,completed,7279190
4,3,335,completed,7279607
4,3,336,completed,7279606
4,3,337,completed,5889735
4,3,338,completed,5917818
4,3,339,completed,5919110
4,3,340,completed,5920068
4,3,341,completed,5321736
4,3,342,completed,5325611
4,3,343,completed,5325570
4,3,344,completed,5325445
4,3,345,completed,6718482
4,3,346,completed,6732025
4,3,347,completed,6733149
4,3,348,completed,6733316
4,3,349,completed,5801235
4,3,350,completed,5824819
4,3,351,completed,5825818
4,3,352,completed,5826527
4,3,353,completed,7039315
4,3,354,completed,7038107
4,3,355,completed,7038774
4,3,356,completed,7038982
4,3,357,completed,6028568
4,3,358,completed,6028818
4,3,359,completed,6031234
4,3,360,completed,6032776
4,3,361,completed,5786944
4,3,362,completed,5796694
4,3,363,completed,5799151
4,3,364,completed,5799860
4,3,365,completed,6019943
4,3,366,completed,6001068
4,3,367,completed,6000985
4,3,368,completed,6001276
4,3,369,completed,5814943
4,3,370,completed,5842402
4,3,371,completed,5853485
4,3,372,completed,5863860
4,3,373,completed,6091276
4,3,374,completed,6081109
4,3,375,completed,6071276
4,3,376,completed,6061318
4,3,377,completed,6044776
4,3,378,completed,6049026
4,3,379,completed,6050193
4,3,380,completed,6050817
4,3,381,completed,6003235
4,3,382,completed,6024609
4,3,383,completed,6032526
4,3,384,completed,6040276
4,3,385,completed,5327778
4,3,386,completed,5330444
4,3,387,completed,5327528
4,3,388,completed,5324903
4,3,389,completed,6531817
4,3,390,completed,6549483
4,3,391,completed,6556816
4,3,392,completed,6560399
4,3,393,completed,5985693
4,3,394,completed,5990318
4,3,395,completed,5965984
4,3,396,completed,5972401
4,3,397,completed,5966818
4,3,398,completed,5959735
4,3,399,completed,5952818
4,3,400,completed,5945985
4,3,401,completed,6132193
4,3,402,completed,6137692
4,3,403,completed,6138234
4,3,404,completed,6139234
4,3,405,completed,5972443
4,3,406,completed,5993943
4,3,407,completed,6008235
4,3,408,completed,6020318
4,3,409,completed,5918569
4,3,410,completed,5922360
4,3,411,completed,5912693
4,3,412,completed,5901651
4,3,413,completed,6036567
4,3,414,completed,6029026
4,3,415,completed,6030485
4,3,416,completed,6032318
4,3,417,completed,5393778
4,3,418,completed,5418403
4,3,419,completed,5431861
4,3,420,completed,5442569
4,3,421,completed,6030568
4,3,422,completed,6017110
4,3,423,completed,6005568
4,3,424,completed,5994568
4,3,425,completed,6455692
4,3,426,completed,6463358
4,3,427,completed,6465858
4,3,428,completed,6467317
4,3,429,completed,5908194
4,3,430,completed,5904068
4,3,431,completed,5904443
4,3,432,completed,5903485
4,3,433,completed,6077651
4,3,434,completed,6074067
4,3,435,completed,6074442
4,3,436,completed,6074942
4,3,437,completed,6000235
4,3,438,completed,6021443
4,3,439,completed,6028943
4,3,440,completed,6036442
4,3,441,completed,5878109
4,3,442,completed,5879359
4,3,443,completed,5874193
4,3,444,completed,5867318
4,3,445,completed,6050151
4,3,446,completed,6046109
4,3,447,completed,6047693
4,3,448,completed,6049151
4,3,449,completed,5937652
4,3,450,completed,5952443
4,3,451,completed,5956901
4,3,452,completed,5960943
4,3,453,completed,6012652
4,3,454,completed,6022734
4,3,455,completed,6020193
4,3,456,completed,6016276
4,3,457,completed,5952235
4,3,458,completed,5964651
4,3,459,completed,5975152
4,3,460,completed,5986777
4,3,461,completed,5611402
4,3,462,completed,5638319
4,3,463,completed,5639735
4,3,464,completed,5649736
4,3,465,completed,6366067
4,3,466,completed,6372234
4,3,467,completed,6350984
4,3,468,completed,6339150
4,3,469,completed,5617778
4,3,470,completed,5636527
4,3,471,completed,5645194
4,3,472,completed,5656069
4,3,473,completed,5770402
4,3,474,completed,5790693
4,3,475,completed,5782485
4,3,476,completed,5774276
4,3,477,completed,6461817
4,3,478,completed,6463400
4,3,479,completed,6463400
4,3,480,completed,6463192
4,3,481,completed,6004401
4,3,482,completed,6017277
4,3,483,completed,6018234
4,3,484,completed,6019068
4,3,485,completed,5936693
4,3,486,completed,5951068
4,3,487,completed,5951527
4,3,488,completed,5951734
4,3,489,completed,6053109
4,3,490,completed,6083151
4,3,491,completed,6085234
4,3,492,completed,6086943
4,3,493,completed,5853568
4,3,494,completed,5859944
4,3,495,completed,5860027
4,3,496,completed,5836277
4,3,497,completed,5909694
4,3,498,completed,5920235
4,3,499,completed,5921401
4,3,500,completed,5921818
4,3,501,completed,5999234
4,3,502,completed,6013902
4,3,503,completed,6014735
4,3,504,completed,6014985
4,3,505,completed,6843399
4,3,506,completed,6844691
4,3,507,completed,6846441
4,3,508,completed,6848316
4,3,509,completed,5968359
4,3,510,completed,5965485
4,3,511,completed,5969985
4,3,512,completed,5974151
4,3,513,completed,5976735
4,3,514,completed,5988735
4,3,515,completed,5991484
4,3,516,completed,5994193
4,3,517,completed,5637236
4,3,518,completed,5650569
4,3,519,completed,5650277
4,3,520,completed,5648069
4,3,521,completed,6331817
4,3,522,completed,6330359
4,3,523,completed,6325943
4,3,524,completed,6322026
4,3,525,completed,5992193
4,3,526,completed,5995942
4,3,527,completed,5996776
4,3,528,completed,5998027
4,3,529,completed,5966693
4,3,530,completed,5968777
4,3,531,completed,5968735
4,3,532,completed,5968901
4,3,533,completed,6088985
4,3,534,completed,6098234
4,3,535,completed,6098859
4,3,536,completed,6100110
4,3,537,completed,5899485
4,3,538,completed,5906027
4,3,539,completed,5917777
4,3,540,completed,5929819
4,3,541,completed,5960068
4,3,542,completed,5949651
4,3,543,completed,5938693
4,3,544,completed,5927984
4,3,545,completed,6089110
4,3,546,completed,6098651
4,3,547,completed,6100817
4,3,548,completed,6102568
4,3,549,completed,5364070
4,3,550,completed,5366112
4,3,551,completed,5371153
4,3,552,completed,5376153
4,3,553,completed,6733566
4,3,554,completed,6733233
4,3,555,completed,6728316
4,3,556,completed,6723274
4,3,557,completed,5820818
4,3,558,completed,5827277
4,3,559,completed,5828527
4,3,560,completed,5829860
4,3,561,completed,5926652
4,3,562,completed,5923484
4,3,563,completed,5928235
4,3,564,completed,5933026
4,3,565,completed,6043735
4,3,566,completed,6047526
4,3,567,completed,6043485
4,3,568,completed,6039193
4,3,569,completed,5902693
4,3,570,completed,5882610
4,3,571,completed,5887235
4,3,572,completed,5891069
4,3,573,completed,5963818
4,3,574,completed,5969526
4,3,575,completed,5966318
4,3,576,completed,5962443
4,3,577,completed,6008151
4,3,578,completed,6011527
4,3,579,completed,6012360
4,3,580,completed,6012735
4,3,581,completed,5961485
4,3,582,completed,5966818
4,3,583,completed,5972776
4,3,584,completed,5980152
4,3,585,completed,6055401
4,3,586,completed,6049401
4,3,587,completed,6042443
4,3,588,completed,6036776
4,3,589,completed,6006151
4,3,590,completed,6007776
4,3,591,completed,6008317
4,3,592,completed,6008776
4,3,593,completed,5927526
4,3,594,completed,5933318
4,3,595,completed,5934735
4,3,596,completed,5936068
4,3,597,completed,5960985
4,3,598,completed,5960818
4,3,599,completed,5960860
4,3,600,completed,5961109
4,3,601,completed,6000151
4,3,602,completed,6004068
4,3,603,completed,6005527
4,3,604,completed,6006693
4,3,605,completed,6573192
4,3,606,completed,6579566
4,3,607,completed,6580733
4,3,608,completed,6581775
4,3,609,completed,5448611
4,3,610,completed,5476486
4,3,611,completed,5488902
4,3,612,completed,5490028
4,3,613,completed,5956610
4,3,614,completed,5945776
4,3,615,completed,5935776
4,3,616,completed,5926277
4,3,617,completed,5952610
4,3,618,completed,5958527
4,3,619,completed,5966818
4,3,620,completed,5973943
4,3,621,completed,5620861
4,3,622,completed,5643985
4,3,623,completed,5645194
4,3,624,completed,5646069
4,3,625,completed,6300150
4,3,626,completed,6291359
4,3,627,completed,6282150
4,3,628,completed,6274067
4,3,629,completed,6093359
4,3,630,completed,6099026
4,3,631,completed,6100401
4,3,632,completed,6101151
4,3,633,completed,5953110
4,3,634,completed,5943943
4,3,635,completed,5945360
4,3,636,completed,5946485
4,3,637,completed,5527486
4,3,638,completed,5540902
4,3,639,completed,5548152
4,3,640,completed,5554153
4,3,641,completed,6064776
4,3,642,completed,6060817
4,3,643,completed,6055276
4,3,644,completed,6049693
4,3,645,completed,6278900
4,3,646,completed,6303442
4,3,647,completed,6305150
4,3,648,completed,6306192
4,3,649,completed,6016902
4,3,650,completed,6001068
4,3,651,completed,6002235
4,3,652,completed,6003193
4,3,653,completed,5969318
4,3,654,completed,5970277
4,3,655,completed,5971151
4,3,656,completed,5972193
4,3,657,completed,6054776
4,3,658,completed,6063317
4,3,659,completed,6064526
4,3,660,completed,6065859
4,3,661,completed,5927652
4,3,662,completed,5919319
4,3,663,completed,5919694
4,3,664,completed,5920401
4,3,665,completed,5945026
4,3,666,completed,5948360
4,3,667,completed,5949193
4,3,668,completed,5949818
4,3,669,completed,6074692
4,3,670,completed,6076859
4,3,671,completed,6077442
4,3,672,completed,6078151
4,3,673,completed,5313736
4,3,674,completed,5327695
4,3,675,completed,5335362
4,3,676,completed,5341736
4,3,677,completed,6563609
4,3,678,completed,6559609
4,3,679,completed,6554108
4,3,680,completed,6548359
4,3,681,completed,6015901
4,3,682,completed,6017984
4,3,683,completed,6020110
4,3,684,completed,6020860
4,3,685,completed,6029735
4,3,686,completed,6019068
4,3,687,completed,6020151
4,3,688,completed,6021068
4,3,689,completed,5690444
4,3,690,completed,5697027
4,3,691,completed,5698277
4,3,692,completed,5699527
4,3,693,completed,5916693
4,3,694,completed,5914943
4,3,695,completed,5925776
4,3,696,completed,5936443
4,3,697,completed,6296151
4,3,698,completed,6287776
4,3,699,completed,6278109
4,3,700,completed,6268151
4,3,701,completed,6001818
4,3,702,completed,6008651
4,3,703,completed,6010443
4,3,704,completed,6012526
4,3,705,completed,5594694
4,3,706,completed,5573569
4,3,707,completed,5573360
4,3,708,completed,5574278
4,3,709,completed,5749236
4,3,710,completed,5766485
4,3,711,completed,5769277
4,3,712,completed,5769985
4,3,713,completed,6569233
4,3,714,completed,6571191
4,3,715,completed,6578233
4,3,716,completed,6584983
4,3,717,completed,5894152
4,3,718,completed,5906026
4,3,719,completed,5907069
4,3,720,completed,5906568
4,3,721,completed,5890860
4,3,722,completed,5905818
4,3,723,completed,5910984
4,3,724,completed,5915318
4,3,725,completed,6150443
4,3,726,completed,6159901
4,3,727,completed,6156276
4,3,728,completed,6152276
4,3,729,completed,5711194
4,3,730,completed,5705319
4,3,731,completed,5699486
4,3,732,completed,5694069
4,3,733,completed,5764819
4,3,734,completed,5768652
4,3,735,completed,5789443
4,3,736,completed,5790111
4,3,737,completed,6384776
4,3,738,completed,6397984
4,3,739,completed,6404109
4,3,740,completed,6410692
4,3,741,completed,6022109
4,3,742,completed,6018235
4,3,743,completed,6013360
4,3,744,completed,6008401
4,3,745,completed,5900735
4,3,746,completed,5900985
4,3,747,completed,5901194
4,3,748,completed,5901026
4,3,749,completed,6060984
4,3,750,completed,6078693
4,3,751,completed,6089985
4,3,752,completed,6100652
4,3,753,completed,5993068
4,3,754,completed,5983818
4,3,755,completed,5974109
4,3,756,completed,5964276
4,3,757,completed,5666777
4,3,758,completed,5673069
4,3,759,completed,5674110
4,3,760,completed,5675319
4,3,761,completed,6397567
4,3,762,completed,6415817
4,3,763,completed,6425776
4,3,764,completed,6437025
4,3,765,completed,5947402
4,3,766,completed,5944443
4,3,767,completed,5935152
4,3,768,completed,5926569
4,3,769,completed,6068234
4,3,770,completed,6086234
4,3,771,completed,6091860
4,3,772,completed,6097317
4,3,773,completed,5919569
4,3,774,completed,5926276
4,3,775,completed,5925318
4,3,776,completed,5925151
4,3,777,completed,6012568
4,3,778,completed,6016360
4,3,779,completed,6012984
4,3,780,completed,6009443
4,3,781,completed,5878069
4,3,782,completed,5889401
4,3,783,completed,5896985
4,3,784,completed,5903152
4,3,785,completed,6078776
4,3,786,completed,6078068
4,3,787,completed,6073234
4,3,788,completed,6068526
4,3,789,completed,5832319
4,3,790,completed,5840193
4,3,791,completed,5846277
4,3,792,completed,5851735
4,3,793,completed,6011276
4,3,794,completed,6014276
4,3,795,completed,6014901
4,3,796,completed,6014026
4,3,797,completed,5916234
4,3,798,completed,5911443
4,3,799,completed,5907110
4,3,800,completed,5903151
4,3,801,completed,6142067
4,3,802,completed,6153068
4,3,803,completed,6163151
4,3,804,completed,6173901
4,3,805,completed,5917777
4,3,806,completed,5909859
4,3,807,completed,5900234
4,3,808,completed,5890818
4,3,809,completed,6026276
4,3,810,completed,6044402
4,3,811,completed,6046610
4,3,812,completed,6047484
4,3,813,completed,6010568
4,3,814,completed,6042818
4,3,815,completed,6047610
4,3,816,completed,6052526
4,3,817,completed,5894651
4,3,818,completed,5889110
4,3,819,completed,5884902
4,3,820,completed,5880360
4,3,821,completed,6014360
4,3,822,completed,6019610
4,3,823,completed,6020985
4,3,824,completed,6022318
4,3,825,completed,6078276
4,3,826,completed,6093651
4,3,827,completed,6099651
4,3,828,completed,6105359
4,3,829,completed,5966068
4,3,830,completed,5972235
4,3,831,completed,5971318
4,3,832,completed,5960860
4,3,833,completed,5949277
4,3,834,completed,5953859
4,3,835,completed,5951610
4,3,836,completed,5948735
4,3,837,completed,5996026
4,3,838,completed,5997985
4,3,839,completed,5999193
4,3,840,completed,6000193
4,3,841,completed,5885526
4,3,842,completed,5887360
4,3,843,completed,5888110
4,3,844,completed,5888693
4,3,845,completed,6012609
4,3,846,completed,6020401
4,3,847,completed,6021568
4,3,848,completed,6023568
4,3,849,completed,5986485
4,3,850,completed,5988818
4,3,851,completed,5989735
4,3,852,completed,5990652
4,3,853,completed,5915360
4,3,854,completed,5922526
4,3,855,completed,5926652
4,3,856,completed,5930443
4,3,857,completed,6009027
4,3,858,completed,6009901
4,3,859,completed,6007485
4,3,860,completed,6004818
4,3,861,completed,5974485
4,3,862,completed,5990193
4,3,863,completed,6001443
4,3,864,completed,6012610
4,3,865,completed,6082401
4,3,866,completed,6075234
4,3,867,completed,6064526
4,3,868,completed,6054609
4,3,869,completed,5972193
4,3,870,completed,5988568
4,3,871,completed,5996193
4,3,872,completed,6003109
4,3,873,completed,5906694
4,3,874,completed,5913318
4,3,875,completed,5917110
4,3,876,completed,5921360
4,3,877,completed,5985943
4,3,878,completed,5977318
4,3,879,completed,5968360
4,3,880,completed,5958610
4,3,881,completed,5997776
4,3,882,completed,6011484
4,3,883,completed,6017984
4,3,884,completed,6023859
4,3,885,completed,6069276
4,3,886,completed,6086527
4,3,887,completed,6092442
4,3,888,completed,6097276
4,3,889,completed,5892027
4,3,890,completed,5895985
4,3,891,completed,5885610
4,3,892,completed,5875985
4,3,893,completed,6054526
4,3,894,completed,6059901
4,3,895,completed,6061484
4,3,896,completed,6063401
4,3,897,completed,6008777
4,3,898,completed,6014360
4,3,899,completed,6015359
4,3,900,completed,6016026
4,3,901,completed,6055568
4,3,902,completed,6048526
4,3,903,completed,6049276
4,3,904,completed,6051568
4,3,905,completed,5836527
4,3,906,completed,5845860
4,3,907,completed,5855902
4,3,908,completed,5867527
4,3,909,completed,5949194
4,3,910,completed,5957068
4,3,911,completed,5956026
4,3,912,completed,5955776
4,3,913,completed,5993610
4,3,914,completed,6001443
4,3,915,completed,6001901
4,3,916,completed,6001859
4,3,917,completed,5584152
4,3,918,completed,5585402
4,3,919,completed,5592319
4,3,920,completed,5582777
4,3,921,completed,6332650
4,3,922,completed,6308901
4,3,923,completed,6316276
4,3,924,completed,6323900
4,3,925,completed,6080442
4,3,926,completed,6075734
4,3,927,completed,6068776
4,3,928,completed,6061568
4,3,929,completed,5943568
4,3,930,completed,5954651
4,3,931,completed,5965901
4,3,932,completed,5976276
4,3,933,completed,6018027
4,3,934,completed,6012151
4,3,935,completed,6002693
4,3,936,completed,5993693
4,3,937,completed,6011651
4,3,938,completed,6025484
4,3,939,completed,6032484
4,3,940,completed,6038818
4,3,941,completed,5949110
4,3,942,completed,5948485
4,3,943,completed,5943235
4,3,944,completed,5938068
4,3,945,completed,6064818
4,3,946,completed,6076109
4,3,947,completed,6076776
4,3,948,completed,6077318
4,3,949,completed,5366236
4,3,950,completed,5353153
4,3,951,completed,5349070
4,3,952,completed,5345070
4,3,953,completed,6429526
4,3,954,completed,6430775
4,3,955,completed,6430942
4,3,956,completed,6431317
4,3,957,completed,6006527
4,3,958,completed,6012234
4,3,959,completed,6013818
4,3,960,completed,6015318
4,3,961,completed,6015443
4,3,962,completed,6020318
4,3,963,completed,6021610
4,3,964,completed,6022859
4,3,965,completed,5950527
4,3,966,completed,5950276
4,3,967,completed,5950193
4,3,968,completed,5950151
4,3,969,completed,5716777
4,3,970,completed,5722319
4,3,971,completed,5723694
4,3,972,completed,5724985
4,3,973,completed,6113109
4,3,974,completed,6118401
4,3,975,completed,6122068
4,3,976,completed,6125067
4,3,977,completed,6299317
4,3,978,completed,6303151
4,3,979,completed,6300651
4,3,980,completed,6298318
4,3,981,completed,5823402
4,3,982,completed,5818944
4,3,983,completed,5819319
4,3,984,completed,5819777
4,3,985,completed,5892235
4,3,986,completed,5906027
4,3,987,completed,5913651
4,3,988,completed,5920485
4,3,989,completed,6115693
4,3,990,completed,6129485
4,3,991,completed,6128901
4,3,992,completed,6128193
4,3,993,completed,6000235
4,3,994,completed,6000568
4,3,995,completed,5996568
4,3,996,completed,5991651
4,3,997,completed,5981401
4,3,998,completed,5988402
4,3,999,completed,5988985
4,3,1000,completed,5989318
4,3,1001,completed,6021901
4,3,1002,completed,6025693
4,3,1003,completed,6030776
4,3,1004,completed,6036484
4,3,1005,completed,5911318
4,3,1006,completed,5910985
4,3,1007,completed,5907443
4,3,1008,completed,5903818
4,3,1009,completed,5954109
4,3,1010,completed,5966985
4,3,1011,completed,5967527
4,3,1012,completed,5967734
4,3,1013,completed,6112234
4,3,1014,completed,6137734
4,3,1015,completed,6148609
4,3,1016,completed,6159151
4,3,1017,completed,5856193
4,3,1018,completed,5864026
4,3,1019,completed,5859318
4,3,1020,completed,5853901
4,3,1021,completed,5958402
4,3,1022,completed,5966318
4,3,1023,completed,5965985
4,3,1024,completed,5965943
4,3,1025,completed,6024193
4,3,1026,completed,6023943
4,3,1027,completed,6019609
4,3,1028,completed,6014693
4,3,1029,completed,5944569
4,3,1030,completed,5933777
4,3,1031,completed,5933901
4,3,1032,completed,5934651
4,3,1033,completed,5996859
4,3,1034,completed,5999193
4,3,1035,completed,6003902
4,3,1036,completed,6008943
4,3,1037,completed,6012402
4,3,1038,completed,6025401
4,3,1039,completed,6032985
4,3,1040,completed,6039776
4,3,1041,completed,5930360
4,3,1042,completed,5926568
4,3,1043,completed,5919610
4,3,1044,completed,5913526
4,3,1045,completed,5998360
4,3,1046,completed,5999651
4,3,1047,completed,5995943
4,3,1048,completed,5991901
4,3,1049,completed,5747569
4,3,1050,completed,5748277
4,3,1051,completed,5754402
4,3,1052,completed,5760069
4,3,1053,completed,6203776
4,3,1054,completed,6197359
4,3,1055,completed,6192067
4,3,1056,completed,6187109
4,3,1057,completed,5995318
4,3,1058,completed,6010318
4,3,1059,completed,6012359
4,3,1060,completed,6013235
4,3,1061,completed,6015318
4,3,1062,completed,6003068
4,3,1063,completed,6003610
4,3,1064,completed,6004859
4,3,1065,completed,5963276
4,3,1066,completed,5964359
4,3,1067,completed,5964568
4,3,1068,completed,5964609
4,3,1069,completed,6087401
4,3,1070,completed,6091651
4,3,1071,completed,6092401
4,3,1072,completed,6093484
4,3,1073,completed,5898901
4,3,1074,completed,5884985
4,3,1075,completed,5903193
4,3,1076,completed,5908526
4,3,1077,completed,6054526
4,3,1078,completed,6077692
4,3,1079,completed,6082693
4,3,1080,completed,6087943
4,3,1081,completed,5918860
4,3,1082,completed,5934527
4,3,1083,completed,5935818
4,3,1084,completed,5936944
4,3,1085,completed,5972152
4,3,1086,completed,5971276
4,3,1087,completed,5966068
4,3,1088,completed,5960151
4,3,1089,completed,5464569
4,3,1090,completed,5467444
4,3,1091,completed,5468528
4,3,1092,completed,5469569
4,3,1093,completed,6535567
4,3,1094,completed,6543858
4,3,1095,completed,6545858
4,3,1096,completed,6547858
4,3,1097,completed,5913485
4,3,1098,completed,5913860
4,3,1099,completed,5913943
4,3,1100,completed,5913819
4,3,1101,completed,5722152
4,3,1102,completed,5734486
4,3,1103,completed,5736610
4,3,1104,completed,5739152
4,3,1105,completed,6239276
4,3,1106,completed,6234442
4,3,1107,completed,6245567
4,3,1108,completed,6256275
4,3,1109,completed,6070526
4,3,1110,completed,6058734
4,3,1111,completed,6047901
4,3,1112,completed,6037110
4,3,1113,completed,5932026
4,3,1114,completed,5933776
4,3,1115,completed,5935609
4,3,1116,completed,5937318
4,3,1117,completed,5978359
4,3,1118,completed,5977235
4,3,1119,completed,5981652
4,3,1120,completed,5985776
4,3,1121,completed,5616694
4,3,1122,completed,5619444
4,3,1123,completed,5615278
4,3,1124,completed,5610403
4,3,1125,completed,6307067
4,3,1126,completed,6302150
4,3,1127,completed,6303650
4,3,1128,completed,6305150
4,3,1129,completed,5961984
4,3,1130,completed,5967776
4,3,1131,completed,5973568
4,3,1132,completed,5978859
4,3,1133,completed,6010359
4,3,1134,completed,6020901
4,3,1135,completed,6016276
4,3,1136,completed,6011526
4,3,1137,completed,5995318
4,3,1138,completed,5992943
4,3,1139,completed,5993735
4,3,1140,completed,5995152
4,3,1141,completed,8111229
4,3,1142,completed,8125187
4,3,1143,completed,8130020
4,3,1144,completed,8134979
4,3,1145,completed,5917193
4,3,1146,completed,5916110
4,3,1147,completed,5911818
4,3,1148,completed,5907443
4,3,1149,completed,5924818
4,3,1150,completed,5941318
4,3,1151,completed,5945484
4,3,1152,completed,5945818
4,3,1153,completed,5884610
4,3,1154,completed,5872735
4,3,1155,completed,5877610
4,3,1156,completed,5882277
4,3,1157,completed,6128734
4,3,1158,completed,6136234
4,3,1159,completed,6136359
4,3,1160,completed,6136151
4,3,1161,completed,5963901
4,3,1162,completed,5974151
4,3,1163,completed,5974443
4,3,1164,completed,5976110
4,3,1165,completed,6046026
4,3,1166,completed,6051984
4,3,1167,completed,6048401
4,3,1168,completed,6044901
4,3,1169,completed,5861193
4,3,1170,completed,5870402
4,3,1171,completed,5870693
4,3,1172,completed,5871027
4,3,1173,completed,6063276
4,3,1174,completed,6070109
4,3,1175,completed,6070609
4,3,1176,completed,6070984
4,3,1177,completed,6045109
4,3,1178,completed,6054109
4,3,1179,completed,6056276
4,3,1180,completed,6057943
4,3,1181,completed,5618861
4,3,1182,completed,5620485
4,3,1183,completed,5621444
4,3,1184,completed,5622527
4,3,1185,completed,6226234
4,3,1186,completed,6216942
4,3,1187,completed,6216775
4,3,1188,completed,6216651
4,3,1189,completed,5997818
4,3,1190,completed,6004651
4,3,1191,completed,6005609
4,3,1192,completed,6006193
4,3,1193,completed,5341569
4,3,1194,completed,5338486
4,3,1195,completed,5338695
4,3,1196,completed,5338986
4,3,1197,completed,6548983
4,3,1198,completed,6550983
4,3,1199,completed,6551108
4,3,1200,completed,6551525
4,3,1201,completed,6032526
4,3,1202,completed,6040818
4,3,1203,completed,6042026
4,3,1204,completed,6042817
4,3,1205,completed,5931193
4,3,1206,completed,5929776
4,3,1207,completed,5930027
4,3,1208,completed,5930235
4,3,1209,completed,6080360
4,3,1210,completed,6090485
4,3,1211,completed,6092442
4,3,1212,completed,6094360
4,3,1213,completed,5863527
4,3,1214,completed,5865110
4,3,1215,completed,5865610
4,3,1216,completed,5866151
4,3,1217,completed,5553819
4,3,1218,completed,5551985
4,3,1219,completed,5552152
4,3,1220,completed,5552527
4,3,1221,completed,6411026
4,3,1222,completed,6423734
4,3,1223,completed,6424359
4,3,1224,completed,6424859
4,3,1225,completed,5958651
4,3,1226,completed,5967776
4,3,1227,completed,5969484
4,3,1228,completed,5970818
4,3,1229,completed,5970235
4,3,1230,completed,5963360
4,3,1231,completed,5963110
4,3,1232,completed,5962985
4,3,1233,completed,6070442
4,3,1234,completed,6073734
4,3,1235,completed,6074193
4,3,1236,completed,6074485
4,3,1237,completed,5868276
4,3,1238,completed,5875110
4,3,1239,completed,5876319
4,3,1240,completed,5877402
4,3,1241,completed,5976276
4,3,1242,completed,5974318
4,3,1243,completed,5974152
4,3,1244,completed,5973943
4,3,1245,completed,5960360
4,3,1246,completed,5962735
4,3,1247,completed,5962985
4,3,1248,completed,5963527
4,3,1249,completed,5564111
4,3,1250,completed,5568069
4,3,1251,completed,5568528
4,3,1252,completed,5568944
4,3,1253,completed,6411984
4,3,1254,completed,6430067
4,3,1255,completed,6432150
4,3,1256,completed,6433775
4,3,1257,completed,5915943
4,3,1258,completed,5910818
4,3,1259,completed,5910610
4,3,1260,completed,5910527
4,3,1261,completed,5872027
4,3,1262,completed,5869068
4,3,1263,completed,5869901
4,3,1264,completed,5870610
4,3,1265,completed,6216650
4,3,1266,completed,6230942
4,3,1267,completed,6233234
4,3,1268,completed,6234818
4,3,1269,completed,5905068
4,3,1270,completed,5904526
4,3,1271,completed,5905818
4,3,1272,completed,5906902
4,3,1273,completed,5883777
4,3,1274,completed,5881193
4,3,1275,completed,5880776
4,3,1276,completed,5880610
4,3,1277,completed,5979276
4,3,1278,completed,5984526
4,3,1279,completed,5985068
4,3,1280,completed,5985484
4,3,1281,completed,6020485
4,3,1282,completed,6022401
4,3,1283,completed,6024026
4,3,1284,completed,6025902
4,3,1285,completed,5932859
4,3,1286,completed,5926735
4,3,1287,completed,5926193
4,3,1288,completed,5926026
4,3,1289,completed,5936068
4,3,1290,completed,5938985
4,3,1291,completed,5939610
4,3,1292,completed,5940069
4,3,1293,completed,6038276
4,3,1294,completed,6044651
4,3,1295,completed,6045943
4,3,1296,completed,6047651
4,3,1297,completed,5963568
4,3,1298,completed,5963568
4,3,1299,completed,5963610
4,3,1300,completed,5963777
4,3,1301,completed,5624693
4,3,1302,completed,5630568
4,3,1303,completed,5631986
4,3,1304,completed,5633236
4,3,1305,completed,6257734
4,3,1306,completed,6252567
4,3,1307,completed,6252484
4,3,1308,completed,6252443
4,3,1309,completed,5780402
4,3,1310,completed,5785777
4,3,1311,completed,5786193
4,3,1312,completed,5786818
4,3,1313,completed,6187235
4,3,1314,completed,6190068
4,3,1315,completed,6190818
4,3,1316,completed,6191692
4,3,1317,completed,5935943
4,3,1318,completed,5932526
4,3,1319,completed,5932610
4,3,1320,completed,5932776
4,3,1321,completed,5701402
4,3,1322,completed,5720902
4,3,1323,completed,5722986
4,3,1324,completed,5724569
4,3,1325,completed,6936399
4,3,1326,completed,6952608
4,3,1327,completed,6963899
4,3,1328,completed,6975899
4,3,1329,completed,6293984
4,3,1330,completed,6304150
4,3,1331,completed,6298734
4,3,1332,completed,6292609
4,3,1333,completed,6016568
4,3,1334,completed,6042901
4,3,1335,completed,6041359
4,3,1336,completed,6038151
4,3,1337,completed,5661610
4,3,1338,completed,5656069
4,3,1339,completed,5667193
4,3,1340,completed,5679361
4,3,1341,completed,6224359
4,3,1342,completed,6229109
4,3,1343,completed,6223026
4,3,1344,completed,6216776
4,3,1345,completed,6064943
4,3,1346,completed,6069693
4,3,1347,completed,6066402
4,3,1348,completed,6062943
4,3,1349,completed,5881235
4,3,1350,completed,5870985
4,3,1351,completed,5870526
4,3,1352,completed,5870235
4,3,1353,completed,5768235
4,3,1354,completed,5772777
4,3,1355,completed,5773693
4,3,1356,completed,5775110
4,3,1357,completed,6184484
4,3,1358,completed,6181234
4,3,1359,completed,6181942
4,3,1360,completed,6183317
4,3,1361,completed,5612277
4,3,1362,completed,5595819
4,3,1363,completed,5595902
4,3,1364,completed,5596486
4,3,1365,completed,6937232
4,3,1366,completed,6953149
4,3,1367,completed,6954899
4,3,1368,completed,6955649
4,3,1369,completed,5905193
4,3,1370,completed,5918401
4,3,1371,completed,5932818
4,3,1372,completed,5945734
4,3,1373,completed,5896735
4,3,1374,completed,5885319
4,3,1375,completed,5873027
4,3,1376,completed,5861276
4,3,1377,completed,5938443
4,3,1378,completed,5962651
4,3,1379,completed,5975693
4,3,1380,completed,5986943
4,3,1381,completed,6160109
4,3,1382,completed,6147693
4,3,1383,completed,6136360
4,3,1384,completed,6125109
4,3,1385,completed,6397317
4,3,1386,completed,6399692
4,3,1387,completed,6404151
4,3,1388,completed,6408984
4,3,1389,completed,5683152
4,3,1390,completed,5694027
4,3,1391,completed,5697152
4,3,1392,completed,5691236
4,3,1393,completed,6245900
4,3,1394,completed,6250609
4,3,1395,completed,6251900
4,3,1396,completed,6252317
4,3,1397,completed,6086818
4,3,1398,completed,6086735
4,3,1399,completed,6080151
4,3,1400,completed,6074735
4,3,1401,completed,5948277
4,3,1402,completed,5935485
4,3,1403,completed,5936610
4,3,1404,completed,5937610
4,3,1405,completed,6004568
4,3,1406,completed,6029485
4,3,1407,completed,6041568
4,3,1408,completed,6051360
4,3,1409,completed,5944651
4,3,1410,completed,5949360
4,3,1411,completed,5951318
4,3,1412,completed,5951902
4,3,1413,completed,5982860
4,3,1414,completed,5991026
4,3,1415,completed,5992943
4,3,1416,completed,5993651
4,3,1417,completed,5986568
4,3,1418,completed,5989527
4,3,1419,completed,5987526
4,3,1420,completed,5984776
4,3,1421,completed,6008235
4,3,1422,completed,6005610
4,3,1423,completed,5999610
4,3,1424,completed,5993276
4,3,1425,completed,5938193
4,3,1426,completed,5947401
4,3,1427,completed,5952610
4,3,1428,completed,5956901
4,3,1429,completed,6005985
4,3,1430,completed,6003609
4,3,1431,completed,6000068
4,3,1432,completed,5996943
4,3,1433,completed,5980943
4,3,1434,completed,5983401
4,3,1435,completed,5984568
4,3,1436,completed,5985693
4,3,1437,completed,5641194
4,3,1438,completed,5647860
4,3,1439,completed,5652236
4,3,1440,completed,5656278
4,3,1441,completed,6416650
4,3,1442,completed,6419401
4,3,1443,completed,6416567
4,3,1444,completed,6413692
4,3,1445,completed,5874943
4,3,1446,completed,5886235
4,3,1447,completed,5893609
4,3,1448,completed,5899777
4,3,1449,completed,6004985
4,3,1450,completed,6001984
4,3,1451,completed,5996360
4,3,1452,completed,5991235
4,3,1453,completed,5946610
4,3,1454,completed,5949276
4,3,1455,completed,5950235
4,3,1456,completed,5950610
4,3,1457,completed,6025651
4,3,1458,completed,6029652
4,3,1459,completed,6031068
4,3,1460,completed,6032276
4,3,1461,completed,5724943
4,3,1462,completed,5725735
4,3,1463,completed,5726152
4,3,1464,completed,5726444
4,3,1465,completed,5912359
4,3,1466,completed,5927859
4,3,1467,completed,5939277
4,3,1468,completed,5950527
4,3,1469,completed,6291859
4,3,1470,completed,6285192
4,3,1471,completed,6275109
4,3,1472,completed,6265651
4,3,1473,completed,6023776
4,3,1474,completed,6026318
4,3,1475,completed,6026901
4,3,1476,completed,6027693
4,3,1477,completed,5998484
4,3,1478,completed,6006193
4,3,1479,completed,6008110
4,3,1480,completed,6009859
4,3,1481,completed,5951734
4,3,1482,completed,5952318
4,3,1483,completed,5952735
4,3,1484,completed,5952859
4,3,1485,completed,5980193
4,3,1486,completed,5993943
4,3,1487,completed,6006568
4,3,1488,completed,6017276
4,3,1489,completed,6001777
4,3,1490,completed,6004859
4,3,1491,completed,5995526
4,3,1492,completed,5985151
4,3,1493,completed,6017234
4,3,1494,completed,6008276
4,3,1495,completed,6008901
4,3,1496,completed,6009901
4,3,1497,completed,5420612
4,3,1498,completed,5436528
4,3,1499,completed,5438820
4,3,1500,completed,5439611
4,3,1501,completed,6500442
4,3,1502,completed,6495900
4,3,1503,completed,6497858
4,3,1504,completed,6500025
4,3,1505,completed,6009734
4,3,1506,completed,6022776
4,3,1507,completed,6031735
4,3,1508,completed,6039318
4,3,1509,completed,5947527
4,3,1510,completed,5960984
4,3,1511,completed,5955026
4,3,1512,completed,5948068
4,3,1513,completed,5483736
4,3,1514,completed,5484528
4,3,1515,completed,5496778
4,3,1516,completed,5507903
4,3,1517,completed,6468275
4,3,1518,completed,6459150
4,3,1519,completed,6448275
4,3,1520,completed,6437775
4,3,1521,completed,6021943
4,3,1522,completed,6047818
4,3,1523,completed,6060485
4,3,1524,completed,6072193
4,3,1525,completed,5970860
4,3,1526,completed,5986151
4,3,1527,completed,5988318
4,3,1528,completed,5988609
4,3,1529,completed,5990360
4,3,1530,completed,5979902
4,3,1531,completed,5969359
4,3,1532,completed,5959193
4,3,1533,completed,5985943
4,3,1534,completed,5993568
4,3,1535,completed,5995276
4,3,1536,completed,5996985
4,3,1537,completed,5911193
4,3,1538,completed,5916735
4,3,1539,completed,5920985
4,3,1540,completed,5925194
4,3,1541,completed,6008151
4,3,1542,completed,6013234
4,3,1543,completed,6013609
4,3,1544,completed,6014318
4,3,1545,completed,5987901
4,3,1546,completed,5998318
4,3,1547,completed,6000735
4,3,1548,completed,6003027
4,3,1549,completed,6026026
4,3,1550,completed,6024193
4,3,1551,completed,6019401
4,3,1552,completed,6014901
4,3,1553,completed,5982318
4,3,1554,completed,5983651
4,3,1555,completed,5983985
4,3,1556,completed,5984610
4,3,1557,completed,5986151
4,3,1558,completed,6005193
4,3,1559,completed,6012610
4,3,1560,completed,6018859
4,3,1561,completed,5968026
4,3,1562,completed,5961109
4,3,1563,completed,5955360
4,3,1564,completed,5950027
4,3,1565,completed,6143359
4,3,1566,completed,6155193
4,3,1567,completed,6156734
4,3,1568,completed,6158818
4,3,1569,completed,5827944
4,3,1570,completed,5821319
4,3,1571,completed,5831902
4,3,1572,completed,5841694
4,3,1573,completed,5949693
4,3,1574,completed,5951901
4,3,1575,completed,5950818
4,3,1576,completed,5950443
4,3,1577,completed,6065401
4,3,1578,completed,6063776
4,3,1579,completed,6054567
4,3,1580,completed,6045401
4,3,1581,completed,5889193
4,3,1582,completed,5902318
4,3,1583,completed,5910943
4,3,1584,completed,5919027
4,3,1585,completed,6069651
4,3,1586,completed,6064776
4,3,1587,completed,6057276
4,3,1588,completed,6050735
4,3,1589,completed,5949652
4,3,1590,completed,5965485
4,3,1591,completed,5972777
4,3,1592,completed,5979443
4,3,1593,completed,5448528
4,3,1594,completed,5464486
4,3,1595,completed,5461153
4,3,1596,completed,5456194
4,3,1597,completed,6522400
4,3,1598,completed,6507442
4,3,1599,completed,6508441
4,3,1600,completed,6510025
4,3,1601,completed,6003901
4,3,1602,completed,6024776
4,3,1603,completed,6034526
4,3,1604,completed,6044068
4,3,1605,completed,5963151
4,3,1606,completed,5960693
4,3,1607,completed,5952693
4,3,1608,completed,5945027
4,3,1609,completed,5991193
4,3,1610,completed,5987443
4,3,1611,completed,5988360
4,3,1612,completed,5989235
4,3,1613,completed,5982651
4,3,1614,completed,5999651
4,3,1615,completed,6015027
4,3,1616,completed,6022860
4,3,1617,completed,6048401
4,3,1618,completed,6062151
4,3,1619,completed,6052860
4,3,1620,completed,6052401
4,3,1621,completed,5765693
4,3,1622,completed,5767860
4,3,1623,completed,5763235
4,3,1624,completed,5758777
4,3,1625,completed,6219192
4,3,1626,completed,6231734
4,3,1627,completed,6242901
4,3,1628,completed,6254526
4,3,1629,completed,5870693
4,3,1630,completed,5874652
4,3,1631,completed,5868860
4,3,1632,completed,5862443
4,3,1633,completed,6020818
4,3,1634,completed,6024943
4,3,1635,completed,6022026
4,3,1636,completed,6018734
4,3,1637,completed,6033443
4,3,1638,completed,6035568
4,3,1639,completed,6036818
4,3,1640,completed,6036401
4,3,1641,completed,5899860
4,3,1642,completed,5890277
4,3,1643,completed,5890735
4,3,1644,completed,5891276
4,3,1645,completed,5897235
4,3,1646,completed,5901359
4,3,1647,completed,5902568
4,3,1648,completed,5903609
4,3,1649,completed,6058985
4,3,1650,completed,6065985
4,3,1651,completed,6066860
4,3,1652,completed,6067901
4,3,1653,completed,5982860
4,3,1654,completed,5985818
4,3,1655,completed,5986360
4,3,1656,completed,5986859
4,3,1657,completed,5988234
4,3,1658,completed,6013609
4,3,1659,completed,6025484
4,3,1660,completed,6037860
4,3,1661,completed,5998610
4,3,1662,completed,5988735
4,3,1663,completed,5977068
4,3,1664,completed,5967276
4,3,1665,completed,5950901
4,3,1666,completed,5958277
4,3,1667,completed,5959693
4,3,1668,completed,5960693
4,3,1669,completed,5951734
4,3,1670,completed,5950777
4,3,1671,completed,5956443
4,3,1672,completed,5960610
4,3,1673,completed,5993110
4,3,1674,completed,6004568
4,3,1675,completed,6001193
4,3,1676,completed,5997359
4,3,1677,completed,5969777
4,3,1678,completed,5960068
4,3,1679,completed,5961526
4,3,1680,completed,5963318
4,3,1681,completed,6023651
4,3,1682,completed,6033943
4,3,1683,completed,6034235
4,3,1684,completed,6034443
4,3,1685,completed,6083901
4,3,1686,completed,6121109
4,3,1687,completed,6132901
4,3,1688,completed,6143234
4,3,1689,completed,6014359
4,3,1690,completed,6007901
4,3,1691,completed,5998693
4,3,1692,completed,5989318
4,3,1693,completed,5893527
4,3,1694,completed,5902360
4,3,1695,completed,5903902
4,3,1696,completed,5905193
4,3,1697,completed,5883568
4,3,1698,completed,5877485
4,3,1699,completed,5882860
4,3,1700,completed,5888526
4,3,1701,completed,6013985
4,3,1702,completed,6031318
4,3,1703,completed,6027943
4,3,1704,completed,6023359
4,3,1705,completed,5971068
4,3,1706,completed,5954985
4,3,1707,completed,5955485
4,3,1708,completed,5955984
4,3,1709,completed,6093026
4,3,1710,completed,6101901
4,3,1711,completed,6103526
4,3,1712,completed,6104735
4,3,1713,completed,5885194
4,3,1714,completed,5880652
4,3,1715,completed,5880943
4,3,1716,completed,5881527
4,3,1717,completed,6047692
4,3,1718,completed,6050484
4,3,1719,completed,6051485
4,3,1720,completed,6052026
4,3,1721,completed,5609152
4,3,1722,completed,5603485
4,3,1723,completed,5604360
4,3,1724,completed,5605194
4,3,1725,completed,6263317
4,3,1726,completed,6264984
4,3,1727,completed,6266151
4,3,1728,completed,6266609
4,3,1729,completed,6031401
4,3,1730,completed,6041193
4,3,1731,completed,6046610
4,3,1732,completed,6051443
4,3,1733,completed,5911193
4,3,1734,completed,5918360
4,3,1735,completed,5915443
4,3,1736,completed,5911526
4,3,1737,completed,6084943
4,3,1738,completed,6077609
4,3,1739,completed,6077985
4,3,1740,completed,6078401
4,3,1741,completed,5899402
4,3,1742,completed,5934985
4,3,1743,completed,5938568
4,3,1744,completed,5940901
4,3,1745,completed,5917235
4,3,1746,completed,5895902
4,3,1747,completed,5901610
4,3,1748,completed,5907568
4,3,1749,completed,5991984
4,3,1750,completed,5987234
4,3,1751,completed,5980735
4,3,1752,completed,5974610
4,3,1753,completed,6026527
4,3,1754,completed,6061610
4,3,1755,completed,6067026
4,3,1756,completed,6072360
4,3,1757,completed,5941943
4,3,1758,completed,5953235
4,3,1759,completed,5960651
4,3,1760,completed,5966485
4,3,1761,completed,5986610
4,3,1762,completed,5977902
4,3,1763,completed,5967318
4,3,1764,completed,5956818
4,3,1765,completed,6003276
4,3,1766,completed,6012443
4,3,1767,completed,6014652
4,3,1768,completed,6016693
4,3,1769,completed,5967318
4,3,1770,completed,5968276
4,3,1771,completed,5969568
4,3,1772,completed,5970568
4,3,1773,completed,6108610
4,3,1774,completed,6118401
4,3,1775,completed,6119401
4,3,1776,completed,6120151
4,3,1777,completed,5898151
4,3,1778,completed,5920860
4,3,1779,completed,5933359
4,3,1780,completed,5945110
4,3,1781,completed,5919819
4,3,1782,completed,5918735
4,3,1783,completed,5912568
4,3,1784,completed,5905235
4,3,1785,completed,6064651
4,3,1786,completed,6063484
4,3,1787,completed,6060526
4,3,1788,completed,6057151
4,3,1789,completed,5451736
4,3,1790,completed,5470778
4,3,1791,completed,5484153
4,3,1792,completed,5496361
4,3,1793,completed,6400817
4,3,1794,completed,6394859
4,3,1795,completed,6383275
4,3,1796,completed,6371692
4,3,1797,completed,6075568
4,3,1798,completed,6071443
4,3,1799,completed,6072485
4,3,1800,completed,6073360
4,3,1801,completed,5964735
4,3,1802,completed,5979235
4,3,1803,completed,5985443
4,3,1804,completed,5991235
4,3,1805,completed,5948818
4,3,1806,completed,5955693
4,3,1807,completed,5954943
4,3,1808,completed,5955360
4,3,1809,completed,5974818
4,3,1810,completed,5983527
4,3,1811,completed,5979943
4,3,1812,completed,5977110
4,3,1813,completed,6026693
4,3,1814,completed,6039693
4,3,1815,completed,6052109
4,3,1816,completed,6062735
4,3,1817,completed,6046568
4,3,1818,completed,6117776
4,3,1819,completed,6107776
4,3,1820,completed,6097359
4,3,1821,completed,5971443
4,3,1822,completed,6002734
4,3,1823,completed,6015110
4,3,1824,completed,6023526
4,3,1825,completed,5856152
4,3,1826,completed,5874818
4,3,1827,completed,5878694
4,3,1828,completed,5882402
4,3,1829,completed,5978693
4,3,1830,completed,5993193
4,3,1831,completed,5990984
4,3,1832,completed,5989484
4,3,1833,completed,5987527
4,3,1834,completed,5995818
4,3,1835,completed,5995651
4,3,1836,completed,5996110
4,3,1837,completed,5894693
4,3,1838,completed,5897652
4,3,1839,completed,5894776
4,3,1840,completed,5891568
4,3,1841,completed,6044485
4,3,1842,completed,6044818
4,3,1843,completed,6039485
4,3,1844,completed,6033610
4,3,1845,completed,5915359
4,3,1846,completed,5923026
4,3,1847,completed,5928193
4,3,1848,completed,5933277
4,3,1849,completed,5733735
4,3,1850,completed,5744027
4,3,1851,completed,5745402
4,3,1852,completed,5747693
4,3,1853,completed,6404983
4,3,1854,completed,6406109
4,3,1855,completed,6400359
4,3,1856,completed,6395234
4,3,1857,completed,5885652
4,3,1858,completed,5888026
4,3,1859,completed,5889818
4,3,1860,completed,5891319
4,3,1861,completed,5975984
4,3,1862,completed,5980276
4,3,1863,completed,5980318
4,3,1864,completed,5980818
4,3,1865,completed,6022318
4,3,1866,completed,6039609
4,3,1867,completed,6051484
4,3,1868,completed,6062651
4,3,1869,completed,5896484
4,3,1870,completed,5901485
4,3,1871,completed,5901193
4,3,1872,completed,5900985
4,3,1873,completed,6013652
4,3,1874,completed,6019151
4,3,1875,completed,6013193
4,3,1876,completed,6007693
4,3,1877,completed,5983943
4,3,1878,completed,5985277
4,3,1879,completed,5980902
4,3,1880,completed,5976110
4,3,1881,completed,5597319
4,3,1882,completed,5609569
4,3,1883,completed,5616277
4,3,1884,completed,5621944
4,3,1885,completed,6326567
4,3,1886,completed,6324859
4,3,1887,completed,6319900
4,3,1888,completed,6315318
4,3,1889,completed,6030110
4,3,1890,completed,6052651
4,3,1891,completed,6054693
4,3,1892,completed,6056235
4,3,1893,completed,5944569
4,3,1894,completed,5942569
4,3,1895,completed,5947026
4,3,1896,completed,5952443
4,3,1897,completed,6044235
4,3,1898,completed,6055068
4,3,1899,completed,6051901
4,3,1900,completed,6046276
4,3,1901,completed,5960318
4,3,1902,completed,5953360
4,3,1903,completed,5959443
4,3,1904,completed,5965651
4,3,1905,completed,5959484
4,3,1906,completed,5964526
4,3,1907,completed,5959651
4,3,1908,completed,5953734
4,3,1909,completed,5987027
4,3,1910,completed,5983568
4,3,1911,completed,5985027
4,3,1912,completed,5986693
4,3,1913,completed,5948318
4,3,1914,completed,5959818
4,3,1915,completed,5965818
4,3,1916,completed,5971193
4,3,1917,completed,6040068
4,3,1918,completed,6036277
4,3,1919,completed,6031360
4,3,1920,completed,6026401
4,3,1921,completed,6013735
4,3,1922,completed,6016984
4,3,1923,completed,6018526
4,3,1924,completed,6020026
4,3,1925,completed,5932985
4,3,1926,completed,5934693
4,3,1927,completed,5946109
4,3,1928,completed,5956902
4,3,1929,completed,6000026
4,3,1930,completed,5991942
4,3,1931,completed,5982568
4,3,1932,completed,5973068
4,3,1933,completed,6106026
4,3,1934,completed,6113984
4,3,1935,completed,6115651
4,3,1936,completed,6117485
4,3,1937,completed,5857777
4,3,1938,completed,5872985
4,3,1939,completed,5874568
4,3,1940,completed,5875235
4,3,1941,completed,5971359
4,3,1942,completed,5976901
4,3,1943,completed,5982777
4,3,1944,completed,5988318
4,3,1945,completed,5999026
4,3,1946,completed,6008360
4,3,1947,completed,6030277
4,3,1948,completed,6029527
4,3,1949,completed,6051401
4,3,1950,completed,6031235
4,3,1951,completed,6027568
4,3,1952,completed,6023859
4,3,1953,completed,5843068
4,3,1954,completed,5851152
4,3,1955,completed,5858152
4,3,1956,completed,5864568
4,3,1957,completed,6019735
4,3,1958,completed,6031276
4,3,1959,completed,6035443
4,3,1960,completed,6040110
4,3,1961,completed,5998318
4,3,1962,completed,5991652
4,3,1963,completed,5982234
4,3,1964,completed,5972152
4,3,1965,completed,6018026
4,3,1966,completed,6027692
4,3,1967,completed,6029401
4,3,1968,completed,6031401
4,3,1969,completed,5921110
4,3,1970,completed,5922526
4,3,1971,completed,5923693
4,3,1972,completed,5925526
4,3,1973,completed,6033651
4,3,1974,completed,6038359
4,3,1975,completed,6038734
4,3,1976,completed,6038901
4,3,1977,completed,5970402
4,3,1978,completed,6007235
4,3,1979,completed,6020193
4,3,1980,completed,6031651
4,3,1981,completed,6033693
4,3,1982,completed,6021610
4,3,1983,completed,6010943
4,3,1984,completed,6000443
4,3,1985,completed,6049526
4,3,1986,completed,6056109
4,3,1987,completed,6057068
4,3,1988,completed,6058109
4,3,1989,completed,5364195
4,3,1990,completed,5389028
4,3,1991,completed,5395403
4,3,1992,completed,5402486
4,3,1993,completed,6406984
4,3,1994,completed,6399942
4,3,1995,completed,6394900
4,3,1996,completed,6388650
4,3,1997,completed,6057652
4,3,1998,completed,6076068
4,3,1999,completed,6077735
4,3,2000,completed,6078693
4,3,2001,completed,5917860
4,3,2002,completed,5917152
4,3,2003,completed,5923651
4,3,2004,completed,5930444
4,3,2005,completed,6004734
4,3,2006,completed,6012693
4,3,2007,completed,6013026
4,3,2008,completed,6012984
4,3,2009,completed,6017901
4,3,2010,completed,6023568
4,3,2011,completed,6019568
4,3,2012,completed,6015360
4,3,2013,completed,5926901
4,3,2014,completed,5926735
4,3,2015,completed,5927735
4,3,2016,completed,5929318
4,3,2017,completed,5844943
4,3,2018,completed,5857110
4,3,2019,completed,5862402
4,3,2020,completed,5868026
4,3,2021,completed,6155151
4,3,2022,completed,6160151
4,3,2023,completed,6155901
4,3,2024,completed,6152235
4,3,2025,completed,5607777
4,3,2026,completed,5622694
4,3,2027,completed,5633402
4,3,2028,completed,5645027
4,3,2029,completed,5977068
4,3,2030,completed,5984860
4,3,2031,completed,6002818
4,3,2032,completed,5997484
4,3,2033,completed,6325025
4,3,2034,completed,6324192
4,3,2035,completed,6295776
4,3,2036,completed,6290900
4,3,2037,completed,5449945
4,3,2038,completed,5458986
4,3,2039,completed,5465320
4,3,2040,completed,5470986
4,3,2041,completed,6537233
4,3,2042,completed,6536108
4,3,2043,completed,6531067
4,3,2044,completed,6526233
4,3,2045,completed,6030568
4,3,2046,completed,6043568
4,3,2047,completed,6055985
4,3,2048,completed,6067693
4,3,2049,completed,5843401
4,3,2050,completed,5851110
4,3,2051,completed,5846276
4,3,2052,completed,5840818
4,3,2053,completed,6180943
4,3,2054,completed,6170151
4,3,2055,completed,6164651
4,3,2056,completed,6160401
4,3,2057,completed,5890651
4,3,2058,completed,5916027
4,3,2059,completed,5928944
4,3,2060,completed,5940235
4,3,2061,completed,6060360
4,3,2062,completed,6051692
4,3,2063,completed,6040984
4,3,2064,completed,6031110
4,3,2065,completed,6007985
4,3,2066,completed,6020234
4,3,2067,completed,6027568
4,3,2068,completed,6034484
4,3,2069,completed,5838444
4,3,2070,completed,5847985
4,3,2071,completed,5852568
4,3,2072,completed,5857027
4,3,2073,completed,5989902
4,3,2074,completed,5980568
4,3,2075,completed,5970276
4,3,2076,completed,5959401
4,3,2077,completed,6026277
4,3,2078,completed,6052026
4,3,2079,completed,6055193
4,3,2080,completed,6056943
4,3,2081,completed,6014485
4,3,2082,completed,5998526
4,3,2083,completed,6002193
4,3,2084,completed,6006735
4,3,2085,completed,5909902
4,3,2086,completed,5907568
4,3,2087,completed,5903527
4,3,2088,completed,5899360
4,3,2089,completed,6080526
4,3,2090,completed,6090276
4,3,2091,completed,6092526
4,3,2092,completed,6094484
4,3,2093,completed,5849110
4,3,2094,completed,5849777
4,3,2095,completed,5850527
4,3,2096,completed,5851110
4,3,2097,completed,6027068
4,3,2098,completed,6032817
4,3,2099,completed,6033860
4,3,2100,completed,6034901
4,3,2101,completed,5947110
4,3,2102,completed,5958026
4,3,2103,completed,5960151
4,3,2104,completed,5959860
4,3,2105,completed,6094568
4,3,2106,completed,6084734
4,3,2107,completed,6084693
4,3,2108,completed,6085485
4,3,2109,completed,5988276
4,3,2110,completed,6000443
4,3,2111,completed,6002318
4,3,2112,completed,6004526
4,3,2113,completed,5412278
4,3,2114,completed,5404153
4,3,2115,completed,5405736
4,3,2116,completed,5407903
4,3,2117,completed,8467811
4,3,2118,completed,8460728
4,3,2119,completed,8460812
4,3,2120,completed,8460770
4,3,2121,completed,5892610
4,3,2122,completed,5898318
4,3,2123,completed,5899485
4,3,2124,completed,5900734
4,3,2125,completed,5943693
4,3,2126,completed,5948860
4,3,2127,completed,5949568
4,3,2128,completed,5950151
4,3,2129,completed,5854360
4,3,2130,completed,5866527
4,3,2131,completed,5868693
4,3,2132,completed,5870651
4,3,2133,completed,6118026
4,3,2134,completed,6115026
4,3,2135,completed,6115526
4,3,2136,completed,6116234
4,3,2137,completed,5950068
4,3,2138,completed,5949652
4,3,2139,completed,5950818
4,3,2140,completed,5951485
4,3,2141,completed,6106609
4,3,2142,completed,6120900
4,3,2143,completed,6122984
4,3,2144,completed,6125401
4,3,2145,completed,5846694
4,3,2146,completed,5847443
4,3,2147,completed,5847735
4,3,2148,completed,5847818
4,3,2149,completed,5958568
4,3,2150,completed,5958818
4,3,2151,completed,5959360
4,3,2152,completed,5960193
4,3,2153,completed,5616361
4,3,2154,completed,5629194
4,3,2155,completed,5631444
4,3,2156,completed,5633694
4,3,2157,completed,5743735
4,3,2158,completed,5748152
4,3,2159,completed,5749902
4,3,2160,completed,5751569
4,3,2161,completed,6447025
4,3,2162,completed,6447066
4,3,2163,completed,6447691
4,3,2164,completed,6448442
4,3,2165,completed,6001193
4,3,2166,completed,5999402
4,3,2167,completed,6000484
4,3,2168,completed,6001526
4,3,2169,completed,5993235
4,3,2170,completed,5994110
4,3,2171,completed,5994610
4,3,2172,completed,5995318
4,3,2173,completed,6035026
4,3,2174,completed,6040692
4,3,2175,completed,6042193
4,3,2176,completed,6043776
4,3,2177,completed,5918735
4,3,2178,completed,5914651
4,3,2179,completed,5915068
4,3,2180,completed,5915443
4,3,2181,completed,6017484
4,3,2182,completed,6018026
4,3,2183,completed,6018943
4,3,2184,completed,6019943
4,3,2185,completed,5974943
4,3,2186,completed,5981568
4,3,2187,completed,5983026
4,3,2188,completed,5984484
4,3,2189,completed,5702194
4,3,2190,completed,5699152
4,3,2191,completed,5699777
4,3,2192,completed,5701402
4,3,2193,completed,6211818
4,3,2194,completed,6209734
4,3,2195,completed,6209859
4,3,2196,completed,6210317
4,3,2197,completed,6041693
4,3,2198,completed,6054985
4,3,2199,completed,6057234
4,3,2200,completed,6059735
4,3,2201,completed,5462361
4,3,2202,completed,5461278
4,3,2203,completed,5462861
4,3,2204,completed,5464320
4,3,2205,completed,6369317
4,3,2206,completed,6365942
4,3,2207,completed,6366067
4,3,2208,completed,6366025
4,3,2209,completed,6027277
4,3,2210,completed,6034276
4,3,2211,completed,6036026
4,3,2212,completed,6037860
4,3,2213,completed,5932818
4,3,2214,completed,5928860
4,3,2215,completed,5928902
4,3,2216,completed,5929110
4,3,2217,completed,6009693
4,3,2218,completed,6011234
4,3,2219,completed,6012151
4,3,2220,completed,6013068
4,3,2221,completed,5955485
4,3,2222,completed,5957027
4,3,2223,completed,5957943
4,3,2224,completed,5959401
4,3,2225,completed,5941068
4,3,2226,completed,5938526
4,3,2227,completed,5939151
4,3,2228,completed,5940110
4,3,2229,completed,6052402
4,3,2230,completed,6064027
4,3,2231,completed,6066026
4,3,2232,completed,6068318
4,3,2233,completed,5930026
4,3,2234,completed,5929818
4,3,2235,completed,5931193
4,3,2236,completed,5932902
4,3,2237,completed,5984110
4,3,2238,completed,5980068
4,3,2239,completed,5980193
4,3,2240,completed,5979818
4,3,2241,completed,6070442
4,3,2242,completed,6082651
4,3,2243,completed,6084692
4,3,2244,completed,6086735
4,3,2245,completed,5844943
4,3,2246,completed,5842152
4,3,2247,completed,5843402
4,3,2248,completed,5845068
4,3,2249,completed,5941735
4,3,2250,completed,5937152
4,3,2251,completed,5937443
4,3,2252,completed,5937235
4,3,2253,completed,6049193
4,3,2254,completed,6060609
4,3,2255,completed,6062692
4,3,2256,completed,6064693
4,3,2257,completed,5939985
4,3,2258,completed,5943735
4,3,2259,completed,5944860
4,3,2260,completed,5946318
4,3,2261,completed,5938859
4,3,2262,completed,5936693
4,3,2263,completed,5936776
4,3,2264,completed,5937151
4,3,2265,completed,5976818
4,3,2266,completed,5984485
4,3,2267,completed,5986276
4,3,2268,completed,5988318
4,3,2269,completed,5926902
4,3,2270,completed,5920568
4,3,2271,completed,5920776
4,3,2272,completed,5921318
4,3,2273,completed,5964109
4,3,2274,completed,5966193
4,3,2275,completed,5966735
4,3,2276,completed,5967402
4,3,2277,completed,5984860
4,3,2278,completed,5987443
4,3,2279,completed,5988443
4,3,2280,completed,5990109
4,3,2281,completed,5690860
4,3,2282,completed,5689944
4,3,2283,completed,5690611
4,3,2284,completed,5691110
4,3,2285,completed,6249567
4,3,2286,completed,6255734
4,3,2287,completed,6257234
4,3,2288,completed,6258942
4,3,2289,completed,5920568
4,3,2290,completed,5927235
4,3,2291,completed,5929151
4,3,2292,completed,5931443
4,3,2293,completed,6027401
4,3,2294,completed,6020360
4,3,2295,completed,6020776
4,3,2296,completed,6020652
4,3,2297,completed,5678902
4,3,2298,completed,5693777
4,3,2299,completed,5696152
4,3,2300,completed,5698235
4,3,2301,completed,6299317
4,3,2302,completed,6301651
4,3,2303,completed,6303317
4,3,2304,completed,6304734
4,3,2305,completed,5659860
4,3,2306,completed,5654110
4,3,2307,completed,5654444
4,3,2308,completed,5654485
4,3,2309,completed,5943485
4,3,2310,completed,5951277
4,3,2311,completed,5952401
4,3,2312,completed,5953610
4,3,2313,completed,6245234
4,3,2314,completed,6245817
4,3,2315,completed,6246609
4,3,2316,completed,6247859
4,3,2317,completed,6028776
4,3,2318,completed,6025901
4,3,2319,completed,6026151
4,3,2320,completed,6026443
4,3,2321,completed,5941235
4,3,2322,completed,5944610
4,3,2323,completed,5945693
4,3,2324,completed,5946818
4,3,2325,completed,5961902
4,3,2326,completed,5961360
4,3,2327,completed,5961651
4,3,2328,completed,5962235
4,3,2329,completed,6001109
4,3,2330,completed,6005943
4,3,2331,completed,6006568
4,3,2332,completed,6007568
4,3,2333,completed,6128484
4,3,2334,completed,6134901
4,3,2335,completed,6135818
4,3,2336,completed,6137442
4,3,2337,completed,5838944
4,3,2338,completed,5837443
4,3,2339,completed,5837944
4,3,2340,completed,5838318
4,3,2341,completed,5955360
4,3,2342,completed,5962943
4,3,2343,completed,5963777
4,3,2344,completed,5964693
4,3,2345,completed,6019985
4,3,2346,completed,6025068
4,3,2347,completed,6027110
4,3,2348,completed,6029360
4,3,2349,completed,6038734
4,3,2350,completed,6033193
4,3,2351,completed,6033193
4,3,2352,completed,6033026
4,3,2353,completed,5922360
4,3,2354,completed,5932777
4,3,2355,completed,5935027
4,3,2356,completed,5937068
4,3,2357,completed,5933485
4,3,2358,completed,5933819
4,3,2359,completed,5935069
4,3,2360,completed,5936360
4,3,2361,completed,5932235
4,3,2362,completed,5927193
4,3,2363,completed,5926943
4,3,2364,completed,5926734
4,3,2365,completed,5936485
4,3,2366,completed,5941026
4,3,2367,completed,5942110
4,3,2368,completed,5943110
4,3,2369,completed,5998401
4,3,2370,completed,5995610
4,3,2371,completed,5996235
4,3,2372,completed,5996485
4,3,2373,completed,6060276
4,3,2374,completed,6066067
4,3,2375,completed,6066901
4,3,2376,completed,6067776
4,3,2377,completed,5937068
4,3,2378,completed,5939569
4,3,2379,completed,5940902
4,3,2380,completed,5942110
4,3,2381,completed,6047318
4,3,2382,completed,6049026
4,3,2383,completed,6049526
4,3,2384,completed,6050360
4,3,2385,completed,6033901
4,3,2386,completed,6045734
4,3,2387,completed,6048359
4,3,2388,completed,6051109
4,3,2389,completed,5953943
4,3,2390,completed,5955526
4,3,2391,completed,5956860
4,3,2392,completed,5958276
4,3,2393,completed,6075776
4,3,2394,completed,6070192
4,3,2395,completed,6070359
4,3,2396,completed,6070818
4,3,2397,completed,5503986
4,3,2398,completed,5509903
4,3,2399,completed,5511153
4,3,2400,completed,5512569
4,3,2401,completed,6243359
4,3,2402,completed,6247776
4,3,2403,completed,6249484
4,3,2404,completed,6251401
4,3,2405,completed,5989526
4,3,2406,completed,5986609
4,3,2407,completed,5986860
4,3,2408,completed,5987027
4,3,2409,completed,5992568
4,3,2410,completed,5999651
4,3,2411,completed,6001777
4,3,2412,completed,6003901
4,3,2413,completed,5948651
4,3,2414,completed,5966193
4,3,2415,completed,5966443
4,3,2416,completed,5966526
4,3,2417,completed,5824901
4,3,2418,completed,5836193
4,3,2419,completed,5838694
4,3,2420,completed,5840819
4,3,2421,completed,6047901
4,3,2422,completed,6042942
4,3,2423,completed,6043276
4,3,2424,completed,6044067
4,3,2425,completed,5943277
4,3,2426,completed,5942193
4,3,2427,completed,5942693
4,3,2428,completed,5943235
4,3,2429,completed,5973026
4,3,2430,completed,5976777
4,3,2431,completed,5977318
4,3,2432,completed,5978110
4,3,2433,completed,6047568
4,3,2434,completed,6054068
4,3,2435,completed,6055860
4,3,2436,completed,6057984
4,3,2437,completed,6039443
4,3,2438,completed,6036026
4,3,2439,completed,6035985
4,3,2440,completed,6035609
4,3,2441,completed,6031484
4,3,2442,completed,6044193
4,3,2443,completed,6046151
4,3,2444,completed,6048734
4,3,2445,completed,5733027
4,3,2446,completed,5737486
4,3,2447,completed,5738736
4,3,2448,completed,5740485
4,3,2449,completed,5938235
4,3,2450,completed,5929193
4,3,2451,completed,5929193
4,3,2452,completed,5929402
4,3,2453,completed,6011318
4,3,2454,completed,6019485
4,3,2455,completed,6020485
4,3,2456,completed,6021526
4,3,2457,completed,5947360
4,3,2458,completed,5953109
4,3,2459,completed,5955193
4,3,2460,completed,5957152
4,3,2461,completed,6064567
4,3,2462,completed,6060443
4,3,2463,completed,6060276
4,3,2464,completed,6060318
4,3,2465,completed,5348153
4,3,2466,completed,5356112
4,3,2467,completed,5357903
4,3,2468,completed,5359861
4,3,2469,completed,6403275
4,3,2470,completed,6392984
4,3,2471,completed,6392484
4,3,2472,completed,6392233
4,3,2473,completed,5479902
4,3,2474,completed,5488985
4,3,2475,completed,5490902
4,3,2476,completed,5492944
4,3,2477,completed,7650272
4,3,2478,completed,7653814
4,3,2479,completed,7655480
4,3,2480,completed,7656938
4,3,2481,completed,5818860
4,3,2482,completed,5813735
4,3,2483,completed,5813944
4,3,2484,completed,5814360
4,3,2485,completed,5944110
4,3,2486,completed,5958818
4,3,2487,completed,5960776
4,3,2488,completed,5962860
4,3,2489,completed,5941818
4,3,2490,completed,5944193
4,3,2491,completed,5944443
4,3,2492,completed,5944735
4,3,2493,completed,5991318
4,3,2494,completed,5993443
4,3,2495,completed,5993693
4,3,2496,completed,5993776
4,3,2497,completed,6015943
4,3,2498,completed,6021360
4,3,2499,completed,6022401
4,3,2500,completed,6023442
4,3,2501,completed,5861985
4,3,2502,completed,5862860
4,3,2503,completed,5863777
4,3,2504,completed,5864568
4,3,2505,completed,6005360
4,3,2506,completed,6006734
4,3,2507,completed,6007068
4,3,2508,completed,6007318
4,3,2509,completed,6051859
4,3,2510,completed,6063026
4,3,2511,completed,6064901
4,3,2512,completed,6066609
4,3,2513,completed,5887194
4,3,2514,completed,5880235
4,3,2515,completed,5879985
4,3,2516,completed,5879819
4,3,2517,completed,6029151
4,3,2518,completed,6036359
4,3,2519,completed,6037068
4,3,2520,completed,6037901
4,3,2521,completed,5974860
4,3,2522,completed,5981568
4,3,2523,completed,5983027
4,3,2524,completed,5984526
4,3,2525,completed,5916276
4,3,2526,completed,5913193
4,3,2527,completed,5913401
4,3,2528,completed,5913860
4,3,2529,completed,5861318
4,3,2530,completed,5871568
4,3,2531,completed,5873735
4,3,2532,completed,5875985
4,3,2533,completed,6133401
4,3,2534,completed,6137359
4,3,2535,completed,6138484
4,3,2536,completed,6140359
4,3,2537,completed,5650528
4,3,2538,completed,5643611
4,3,2539,completed,5644027
4,3,2540,completed,5644153
4,3,2541,completed,6319150
4,3,2542,completed,6329734
4,3,2543,completed,6331817
4,3,2544,completed,6273692
4,3,2545,completed,5508027
4,3,2546,completed,5509277
4,3,2547,completed,5510652
4,3,2548,completed,5511944
4,3,2549,completed,5801527
4,3,2550,completed,5791027
4,3,2551,completed,5790985
4,3,2552,completed,5791152
4,3,2553,completed,6512734
4,3,2554,completed,6524067
4,3,2555,completed,6526150
4,3,2556,completed,6527941
4,3,2557,completed,5932360
4,3,2558,completed,5927277
4,3,2559,completed,5927235
4,3,2560,completed,5927276
4,3,2561,completed,6002693
4,3,2562,completed,6004110
4,3,2563,completed,6006318
4,3,2564,completed,6008610
4,3,2565,completed,5986401
4,3,2566,completed,5987110
4,3,2567,completed,5987734
4,3,2568,completed,5988193
4,3,2569,completed,5944609
4,3,2570,completed,5942484
4,3,2571,completed,5942818
4,3,2572,completed,5943401
4,3,2573,completed,6092568
4,3,2574,completed,6101776
4,3,2575,completed,6103818
4,3,2576,completed,6105818
4,3,2577,completed,5911026
4,3,2578,completed,5913485
4,3,2579,completed,5914776
4,3,2580,completed,5916193
4,3,2581,completed,5987776
4,3,2582,completed,5979943
4,3,2583,completed,5979734
4,3,2584,completed,5980027
4,3,2585,completed,5705610
4,3,2586,completed,5716110
4,3,2587,completed,5718068
4,3,2588,completed,5720235
4,3,2589,completed,6231609
4,3,2590,completed,6227693
4,3,2591,completed,6227859
4,3,2592,completed,6228484
4,3,2593,completed,5910901
4,3,2594,completed,5911109
4,3,2595,completed,5911985
4,3,2596,completed,5912943
4,3,2597,completed,6037902
4,3,2598,completed,6039735
4,3,2599,completed,6040735
4,3,2600,completed,6041610
4,3,2601,completed,5887360
4,3,2602,completed,5888318
4,3,2603,completed,5888652
4,3,2604,completed,5888901
4,3,2605,completed,5995735
4,3,2606,completed,5998109
4,3,2607,completed,5999234
4,3,2608,completed,6000068
4,3,2609,completed,6025818
4,3,2610,completed,6034235
4,3,2611,completed,6036151
4,3,2612,completed,6037818
4,3,2613,completed,5992735
4,3,2614,completed,5992276
4,3,2615,completed,5992193
4,3,2616,completed,5992443
4,3,2617,completed,5940360
4,3,2618,completed,5938568
4,3,2619,completed,5940110
4,3,2620,completed,5942026
4,3,2621,completed,5920235
4,3,2622,completed,5915818
4,3,2623,completed,5916193
4,3,2624,completed,5916402
4,3,2625,completed,5847318
4,3,2626,completed,5848485
4,3,2627,completed,5849527
4,3,2628,completed,5850069
4,3,2629,completed,6112610
4,3,2630,completed,6116318
4,3,2631,completed,6116901
4,3,2632,completed,6117859
4,3,2633,completed,5997526
4,3,2634,completed,6004610
4,3,2635,completed,6006193
4,3,2636,completed,6008527
4,3,2637,completed,5974443
4,3,2638,completed,5970527
4,3,2639,completed,5970610
4,3,2640,completed,5970818
4,3,2641,completed,5993235
4,3,2642,completed,6000985
4,3,2643,completed,6002943
4,3,2644,completed,6005527
4,3,2645,completed,5993152
4,3,2646,completed,5994193
4,3,2647,completed,5995193
4,3,2648,completed,5996568
4,3,2649,completed,5907902
4,3,2650,completed,5901652
4,3,2651,completed,5901860
4,3,2652,completed,5902069
4,3,2653,completed,5957610
4,3,2654,completed,5959610
4,3,2655,completed,5960485
4,3,2656,completed,5961235
4,3,2657,completed,5831277
4,3,2658,completed,5829527
4,3,2659,completed,5829902
4,3,2660,completed,5830611
4,3,2661,completed,6153067
4,3,2662,completed,6157942
4,3,2663,completed,6158692
4,3,2664,completed,6159775
4,3,2665,completed,5584528
4,3,2666,completed,5581694
4,3,2667,completed,5584027
4,3,2668,completed,5586152
4,3,2669,completed,6209235
4,3,2670,completed,6202942
4,3,2671,completed,6203400
4,3,2672,completed,6203692
4,3,2673,completed,6014443
4,3,2674,completed,6019360
4,3,2675,completed,6020568
4,3,2676,completed,6021652
4,3,2677,completed,5926527
4,3,2678,completed,5925026
4,3,2679,completed,5925651
4,3,2680,completed,5927109
4,3,2681,completed,5985484
4,3,2682,completed,5988193
4,3,2683,completed,5989068
4,3,2684,completed,5989818
4,3,2685,completed,6067276
4,3,2686,completed,6069151
4,3,2687,completed,6071068
4,3,2688,completed,6073693
4,3,2689,completed,5913443
4,3,2690,completed,5911860
4,3,2691,completed,5912984
4,3,2692,completed,5914610
4,3,2693,completed,5721735
4,3,2694,completed,5715652
4,3,2695,completed,5715652
4,3,2696,completed,5715943
4,3,2697,completed,6616899
4,3,2698,completed,6627733
4,3,2699,completed,6629817
4,3,2700,completed,6631941
4,3,2701,completed,5623736
4,3,2702,completed,5619194
4,3,2703,completed,5619319
4,3,2704,completed,5619611
4,3,2705,completed,5903568
4,3,2706,completed,5909276
4,3,2707,completed,5910068
4,3,2708,completed,5910860
4,3,2709,completed,5935818
4,3,2710,completed,5941485
4,3,2711,completed,5942693
4,3,2712,completed,5943943
4,3,2713,completed,5939068
4,3,2714,completed,5937443
4,3,2715,completed,5937568
4,3,2716,completed,5937860
4,3,2717,completed,6010985
4,3,2718,completed,6016610
4,3,2719,completed,6017401
4,3,2720,completed,6018651
4,3,2721,completed,5917443
4,3,2722,completed,5921527
4,3,2723,completed,5922527
4,3,2724,completed,5923610
4,3,2725,completed,5998360
4,3,2726,completed,5998068
4,3,2727,completed,5998401
4,3,2728,completed,5999152
4,3,2729,completed,5993985
4,3,2730,completed,6000068
4,3,2731,completed,6000901
4,3,2732,completed,6001609
4,3,2733,completed,5790486
4,3,2734,completed,5797860
4,3,2735,completed,5799568
4,3,2736,completed,5801735
4,3,2737,completed,6139609
4,3,2738,completed,6136984
4,3,2739,completed,6136901
4,3,2740,completed,6136859
4,3,2741,completed,5884818
4,3,2742,completed,5889110
4,3,2743,completed,5889318
4,3,2744,completed,5889943
4,3,2745,completed,5982235
4,3,2746,completed,5991276
4,3,2747,completed,5993402
4,3,2748,completed,5995610
4,3,2749,completed,6005943
4,3,2750,completed,6002109
4,3,2751,completed,6001985
4,3,2752,completed,6001360
4,3,2753,completed,5924610
4,3,2754,completed,5931568
4,3,2755,completed,5932526
4,3,2756,completed,5933401
4,3,2757,completed,5623361
4,3,2758,completed,5623944
4,3,2759,completed,5624569
4,3,2760,completed,5625403
4,3,2761,completed,6299192
4,3,2762,completed,6304650
4,3,2763,completed,6305984
4,3,2764,completed,6307025
4,3,2765,completed,6045692
4,3,2766,completed,6054859
4,3,2767,completed,6056318
4,3,2768,completed,6057693
4,3,2769,completed,5833360
4,3,2770,completed,5831485
4,3,2771,completed,5831652
4,3,2772,completed,5832277
4,3,2773,completed,6031526
4,3,2774,completed,6036942
4,3,2775,completed,6037401
4,3,2776,completed,6038109
4,3,2777,completed,5937443
4,3,2778,completed,5941235
4,3,2779,completed,5943110
4,3,2780,completed,5945360
4,3,2781,completed,6060110
4,3,2782,completed,6062860
4,3,2783,completed,6129276
4,3,2784,completed,6131318
4,3,2785,completed,5826194
4,3,2786,completed,5855527
4,3,2787,completed,5861527
4,3,2788,completed,5868235
4,3,2789,completed,6009359
4,3,2790,completed,6033818
4,3,2791,completed,6040776
4,3,2792,completed,6046110
4,3,2793,completed,5930318
4,3,2794,completed,5930152
4,3,2795,completed,5923526
4,3,2796,completed,5917735
4,3,2797,completed,6087318
4,3,2798,completed,6112110
4,3,2799,completed,6119276
4,3,2800,completed,6125567
4,3,2801,completed,5926318
4,3,2802,completed,5952068
4,3,2803,completed,5942152
4,3,2804,completed,5931902
4,3,2805,completed,5903485
4,3,2806,completed,5866527
4,3,2807,completed,5866610
4,3,2808,completed,5867568
4,3,2809,completed,5987527
4,3,2810,completed,5991193
4,3,2811,completed,5992318
4,3,2812,completed,5993110
4,3,2813,completed,5869860
4,3,2814,completed,5870069
4,3,2815,completed,5870485
4,3,2816,completed,5871735
4,3,2817,completed,6009068
4,3,2818,completed,6018318
4,3,2819,completed,6020235
4,3,2820,completed,6023443
4,3,2821,completed,5833985
4,3,2822,completed,5848026
4,3,2823,completed,5855276
4,3,2824,completed,5861694
4,3,2825,completed,6152651
4,3,2826,completed,6158651
4,3,2827,completed,6157484
4,3,2828,completed,6147901
4,3,2829,completed,6025860
4,3,2830,completed,6039734
4,3,2831,completed,6036026
4,3,2832,completed,6032526
4,3,2833,completed,6009693
4,3,2834,completed,6020901
4,3,2835,completed,6022609
4,3,2836,completed,6024151
4,3,2837,completed,6069776
4,3,2838,completed,6085068
4,3,2839,completed,6088193
4,3,2840,completed,6089401
4,3,2841,completed,5906402
4,3,2842,completed,5925359
4,3,2843,completed,5938818
4,3,2844,completed,5953818
4,3,2845,completed,5947693
4,3,2846,completed,5939777
4,3,2847,completed,5926860
4,3,2848,completed,5914568
4,3,2849,completed,5928193
4,3,2850,completed,5928527
4,3,2851,completed,5929610
4,3,2852,completed,5930485
4,3,2853,completed,6020026
4,3,2854,completed,6029609
4,3,2855,completed,6031610
4,3,2856,completed,6033984
4,3,2857,completed,5925110
4,3,2858,completed,5928277
4,3,2859,completed,5929277
4,3,2860,completed,5930276
4,3,2861,completed,5994401
4,3,2862,completed,6010068
4,3,2863,completed,6011527
4,3,2864,completed,6013734
4,3,2865,completed,5989193
4,3,2866,completed,6007193
4,3,2867,completed,6016527
4,3,2868,completed,6025109
4,3,2869,completed,5963776
4,3,2870,completed,5956985
4,3,2871,completed,5950193
4,3,2872,completed,5942776
4,3,2873,completed,5912151
4,3,2874,completed,5913318
4,3,2875,completed,5914235
4,3,2876,completed,5914777
4,3,2877,completed,6087318
4,3,2878,completed,6113943
4,3,2879,completed,6127359
4,3,2880,completed,6139776
4,3,2881,completed,5957277
4,3,2882,completed,5955818
4,3,2883,completed,5951693
4,3,2884,completed,5945651
4,3,2885,completed,6156859
4,3,2886,completed,6162193
4,3,2887,completed,6158526
4,3,2888,completed,6155110
4,3,2889,completed,5841027
4,3,2890,completed,5865527
4,3,2891,completed,5879110
4,3,2892,completed,5892277
4,3,2893,completed,5957735
4,3,2894,completed,5964901
4,3,2895,completed,5954193
4,3,2896,completed,5942985
4,3,2897,completed,6034026
4,3,2898,completed,6089776
4,3,2899,completed,6094943
4,3,2900,completed,6096651
4,3,2901,completed,5919652
4,3,2902,completed,5830569
4,3,2903,completed,5831068
4,3,2904,completed,5832152
4,3,2905,completed,5999777
4,3,2906,completed,6003485
4,3,2907,completed,6004818
4,3,2908,completed,6006943
4,3,2909,completed,5946610
4,3,2910,completed,5962818
4,3,2911,completed,5964193
4,3,2912,completed,5965610
4,3,2913,completed,5671194
4,3,2914,completed,5690152
4,3,2915,completed,5692735
4,3,2916,completed,5694652
4,3,2917,completed,6287900
4,3,2918,completed,6281317
4,3,2919,completed,6288651
4,3,2920,completed,6296484
4,3,2921,completed,6022651
4,3,2922,completed,6043234
4,3,2923,completed,6042817
4,3,2924,completed,6043317
4,3,2925,completed,5933069
4,3,2926,completed,5927319
4,3,2927,completed,5920652
4,3,2928,completed,5914068
4,3,2929,completed,5967276
4,3,2930,completed,5972484
4,3,2931,completed,5973485
4,3,2932,completed,5975026
4,3,2933,completed,5709193
4,3,2934,completed,5720986
4,3,2935,completed,5723402
4,3,2936,completed,5726611
4,3,2937,completed,5842193
4,3,2938,completed,5842610
4,3,2939,completed,5843236
4,3,2940,completed,5850152
4,3,2941,completed,6291359
4,3,2942,completed,6322443
4,3,2943,completed,6336567
4,3,2944,completed,6349109
4,3,2945,completed,6066234
4,3,2946,completed,6067484
4,3,2947,completed,6057859
4,3,2948,completed,6047943
4,3,2949,completed,5364153
4,3,2950,completed,5377320
4,3,2951,completed,5383445
4,3,2952,completed,5388361
4,3,2953,completed,6550191
4,3,2954,completed,6550358
4,3,2955,completed,6546108
4,3,2956,completed,6542274
4,3,2957,completed,5916359
4,3,2958,completed,5921068
4,3,2959,completed,5921943
4,3,2960,completed,5922568
4,3,2961,completed,6010235
4,3,2962,completed,6012734
4,3,2963,completed,6014527
4,3,2964,completed,6016193
4,3,2965,completed,5932944
4,3,2966,completed,5936776
4,3,2967,completed,5937276
4,3,2968,completed,5937443
4,3,2969,completed,5954443
4,3,2970,completed,5961569
4,3,2971,completed,5963485
4,3,2972,completed,5964776
4,3,2973,completed,5958359
4,3,2974,completed,5959526
4,3,2975,completed,5960193
4,3,2976,completed,5961109
4,3,2977,completed,5928860
4,3,2978,completed,5929110
4,3,2979,completed,5929526
4,3,2980,completed,5929318
4,3,2981,completed,5971652
4,3,2982,completed,5972485
4,3,2983,completed,5972693
4,3,2984,completed,5972818
4,3,2985,completed,5979276
4,3,2986,completed,5991277
4,3,2987,completed,5993109
4,3,2988,completed,5994527
4,3,2989,completed,5971984
4,3,2990,completed,5982776
4,3,2991,completed,5984401
4,3,2992,completed,5985902
4,3,2993,completed,5919068
4,3,2994,completed,5917027
4,3,2995,completed,5917068
4,3,2996,completed,5917152
4,3,2997,completed,6058859
4,3,2998,completed,6075984
4,3,2999,completed,6078151
4,3,3000,completed,6080151
4,3,3001,completed,5889360
4,3,3002,completed,5889234
4,3,3003,completed,5889610
4,3,3004,completed,5889359
4,3,3005,completed,5913235
4,3,3006,completed,5920860
4,3,3007,completed,5922276
4,3,3008,completed,5923609
4,3,3009,completed,5949568
4,3,3010,completed,5951943
4,3,3011,completed,5952693
4,3,3012,completed,5953776
4,3,3013,completed,5906110
4,3,3014,completed,5899527
4,3,3015,completed,5898985
4,3,3016,completed,5898443
4,3,3017,completed,6022359
4,3,3018,completed,6038985
4,3,3019,completed,6041234
4,3,3020,completed,6043067
4,3,3021,completed,5894527
4,3,3022,completed,5893152
4,3,3023,completed,5893110
4,3,3024,completed,5893360
4,3,3025,completed,6119943
4,3,3026,completed,6120776
4,3,3027,completed,6120734
4,3,3028,completed,6120901
4,3,3029,completed,5889818
4,3,3030,completed,5907485
4,3,3031,completed,5909527
4,3,3032,completed,5911360
4,3,3033,completed,5896110
4,3,3034,completed,5890402
4,3,3035,completed,5891735
4,3,3036,completed,5893152
4,3,3037,completed,5789776
4,3,3038,completed,5801194
4,3,3039,completed,5801902
4,3,3040,completed,5801527
4,3,3041,completed,5951652
4,3,3042,completed,5954735
4,3,3043,completed,5966443
4,3,3044,completed,5978526
4,3,3045,completed,6196359
4,3,3046,completed,6200484
4,3,3047,completed,6200693
4,3,3048,completed,6198776
4,3,3049,completed,5611194
4,3,3050,completed,5602944
4,3,3051,completed,5592486
4,3,3052,completed,5582111
4,3,3053,completed,6339650
4,3,3054,completed,6390942
4,3,3055,completed,6392567
4,3,3056,completed,6394192
4,3,3057,completed,5411111
4,3,3058,completed,5415278
4,3,3059,completed,5415694
4,3,3060,completed,5415987
4,3,3061,completed,6100526
4,3,3062,completed,6109443
4,3,3063,completed,6109942
4,3,3064,completed,6110818
4,3,3065,completed,6325567
4,3,3066,completed,6330234
4,3,3067,completed,6330942
4,3,3068,completed,6331775
4,3,3069,completed,5621403
4,3,3070,completed,5623902
4,3,3071,completed,5624152
4,3,3072,completed,5624194
4,3,3073,completed,6364734
4,3,3074,completed,6382401
4,3,3075,completed,6384609
4,3,3076,completed,6386650
4,3,3077,completed,5948901
4,3,3078,completed,5979526
4,3,3079,completed,5980401
4,3,3080,completed,5981443
4,3,3081,completed,5611111
4,3,3082,completed,5612027
4,3,3083,completed,5612236
4,3,3084,completed,5612403
4,3,3085,completed,5898776
4,3,3086,completed,5929568
4,3,3087,completed,5931693
4,3,3088,completed,5934068
4,3,3089,completed,6292150
4,3,3090,completed,6290484
4,3,3091,completed,6291359
4,3,3092,completed,6292526
4,3,3093,completed,5973610
4,3,3094,completed,5973693
4,3,3095,completed,5973609
4,3,3096,completed,5973860
4,3,3097,completed,5988401
4,3,3098,completed,6003943
4,3,3099,completed,6005859
4,3,3100,completed,6007485
4,3,3101,completed,5884193
4,3,3102,completed,5878193
4,3,3103,completed,5878193
4,3,3104,completed,5878068
4,3,3105,completed,5986026
4,3,3106,completed,5992276
4,3,3107,completed,5992818
4,3,3108,completed,5993735
4,3,3109,completed,6024568
4,3,3110,completed,6029943
4,3,3111,completed,6030651
4,3,3112,completed,6031610
4,3,3113,completed,5921193
4,3,3114,completed,5925610
4,3,3115,completed,5926193
4,3,3116,completed,5926526
4,3,3117,completed,5877860
4,3,3118,completed,5881818
4,3,3119,completed,5888402
4,3,3120,completed,5888984
4,3,3121,completed,6049860
4,3,3122,completed,6053693
4,3,3123,completed,6054193
4,3,3124,completed,6054818
4,3,3125,completed,5965859
4,3,3126,completed,5966527
4,3,3127,completed,5966610
4,3,3128,completed,5966818
4,3,3129,completed,6005901
4,3,3130,completed,6010609
4,3,3131,completed,6011818
4,3,3132,completed,6013442
4,3,3133,completed,5511778
4,3,3134,completed,5513152
4,3,3135,completed,5514070
4,3,3136,completed,5516819
4,3,3137,completed,5851568
4,3,3138,completed,5851027
4,3,3139,completed,5851068
4,3,3140,completed,5851568
4,3,3141,completed,6542858
4,3,3142,completed,6551358
4,3,3143,completed,6553275
4,3,3144,completed,6555650
4,3,3145,completed,6009568
4,3,3146,completed,6033610
4,3,3147,completed,6044776
4,3,3148,completed,6059027
4,3,3149,completed,5936485
4,3,3150,completed,5937901
4,3,3151,completed,5924526
4,3,3152,completed,5913276
4,3,3153,completed,6031443
4,3,3154,completed,6061401
4,3,3155,completed,6073776
4,3,3156,completed,6086651
4,3,3157,completed,5896943
4,3,3158,completed,5891318
4,3,3159,completed,5882568
4,3,3160,completed,5875777
4,3,3161,completed,6018902
4,3,3162,completed,6027484
4,3,3163,completed,6023402
4,3,3164,completed,6019818
4,3,3165,completed,6009027
4,3,3166,completed,6024068
4,3,3167,completed,6025484
4,3,3168,completed,6027151
4,3,3169,completed,5932777
4,3,3170,completed,5947193
4,3,3171,completed,5954485
4,3,3172,completed,5960902
4,3,3173,completed,6126734
4,3,3174,completed,6167609
4,3,3175,completed,6167317
4,3,3176,completed,6164318
4,3,3177,completed,5835235
4,3,3178,completed,5839735
4,3,3179,completed,5842194
4,3,3180,completed,5843944
4,3,3181,completed,5808776
4,3,3182,completed,5803652
4,3,3183,completed,5803610
4,3,3184,completed,5803901
4,3,3185,completed,6019485
4,3,3186,completed,6034193
4,3,3187,completed,6036526
4,3,3188,completed,6037818
4,3,3189,completed,5927569
4,3,3190,completed,5929818
4,3,3191,completed,5931027
4,3,3192,completed,5931735
4,3,3193,completed,5913401
4,3,3194,completed,5908693
4,3,3195,completed,5908735
4,3,3196,completed,5909193
4,3,3197,completed,6018359
4,3,3198,completed,6032026
4,3,3199,completed,6034235
4,3,3200,completed,6035359
4,3,3201,completed,5876819
4,3,3202,completed,5874235
4,3,3203,completed,5874319
4,3,3204,completed,5874152
4,3,3205,completed,5630360
4,3,3206,completed,5633194
4,3,3207,completed,5633569
4,3,3208,completed,5633985
4,3,3209,completed,6297734
4,3,3210,completed,6303859
4,3,3211,completed,6304401
4,3,3212,completed,6304692
4,3,3213,completed,5976485
4,3,3214,completed,5981318
4,3,3215,completed,5982359
4,3,3216,completed,5983151
4,3,3217,completed,5932360
4,3,3218,completed,5937527
4,3,3219,completed,5938152
4,3,3220,completed,5939360
4,3,3221,completed,5839110
4,3,3222,completed,5852610
4,3,3223,completed,5854735
4,3,3224,completed,5856527
4,3,3225,completed,6078402
4,3,3226,completed,6076442
4,3,3227,completed,6077234
4,3,3228,completed,6076943
4,3,3229,completed,5993277
4,3,3230,completed,5998484
4,3,3231,completed,5999360
4,3,3232,completed,5999943
4,3,3233,completed,6052901
4,3,3234,completed,6055151
4,3,3235,completed,6057360
4,3,3236,completed,6059484
4,3,3237,completed,5927110
4,3,3238,completed,5926693
4,3,3239,completed,5926860
4,3,3240,completed,5927276
4,3,3241,completed,5783527
4,3,3242,completed,5810235
4,3,3243,completed,5813277
4,3,3244,completed,5815443
4,3,3245,completed,6104276
4,3,3246,completed,6110651
4,3,3247,completed,6111817
4,3,3248,completed,6113484
4,3,3249,completed,5926569
4,3,3250,completed,5923110
4,3,3251,completed,5923443
4,3,3252,completed,5923151
4,3,3253,completed,5987985
4,3,3254,completed,6000402
4,3,3255,completed,6002526
4,3,3256,completed,6003777
4,3,3257,completed,5882276
4,3,3258,completed,5876151
4,3,3259,completed,5876027
4,3,3260,completed,5875901
4,3,3261,completed,5967193
4,3,3262,completed,5970359
4,3,3263,completed,5970902
4,3,3264,completed,5971151
4,3,3265,completed,6049943
4,3,3266,completed,6064026
4,3,3267,completed,6066860
4,3,3268,completed,6068318
4,3,3269,completed,5899652
4,3,3270,completed,5896860
4,3,3271,completed,5897027
4,3,3272,completed,5897193
4,3,3273,completed,5997318
4,3,3274,completed,6016484
4,3,3275,completed,6018859
4,3,3276,completed,6022234
4,3,3277,completed,5939152
4,3,3278,completed,5950610
4,3,3279,completed,5952693
4,3,3280,completed,5954443
4,3,3281,completed,5922985
4,3,3282,completed,5920027
4,3,3283,completed,5920026
4,3,3284,completed,5920151
4,3,3285,completed,5756735
4,3,3286,completed,5773485
4,3,3287,completed,5775610
4,3,3288,completed,5777568
4,3,3289,completed,6134401
4,3,3290,completed,6134943
4,3,3291,completed,6135734
4,3,3292,completed,6135818
4,3,3293,completed,5976943
4,3,3294,completed,5980026
4,3,3295,completed,5980860
4,3,3296,completed,5981526
4,3,3297,completed,5490694
4,3,3298,completed,5492986
4,3,3299,completed,5494070
4,3,3300,completed,5494403
4,3,3301,completed,6389651
4,3,3302,completed,6396650
4,3,3303,completed,6397400
4,3,3304,completed,6397983
4,3,3305,completed,6026152
4,3,3306,completed,6025693
4,3,3307,completed,6027402
4,3,3308,completed,6029068
4,3,3309,completed,5969901
4,3,3310,completed,5982110
4,3,3311,completed,5982776
4,3,3312,completed,5983652
4,3,3313,completed,5952026
4,3,3314,completed,5967526
4,3,3315,completed,5975776
4,3,3316,completed,5982360
4,3,3317,completed,6051068
4,3,3318,completed,6050610
4,3,3319,completed,6045026
4,3,3320,completed,6041901
4,3,3321,completed,5653402
4,3,3322,completed,5653235
4,3,3323,completed,5654569
4,3,3324,completed,5655652
4,3,3325,completed,6227692
4,3,3326,completed,6232359
4,3,3327,completed,6233276
4,3,3328,completed,6234109
4,3,3329,completed,5972568
4,3,3330,completed,5978569
4,3,3331,completed,5980235
4,3,3332,completed,5981485
4,3,3333,completed,5981943
4,3,3334,completed,5989651
4,3,3335,completed,5991235
4,3,3336,completed,5992985
4,3,3337,completed,6051859
4,3,3338,completed,6048484
4,3,3339,completed,6049068
4,3,3340,completed,6049317
4,3,3341,completed,5908068
4,3,3342,completed,5919443
4,3,3343,completed,5921568
4,3,3344,completed,5923693
4,3,3345,completed,5895860
4,3,3346,completed,5892943
4,3,3347,completed,5894069
4,3,3348,completed,5894944
4,3,3349,completed,5993276
4,3,3350,completed,5995651
4,3,3351,completed,5996443
4,3,3352,completed,5997110
4,3,3353,completed,5922151
4,3,3354,completed,5927027
4,3,3355,completed,5928818
4,3,3356,completed,5930735
4,3,3357,completed,5931694
4,3,3358,completed,5931652
4,3,3359,completed,5931485
4,3,3360,completed,5931568
4,3,3361,completed,6038901
4,3,3362,completed,6044984
4,3,3363,completed,6045859
4,3,3364,completed,6046734
4,3,3365,completed,6120567
4,3,3366,completed,6122776
4,3,3367,completed,6123984
4,3,3368,completed,6125192
4,3,3369,completed,5838943
4,3,3370,completed,5840776
4,3,3371,completed,5841526
4,3,3372,completed,5841735
4,3,3373,completed,5927943
4,3,3374,completed,5934902
4,3,3375,completed,5935527
4,3,3376,completed,5936152
4,3,3377,completed,5966901
4,3,3378,completed,5975151
4,3,3379,completed,5977276
4,3,3380,completed,5979151
4,3,3381,completed,5440111
4,3,3382,completed,5435528
4,3,3383,completed,5435319
4,3,3384,completed,5435611
4,3,3385,completed,6417400
4,3,3386,completed,6429067
4,3,3387,completed,6430066
4,3,3388,completed,6431150
4,3,3389,completed,6023610
4,3,3390,completed,6034693
4,3,3391,completed,6036359
4,3,3392,completed,6038401
4,3,3393,completed,5916401
4,3,3394,completed,5917276
4,3,3395,completed,5917443
4,3,3396,completed,5917818
4,3,3397,completed,5980276
4,3,3398,completed,5998318
4,3,3399,completed,6000526
4,3,3400,completed,6002735
4,3,3401,completed,5889444
4,3,3402,completed,5884319
4,3,3403,completed,5884151
4,3,3404,completed,5884360
4,3,3405,completed,6024901
4,3,3406,completed,6028068
4,3,3407,completed,6028860
4,3,3408,completed,6029526
4,3,3409,completed,5965318
4,3,3410,completed,5965776
4,3,3411,completed,5966984
4,3,3412,completed,5968776
4,3,3413,completed,5928318
4,3,3414,completed,5941735
4,3,3415,completed,5943235
4,3,3416,completed,5943985
4,3,3417,completed,5628652
4,3,3418,completed,5628444
4,3,3419,completed,5634319
4,3,3420,completed,5640153
4,3,3421,completed,6322067
4,3,3422,completed,6329608
4,3,3423,completed,6324734
4,3,3424,completed,6320609
4,3,3425,completed,6000818
4,3,3426,completed,6014902
4,3,3427,completed,6022026
4,3,3428,completed,6028027
4,3,3429,completed,6018402
4,3,3430,completed,6020985
4,3,3431,completed,6016277
4,3,3432,completed,6010943
4,3,3433,completed,5944027
4,3,3434,completed,5942735
4,3,3435,completed,5944402
4,3,3436,completed,5945776
4,3,3437,completed,5895735
4,3,3438,completed,5892402
4,3,3439,completed,5892360
4,3,3440,completed,5892610
4,3,3441,completed,5985818
4,3,3442,completed,6010526
4,3,3443,completed,6012276
4,3,3444,completed,6014026
4,3,3445,completed,6814525
4,3,3446,completed,6822941
4,3,3447,completed,6823441
4,3,3448,completed,6823857
4,3,3449,completed,6055651
4,3,3450,completed,6073193
4,3,3451,completed,6074068
4,3,3452,completed,6075068
4,3,3453,completed,5903027
4,3,3454,completed,5920527
4,3,3455,completed,5921860
4,3,3456,completed,5923110
4,3,3457,completed,7089440
4,3,3458,completed,7085190
4,3,3459,completed,7086482
4,3,3460,completed,7087148
4,3,3461,completed,5913318
4,3,3462,completed,5932610
4,3,3463,completed,5934859
4,3,3464,completed,5935652
4,3,3465,completed,5953526
4,3,3466,completed,5965151
4,3,3467,completed,5978068
4,3,3468,completed,5992777
4,3,3469,completed,5939860
4,3,3470,completed,5928068
4,3,3471,completed,5913818
4,3,3472,completed,5902068
4,3,3473,completed,5943068
4,3,3474,completed,6014693
4,3,3475,completed,6028692
4,3,3476,completed,6041276
4,3,3477,completed,6034068
4,3,3478,completed,6031984
4,3,3479,completed,6023777
4,3,3480,completed,6015860
4,3,3481,completed,5526819
4,3,3482,completed,5547944
4,3,3483,completed,5545903
4,3,3484,completed,5541819
4,3,3485,completed,6455608
4,3,3486,completed,6441651
4,3,3487,completed,6441983
4,3,3488,completed,6442692
4,3,3489,completed,5958568
4,3,3490,completed,5974943
4,3,3491,completed,5981276
4,3,3492,completed,5986818
4,3,3493,completed,6018735
4,3,3494,completed,6019984
4,3,3495,completed,6015401
4,3,3496,completed,6011526
4,3,3497,completed,5956527
4,3,3498,completed,5948569
4,3,3499,completed,5948401
4,3,3500,completed,5948776
4,3,3501,completed,5904027
4,3,3502,completed,5878569
4,3,3503,completed,5871193
4,3,3504,completed,5867193
4,3,3505,completed,6038277
4,3,3506,completed,6040610
4,3,3507,completed,6037068
4,3,3508,completed,6033610
4,3,3509,completed,5553986
4,3,3510,completed,5552819
4,3,3511,completed,5558319
4,3,3512,completed,5564486
4,3,3513,completed,6383150
4,3,3514,completed,6395650
4,3,3515,completed,6400775
4,3,3516,completed,6406400
4,3,3517,completed,5944985
4,3,3518,completed,5943110
4,3,3519,completed,5935819
4,3,3520,completed,5928235
4,3,3521,completed,6017318
4,3,3522,completed,6030068
4,3,3523,completed,6037443
4,3,3524,completed,6044067
4,3,3525,completed,5986068
4,3,3526,completed,5975860
4,3,3527,completed,5965652
4,3,3528,completed,5955276
4,3,3529,completed,5998818
4,3,3530,completed,6003734
4,3,3531,completed,6005401
4,3,3532,completed,6007068
4,3,3533,completed,6017443
4,3,3534,completed,6020235
4,3,3535,completed,6020360
4,3,3536,completed,6021193
4,3,3537,completed,5918777
4,3,3538,completed,5918610
4,3,3539,completed,5918901
4,3,3540,completed,5919193
4,3,3541,completed,6057693
4,3,3542,completed,6064610
4,3,3543,completed,6066235
4,3,3544,completed,6068026
4,3,3545,completed,5935693
4,3,3546,completed,5947943
4,3,3547,completed,5955026
4,3,3548,completed,5962026
4,3,3549,completed,6033902
4,3,3550,completed,6047026
4,3,3551,completed,6046860
4,3,3552,completed,6045651
4,3,3553,completed,5952902
4,3,3554,completed,5960484
4,3,3555,completed,5955735
4,3,3556,completed,5949860
4,3,3557,completed,6004443
4,3,3558,completed,6003360
4,3,3559,completed,6012693
4,3,3560,completed,6021152
4,3,3561,completed,5987818
4,3,3562,completed,6000276
4,3,3563,completed,5993693
4,3,3564,completed,5986734
4,3,3565,completed,6185776
4,3,3566,completed,6190275
4,3,3567,completed,6192734
4,3,3568,completed,6193234
4,3,3569,completed,5692569
4,3,3570,completed,5693444
4,3,3571,completed,5703068
4,3,3572,completed,5711277
4,3,3573,completed,6046068
4,3,3574,completed,6043276
4,3,3575,completed,6036026
4,3,3576,completed,6028568
4,3,3577,completed,5991652
4,3,3578,completed,5992401
4,3,3579,completed,5993818
4,3,3580,completed,5995359
4,3,3581,completed,5958318
4,3,3582,completed,5960651
4,3,3583,completed,5961609
4,3,3584,completed,5962610
4,3,3585,completed,6004777
4,3,3586,completed,6007568
4,3,3587,completed,6008985
4,3,3588,completed,6010026
4,3,3589,completed,5945109
4,3,3590,completed,5947360
4,3,3591,completed,5947859
4,3,3592,completed,5948360
4,3,3593,completed,5650486
4,3,3594,completed,5666818
4,3,3595,completed,5667652
4,3,3596,completed,5668360
4,3,3597,completed,6413442
4,3,3598,completed,6425108
4,3,3599,completed,6431651
4,3,3600,completed,6437984
4,3,3601,completed,5899818
4,3,3602,completed,5904484
4,3,3603,completed,5899651
4,3,3604,completed,5894776
4,3,3605,completed,5965568
4,3,3606,completed,5967026
4,3,3607,completed,5968110
4,3,3608,completed,5969110
4,3,3609,completed,6038651
4,3,3610,completed,6044527
4,3,3611,completed,6045776
4,3,3612,completed,6046734
4,3,3613,completed,5942777
4,3,3614,completed,5941235
4,3,3615,completed,5941401
4,3,3616,completed,5941401
4,3,3617,completed,5981485
4,3,3618,completed,6006151
4,3,3619,completed,6016610
4,3,3620,completed,6028485
4,3,3621,completed,5870318
4,3,3622,completed,5861193
4,3,3623,completed,5851193
4,3,3624,completed,5841402
4,3,3625,completed,6071818
4,3,3626,completed,6072359
4,3,3627,completed,6072901
4,3,3628,completed,6073068
4,3,3629,completed,6032443
4,3,3630,completed,6035277
4,3,3631,completed,6036277
4,3,3632,completed,6037026
4,3,3633,completed,5954443
4,3,3634,completed,5964027
4,3,3635,completed,5969652
4,3,3636,completed,5976151
4,3,3637,completed,5991235
4,3,3638,completed,5988193
4,3,3639,completed,5982360
4,3,3640,completed,5976735
4,3,3641,completed,6004776
4,3,3642,completed,6018110
4,3,3643,completed,6020859
4,3,3644,completed,6021777
4,3,3645,completed,5955443
4,3,3646,completed,5948943
4,3,3647,completed,5953902
4,3,3648,completed,5959651
4,3,3649,completed,5562402
4,3,3650,completed,5573320
4,3,3651,completed,5569903
4,3,3652,completed,5564736
4,3,3653,completed,6433317
4,3,3654,completed,6423609
4,3,3655,completed,6424692
4,3,3656,completed,6426150
4,3,3657,completed,5974860
4,3,3658,completed,5982860
4,3,3659,completed,5984360
4,3,3660,completed,5984859
4,3,3661,completed,5993443
4,3,3662,completed,5997901
4,3,3663,completed,6000068
4,3,3664,completed,6000235
4,3,3665,completed,6004485
4,3,3666,completed,5994735
4,3,3667,completed,5995651
4,3,3668,completed,5997109
4,3,3669,completed,5974651
4,3,3670,completed,5975235
4,3,3671,completed,5975359
4,3,3672,completed,5975443
4,3,3673,completed,6014485
4,3,3674,completed,6021901
4,3,3675,completed,6032026
4,3,3676,completed,6041735
4,3,3677,completed,5962401
4,3,3678,completed,5968568
4,3,3679,completed,5969859
4,3,3680,completed,5970735
4,3,3681,completed,5995235
4,3,3682,completed,5985234
4,3,3683,completed,5975485
4,3,3684,completed,5964568
4,3,3685,completed,5976068
4,3,3686,completed,5980068
4,3,3687,completed,5981818
4,3,3688,completed,5983401
4,3,3689,completed,5801569
4,3,3690,completed,5802610
4,3,3691,completed,5802735
4,3,3692,completed,5803194
4,3,3693,completed,6140193
4,3,3694,completed,6179693
4,3,3695,completed,6186943
4,3,3696,completed,6191443
4,3,3697,completed,6014234
4,3,3698,completed,6015651
4,3,3699,completed,6018652
4,3,3700,completed,6022026
4,3,3701,completed,6081734
4,3,3702,completed,6082860
4,3,3703,completed,6082318
4,3,3704,completed,6080234
4,3,3705,completed,5968318
4,3,3706,completed,5972193
4,3,3707,completed,5968777
4,3,3708,completed,5965693
4,3,3709,completed,5876277
4,3,3710,completed,5890277
4,3,3711,completed,5896319
4,3,3712,completed,5902901
4,3,3713,completed,5995734
4,3,3714,completed,5990985
4,3,3715,completed,5984485
4,3,3716,completed,5978527
4,3,3717,completed,5969068
4,3,3718,completed,5976860
4,3,3719,completed,5977609
4,3,3720,completed,5979693
4,3,3721,completed,5969943
4,3,3722,completed,5961568
4,3,3723,completed,5951943
4,3,3724,completed,5942402
4,3,3725,completed,5955943
4,3,3726,completed,5955151
4,3,3727,completed,5954526
4,3,3728,completed,5954402
4,3,3729,completed,6068318
4,3,3730,completed,6068109
4,3,3731,completed,6069443
4,3,3732,completed,6071151
4,3,3733,completed,5890193
4,3,3734,completed,5898485
4,3,3735,completed,5903694
4,3,3736,completed,5908860
4,3,3737,completed,5490528
4,3,3738,completed,5487986
4,3,3739,completed,5483069
4,3,3740,completed,5478319
4,3,3741,completed,6485567
4,3,3742,completed,6488525
4,3,3743,completed,6489108
4,3,3744,completed,6489900
4,3,3745,completed,5987568
4,3,3746,completed,5998651
4,3,3747,completed,6004651
4,3,3748,completed,6010735
4,3,3749,completed,6074068
4,3,3750,completed,6079776
4,3,3751,completed,6076234
4,3,3752,completed,6073192
4,3,3753,completed,5705610
4,3,3754,completed,5712944
4,3,3755,completed,5714735
4,3,3756,completed,5715027
4,3,3757,completed,6240775
4,3,3758,completed,6239567
4,3,3759,completed,6245359
4,3,3760,completed,6250817
4,3,3761,completed,5967026
4,3,3762,completed,5981984
4,3,3763,completed,5981276
4,3,3764,completed,5980735
4,3,3765,completed,5972651
4,3,3766,completed,5968985
4,3,3767,completed,5964818
4,3,3768,completed,5961359
4,3,3769,completed,5960860
4,3,3770,completed,5964776
4,3,3771,completed,5965610
4,3,3772,completed,5965943
4,3,3773,completed,6007151
4,3,3774,completed,6022443
4,3,3775,completed,6029693
4,3,3776,completed,6035193
4,3,3777,completed,5964777
4,3,3778,completed,5969277
4,3,3779,completed,5964693
4,3,3780,completed,5959860
4,3,3781,completed,6013693
4,3,3782,completed,6004443
4,3,3783,completed,6004485
4,3,3784,completed,6005442
4,3,3785,completed,5774402
4,3,3786,completed,5778944
4,3,3787,completed,5780152
4,3,3788,completed,5781111
4,3,3789,completed,6149526
4,3,3790,completed,6147776
4,3,3791,completed,6152068
4,3,3792,completed,6156526
4,3,3793,completed,6027067
4,3,3794,completed,6049109
4,3,3795,completed,6049027
4,3,3796,completed,6049401
4,3,3797,completed,5962818
4,3,3798,completed,5975026
4,3,3799,completed,5972443
4,3,3800,completed,5968985
4,3,3801,completed,5658652
4,3,3802,completed,5649819
4,3,3803,completed,5653194
4,3,3804,completed,5657777
4,3,3805,completed,5788777
4,3,3806,completed,5794902
4,3,3807,completed,5792027
4,3,3808,completed,5789360
4,3,3809,completed,6470858
4,3,3810,completed,6482692
4,3,3811,completed,6488108
4,3,3812,completed,6492317
4,3,3813,completed,5990734
4,3,3814,completed,5988193
4,3,3815,completed,5984818
4,3,3816,completed,5981652
4,3,3817,completed,6095234
4,3,3818,completed,6103817
4,3,3819,completed,6105276
4,3,3820,completed,6106901
4,3,3821,completed,6003193
4,3,3822,completed,6012901
4,3,3823,completed,6014193
4,3,3824,completed,6015776
4,3,3825,completed,5903401
4,3,3826,completed,5903777
4,3,3827,completed,5913610
4,3,3828,completed,5924360
4,3,3829,completed,5984193
4,3,3830,completed,5979610
4,3,3831,completed,5970193
4,3,3832,completed,5960860
4,3,3833,completed,5957943
4,3,3834,completed,5966901
4,3,3835,completed,5967943
4,3,3836,completed,5969277
4,3,3837,completed,5934734
4,3,3838,completed,5934443
4,3,3839,completed,5934943
4,3,3840,completed,5936068
4,3,3841,completed,6108943
4,3,3842,completed,6118193
4,3,3843,completed,6119026
4,3,3844,completed,6120568
4,3,3845,completed,5861527
4,3,3846,completed,5854527
4,3,3847,completed,5857818
4,3,3848,completed,5862402
4,3,3849,completed,6049984
4,3,3850,completed,6050859
4,3,3851,completed,6047276
4,3,3852,completed,6043693
4,3,3853,completed,5986776
4,3,3854,completed,6006651
4,3,3855,completed,6018568
4,3,3856,completed,6030068
4,3,3857,completed,5347361
4,3,3858,completed,5343778
4,3,3859,completed,5336694
4,3,3860,completed,5330737
4,3,3861,completed,6472900
4,3,3862,completed,6479234
4,3,3863,completed,6478191
4,3,3864,completed,6477983
4,3,3865,completed,6012318
4,3,3866,completed,6020151
4,3,3867,completed,6020610
4,3,3868,completed,6021026
4,3,3869,completed,6156526
4,3,3870,completed,6154942
4,3,3871,completed,6151276
4,3,3872,completed,6147276
4,3,3873,completed,5858902
4,3,3874,completed,5863444
4,3,3875,completed,5865027
4,3,3876,completed,5866860
4,3,3877,completed,5834777
4,3,3878,completed,5856485
4,3,3879,completed,5866777
4,3,3880,completed,5878735
4,3,3881,completed,6159859
4,3,3882,completed,6170609
4,3,3883,completed,6164192
4,3,3884,completed,6157693
4,3,3885,completed,6021776
4,3,3886,completed,6023735
4,3,3887,completed,6020860
4,3,3888,completed,6018192
4,3,3889,completed,5869569
4,3,3890,completed,5873651
4,3,3891,completed,5878110
4,3,3892,completed,5881401
4,3,3893,completed,5711527
4,3,3894,completed,5713069
4,3,3895,completed,5709985
4,3,3896,completed,5706944
4,3,3897,completed,6296234
4,3,3898,completed,6302442
4,3,3899,completed,6309568
4,3,3900,completed,6316442
4,3,3901,completed,5979693
4,3,3902,completed,5981235
4,3,3903,completed,5980234
4,3,3904,completed,5978651
4,3,3905,completed,6116693
4,3,3906,completed,6119235
4,3,3907,completed,6115692
4,3,3908,completed,6112234
4,3,3909,completed,5860402
4,3,3910,completed,5862235
4,3,3911,completed,5862568
4,3,3912,completed,5862776
4,3,3913,completed,5980151
4,3,3914,completed,5981360
4,3,3915,completed,5981735
4,3,3916,completed,5982360
4,3,3917,completed,5998359
4,3,3918,completed,6004776
4,3,3919,completed,6008318
4,3,3920,completed,6012318
4,3,3921,completed,6009276
4,3,3922,completed,6026734
4,3,3923,completed,6034527
4,3,3924,completed,6041777
4,3,3925,completed,5961735
4,3,3926,completed,5953443
4,3,3927,completed,5943485
4,3,3928,completed,5932735
4,3,3929,completed,6041734
4,3,3930,completed,6043568
4,3,3931,completed,6044110
4,3,3932,completed,6044610
4,3,3933,completed,6076401
4,3,3934,completed,6081777
4,3,3935,completed,6082276
4,3,3936,completed,6083193
4,3,3937,completed,5922152
4,3,3938,completed,5923860
4,3,3939,completed,5924568
4,3,3940,completed,5925652
4,3,3941,completed,5974860
4,3,3942,completed,5966234
4,3,3943,completed,5966901
4,3,3944,completed,5967610
4,3,3945,completed,5957568
4,3,3946,completed,5962234
4,3,3947,completed,5962901
4,3,3948,completed,5963985
4,3,3949,completed,5966277
4,3,3950,completed,5970860
4,3,3951,completed,5972276
4,3,3952,completed,5973609
4,3,3953,completed,5918526
4,3,3954,completed,5922276
4,3,3955,completed,5934443
4,3,3956,completed,5945610
4,3,3957,completed,6034318
4,3,3958,completed,6027568
4,3,3959,completed,6016735
4,3,3960,completed,6006860
4,3,3961,completed,5953776
4,3,3962,completed,5953943
4,3,3963,completed,5954860
4,3,3964,completed,5955943
4,3,3965,completed,5961484
4,3,3966,completed,5972860
4,3,3967,completed,5980859
4,3,3968,completed,5988651
4,3,3969,completed,5548902
4,3,3970,completed,5549027
4,3,3971,completed,5542235
4,3,3972,completed,5535569
4,3,3973,completed,5877568
4,3,3974,completed,5879985
4,3,3975,completed,5885860
4,3,3976,completed,5890902
4,3,3977,completed,6509316
4,3,3978,completed,6506692
4,3,3979,completed,6503025
4,3,3980,completed,6499984
4,3,3981,completed,6049068
4,3,3982,completed,6056109
4,3,3983,completed,6056776
4,3,3984,completed,6057818
4,3,3985,completed,6057152
4,3,3986,completed,6060151
4,3,3987,completed,6062027
4,3,3988,completed,6063735
4,3,3989,completed,5925652
4,3,3990,completed,5938943
4,3,3991,completed,5939527
4,3,3992,completed,5939943
4,3,3993,completed,5979610
4,3,3994,completed,5948110
4,3,3995,completed,5937360
4,3,3996,completed,5937235
4,3,3997,completed,6038276
4,3,3998,completed,6057693
4,3,3999,completed,6065567
4,3,4000,completed,6072901
4,3,4001,completed,5858694
4,3,4002,completed,5868569
4,3,4003,completed,5867360
4,3,4004,completed,5864985
4,3,4005,completed,5999984
4,3,4006,completed,5996484
4,3,4007,completed,5991818
4,3,4008,completed,5987359
4,3,4009,completed,6002068
4,3,4010,completed,6019276
4,3,4011,completed,6028109
4,3,4012,completed,6035609
4,3,4013,completed,5938902
4,3,4014,completed,5931735
4,3,4015,completed,5924652
4,3,4016,completed,5918027
4,3,4017,completed,6060443
4,3,4018,completed,6065401
4,3,4019,completed,6067359
4,3,4020,completed,6069734
4,3,4021,completed,5937943
4,3,4022,completed,5937151
4,3,4023,completed,5947777
4,3,4024,completed,5958318
4,3,4025,completed,5982984
4,3,4026,completed,5971943
4,3,4027,completed,5962277
4,3,4028,completed,5951860
4,3,4029,completed,6014901
4,3,4030,completed,6031568
4,3,4031,completed,6044318
4,3,4032,completed,6055693
4,3,4033,completed,5914276
4,3,4034,completed,5912568
4,3,4035,completed,5905860
4,3,4036,completed,5899110
4,3,4037,completed,5989068
4,3,4038,completed,6008651
4,3,4039,completed,6007984
4,3,4040,completed,6005443
4,3,4041,completed,5788486
4,3,4042,completed,5768027
4,3,4043,completed,5768402
4,3,4044,completed,5769068
4,3,4045,completed,6244068
4,3,4046,completed,6282068
4,3,4047,completed,6293317
4,3,4048,completed,6306109
4,3,4049,completed,5942235
4,3,4050,completed,5934651
4,3,4051,completed,5924610
4,3,4052,completed,5913735
4,3,4053,completed,5495195
4,3,4054,completed,5496986
4,3,4055,completed,5498236
4,3,4056,completed,5498986
4,3,4057,completed,6420401
4,3,4058,completed,6442400
4,3,4059,completed,6448525
4,3,4060,completed,6453692
4,3,4061,completed,5565403
4,3,4062,completed,5577653
4,3,4063,completed,5577569
4,3,4064,completed,5577111
4,3,4065,completed,6359359
4,3,4066,completed,6371109
4,3,4067,completed,6368193
4,3,4068,completed,6364526
4,3,4069,completed,6012234
4,3,4070,completed,6000193
4,3,4071,completed,6000485
4,3,4072,completed,6001026
4,3,4073,completed,6028568
4,3,4074,completed,6037776
4,3,4075,completed,6038901
4,3,4076,completed,6039610
4,3,4077,completed,5945776
4,3,4078,completed,5965151
4,3,4079,completed,5968526
4,3,4080,completed,5970943
4,3,4081,completed,6007943
4,3,4082,completed,6005652
4,3,4083,completed,6016859
4,3,4084,completed,6027443
4,3,4085,completed,5973068
4,3,4086,completed,5964443
4,3,4087,completed,5955027
4,3,4088,completed,5945527
4,3,4089,completed,5924027
4,3,4090,completed,5923984
4,3,4091,completed,5923693
4,3,4092,completed,5923235
4,3,4093,completed,6058193
4,3,4094,completed,6068276
4,3,4095,completed,6070442
4,3,4096,completed,6072485
4,3,4097,completed,5991485
4,3,4098,completed,6004026
4,3,4099,completed,6011027
4,3,4100,completed,6017234
4,3,4101,completed,5909235
4,3,4102,completed,5902735
4,3,4103,completed,5896818
4,3,4104,completed,5890693
4,3,4105,completed,6014651
4,3,4106,completed,6035651
4,3,4107,completed,6038442
4,3,4108,completed,6040485
4,3,4109,completed,5976318
4,3,4110,completed,5977110
4,3,4111,completed,5989152
4,3,4112,completed,5999860
4,3,4113,completed,6063818
4,3,4114,completed,6052776
4,3,4115,completed,6041568
4,3,4116,completed,6030985
4,3,4117,completed,5887693
4,3,4118,completed,5898277
4,3,4119,completed,5903151
4,3,4120,completed,5908527
4,3,4121,completed,5988235
4,3,4122,completed,5992985
4,3,4123,completed,5989652
4,3,4124,completed,5985235
4,3,4125,completed,6021526
4,3,4126,completed,6012485
4,3,4127,completed,6012402
4,3,4128,completed,6013443
4,3,4129,completed,5973734
4,3,4130,completed,5983860
4,3,4131,completed,5984610
4,3,4132,completed,5985943
4,3,4133,completed,5947193
4,3,4134,completed,5956026
4,3,4135,completed,5963152
4,3,4136,completed,5969568
4,3,4137,completed,5946235
4,3,4138,completed,5943402
4,3,4139,completed,5937735
4,3,4140,completed,5932485
4,3,4141,completed,5651611
4,3,4142,completed,5661361
4,3,4143,completed,5666986
4,3,4144,completed,5672361
4,3,4145,completed,6153859
4,3,4146,completed,6165150
4,3,4147,completed,6167192
4,3,4148,completed,6169484
4,3,4149,completed,6264025
4,3,4150,completed,6275067
4,3,4151,completed,6273275
4,3,4152,completed,6272693
4,3,4153,completed,6324150
4,3,4154,completed,6326734
4,3,4155,completed,6321984
4,3,4156,completed,6316400
4,3,4157,completed,5883693
4,3,4158,completed,5895610
4,3,4159,completed,5896360
4,3,4160,completed,5897069
4,3,4161,completed,5964068
4,3,4162,completed,5965985
4,3,4163,completed,5966818
4,3,4164,completed,5967735
4,3,4165,completed,5955110
4,3,4166,completed,5956277
4,3,4167,completed,5983443
4,3,4168,completed,5984735
4,3,4169,completed,6006985
4,3,4170,completed,6011859
4,3,4171,completed,6012443
4,3,4172,completed,6012609
4,3,4173,completed,5972943
4,3,4174,completed,5988568
4,3,4175,completed,5990609
4,3,4176,completed,5992609
4,3,4177,completed,5598111
4,3,4178,completed,5602486
4,3,4179,completed,5603527
4,3,4180,completed,5604903
4,3,4181,completed,7080565
4,3,4182,completed,7091565
4,3,4183,completed,7097315
4,3,4184,completed,7102565
4,3,4185,completed,5949901
4,3,4186,completed,5962401
4,3,4187,completed,5963610
4,3,4188,completed,5964777
4,3,4189,completed,5988109
4,3,4190,completed,5991734
4,3,4191,completed,5992526
4,3,4192,completed,5992610
4,3,4193,completed,5803110
4,3,4194,completed,5816110
4,3,4195,completed,5826110
4,3,4196,completed,5825444
4,3,4197,completed,6277359
4,3,4198,completed,6283151
4,3,4199,completed,6269442
4,3,4200,completed,6264734
4,3,4201,completed,6030901
4,3,4202,completed,6018610
4,3,4203,completed,6018652
4,3,4204,completed,6019651
4,3,4205,completed,6044359
4,3,4206,completed,6083484
4,3,4207,completed,6100068
4,3,4208,completed,6112235
4,3,4209,completed,5979776
4,3,4210,completed,5986235
4,3,4211,completed,5987901
4,3,4212,completed,5990485
4,3,4213,completed,5998068
4,3,4214,completed,5983277
4,3,4215,completed,5970193
4,3,4216,completed,5958193
4,3,4217,completed,5947818
4,3,4218,completed,5966735
4,3,4219,completed,5971735
4,3,4220,completed,5977527
4,3,4221,completed,5913110
4,3,4222,completed,5914693
4,3,4223,completed,5915109
4,3,4224,completed,5913943
4,3,4225,completed,6007276
4,3,4226,completed,6012110
4,3,4227,completed,6011443
4,3,4228,completed,6011193
4,3,4229,completed,6134943
4,3,4230,completed,6142235
4,3,4231,completed,6139068
4,3,4232,completed,6136068
4,3,4233,completed,6762108
4,3,4234,completed,6761066
4,3,4235,completed,6761524
4,3,4236,completed,6762066
4,3,4237,completed,5520402
4,3,4238,completed,5543485
4,3,4239,completed,5544194
4,3,4240,completed,5544903
4,3,4241,completed,7343148
4,3,4242,completed,7368481
4,3,4243,completed,7380065
4,3,4244,completed,7392189
4,3,4245,completed,5829902
4,3,4246,completed,5822527
4,3,4247,completed,5812152
4,3,4248,completed,5802110
4,3,4249,completed,5578069
4,3,4250,completed,5597903
4,3,4251,completed,5598611
4,3,4252,completed,5599819
4,3,4253,completed,6356359
4,3,4254,completed,6381151
4,3,4255,completed,6389484
4,3,4256,completed,6396109
4,3,4257,completed,5974277
4,3,4258,completed,5971943
4,3,4259,completed,5965110
4,3,4260,completed,5958526
4,3,4261,completed,5978651
4,3,4262,completed,5984902
4,3,4263,completed,5986776
4,3,4264,completed,5988860
4,3,4265,completed,5958652
4,3,4266,completed,5961234
4,3,4267,completed,5962193
4,3,4268,completed,5962318
4,3,4269,completed,6009943
4,3,4270,completed,6010401
4,3,4271,completed,6010943
4,3,4272,completed,6011943
4,3,4273,completed,5967943
4,3,4274,completed,5971359
4,3,4275,completed,5972652
4,3,4276,completed,5973818
4,3,4277,completed,5972443
4,3,4278,completed,5968110
4,3,4279,completed,5968984
4,3,4280,completed,5969651
4,3,4281,completed,5980443
4,3,4282,completed,5981902
4,3,4283,completed,5982943
4,3,4284,completed,5983443
4,3,4285,completed,6685191
4,3,4286,completed,6681858
4,3,4287,completed,6683691
4,3,4288,completed,6685149
4,3,4289,completed,6994023
4,3,4290,completed,6982482
4,3,4291,completed,6977357
4,3,4292,completed,6973357
4,3,4293,completed,6250067
4,3,4294,completed,6248568
4,3,4295,completed,6242109
4,3,4296,completed,6235984
4,3,4297,completed,6029110
4,3,4298,completed,6032276
4,3,4299,completed,6033151
4,3,4300,completed,6033901
4,3,4301,completed,5782860
4,3,4302,completed,5780777
4,3,4303,completed,5781569
4,3,4304,completed,5782402
4,3,4305,completed,6138942
4,3,4306,completed,6141817
4,3,4307,completed,6147692
4,3,4308,completed,6153567
4,3,4309,completed,6003109
4,3,4310,completed,6002985
4,3,4311,completed,5998402
4,3,4312,completed,5993193
4,3,4313,completed,5904693
4,3,4314,completed,5906818
4,3,4315,completed,5908652
4,3,4316,completed,5909360
4,3,4317,completed,6059359
4,3,4318,completed,6054984
4,3,4319,completed,6056443
4,3,4320,completed,6058193
4,3,4321,completed,5943485
4,3,4322,completed,5946234
4,3,4323,completed,5946651
4,3,4324,completed,5946985
4,3,4325,completed,5962526
4,3,4326,completed,5970693
4,3,4327,completed,5982402
4,3,4328,completed,5994318
4,3,4329,completed,5954735
4,3,4330,completed,5948943
4,3,4331,completed,5939443
4,3,4332,completed,5929734
4,3,4333,completed,6020818
4,3,4334,completed,6012609
4,3,4335,completed,6012360
4,3,4336,completed,6012359
4,3,4337,completed,6075651
4,3,4338,completed,6087651
4,3,4339,completed,6097901
4,3,4340,completed,6109193
4,3,4341,completed,5975152
4,3,4342,completed,5978068
4,3,4343,completed,5967818
4,3,4344,completed,5956859
4,3,4345,completed,6019734
4,3,4346,completed,6019735
4,3,4347,completed,6021485
4,3,4348,completed,6023318
4,3,4349,completed,5886819
4,3,4350,completed,5878110
4,3,4351,completed,5889068
4,3,4352,completed,5900944
4,3,4353,completed,5908569
4,3,4354,completed,5904651
4,3,4355,completed,5898277
4,3,4356,completed,5891610
4,3,4357,completed,6173776
4,3,4358,completed,6182692
4,3,4359,completed,6179734
4,3,4360,completed,6176776
4,3,4361,completed,5804652
4,3,4362,completed,5786943
4,3,4363,completed,5793776
4,3,4364,completed,5800860
4,3,4365,completed,6002693
4,3,4366,completed,6008860
4,3,4367,completed,6008609
4,3,4368,completed,6006735
4,3,4369,completed,5995277
4,3,4370,completed,5998859
4,3,4371,completed,5994776
4,3,4372,completed,5991401
4,3,4373,completed,5871693
4,3,4374,completed,5878360
4,3,4375,completed,5885110
4,3,4376,completed,5891694
4,3,4377,completed,6096443
4,3,4378,completed,6091651
4,3,4379,completed,6085776
4,3,4380,completed,6079234
4,3,4381,completed,5587985
4,3,4382,completed,5584444
4,3,4383,completed,5585861
4,3,4384,completed,5587569
4,3,4385,completed,6430900
4,3,4386,completed,6433192
4,3,4387,completed,6434066
4,3,4388,completed,6435192
4,3,4389,completed,5890443
4,3,4390,completed,5899276
4,3,4391,completed,5904652
4,3,4392,completed,5909318
4,3,4393,completed,5984027
4,3,4394,completed,5982110
4,3,4395,completed,5978110
4,3,4396,completed,5973693
4,3,4397,completed,5955943
4,3,4398,completed,5963818
4,3,4399,completed,5969110
4,3,4400,completed,5973818
4,3,4401,completed,6081026
4,3,4402,completed,6083359
4,3,4403,completed,6079151
4,3,4404,completed,6075234
4,3,4405,completed,5936193
4,3,4406,completed,5945235
4,3,4407,completed,5947193
4,3,4408,completed,5948068
4,3,4409,completed,6003859
4,3,4410,completed,6006484
4,3,4411,completed,6007901
4,3,4412,completed,6008693
4,3,4413,completed,5970151
4,3,4414,completed,5975401
4,3,4415,completed,5977068
4,3,4416,completed,5977776
4,3,4417,completed,5965943
4,3,4418,completed,5964943
4,3,4419,completed,5970777
4,3,4420,completed,5977359
4,3,4421,completed,6072401
4,3,4422,completed,6072068
4,3,4423,completed,6066485
4,3,4424,completed,6061610
4,3,4425,completed,6040735
4,3,4426,completed,6039485
4,3,4427,completed,6041568
4,3,4428,completed,6044026
4,3,4429,completed,5642194
4,3,4430,completed,5617860
4,3,4431,completed,5618569
4,3,4432,completed,5619444
4,3,4433,completed,6226359
4,3,4434,completed,6247443
4,3,4435,completed,6251859
4,3,4436,completed,6256734
4,3,4437,completed,5974276
4,3,4438,completed,5991484
4,3,4439,completed,5998651
4,3,4440,completed,6005568
4,3,4441,completed,5943152
4,3,4442,completed,5944068
4,3,4443,completed,5937818
4,3,4444,completed,5931152
4,3,4445,completed,5985485
4,3,4446,completed,6012360
4,3,4447,completed,6021277
4,3,4448,completed,6028276
4,3,4449,completed,6025068
4,3,4450,completed,6012568
4,3,4451,completed,6001276
4,3,4452,completed,5991193
4,3,4453,completed,5919985
4,3,4454,completed,5933693
4,3,4455,completed,5939693
4,3,4456,completed,5944443
4,3,4457,completed,5852069
4,3,4458,completed,5891318
4,3,4459,completed,5889319
4,3,4460,completed,5886735
4,3,4461,completed,6168276
4,3,4462,completed,6175901
4,3,4463,completed,6176526
4,3,4464,completed,6177400
4,3,4465,completed,5902610
4,3,4466,completed,5913652
4,3,4467,completed,5918777
4,3,4468,completed,5923527
4,3,4469,completed,6023318
4,3,4470,completed,6027734
4,3,4471,completed,6024776
4,3,4472,completed,6021526
4,3,4473,completed,5957943
4,3,4474,completed,5962277
4,3,4475,completed,5964068
4,3,4476,completed,5965109
4,3,4477,completed,6145901
4,3,4478,completed,6168109
4,3,4479,completed,6191693
4,3,4480,completed,6202650
4,3,4481,completed,5778694
4,3,4482,completed,5763193
4,3,4483,completed,5755194
4,3,4484,completed,5748319
4,3,4485,completed,5996109
4,3,4486,completed,5998402
4,3,4487,completed,5995943
4,3,4488,completed,5993026
4,3,4489,completed,6001610
4,3,4490,completed,6004651
4,3,4491,completed,6005902
4,3,4492,completed,6007568
4,3,4493,completed,5958651
4,3,4494,completed,5960693
4,3,4495,completed,5961318
4,3,4496,completed,5962068
4,3,4497,completed,6000735
4,3,4498,completed,5989609
4,3,4499,completed,5989526
4,3,4500,completed,5990235
4,3,4501,completed,5547485
4,3,4502,completed,5546402
4,3,4503,completed,5547236
4,3,4504,completed,5547485
4,3,4505,completed,6148735
4,3,4506,completed,6144151
4,3,4507,completed,6145068
4,3,4508,completed,6145901
4,3,4509,completed,6359400
4,3,4510,completed,6372775
4,3,4511,completed,6378775
4,3,4512,completed,6383442
4,3,4513,completed,5888152
4,3,4514,completed,5908693
4,3,4515,completed,5915444
4,3,4516,completed,5921526
4,3,4517,completed,5493944
4,3,4518,completed,5499278
4,3,4519,completed,5498445
4,3,4520,completed,5498320
4,3,4521,completed,6422650
4,3,4522,completed,6414150
4,3,4523,completed,6403108
4,3,4524,completed,6392817
4,3,4525,completed,6009110
4,3,4526,completed,6035568
4,3,4527,completed,6048026
4,3,4528,completed,6059527
4,3,4529,completed,5970860
4,3,4530,completed,5963235
4,3,4531,completed,5953610
4,3,4532,completed,5943943
4,3,4533,completed,6003609
4,3,4534,completed,6011651
4,3,4535,completed,6016527
4,3,4536,completed,6020984
4,3,4537,completed,5970984
4,3,4538,completed,5972318
4,3,4539,completed,5969443
4,3,4540,completed,5966443
4,3,4541,completed,5952735
4,3,4542,completed,5964735
4,3,4543,completed,5969568
4,3,4544,completed,5973901
4,3,4545,completed,6118984
4,3,4546,completed,6123443
4,3,4547,completed,6120484
4,3,4548,completed,6117609
4,3,4549,completed,5901276
4,3,4550,completed,5899110
4,3,4551,completed,5899609
4,3,4552,completed,5900360
4,3,4553,completed,5943027
4,3,4554,completed,5941069
4,3,4555,completed,5945443
4,3,4556,completed,5950068
4,3,4557,completed,6061693
4,3,4558,completed,6085942
4,3,4559,completed,6084443
4,3,4560,completed,6082443
4,3,4561,completed,5939276
4,3,4562,completed,5929609
4,3,4563,completed,5937068
4,3,4564,completed,5938485
4,3,4565,completed,5960318
4,3,4566,completed,5963193
4,3,4567,completed,5950277
4,3,4568,completed,5955443
4,3,4569,completed,6168485
4,3,4570,completed,6192109
4,3,4571,completed,6190318
4,3,4572,completed,6187067
4,3,4573,completed,5817735
4,3,4574,completed,5793986
4,3,4575,completed,5794277
4,3,4576,completed,5795319
4,3,4577,completed,5974984
4,3,4578,completed,5976402
4,3,4579,completed,5976568
4,3,4580,completed,5976860
4,3,4581,completed,5992110
4,3,4582,completed,5999235
4,3,4583,completed,6000777
4,3,4584,completed,6002776
4,3,4585,completed,5959151
4,3,4586,completed,5960068
4,3,4587,completed,5961069
4,3,4588,completed,5962152
4,3,4589,completed,5982443
4,3,4590,completed,5992526
4,3,4591,completed,5993652
4,3,4592,completed,5964818
4,3,4593,completed,5979693
4,3,4594,completed,5969944
4,3,4595,completed,5970485
4,3,4596,completed,5971318
4,3,4597,completed,5680235
4,3,4598,completed,5688444
4,3,4599,completed,5692861
4,3,4600,completed,5696903
4,3,4601,completed,6007360
4,3,4602,completed,6009526
4,3,4603,completed,6006026
4,3,4604,completed,6002735
4,3,4605,completed,5875277
4,3,4606,completed,5887985
4,3,4607,completed,5893610
4,3,4608,completed,5899443
4,3,4609,completed,5838860
4,3,4610,completed,5833651
4,3,4611,completed,5828735
4,3,4612,completed,5829026
4,3,4613,completed,6617733
4,3,4614,completed,6627899
4,3,4615,completed,6628400
4,3,4616,completed,6629608
4,3,4617,completed,5904026
4,3,4618,completed,5913902
4,3,4619,completed,5919985
4,3,4620,completed,5925610
4,3,4621,completed,6024484
4,3,4622,completed,6023610
4,3,4623,completed,6019193
4,3,4624,completed,6014026
4,3,4625,completed,5654528
4,3,4626,completed,5664444
4,3,4627,completed,5665527
4,3,4628,completed,5667069
4,3,4629,completed,6227151
4,3,4630,completed,6218526
4,3,4631,completed,6224401
4,3,4632,completed,6230401
4,3,4633,completed,6092192
4,3,4634,completed,6093109
4,3,4635,completed,6089109
4,3,4636,completed,6084776
4,3,4637,completed,5913235
4,3,4638,completed,5913152
4,3,4639,completed,5913151
4,3,4640,completed,5913443
4,3,4641,completed,5963776
4,3,4642,completed,5983068
4,3,4643,completed,5984818
4,3,4644,completed,5985484
4,3,4645,completed,6136443
4,3,4646,completed,6130692
4,3,4647,completed,6130984
4,3,4648,completed,6131651
4,3,4649,completed,5934527
4,3,4650,completed,5952860
4,3,4651,completed,5954776
4,3,4652,completed,5955901
4,3,4653,completed,5893943
4,3,4654,completed,5895026
4,3,4655,completed,5895943
4,3,4656,completed,5896693
4,3,4657,completed,6073276
4,3,4658,completed,6081651
4,3,4659,completed,6086901
4,3,4660,completed,6092568
4,3,4661,completed,6012360
4,3,4662,completed,6013735
4,3,4663,completed,6008652
4,3,4664,completed,6005110
4,3,4665,completed,5844526
4,3,4666,completed,5855236
4,3,4667,completed,5857194
4,3,4668,completed,5857610
4,3,4669,completed,5818110
4,3,4670,completed,5823527
4,3,4671,completed,5828693
4,3,4672,completed,5833236
4,3,4673,completed,6142193
4,3,4674,completed,6141067
4,3,4675,completed,6138109
4,3,4676,completed,6134859
4,3,4677,completed,5831068
4,3,4678,completed,5839110
4,3,4679,completed,5845652
4,3,4680,completed,5850777
4,3,4681,completed,6137693
4,3,4682,completed,6136401
4,3,4683,completed,6132443
4,3,4684,completed,6128359
4,3,4685,completed,5966735
4,3,4686,completed,5970526
4,3,4687,completed,5971943
4,3,4688,completed,5973152
4,3,4689,completed,5483569
4,3,4690,completed,5485528
4,3,4691,completed,5485652
4,3,4692,completed,5485819
4,3,4693,completed,6482817
4,3,4694,completed,6485692
4,3,4695,completed,6486400
4,3,4696,completed,6487025
4,3,4697,completed,6100359
4,3,4698,completed,6109317
4,3,4699,completed,6111359
4,3,4700,completed,6113484
4,3,4701,completed,5898527
4,3,4702,completed,5922777
4,3,4703,completed,5934901
4,3,4704,completed,5945818
4,3,4705,completed,5602444
4,3,4706,completed,5626319
4,3,4707,completed,5626861
4,3,4708,completed,5625403
4,3,4709,completed,6316484
4,3,4710,completed,6306234
4,3,4711,completed,6297150
4,3,4712,completed,6288692
4,3,4713,completed,6011109
4,3,4714,completed,6026943
4,3,4715,completed,6034609
4,3,4716,completed,6041152
4,3,4717,completed,6013401
4,3,4718,completed,6031776
4,3,4719,completed,6034110
4,3,4720,completed,6037151
4,3,4721,completed,5979526
4,3,4722,completed,5974943
4,3,4723,completed,5966693
4,3,4724,completed,5959776
4,3,4725,completed,6013318
4,3,4726,completed,6012193
4,3,4727,completed,6013151
4,3,4728,completed,6013734
4,3,4729,completed,5902902
4,3,4730,completed,5913027
4,3,4731,completed,5919860
4,3,4732,completed,5925902
4,3,4733,completed,5998735
4,3,4734,completed,6007776
4,3,4735,completed,6008235
4,3,4736,completed,6007943
4,3,4737,completed,6019943
4,3,4738,completed,6018735
4,3,4739,completed,6013818
4,3,4740,completed,6009401
4,3,4741,completed,6008943
4,3,4742,completed,6024402
4,3,4743,completed,6032193
4,3,4744,completed,6033318
4,3,4745,completed,5892068
4,3,4746,completed,5881235
4,3,4747,completed,5886651
4,3,4748,completed,5891402
4,3,4749,completed,6014568
4,3,4750,completed,6026735
4,3,4751,completed,6027317
4,3,4752,completed,6027526
4,3,4753,completed,5971985
4,3,4754,completed,5967235
4,3,4755,completed,5963110
4,3,4756,completed,5958818
4,3,4757,completed,5988402
4,3,4758,completed,5987068
4,3,4759,completed,5987777
4,3,4760,completed,5988151
4,3,4761,completed,6014193
4,3,4762,completed,6018276
4,3,4763,completed,6020984
4,3,4764,completed,6022235
4,3,4765,completed,5944318
4,3,4766,completed,5933943
4,3,4767,completed,5939318
4,3,4768,completed,5943568
4,3,4769,completed,6151317
4,3,4770,completed,6157817
4,3,4771,completed,6154901
4,3,4772,completed,6152151
4,3,4773,completed,5872527
4,3,4774,completed,5874110
4,3,4775,completed,5885652
4,3,4776,completed,5896901
4,3,4777,completed,6068693
4,3,4778,completed,6057943
4,3,4779,completed,6046901
4,3,4780,completed,6036109
4,3,4781,completed,5879026
4,3,4782,completed,5888818
4,3,4783,completed,5890693
4,3,4784,completed,5892985
4,3,4785,completed,6032068
4,3,4786,completed,6038443
4,3,4787,completed,6039943
4,3,4788,completed,6041651
4,3,4789,completed,5958610
4,3,4790,completed,5967360
4,3,4791,completed,5968651
4,3,4792,completed,5968651
4,3,4793,completed,5926652
4,3,4794,completed,5918735
4,3,4795,completed,5919902
4,3,4796,completed,5921734
4,3,4797,completed,5935318
4,3,4798,completed,5946485
4,3,4799,completed,5947359
4,3,4800,completed,5946985
4,3,4801,completed,6026984
4,3,4802,completed,6029652
4,3,4803,completed,6030401
4,3,4804,completed,6031277
4,3,4805,completed,5949193
4,3,4806,completed,5952277
4,3,4807,completed,5953651
4,3,4808,completed,5954402
4,3,4809,completed,5993526
4,3,4810,completed,6018109
4,3,4811,completed,6020777
4,3,4812,completed,6022735
4,3,4813,completed,5965777
4,3,4814,completed,5952985
4,3,4815,completed,5957402
4,3,4816,completed,5961818
4,3,4817,completed,6061401
4,3,4818,completed,6061859
4,3,4819,completed,6057443
4,3,4820,completed,6052735
4,3,4821,completed,5871985
4,3,4822,completed,5875026
4,3,4823,completed,5875568
4,3,4824,completed,5876319
4,3,4825,completed,5943443
4,3,4826,completed,5946443
4,3,4827,completed,5948193
4,3,4828,completed,5949901
4,3,4829,completed,6098401
4,3,4830,completed,6100776
4,3,4831,completed,6130318
4,3,4832,completed,6131651
4,3,4833,completed,5953735
4,3,4834,completed,5970443
4,3,4835,completed,5977526
4,3,4836,completed,5983443
4,3,4837,completed,6003943
4,3,4838,completed,6026526
4,3,4839,completed,6032651
4,3,4840,completed,6038860
4,3,4841,completed,5566194
4,3,4842,completed,5570944
4,3,4843,completed,5565902
4,3,4844,completed,5560319
4,3,4845,completed,5849194
4,3,4846,completed,5852818
4,3,4847,completed,5849319
4,3,4848,completed,5843860
4,3,4849,completed,5918776
4,3,4850,completed,5921819
4,3,4851,completed,5923943
4,3,4852,completed,5923777
4,3,4853,completed,6468817
4,3,4854,completed,6464317
4,3,4855,completed,6469941
4,3,4856,completed,6475608
4,3,4857,completed,5938069
4,3,4858,completed,5936985
4,3,4859,completed,5931860
4,3,4860,completed,5926985
4,3,4861,completed,6096568
4,3,4862,completed,6100693
4,3,4863,completed,6107526
4,3,4864,completed,6113526
4,3,4865,completed,5976485
4,3,4866,completed,5978776
4,3,4867,completed,5977652
4,3,4868,completed,5976735
4,3,4869,completed,5983818
4,3,4870,completed,6000901
4,3,4871,completed,5997234
4,3,4872,completed,5993193
4,3,4873,completed,5998652
4,3,4874,completed,6005484
4,3,4875,completed,6017568
4,3,4876,completed,6030693
4,3,4877,completed,5994360
4,3,4878,completed,5992651
4,3,4879,completed,5985026
4,3,4880,completed,5976776
4,3,4881,completed,6021901
4,3,4882,completed,6025610
4,3,4883,completed,6023026
4,3,4884,completed,6020359
4,3,4885,completed,5947609
4,3,4886,completed,5962276
4,3,4887,completed,5973526
4,3,4888,completed,5983860
4,3,4889,completed,5965401
4,3,4890,completed,5962901
4,3,4891,completed,5953443
4,3,4892,completed,5942984
4,3,4893,completed,5993984
4,3,4894,completed,5988276
4,3,4895,completed,5989693
4,3,4896,completed,5991193
4,3,4897,completed,5432903
4,3,4898,completed,5439944
4,3,4899,completed,5444111
4,3,4900,completed,5448611
4,3,4901,completed,6741233
4,3,4902,completed,6764941
4,3,4903,completed,6763524
4,3,4904,completed,6761191
4,3,4905,completed,5792610
4,3,4906,completed,5783360
4,3,4907,completed,5789819
4,3,4908,completed,5796526
4,3,4909,completed,5960902
4,3,4910,completed,5960068
4,3,4911,completed,5958151
4,3,4912,completed,5955943
4,3,4913,completed,6004318
4,3,4914,completed,6019443
4,3,4915,completed,6016318
4,3,4916,completed,6012443
4,3,4917,completed,6010943
4,3,4918,completed,6001276
4,3,4919,completed,6002359
4,3,4920,completed,6003860
4,3,4921,completed,6010526
4,3,4922,completed,6005818
4,3,4923,completed,6005402
4,3,4924,completed,6005151
4,3,4925,completed,5950984
4,3,4926,completed,5966651
4,3,4927,completed,5977860
4,3,4928,completed,5988693
4,3,4929,completed,5957985
4,3,4930,completed,5949485
4,3,4931,completed,5940152
4,3,4932,completed,5930777
4,3,4933,completed,6019776
4,3,4934,completed,6023859
4,3,4935,completed,6024151
4,3,4936,completed,6024734
4,3,4937,completed,5956193
4,3,4938,completed,5972526
4,3,4939,completed,5984526
4,3,4940,completed,5994943
4,3,4941,completed,5960485
4,3,4942,completed,5949360
4,3,4943,completed,5939194
4,3,4944,completed,5930235
4,3,4945,completed,6053901
4,3,4946,completed,6059360
4,3,4947,completed,6059735
4,3,4948,completed,6060734
4,3,4949,completed,5671985
4,3,4950,completed,5683777
4,3,4951,completed,5690944
4,3,4952,completed,5698068
4,3,4953,completed,6310901
4,3,4954,completed,6307526
4,3,4955,completed,6302567
4,3,4956,completed,6297151
4,3,4957,completed,5896443
4,3,4958,completed,5900193
4,3,4959,completed,5902401
4,3,4960,completed,5904151
4,3,4961,completed,6037318
4,3,4962,completed,6043735
4,3,4963,completed,6044360
4,3,4964,completed,6045068
4,3,4965,completed,5962319
4,3,4966,completed,5967443
4,3,4967,completed,5969402
4,3,4968,completed,5971194
4,3,4969,completed,5517778
4,3,4970,completed,5527278
4,3,4971,completed,5538111
4,3,4972,completed,5548778
4,3,4973,completed,6500233
4,3,4974,completed,6504317
4,3,4975,completed,6499150
4,3,4976,completed,6493483
4,3,4977,completed,5879235
4,3,4978,completed,5875068
4,3,4979,completed,5869985
4,3,4980,completed,5864526
4,3,4981,completed,5500278
4,3,4982,completed,5505652
4,3,4983,completed,5507402
4,3,4984,completed,5509194
4,3,4985,completed,6457192
4,3,4986,completed,6463900
4,3,4987,completed,6465567
4,3,4988,completed,6467108
4,3,4989,completed,6051401
4,3,4990,completed,6053401
4,3,4991,completed,6053901
4,3,4992,completed,6054277
4,3,4993,completed,5906359
4,3,4994,completed,5901443
4,3,4995,completed,5901818
4,3,4996,completed,5902235
4,3,4997,completed,5489361
4,3,4998,completed,5492236
4,3,4999,completed,5492819
4,3,5000,completed,5493320
4,3,5001,completed,6463400
4,3,5002,completed,6466858
4,3,5003,completed,6467734
4,3,5004,completed,6468441
4,3,5005,completed,6005359
4,3,5006,completed,6011859
4,3,5007,completed,6017943
4,3,5008,completed,6023151
4,3,5009,completed,6013734
4,3,5010,completed,6029735
4,3,5011,completed,6030318
4,3,5012,completed,6030610
4,3,5013,completed,5979734
4,3,5014,completed,5990818
4,3,5015,completed,5992151
4,3,5016,completed,5988860
4,3,5017,completed,6019526
4,3,5018,completed,6007902
4,3,5019,completed,6013484
4,3,5020,completed,6018026
4,3,5021,completed,5968818
4,3,5022,completed,5974943
4,3,5023,completed,5980609
4,3,5024,completed,5986777
4,3,5025,completed,6095318
4,3,5026,completed,6096901
4,3,5027,completed,6087901
4,3,5028,completed,6078942
4,3,5029,completed,5976609
4,3,5030,completed,5981401
4,3,5031,completed,5982860
4,3,5032,completed,5984277
4,3,5033,completed,5853194
4,3,5034,completed,5856193
4,3,5035,completed,5857277
4,3,5036,completed,5858277
4,3,5037,completed,5985484
4,3,5038,completed,5996609
4,3,5039,completed,6001818
4,3,5040,completed,6006152
4,3,5041,completed,5936110
4,3,5042,completed,5944318
4,3,5043,completed,5945276
4,3,5044,completed,5945360
4,3,5045,completed,5518528
4,3,5046,completed,5522153
4,3,5047,completed,5522319
4,3,5048,completed,5521903
4,3,5049,completed,6506900
4,3,5050,completed,6531692
4,3,5051,completed,6539816
4,3,5052,completed,6546067
4,3,5053,completed,5961402
4,3,5054,completed,5959319
4,3,5055,completed,5950860
4,3,5056,completed,5940902
4,3,5057,completed,6012110
4,3,5058,completed,6014359
4,3,5059,completed,6015484
4,3,5060,completed,6016192
4,3,5061,completed,5996485
4,3,5062,completed,6004318
4,3,5063,completed,6011485
4,3,5064,completed,6017110
4,3,5065,completed,5948569
4,3,5066,completed,5948609
4,3,5067,completed,5947360
4,3,5068,completed,5946235
4,3,5069,completed,6042402
4,3,5070,completed,6044568
4,3,5071,completed,6040526
4,3,5072,completed,6036859
4,3,5073,completed,6092568
4,3,5074,completed,6115151
4,3,5075,completed,6129151
4,3,5076,completed,6141901
4,3,5077,completed,5832401
4,3,5078,completed,5818318
4,3,5079,completed,5806027
4,3,5080,completed,5794860
4,3,5081,completed,6039235
4,3,5082,completed,6066734
4,3,5083,completed,6069568
4,3,5084,completed,6072067
4,3,5085,completed,5919402
4,3,5086,completed,5913902
4,3,5087,completed,5924860
4,3,5088,completed,5935734
4,3,5089,completed,5829902
4,3,5090,completed,5825402
4,3,5091,completed,5814943
4,3,5092,completed,5804402
4,3,5093,completed,6178025
4,3,5094,completed,6169567
4,3,5095,completed,6170442
4,3,5096,completed,6171234
4,3,5097,completed,5946902
4,3,5098,completed,5949276
4,3,5099,completed,5949735
4,3,5100,completed,5949943
4,3,5101,completed,6156609
4,3,5102,completed,6164901
4,3,5103,completed,6166692
4,3,5104,completed,6168651
4,3,5105,completed,5859360
4,3,5106,completed,5840318
4,3,5107,completed,5846569
4,3,5108,completed,5853193
4,3,5109,completed,6008734
4,3,5110,completed,6012734
4,3,5111,completed,6007526
4,3,5112,completed,6001235
4,3,5113,completed,6104026
4,3,5114,completed,6103693
4,3,5115,completed,6105318
4,3,5116,completed,6107568
4,3,5117,completed,5828527
4,3,5118,completed,5838486
4,3,5119,completed,5842736
4,3,5120,completed,5846818
4,3,5121,completed,6035485
4,3,5122,completed,6036026
4,3,5123,completed,6033318
4,3,5124,completed,6030068
4,3,5125,completed,5906568
4,3,5126,completed,5911193
4,3,5127,completed,5912610
4,3,5128,completed,5913818
4,3,5129,completed,6018193
4,3,5130,completed,6023068
4,3,5131,completed,6023610
4,3,5132,completed,6024443
4,3,5133,completed,5956401
4,3,5134,completed,5945026
4,3,5135,completed,5945693
4,3,5136,completed,5946526
4,3,5137,completed,5995443
4,3,5138,completed,6001360
4,3,5139,completed,6002402
4,3,5140,completed,6003776
4,3,5141,completed,5956734
4,3,5142,completed,5955276
4,3,5143,completed,5960068
4,3,5144,completed,5964568
4,3,5145,completed,5942527
4,3,5146,completed,5945318
4,3,5147,completed,5941318
4,3,5148,completed,5937568
4,3,5149,completed,5946985
4,3,5150,completed,5951818
4,3,5151,completed,5953068
4,3,5152,completed,5954402
4,3,5153,completed,6025818
4,3,5154,completed,6040402
4,3,5155,completed,6041902
4,3,5156,completed,6042693
4,3,5157,completed,6052234
4,3,5158,completed,6044027
4,3,5159,completed,6044109
4,3,5160,completed,6044984
4,3,5161,completed,5436903
4,3,5162,completed,5451236
4,3,5163,completed,5457986
4,3,5164,completed,5464152
4,3,5165,completed,6429816
4,3,5166,completed,6424900
4,3,5167,completed,6419442
4,3,5168,completed,6414401
4,3,5169,completed,6023360
4,3,5170,completed,6043485
4,3,5171,completed,6046152
4,3,5172,completed,6047359
4,3,5173,completed,6012026
4,3,5174,completed,6002235
4,3,5175,completed,6003443
4,3,5176,completed,6004984
4,3,5177,completed,5981109
4,3,5178,completed,5983609
4,3,5179,completed,5983901
4,3,5180,completed,5984026
4,3,5181,completed,5971735
4,3,5182,completed,5992360
4,3,5183,completed,5995152
4,3,5184,completed,5995985
4,3,5185,completed,5969818
4,3,5186,completed,5975943
4,3,5187,completed,5988110
4,3,5188,completed,5999526
4,3,5189,completed,5973777
4,3,5190,completed,5969151
4,3,5191,completed,5962734
4,3,5192,completed,5956026
4,3,5193,completed,6007943
4,3,5194,completed,6009526
4,3,5195,completed,6006360
4,3,5196,completed,6002318
4,3,5197,completed,5423569
4,3,5198,completed,5416402
4,3,5199,completed,5416195
4,3,5200,completed,5416027
4,3,5201,completed,6566317
4,3,5202,completed,6571900
4,3,5203,completed,6573150
4,3,5204,completed,6574066
4,3,5205,completed,5956235
4,3,5206,completed,5959235
4,3,5207,completed,5966027
4,3,5208,completed,5973152
4,3,5209,completed,5964652
4,3,5210,completed,5957985
4,3,5211,completed,5952485
4,3,5212,completed,5946319
4,3,5213,completed,6022985
4,3,5214,completed,6029776
4,3,5215,completed,6030734
4,3,5216,completed,6031651
4,3,5217,completed,5973943
4,3,5218,completed,5982360
4,3,5219,completed,5992902
4,3,5220,completed,6004276
4,3,5221,completed,5971526
4,3,5222,completed,5960110
4,3,5223,completed,5949693
4,3,5224,completed,5938735
4,3,5225,completed,5983485
4,3,5226,completed,6006734
4,3,5227,completed,6018609
4,3,5228,completed,6029776
4,3,5229,completed,6011485
4,3,5230,completed,6006151
4,3,5231,completed,5996235
4,3,5232,completed,5986568
4,3,5233,completed,5698027
4,3,5234,completed,5697277
4,3,5235,completed,5697652
4,3,5236,completed,5698319
4,3,5237,completed,6243484
4,3,5238,completed,6247109
4,3,5239,completed,6252318
4,3,5240,completed,6257317
4,3,5241,completed,5597486
4,3,5242,completed,5594485
4,3,5243,completed,5590485
4,3,5244,completed,5585735
4,3,5245,completed,6253359
4,3,5246,completed,6242526
4,3,5247,completed,6243067
4,3,5248,completed,6243776
4,3,5249,completed,6102443
4,3,5250,completed,6116568
4,3,5251,completed,6118693
4,3,5252,completed,6119568
4,3,5253,completed,5995735
4,3,5254,completed,5986151
4,3,5255,completed,5986776
4,3,5256,completed,5987568
4,3,5257,completed,6000860
4,3,5258,completed,6007235
4,3,5259,completed,6009318
4,3,5260,completed,6011027
4,3,5261,completed,6025318
4,3,5262,completed,5969818
4,3,5263,completed,5968734
4,3,5264,completed,5969068
4,3,5265,completed,5978360
4,3,5266,completed,5979193
4,3,5267,completed,5979693
4,3,5268,completed,5980359
4,3,5269,completed,5991860
4,3,5270,completed,6017192
4,3,5271,completed,6029734
4,3,5272,completed,6041692
4,3,5273,completed,5949402
4,3,5274,completed,5940068
4,3,5275,completed,5929276
4,3,5276,completed,5918776
4,3,5277,completed,5943443
4,3,5278,completed,5957401
4,3,5279,completed,5963234
4,3,5280,completed,5967734
4,3,5281,completed,5974693
4,3,5282,completed,5993276
4,3,5283,completed,6001235
4,3,5284,completed,6007568
4,3,5285,completed,5999943
4,3,5286,completed,6006568
4,3,5287,completed,6006818
4,3,5288,completed,6007151
4,3,5289,completed,6000484
4,3,5290,completed,5992651
4,3,5291,completed,5982276
4,3,5292,completed,5971609
4,3,5293,completed,6069693
4,3,5294,completed,6067609
4,3,5295,completed,6071609
4,3,5296,completed,6082817
4,3,5297,completed,5973610
4,3,5298,completed,5970277
4,3,5299,completed,5960610
4,3,5300,completed,5949443
4,3,5301,completed,5959276
4,3,5302,completed,5954652
4,3,5303,completed,5955318
4,3,5304,completed,5956568
4,3,5305,completed,5901068
4,3,5306,completed,5887485
4,3,5307,completed,5888527
4,3,5308,completed,5889443
4,3,5309,completed,5958193
4,3,5310,completed,5962610
4,3,5311,completed,5963568
4,3,5312,completed,5964193
4,3,5313,completed,5951568
4,3,5314,completed,5967152
4,3,5315,completed,5968610
4,3,5316,completed,5969401
4,3,5317,completed,6034609
4,3,5318,completed,6040276
4,3,5319,completed,6042401
4,3,5320,completed,6043401
4,3,5321,completed,5533402
4,3,5322,completed,5529777
4,3,5323,completed,5535028
4,3,5324,completed,5540110
4,3,5325,completed,6441817
4,3,5326,completed,6457358
4,3,5327,completed,6459650
4,3,5328,completed,6461608
4,3,5329,completed,5412819
4,3,5330,completed,5426319
4,3,5331,completed,5431528
4,3,5332,completed,5436694
4,3,5333,completed,6509525
4,3,5334,completed,6498608
4,3,5335,completed,6488150
4,3,5336,completed,6477025
4,3,5337,completed,6011859
4,3,5338,completed,6025151
4,3,5339,completed,6027943
4,3,5340,completed,6029192
4,3,5341,completed,5962277
4,3,5342,completed,5955610
4,3,5343,completed,5960943
4,3,5344,completed,5965360
4,3,5345,completed,6000318
4,3,5346,completed,6003818
4,3,5347,completed,6003277
4,3,5348,completed,6002901
4,3,5349,completed,6020485
4,3,5350,completed,6039318
4,3,5351,completed,6041985
4,3,5352,completed,6044860
4,3,5353,completed,5945901
4,3,5354,completed,5947318
4,3,5355,completed,5941860
4,3,5356,completed,5935568
4,3,5357,completed,6026443
4,3,5358,completed,6022734
4,3,5359,completed,6023943
4,3,5360,completed,6025902
4,3,5361,completed,5505236
4,3,5362,completed,5516319
4,3,5363,completed,5517402
4,3,5364,completed,5518278
4,3,5365,completed,6402942
4,3,5366,completed,6389525
4,3,5367,completed,6389400
4,3,5368,completed,6389608
4,3,5369,completed,5997693
4,3,5370,completed,6010318
4,3,5371,completed,6015193
4,3,5372,completed,6020901
4,3,5373,completed,6020859
4,3,5374,completed,6019401
4,3,5375,completed,6015610
4,3,5376,completed,6012276
4,3,5377,completed,6466067
4,3,5378,completed,6466859
4,3,5379,completed,6467234
4,3,5380,completed,6467358
4,3,5381,completed,6949566
4,3,5382,completed,6961941
4,3,5383,completed,6963357
4,3,5384,completed,6965149
4,3,5385,completed,6016943
4,3,5386,completed,5991068
4,3,5387,completed,5995360
4,3,5388,completed,6001276
4,3,5389,completed,5969235
4,3,5390,completed,5991943
4,3,5391,completed,5987359
4,3,5392,completed,5982818
4,3,5393,completed,5777276
4,3,5394,completed,5798068
4,3,5395,completed,5805610
4,3,5396,completed,5812818
4,3,5397,completed,6152026
4,3,5398,completed,6154651
4,3,5399,completed,6160859
4,3,5400,completed,6154359
4,3,5401,completed,6003360
4,3,5402,completed,6036943
4,3,5403,completed,6050485
4,3,5404,completed,6064026
4,3,5405,completed,5933360
4,3,5406,completed,5953777
4,3,5407,completed,5943443
4,3,5408,completed,5932485
4,3,5409,completed,6033026
4,3,5410,completed,6001901
4,3,5411,completed,6005234
4,3,5412,completed,6010234
4,3,5413,completed,6063485
4,3,5414,completed,6076902
4,3,5415,completed,6072735
4,3,5416,completed,6048943
4,3,5417,completed,5820277
4,3,5418,completed,5822277
4,3,5419,completed,5822694
4,3,5420,completed,5823652
4,3,5421,completed,5986443
4,3,5422,completed,5974026
4,3,5423,completed,5974068
4,3,5424,completed,5974651
4,3,5425,completed,6050026
4,3,5426,completed,6067693
4,3,5427,completed,6069818
4,3,5428,completed,6071984
4,3,5429,completed,5853777
4,3,5430,completed,5850193
4,3,5431,completed,5850026
4,3,5432,completed,5850027
4,3,5433,completed,6063526
4,3,5434,completed,6065359
4,3,5435,completed,6066943
4,3,5436,completed,6068984
4,3,5437,completed,5480111
4,3,5438,completed,5489069
4,3,5439,completed,5489486
4,3,5440,completed,5490611
4,3,5441,completed,6435775
4,3,5442,completed,6444484
4,3,5443,completed,6427942
4,3,5444,completed,6429192
4,3,5445,completed,5709652
4,3,5446,completed,5684028
4,3,5447,completed,5682986
4,3,5448,completed,5683277
4,3,5449,completed,7728521
4,3,5450,completed,7732313
4,3,5451,completed,7734231
4,3,5452,completed,7734564
4,3,5453,completed,5735318
4,3,5454,completed,5723694
4,3,5455,completed,5723819
4,3,5456,completed,5724443
4,3,5457,completed,6273026
4,3,5458,completed,6279442
4,3,5459,completed,6281150
4,3,5460,completed,6282650
4,3,5461,completed,5922193
4,3,5462,completed,5934110
4,3,5463,completed,5938652
4,3,5464,completed,5942568
4,3,5465,completed,6023943
4,3,5466,completed,6024818
4,3,5467,completed,6022193
4,3,5468,completed,6019152
4,3,5469,completed,5745818
4,3,5470,completed,5758110
4,3,5471,completed,5765652
4,3,5472,completed,5772235
4,3,5473,completed,6097942
4,3,5474,completed,6105443
4,3,5475,completed,6110109
4,3,5476,completed,6114609
4,3,5477,completed,5985443
4,3,5478,completed,5983693
4,3,5479,completed,5978526
4,3,5480,completed,5973068
4,3,5481,completed,6039859
4,3,5482,completed,6039526
4,3,5483,completed,6035193
4,3,5484,completed,6031526
4,3,5485,completed,5939818
4,3,5486,completed,5939401
4,3,5487,completed,5939693
4,3,5488,completed,5939860
4,3,5489,completed,6058526
4,3,5490,completed,6066151
4,3,5491,completed,6067526
4,3,5492,completed,6068818
4,3,5493,completed,6041651
4,3,5494,completed,6049484
4,3,5495,completed,6050360
4,3,5496,completed,6051068
4,3,5497,completed,5858443
4,3,5498,completed,5855402
4,3,5499,completed,5866944
4,3,5500,completed,5878235
4,3,5501,completed,6007652
4,3,5502,completed,5998776
4,3,5503,completed,5988110
4,3,5504,completed,5977610
4,3,5505,completed,5948610
4,3,5506,completed,5960652
4,3,5507,completed,5969943
4,3,5508,completed,5978193
4,3,5509,completed,5988443
4,3,5510,completed,5981026
4,3,5511,completed,5972777
4,3,5512,completed,5964777
4,3,5513,completed,5781902
4,3,5514,completed,5784277
4,3,5515,completed,5784944
4,3,5516,completed,5785444
4,3,5517,completed,5936027
4,3,5518,completed,5952818
4,3,5519,completed,5959360
4,3,5520,completed,5965526
4,3,5521,completed,6291901
4,3,5522,completed,6290609
4,3,5523,completed,6284776
4,3,5524,completed,6279026
4,3,5525,completed,5964193
4,3,5526,completed,5953360
4,3,5527,completed,5954027
4,3,5528,completed,5954360
4,3,5529,completed,5973693
4,3,5530,completed,5982651
4,3,5531,completed,5992693
4,3,5532,completed,6003610
4,3,5533,completed,5956568
4,3,5534,completed,5956818
4,3,5535,completed,5956110
4,3,5536,completed,5955818
4,3,5537,completed,6038193
4,3,5538,completed,6035193
4,3,5539,completed,6025985
4,3,5540,completed,6016776
4,3,5541,completed,5649902
4,3,5542,completed,5666152
4,3,5543,completed,5677902
4,3,5544,completed,5687986
4,3,5545,completed,6298317
4,3,5546,completed,6288525
4,3,5547,completed,6279109
4,3,5548,completed,6269734
4,3,5549,completed,5982318
4,3,5550,completed,5997401
4,3,5551,completed,6007901
4,3,5552,completed,6018234
4,3,5553,completed,6159026
4,3,5554,completed,6161651
4,3,5555,completed,6159942
4,3,5556,completed,6156776
4,3,5557,completed,5868735
4,3,5558,completed,5865735
4,3,5559,completed,5858985
4,3,5560,completed,5852068
4,3,5561,completed,5929610
4,3,5562,completed,5926527
4,3,5563,completed,5934152
4,3,5564,completed,5941401
4,3,5565,completed,6000109
4,3,5566,completed,5995693
4,3,5567,completed,5988818
4,3,5568,completed,5981610
4,3,5569,completed,5979818
4,3,5570,completed,5983151
4,3,5571,completed,5983985
4,3,5572,completed,5984818
4,3,5573,completed,5945859
4,3,5574,completed,5957026
4,3,5575,completed,5964151
4,3,5576,completed,5971318
4,3,5577,completed,6066484
4,3,5578,completed,6067317
4,3,5579,completed,6061443
4,3,5580,completed,6055151
4,3,5581,completed,5942068
4,3,5582,completed,5934568
4,3,5583,completed,5935568
4,3,5584,completed,5936068
4,3,5585,completed,5914152
4,3,5586,completed,5913527
4,3,5587,completed,5914652
4,3,5588,completed,5915652
4,3,5589,completed,5691693
4,3,5590,completed,5694694
4,3,5591,completed,5708610
4,3,5592,completed,5709610
4,3,5593,completed,6300858
4,3,5594,completed,6319567
4,3,5595,completed,6330317
4,3,5596,completed,6341400
4,3,5597,completed,6019735
4,3,5598,completed,6011110
4,3,5599,completed,6000818
4,3,5600,completed,5989985
4,3,5601,completed,6091901
4,3,5602,completed,6118859
4,3,5603,completed,6127401
4,3,5604,completed,6135901
4,3,5605,completed,6092984
4,3,5606,completed,6091318
4,3,5607,completed,6085026
4,3,5608,completed,6078192
4,3,5609,completed,5807735
4,3,5610,completed,5809568
4,3,5611,completed,5811568
4,3,5612,completed,5811943
4,3,5613,completed,5979277
4,3,5614,completed,5991985
4,3,5615,completed,5994693
4,3,5616,completed,5996985
4,3,5617,completed,5921652
4,3,5618,completed,5904860
4,3,5619,completed,5905276
4,3,5620,completed,5904902
4,3,5621,completed,5663277
4,3,5622,completed,5652694
4,3,5623,completed,5652236
4,3,5624,completed,5652694
4,3,5625,completed,6292234
4,3,5626,completed,6312525
4,3,5627,completed,6320775
4,3,5628,completed,6327775
4,3,5629,completed,6014318
4,3,5630,completed,6011693
4,3,5631,completed,6005318
4,3,5632,completed,6000110
4,3,5633,completed,5957068
4,3,5634,completed,5961234
4,3,5635,completed,5962151
4,3,5636,completed,5962360
4,3,5637,completed,6095109
4,3,5638,completed,6085693
4,3,5639,completed,6086318
4,3,5640,completed,6087318
4,3,5641,completed,5890152
4,3,5642,completed,5893610
4,3,5643,completed,5898277
4,3,5644,completed,5903068
4,3,5645,completed,6071526
4,3,5646,completed,6078526
4,3,5647,completed,6075610
4,3,5648,completed,6073277
4,3,5649,completed,5937068
4,3,5650,completed,5938443
4,3,5651,completed,5950443
4,3,5652,completed,5960651
4,3,5653,completed,5877610
4,3,5654,completed,5863860
4,3,5655,completed,5852360
4,3,5656,completed,5842277
4,3,5657,completed,6054110
4,3,5658,completed,6055984
4,3,5659,completed,6056817
4,3,5660,completed,6057192
4,3,5661,completed,5958943
4,3,5662,completed,5970527
4,3,5663,completed,5971027
4,3,5664,completed,5971777
4,3,5665,completed,5580736
4,3,5666,completed,5587111
4,3,5667,completed,5588944
4,3,5668,completed,5590569
4,3,5669,completed,5924693
4,3,5670,completed,5890526
4,3,5671,completed,5890693
4,3,5672,completed,5890193
4,3,5673,completed,6346151
4,3,5674,completed,6341942
4,3,5675,completed,6345650
4,3,5676,completed,6350150
4,3,5677,completed,6094860
4,3,5678,completed,6095443
4,3,5679,completed,6092818
4,3,5680,completed,6089943
4,3,5681,completed,5983485
4,3,5682,completed,5999277
4,3,5683,completed,6005276
4,3,5684,completed,6010860
4,3,5685,completed,6017859
4,3,5686,completed,6032693
4,3,5687,completed,6036359
4,3,5688,completed,6039318
4,3,5689,completed,5970109
4,3,5690,completed,5964026
4,3,5691,completed,5955859
4,3,5692,completed,5948026
4,3,5693,completed,5928901
4,3,5694,completed,5945943
4,3,5695,completed,5952776
4,3,5696,completed,5958943
4,3,5697,completed,6024609
4,3,5698,completed,6041068
4,3,5699,completed,6045526
4,3,5700,completed,6049027
4,3,5701,completed,5982776
4,3,5702,completed,5975651
4,3,5703,completed,5966151
4,3,5704,completed,5957318
4,3,5705,completed,5909735
4,3,5706,completed,5915693
4,3,5707,completed,5919985
4,3,5708,completed,5923527
4,3,5709,completed,6046109
4,3,5710,completed,6049234
4,3,5711,completed,6046568
4,3,5712,completed,6044818
4,3,5713,completed,5985818
4,3,5714,completed,5979151
4,3,5715,completed,5979359
4,3,5716,completed,5979110
4,3,5717,completed,5850652
4,3,5718,completed,5858694
4,3,5719,completed,5863193
4,3,5720,completed,5867902
4,3,5721,completed,6064484
4,3,5722,completed,6075235
4,3,5723,completed,6072234
4,3,5724,completed,6068068
4,3,5725,completed,5764694
4,3,5726,completed,5756568
4,3,5727,completed,5757152
4,3,5728,completed,5758194
4,3,5729,completed,6271943
4,3,5730,completed,6273692
4,3,5731,completed,6274026
4,3,5732,completed,6274192
4,3,5733,completed,5965943
4,3,5734,completed,5966693
4,3,5735,completed,5968568
4,3,5736,completed,5970568
4,3,5737,completed,5970068
4,3,5738,completed,5963901
4,3,5739,completed,5964568
4,3,5740,completed,5965027
4,3,5741,completed,5476820
4,3,5742,completed,5477527
4,3,5743,completed,5477236
4,3,5744,completed,5477403
4,3,5745,completed,6525650
4,3,5746,completed,6538317
4,3,5747,completed,6540733
4,3,5748,completed,6542359
4,3,5749,completed,5931693
4,3,5750,completed,5937235
4,3,5751,completed,5939693
4,3,5752,completed,5940152
4,3,5753,completed,6024235
4,3,5754,completed,6007360
4,3,5755,completed,6007485
4,3,5756,completed,6008360
4,3,5757,completed,6015985
4,3,5758,completed,6022068
4,3,5759,completed,6022318
4,3,5760,completed,6022985
4,3,5761,completed,5924568
4,3,5762,completed,5930484
4,3,5763,completed,5930652
4,3,5764,completed,5931318
4,3,5765,completed,6037360
4,3,5766,completed,6032902
4,3,5767,completed,6033568
4,3,5768,completed,6035026
4,3,5769,completed,5914527
4,3,5770,completed,5919276
4,3,5771,completed,5919235
4,3,5772,completed,5919234
4,3,5773,completed,5979652
4,3,5774,completed,5980235
4,3,5775,completed,5979943
4,3,5776,completed,5980734
4,3,5777,completed,5974151
4,3,5778,completed,5977902
4,3,5779,completed,5978818
4,3,5780,completed,5980068
4,3,5781,completed,6024402
4,3,5782,completed,6037651
4,3,5783,completed,6049109
4,3,5784,completed,6059609
4,3,5785,completed,5652944
4,3,5786,completed,5639861
4,3,5787,completed,5629319
4,3,5788,completed,5619153
4,3,5789,completed,5934235
4,3,5790,completed,5959943
4,3,5791,completed,5971193
4,3,5792,completed,5983693
4,3,5793,completed,6387401
4,3,5794,completed,6377609
4,3,5795,completed,6366942
4,3,5796,completed,6357025
4,3,5797,completed,5914027
4,3,5798,completed,5896652
4,3,5799,completed,5896068
4,3,5800,completed,5895194
4,3,5801,completed,5978318
4,3,5802,completed,5977818
4,3,5803,completed,5978943
4,3,5804,completed,5980401
4,3,5805,completed,6074568
4,3,5806,completed,6097651
4,3,5807,completed,6102526
4,3,5808,completed,6107068
4,3,5809,completed,5897568
4,3,5810,completed,5908360
4,3,5811,completed,5910193
4,3,5812,completed,5913818
4,3,5813,completed,5995652
4,3,5814,completed,5993193
4,3,5815,completed,5986443
4,3,5816,completed,5978527
4,3,5817,completed,6185693
4,3,5818,completed,6198317
4,3,5819,completed,6202234
4,3,5820,completed,6206276
4,3,5821,completed,5863360
4,3,5822,completed,5870068
4,3,5823,completed,5867819
4,3,5824,completed,5865901
4,3,5825,completed,5939360
4,3,5826,completed,5955777
4,3,5827,completed,5956818
4,3,5828,completed,5956985
4,3,5829,completed,5924401
4,3,5830,completed,5926193
4,3,5831,completed,5930610
4,3,5832,completed,5935194
4,3,5833,completed,5948110
4,3,5834,completed,5960193
4,3,5835,completed,5967568
4,3,5836,completed,5973651
4,3,5837,completed,5996193
4,3,5838,completed,6000235
4,3,5839,completed,6000026
4,3,5840,completed,5999818
4,3,5841,completed,6008693
4,3,5842,completed,6000735
4,3,5843,completed,5990902
4,3,5844,completed,5980484
4,3,5845,completed,6042443
4,3,5846,completed,6062360
4,3,5847,completed,6073984
4,3,5848,completed,6085693
4,3,5849,completed,5924568
4,3,5850,completed,5916276
4,3,5851,completed,5906360
4,3,5852,completed,5896026
4,3,5853,completed,5998109
4,3,5854,completed,6000526
4,3,5855,completed,6000443
4,3,5856,completed,6001193
4,3,5857,completed,5970027
4,3,5858,completed,5965693
4,3,5859,completed,5966026
4,3,5860,completed,5966318
4,3,5861,completed,5945943
4,3,5862,completed,5952276
4,3,5863,completed,5957693
4,3,5864,completed,5961943
4,3,5865,completed,5865402
4,3,5866,completed,5884526
4,3,5867,completed,5881652
4,3,5868,completed,5878152
4,3,5869,completed,5686527
4,3,5870,completed,5673902
4,3,5871,completed,5674152
4,3,5872,completed,5675111
4,3,5873,completed,6382400
4,3,5874,completed,6400108
4,3,5875,completed,6401692
4,3,5876,completed,6401942
4,3,5877,completed,6168568
4,3,5878,completed,6163609
4,3,5879,completed,6163109
4,3,5880,completed,6163984
4,3,5881,completed,5852235
4,3,5882,completed,5855776
4,3,5883,completed,5866902
4,3,5884,completed,5877819
4,3,5885,completed,6071359
4,3,5886,completed,6076693
4,3,5887,completed,6067068
4,3,5888,completed,6057735
4,3,5889,completed,6028526
4,3,5890,completed,6025526
4,3,5891,completed,6026610
4,3,5892,completed,6028484
4,3,5893,completed,5846568
4,3,5894,completed,5862360
4,3,5895,completed,5864026
4,3,5896,completed,5864526
4,3,5897,completed,6001026
4,3,5898,completed,6007318
4,3,5899,completed,6007860
4,3,5900,completed,6008235
4,3,5901,completed,5863151
4,3,5902,completed,5851776
4,3,5903,completed,5851652
4,3,5904,completed,5852860
4,3,5905,completed,6033692
4,3,5906,completed,6043234
4,3,5907,completed,6052610
4,3,5908,completed,6057859
4,3,5909,completed,6123401
4,3,5910,completed,6120484
4,3,5911,completed,6115401
4,3,5912,completed,6110776
4,3,5913,completed,5878777
4,3,5914,completed,5893360
4,3,5915,completed,5900652
4,3,5916,completed,5907943
4,3,5917,completed,5952610
4,3,5918,completed,5954443
4,3,5919,completed,5948609
4,3,5920,completed,5942276
4,3,5921,completed,6032193
4,3,5922,completed,6036651
4,3,5923,completed,6037276
4,3,5924,completed,6038151
4,3,5925,completed,5456903
4,3,5926,completed,5459277
4,3,5927,completed,5465570
4,3,5928,completed,5470736
4,3,5929,completed,6498733
4,3,5930,completed,6494400
4,3,5931,completed,6489775
4,3,5932,completed,6484775
4,3,5933,completed,6007860
4,3,5934,completed,6037235
4,3,5935,completed,6039818
4,3,5936,completed,6041568
4,3,5937,completed,5963609
4,3,5938,completed,5956276
4,3,5939,completed,5967401
4,3,5940,completed,5978360
4,3,5941,completed,6022151
4,3,5942,completed,6012110
4,3,5943,completed,6001609
4,3,5944,completed,5991110
4,3,5945,completed,6014984
4,3,5946,completed,6041235
4,3,5947,completed,6044026
4,3,5948,completed,6046068
4,3,5949,completed,5949027
4,3,5950,completed,5941693
4,3,5951,completed,5951651
4,3,5952,completed,5961693
4,3,5953,completed,6048484
4,3,5954,completed,6054735
4,3,5955,completed,6049151
4,3,5956,completed,6044235
4,3,5957,completed,5921609
4,3,5958,completed,5937901
4,3,5959,completed,5944151
4,3,5960,completed,5949609
4,3,5961,completed,5949276
4,3,5962,completed,5945485
4,3,5963,completed,5939193
4,3,5964,completed,5932776
4,3,5965,completed,6060026
4,3,5966,completed,6061318
4,3,5967,completed,6057193
4,3,5968,completed,6053235
4,3,5969,completed,5916860
4,3,5970,completed,5919276
4,3,5971,completed,5925401
4,3,5972,completed,5931193
4,3,5973,completed,5983818
4,3,5974,completed,5979068
4,3,5975,completed,5973818
4,3,5976,completed,5967860
4,3,5977,completed,5937277
4,3,5978,completed,5948568
4,3,5979,completed,5949651
4,3,5980,completed,5950360
4,3,5981,completed,6029526
4,3,5982,completed,6028776
4,3,5983,completed,6029527
4,3,5984,completed,6030484
4,3,5985,completed,5994985
4,3,5986,completed,5996276
4,3,5987,completed,5996735
4,3,5988,completed,5997193
4,3,5989,completed,6006734
4,3,5990,completed,6014110
4,3,5991,completed,6015401
4,3,5992,completed,6017360
4,3,5993,completed,5929735
4,3,5994,completed,5930027
4,3,5995,completed,5930151
4,3,5996,completed,5930443
4,3,5997,completed,6010359
4,3,5998,completed,6023776
4,3,5999,completed,6024860
4,3,6000,completed,6025317
4,3,6001,completed,6029485
4,3,6002,completed,6023526
4,3,6003,completed,6023651
4,3,6004,completed,6024193
4,3,6005,completed,5896651
4,3,6006,completed,5905027
4,3,6007,completed,5905985
4,3,6008,completed,5906069
4,3,6009,completed,6014526
4,3,6010,completed,6015026
4,3,6011,completed,6019859
4,3,6012,completed,6024026
4,3,6013,completed,6021151
4,3,6014,completed,6022860
4,3,6015,completed,6019026
4,3,6016,completed,6016776
4,3,6017,completed,5993984
4,3,6018,completed,5996943
4,3,6019,completed,5997943
4,3,6020,completed,5998443
4,3,6021,completed,6018318
4,3,6022,completed,6012443
4,3,6023,completed,6013360
4,3,6024,completed,6015151
4,3,6025,completed,5922027
4,3,6026,completed,5938777
4,3,6027,completed,5940569
4,3,6028,completed,5940860
4,3,6029,completed,5976401
4,3,6030,completed,5969443
4,3,6031,completed,5973568
4,3,6032,completed,5977943
4,3,6033,completed,5788943
4,3,6034,completed,5815735
4,3,6035,completed,5823401
4,3,6036,completed,5828360
4,3,6037,completed,6180901
4,3,6038,completed,6184650
4,3,6039,completed,6185484
4,3,6040,completed,6185401
4,3,6041,completed,5465570
4,3,6042,completed,5455653
4,3,6043,completed,5445736
4,3,6044,completed,5435278
4,3,6045,completed,6499858
4,3,6046,completed,6508567
4,3,6047,completed,6510150
4,3,6048,completed,6510608
4,3,6049,completed,6102484
4,3,6050,completed,6108192
4,3,6051,completed,6120234
4,3,6052,completed,6130859
4,3,6053,completed,5641819
4,3,6054,completed,5629861
4,3,6055,completed,5619069
4,3,6056,completed,5608611
4,3,6057,completed,6221734
4,3,6058,completed,6226400
4,3,6059,completed,6228150
4,3,6060,completed,6229609
4,3,6061,completed,5423777
4,3,6062,completed,5429277
4,3,6063,completed,5433195
4,3,6064,completed,5436986
4,3,6065,completed,6635192
4,3,6066,completed,6639150
4,3,6067,completed,6637067
4,3,6068,completed,6633941
4,3,6069,completed,5901818
4,3,6070,completed,5907568
4,3,6071,completed,5913235
4,3,6072,completed,5918860
4,3,6073,completed,5945359
4,3,6074,completed,5946651
4,3,6075,completed,5941985
4,3,6076,completed,5935735
4,3,6077,completed,6058234
4,3,6078,completed,6053151
4,3,6079,completed,6054734
4,3,6080,completed,6056485
4,3,6081,completed,5953693
4,3,6082,completed,5970943
4,3,6083,completed,5972110
4,3,6084,completed,5972443
4,3,6085,completed,5957652
4,3,6086,completed,5952777
4,3,6087,completed,5956693
4,3,6088,completed,5961527
4,3,6089,completed,5696486
4,3,6090,completed,5723194
4,3,6091,completed,5723194
4,3,6092,completed,5719444
4,3,6093,completed,6274900
4,3,6094,completed,6268693
4,3,6095,completed,6279817
4,3,6096,completed,6290150
4,3,6097,completed,5989318
4,3,6098,completed,5977318
4,3,6099,completed,5966568
4,3,6100,completed,5955693
4,3,6101,completed,5992735
4,3,6102,completed,5990026
4,3,6103,completed,5990943
4,3,6104,completed,5991609
4,3,6105,completed,5422361
4,3,6106,completed,5427486
4,3,6107,completed,5429152
4,3,6108,completed,5430402
4,3,6109,completed,6493984
4,3,6110,completed,6502233
4,3,6111,completed,6503275
4,3,6112,completed,6503233
4,3,6113,completed,6101568
4,3,6114,completed,6109067
4,3,6115,completed,6116651
4,3,6116,completed,6122985
4,3,6117,completed,5907443
4,3,6118,completed,5908276
4,3,6119,completed,5905276
4,3,6120,completed,5903610
4,3,6121,completed,6023068
4,3,6122,completed,6027151
4,3,6123,completed,6024443
4,3,6124,completed,6021026
4,3,6125,completed,5993776
4,3,6126,completed,6012777
4,3,6127,completed,6014401
4,3,6128,completed,6014860
4,3,6129,completed,6044235
4,3,6130,completed,6036151
4,3,6131,completed,6036942
4,3,6132,completed,6037651
4,3,6133,completed,5899235
4,3,6134,completed,5900235
4,3,6135,completed,5906069
4,3,6136,completed,5911068
4,3,6137,completed,5995651
4,3,6138,completed,6011276
4,3,6139,completed,6014109
4,3,6140,completed,6016235
4,3,6141,completed,5970485
4,3,6142,completed,5980151
4,3,6143,completed,5976818
4,3,6144,completed,5971527
4,3,6145,completed,5960026
4,3,6146,completed,5962401
4,3,6147,completed,5966776
4,3,6148,completed,5971735
4,3,6149,completed,5985902
4,3,6150,completed,6005443
4,3,6151,completed,6013318
4,3,6152,completed,6019651
4,3,6153,completed,6028110
4,3,6154,completed,6026110
4,3,6155,completed,6015985
4,3,6156,completed,6005610
4,3,6157,completed,5894735
4,3,6158,completed,5897985
4,3,6159,completed,5898944
4,3,6160,completed,5900069
4,3,6161,completed,5985651
4,3,6162,completed,5996110
4,3,6163,completed,5996485
4,3,6164,completed,5996859
4,3,6165,completed,6028193
4,3,6166,completed,6029817
4,3,6167,completed,6030609
4,3,6168,completed,6030943
4,3,6169,completed,5742027
4,3,6170,completed,5735736
4,3,6171,completed,5736444
4,3,6172,completed,5737486
4,3,6173,completed,6245859
4,3,6174,completed,6246318
4,3,6175,completed,6251442
4,3,6176,completed,6255901
4,3,6177,completed,5959401
4,3,6178,completed,5959318
4,3,6179,completed,5954818
4,3,6180,completed,5950402
4,3,6181,completed,6035068
4,3,6182,completed,6035276
4,3,6183,completed,6035360
4,3,6184,completed,6036068
4,3,6185,completed,6094568
4,3,6186,completed,6101276
4,3,6187,completed,6101652
4,3,6188,completed,6102693
4,3,6189,completed,5866318
4,3,6190,completed,5874027
4,3,6191,completed,5874776
4,3,6192,completed,5876193
4,3,6193,completed,5945318
4,3,6194,completed,5943151
4,3,6195,completed,5947777
4,3,6196,completed,5952776
4,3,6197,completed,6020152
4,3,6198,completed,6034818
4,3,6199,completed,6034443
4,3,6200,completed,6034193
4,3,6201,completed,5940235
4,3,6202,completed,5937943
4,3,6203,completed,5934943
4,3,6204,completed,5932151
4,3,6205,completed,5957485
4,3,6206,completed,5966901
4,3,6207,completed,5967818
4,3,6208,completed,5968151
4,3,6209,completed,6008693
4,3,6210,completed,6010693
4,3,6211,completed,6010943
4,3,6212,completed,6011068
4,3,6213,completed,6007193
4,3,6214,completed,6012609
4,3,6215,completed,6019318
4,3,6216,completed,6025651
4,3,6217,completed,5926901
4,3,6218,completed,5932610
4,3,6219,completed,5933860
4,3,6220,completed,5933818
4,3,6221,completed,6121276
4,3,6222,completed,6118651
4,3,6223,completed,6112193
4,3,6224,completed,6106818
4,3,6225,completed,5892110
4,3,6226,completed,5894735
4,3,6227,completed,5902735
4,3,6228,completed,5909360
4,3,6229,completed,5992360
4,3,6230,completed,5987901
4,3,6231,completed,5981860
4,3,6232,completed,5976026
4,3,6233,completed,5979943
4,3,6234,completed,5999317
4,3,6235,completed,6001318
4,3,6236,completed,6001609
4,3,6237,completed,5987485
4,3,6238,completed,5969443
4,3,6239,completed,5969235
4,3,6240,completed,5970151
4,3,6241,completed,6033318
4,3,6242,completed,6038026
4,3,6243,completed,6038109
4,3,6244,completed,6038860
4,3,6245,completed,5983110
4,3,6246,completed,5988693
4,3,6247,completed,5989318
4,3,6248,completed,5989985
4,3,6249,completed,5916151
4,3,6250,completed,5918235
4,3,6251,completed,5929776
4,3,6252,completed,5940651
4,3,6253,completed,6006068
4,3,6254,completed,5996568
4,3,6255,completed,5985901
4,3,6256,completed,5975860
4,3,6257,completed,6120359
4,3,6258,completed,6138360
4,3,6259,completed,6140276
4,3,6260,completed,6140776
4,3,6261,completed,5849152
4,3,6262,completed,5859026
4,3,6263,completed,5870068
4,3,6264,completed,5881027
4,3,6265,completed,6132401
4,3,6266,completed,6127318
4,3,6267,completed,6117234
4,3,6268,completed,6107235
4,3,6269,completed,5865193
4,3,6270,completed,5879360
4,3,6271,completed,5885860
4,3,6272,completed,5892818
4,3,6273,completed,5945193
4,3,6274,completed,5941943
4,3,6275,completed,5936818
4,3,6276,completed,5932651
4,3,6277,completed,5987110
4,3,6278,completed,6008818
4,3,6279,completed,6009693
4,3,6280,completed,6011068
4,3,6281,completed,5858485
4,3,6282,completed,5850819
4,3,6283,completed,5850985
4,3,6284,completed,5851610
4,3,6285,completed,5762943
4,3,6286,completed,5769527
4,3,6287,completed,5770110
4,3,6288,completed,5771110
4,3,6289,completed,5717027
4,3,6290,completed,5733360
4,3,6291,completed,5737610
4,3,6292,completed,5742944
4,3,6293,completed,6573149
4,3,6294,completed,6578233
4,3,6295,completed,6575400
4,3,6296,completed,6572525
4,3,6297,completed,5966943
4,3,6298,completed,5967443
4,3,6299,completed,5967860
4,3,6300,completed,5968610
4,3,6301,completed,5984984
4,3,6302,completed,5984235
4,3,6303,completed,5985235
4,3,6304,completed,5986443
4,3,6305,completed,5966651
4,3,6306,completed,5988068
4,3,6307,completed,5994943
4,3,6308,completed,6000485
4,3,6309,completed,5788152
4,3,6310,completed,5788901
4,3,6311,completed,5785777
4,3,6312,completed,5780652
4,3,6313,completed,6169318
4,3,6314,completed,6169609
4,3,6315,completed,6176567
4,3,6316,completed,6182609
4,3,6317,completed,5996068
4,3,6318,completed,5990735
4,3,6319,completed,5985026
4,3,6320,completed,5980069
4,3,6321,completed,6204318
4,3,6322,completed,6226651
4,3,6323,completed,6228651
4,3,6324,completed,6230317
4,3,6325,completed,5803693
4,3,6326,completed,5780736
4,3,6327,completed,5780443
4,3,6328,completed,5780694
4,3,6329,completed,5931651
4,3,6330,completed,5932943
4,3,6331,completed,5933568
4,3,6332,completed,5933985
4,3,6333,completed,5986902
4,3,6334,completed,5999984
4,3,6335,completed,6001110
4,3,6336,completed,6001818
4,3,6337,completed,5572902
4,3,6338,completed,5573861
4,3,6339,completed,5574486
4,3,6340,completed,5575194
4,3,6341,completed,6374483
4,3,6342,completed,6374692
4,3,6343,completed,6375025
4,3,6344,completed,6375275
4,3,6345,completed,6030818
4,3,6346,completed,6035651
4,3,6347,completed,6037277
4,3,6348,completed,6038527
4,3,6349,completed,5895735
4,3,6350,completed,5899360
4,3,6351,completed,5900485
4,3,6352,completed,5901360
4,3,6353,completed,6021359
4,3,6354,completed,6028276
4,3,6355,completed,6031693
4,3,6356,completed,6034777
4,3,6357,completed,6029568
4,3,6358,completed,6028484
4,3,6359,completed,6025568
4,3,6360,completed,6022318
4,3,6361,completed,5943985
4,3,6362,completed,5926902
4,3,6363,completed,5927194
4,3,6364,completed,5927277
4,3,6365,completed,6077609
4,3,6366,completed,6083402
4,3,6367,completed,6083610
4,3,6368,completed,6083860
4,3,6369,completed,5936152
4,3,6370,completed,5934026
4,3,6371,completed,5934693
4,3,6372,completed,5935568
4,3,6373,completed,5953068
4,3,6374,completed,5962776
4,3,6375,completed,5963484
4,3,6376,completed,5963484
4,3,6377,completed,5997526
4,3,6378,completed,6005776
4,3,6379,completed,6011151
4,3,6380,completed,6015568
4,3,6381,completed,5997276
4,3,6382,completed,5993527
4,3,6383,completed,5989151
4,3,6384,completed,5985651
4,3,6385,completed,6031985
4,3,6386,completed,6040943
4,3,6387,completed,6041693
4,3,6388,completed,6041901
4,3,6389,completed,5959277
4,3,6390,completed,5977193
4,3,6391,completed,5989985
4,3,6392,completed,6000526
4,3,6393,completed,5982610
4,3,6394,completed,5973026
4,3,6395,completed,5962902
4,3,6396,completed,5953693
4,3,6397,completed,5987484
4,3,6398,completed,5988026
4,3,6399,completed,5988110
4,3,6400,completed,5987651
4,3,6401,completed,6004110
4,3,6402,completed,6024110
4,3,6403,completed,6035318
4,3,6404,completed,6046401
4,3,6405,completed,5973277
4,3,6406,completed,5970401
4,3,6407,completed,5960818
4,3,6408,completed,5949985
4,3,6409,completed,5956527
4,3,6410,completed,5947610
4,3,6411,completed,5948818
4,3,6412,completed,5949985
4,3,6413,completed,6019735
4,3,6414,completed,6033984
4,3,6415,completed,6035276
4,3,6416,completed,6034776
4,3,6417,completed,6016235
4,3,6418,completed,6009401
4,3,6419,completed,6009652
4,3,6420,completed,6009735
4,3,6421,completed,5368695
4,3,6422,completed,5377111
4,3,6423,completed,5378112
4,3,6424,completed,5378653
4,3,6425,completed,6791774
4,3,6426,completed,6794649
4,3,6427,completed,6795315
4,3,6428,completed,6795399
4,3,6429,completed,6822441
4,3,6430,completed,6824482
4,3,6431,completed,6826275
4,3,6432,completed,6827733
4,3,6433,completed,6317859
4,3,6434,completed,6318234
4,3,6435,completed,6329192
4,3,6436,completed,6340651
4,3,6437,completed,5814110
4,3,6438,completed,5846444
4,3,6439,completed,5837235
4,3,6440,completed,5827444
4,3,6441,completed,6112193
4,3,6442,completed,6095318
4,3,6443,completed,6075734
4,3,6444,completed,6076193
4,3,6445,completed,6751441
4,3,6446,completed,6766566
4,3,6447,completed,6773191
4,3,6448,completed,6779107
4,3,6449,completed,6021026
4,3,6450,completed,6026985
4,3,6451,completed,6021985
4,3,6452,completed,6015360
4,3,6453,completed,5559320
4,3,6454,completed,5557236
4,3,6455,completed,5569402
4,3,6456,completed,5581194
4,3,6457,completed,5919860
4,3,6458,completed,5916235
4,3,6459,completed,5909152
4,3,6460,completed,5901943
4,3,6461,completed,6450733
4,3,6462,completed,6455483
4,3,6463,completed,6456025
4,3,6464,completed,6455567
4,3,6465,completed,6012693
4,3,6466,completed,6010526
4,3,6467,completed,6005276
4,3,6468,completed,6000818
4,3,6469,completed,6049485
4,3,6470,completed,6049651
4,3,6471,completed,6050901
4,3,6472,completed,6051817
4,3,6473,completed,5631278
4,3,6474,completed,5644860
4,3,6475,completed,5650361
4,3,6476,completed,5655069
4,3,6477,completed,6409192
4,3,6478,completed,6419567
4,3,6479,completed,6415817
4,3,6480,completed,6411942
4,3,6481,completed,5901777
4,3,6482,completed,5891568
4,3,6483,completed,5891485
4,3,6484,completed,5891985
4,3,6485,completed,5959193
4,3,6486,completed,5969068
4,3,6487,completed,5969443
4,3,6488,completed,5970151
4,3,6489,completed,7551022
4,3,6490,completed,7566063
4,3,6491,completed,7574480
4,3,6492,completed,7582147
4,3,6493,completed,6100859
4,3,6494,completed,6095485
4,3,6495,completed,6089026
4,3,6496,completed,6083527
4,3,6497,completed,5908901
4,3,6498,completed,5918318
4,3,6499,completed,5926485
4,3,6500,completed,5934235
4,3,6501,completed,5981901
4,3,6502,completed,5992943
4,3,6503,completed,5994568
4,3,6504,completed,5995734
4,3,6505,completed,5989193
4,3,6506,completed,5981027
4,3,6507,completed,5973609
4,3,6508,completed,5966318
4,3,6509,completed,6024193
4,3,6510,completed,6031693
4,3,6511,completed,6033026
4,3,6512,completed,6034693
4,3,6513,completed,5941027
4,3,6514,completed,5944902
4,3,6515,completed,5946235
4,3,6516,completed,5947235
4,3,6517,completed,6016651
4,3,6518,completed,6023234
4,3,6519,completed,6024485
4,3,6520,completed,6025484
4,3,6521,completed,6175234
4,3,6522,completed,6200442
4,3,6523,completed,6212942
4,3,6524,completed,6224484
4,3,6525,completed,5878985
4,3,6526,completed,5872360
4,3,6527,completed,5861610
4,3,6528,completed,5851610
4,3,6529,completed,5864569
4,3,6530,completed,5859443
4,3,6531,completed,5867568
4,3,6532,completed,5875860
4,3,6533,completed,6098443
4,3,6534,completed,6098609
4,3,6535,completed,6090776
4,3,6536,completed,6083609
4,3,6537,completed,5923693
4,3,6538,completed,5920610
4,3,6539,completed,5921193
4,3,6540,completed,5922068
4,3,6541,completed,9604434
4,3,6542,completed,9633975
4,3,6543,completed,9635142
4,3,6544,completed,9635892
4,3,6545,completed,8715186
4,3,6546,completed,8707686
4,3,6547,completed,8711602
4,3,6548,completed,8715603
4,3,6549,completed,8040438
4,3,6550,completed,8051938
4,3,6551,completed,8052188
4,3,6552,completed,8052021
4,3,6553,completed,5303362
4,3,6554,completed,5301486
4,3,6555,completed,5298487
4,3,6556,completed,5295403
4,3,6557,completed,5732735
4,3,6558,completed,5729152
4,3,6559,completed,5729402
4,3,6560,completed,5730527
4,3,6561,completed,5982401
4,3,6562,completed,5981943
4,3,6563,completed,5982485
4,3,6564,completed,5983235
4,3,6565,completed,5864735
4,3,6566,completed,5860485
4,3,6567,completed,5861068
4,3,6568,completed,5861902
4,3,6569,completed,8356687
4,3,6570,completed,8362645
4,3,6571,completed,8363354
4,3,6572,completed,8364145
4,3,6573,completed,7707105
4,3,6574,completed,7702021
4,3,6575,completed,7702564
4,3,6576,completed,7703230
4,3,6577,completed,11553346
4,3,6578,completed,11563263
4,3,6579,completed,11564512
4,3,6580,completed,11565762
4,3,6581,completed,5188779
4,3,6582,completed,5194779
4,3,6583,completed,5195195
4,3,6584,completed,5242279
4,3,6585,completed,5903818
4,3,6586,completed,5886401
4,3,6587,completed,5889485
4,3,6588,completed,5874318
4,3,6589,completed,6072526
4,3,6590,completed,6076318
4,3,6591,completed,6073984
4,3,6592,completed,6072318
4,3,6593,completed,5773236
4,3,6594,completed,5697110
4,3,6595,completed,5691319
4,3,6596,completed,5685735
4,3,6597,completed,9008186
4,3,6598,completed,9020810
4,3,6599,completed,9022685
4,3,6600,completed,9023685
4,3,6601,completed,5723527
4,3,6602,completed,5716777
4,3,6603,completed,5720361
4,3,6604,completed,5724194
4,3,6605,completed,6113776
4,3,6606,completed,6124442
4,3,6607,completed,6121818
4,3,6608,completed,6118026
4,3,6609,completed,6018652
4,3,6610,completed,6012152
4,3,6611,completed,6013485
4,3,6612,completed,6015318
4,3,6613,completed,5960901
4,3,6614,completed,5964151
4,3,6615,completed,5964610
4,3,6616,completed,5964610
4,3,6617,completed,6287984
4,3,6618,completed,6279942
4,3,6619,completed,6281526
4,3,6620,completed,6281984
4,3,6621,completed,5727985
4,3,6622,completed,5740777
4,3,6623,completed,5742526
4,3,6624,completed,5743444
4,3,6625,completed,6057068
4,3,6626,completed,6049443
4,3,6627,completed,6049943
4,3,6628,completed,6050568
4,3,6629,completed,5940068
4,3,6630,completed,5954193
4,3,6631,completed,5959026
4,3,6632,completed,5963860
4,3,6633,completed,5915777
4,3,6634,completed,5914402
4,3,6635,completed,5911235
4,3,6636,completed,5908277
4,3,6637,completed,5988276
4,3,6638,completed,5990776
4,3,6639,completed,5991943
4,3,6640,completed,5972777
4,3,6641,completed,5942735
4,3,6642,completed,5957027
4,3,6643,completed,5967526
4,3,6644,completed,5978110
4,3,6645,completed,5995985
4,3,6646,completed,5997193
4,3,6647,completed,5994901
4,3,6648,completed,5990984
4,3,6649,completed,5919194
4,3,6650,completed,5930610
4,3,6651,completed,5932402
4,3,6652,completed,5933360
4,3,6653,completed,6123651
4,3,6654,completed,6128776
4,3,6655,completed,6131276
4,3,6656,completed,6133985
4,3,6657,completed,5905443
4,3,6658,completed,5893984
4,3,6659,completed,5883526
4,3,6660,completed,5872860
4,3,6661,completed,5640985
4,3,6662,completed,5662569
4,3,6663,completed,5675444
4,3,6664,completed,5701902
4,3,6665,completed,6341692
4,3,6666,completed,6345484
4,3,6667,completed,6345150
4,3,6668,completed,6330484
4,3,6669,completed,6031026
4,3,6670,completed,6021568
4,3,6671,completed,6011151
4,3,6672,completed,5999943
4,3,6673,completed,5960484
4,3,6674,completed,5970776
4,3,6675,completed,5971485
4,3,6676,completed,5972026
4,3,6677,completed,6020526
4,3,6678,completed,6014693
4,3,6679,completed,6016151
4,3,6680,completed,6017734
4,3,6681,completed,6017359
4,3,6682,completed,6021734
4,3,6683,completed,6022901
4,3,6684,completed,6024235
4,3,6685,completed,5808527
4,3,6686,completed,5821027
4,3,6687,completed,5831485
4,3,6688,completed,5841194
4,3,6689,completed,6082526
4,3,6690,completed,6074318
4,3,6691,completed,6065068
4,3,6692,completed,6055943
4,3,6693,completed,6002526
4,3,6694,completed,6005652
4,3,6695,completed,6006443
4,3,6696,completed,6007026
4,3,6697,completed,5998734
4,3,6698,completed,5994318
4,3,6699,completed,6005985
4,3,6700,completed,6016776
4,3,6701,completed,5726111
4,3,6702,completed,5716485
4,3,6703,completed,5706402
4,3,6704,completed,5696110
4,3,6705,completed,6241692
4,3,6706,completed,6244776
4,3,6707,completed,6246192
4,3,6708,completed,6247318
4,3,6709,completed,5985693
4,3,6710,completed,5998735
4,3,6711,completed,6009526
4,3,6712,completed,6019526
4,3,6713,completed,5983318
4,3,6714,completed,5986235
4,3,6715,completed,5983902
4,3,6716,completed,5981610
4,3,6717,completed,6097192
4,3,6718,completed,6099401
4,3,6719,completed,6093152
4,3,6720,completed,6086693
4,3,6721,completed,5859401
4,3,6722,completed,5848902
4,3,6723,completed,5849276
4,3,6724,completed,5849652
4,3,6725,completed,6018860
4,3,6726,completed,6023901
4,3,6727,completed,6024860
4,3,6728,completed,6025901
4,3,6729,completed,5954026
4,3,6730,completed,5960610
4,3,6731,completed,5962152
4,3,6732,completed,5963610
4,3,6733,completed,5969359
4,3,6734,completed,5978151
4,3,6735,completed,5985943
4,3,6736,completed,5993651
4,3,6737,completed,6011068
4,3,6738,completed,6006151
4,3,6739,completed,5999110
4,3,6740,completed,5992443
4,3,6741,completed,6154526
4,3,6742,completed,6189275
4,3,6743,completed,6210651
4,3,6744,completed,6223692
4,3,6745,completed,5746569
4,3,6746,completed,5741652
4,3,6747,completed,5731277
4,3,6748,completed,5727152
4,3,6749,completed,6040110
4,3,6750,completed,6037401
4,3,6751,completed,6026859
4,3,6752,completed,6021276
4,3,6753,completed,6009484
4,3,6754,completed,6011484
4,3,6755,completed,6011901
4,3,6756,completed,6012193
4,3,6757,completed,5981151
4,3,6758,completed,5973359
4,3,6759,completed,5974235
4,3,6760,completed,5975359
4,3,6761,completed,6053485
4,3,6762,completed,6061068
4,3,6763,completed,6062401
4,3,6764,completed,6063193
4,3,6765,completed,5940193
4,3,6766,completed,5949026
4,3,6767,completed,5960110
4,3,6768,completed,5971651
4,3,6769,completed,5934818
4,3,6770,completed,5924943
4,3,6771,completed,5914984
4,3,6772,completed,5904943
4,3,6773,completed,5960777
4,3,6774,completed,5969943
4,3,6775,completed,5977610
4,3,6776,completed,5985152
4,3,6777,completed,6031276
4,3,6778,completed,6029693
4,3,6779,completed,6023485
4,3,6780,completed,6017360
4,3,6781,completed,5967568
4,3,6782,completed,5968318
4,3,6783,completed,5968943
4,3,6784,completed,5969360
4,3,6785,completed,6071193
4,3,6786,completed,6073818
4,3,6787,completed,6075692
4,3,6788,completed,6077276
4,3,6789,completed,5868318
4,3,6790,completed,5862068
4,3,6791,completed,5872193
4,3,6792,completed,5882735
4,3,6793,completed,5944568
4,3,6794,completed,5941569
4,3,6795,completed,5934985
4,3,6796,completed,5928485
4,3,6797,completed,6041151
4,3,6798,completed,6039442
4,3,6799,completed,6036984
4,3,6800,completed,6034276
4,3,6801,completed,5932985
4,3,6802,completed,5937777
4,3,6803,completed,5941985
4,3,6804,completed,5945568
4,3,6805,completed,6033235
4,3,6806,completed,6042068
4,3,6807,completed,6045943
4,3,6808,completed,6049860
4,3,6809,completed,5985068
4,3,6810,completed,5979693
4,3,6811,completed,5972484
4,3,6812,completed,5965276
4,3,6813,completed,5876360
4,3,6814,completed,5890360
4,3,6815,completed,5901943
4,3,6816,completed,5912652
4,3,6817,completed,5926902
4,3,6818,completed,5927901
4,3,6819,completed,5928235
4,3,6820,completed,5927359
4,3,6821,completed,6151776
4,3,6822,completed,6145318
4,3,6823,completed,6136609
4,3,6824,completed,6127818
4,3,6825,completed,5990318
4,3,6826,completed,5993818
4,3,6827,completed,5994901
4,3,6828,completed,5996152
4,3,6829,completed,5982402
4,3,6830,completed,5997609
4,3,6831,completed,6008276
4,3,6832,completed,6018318
4,3,6833,completed,5983443
4,3,6834,completed,5975443
4,3,6835,completed,5965985
4,3,6836,completed,5956694
4,3,6837,completed,5991318
4,3,6838,completed,5993693
4,3,6839,completed,5994402
4,3,6840,completed,5994943
4,3,6841,completed,5948527
4,3,6842,completed,5956276
4,3,6843,completed,5957777
4,3,6844,completed,5958902
4,3,6845,completed,6004318
4,3,6846,completed,6005734
4,3,6847,completed,6006401
4,3,6848,completed,6006985
4,3,6849,completed,5985276
4,3,6850,completed,5986651
4,3,6851,completed,5987318
4,3,6852,completed,5987943
4,3,6853,completed,5799610
4,3,6854,completed,5802985
4,3,6855,completed,5803735
4,3,6856,completed,5804527
4,3,6857,completed,6150484
4,3,6858,completed,6160568
4,3,6859,completed,6169067
4,3,6860,completed,6177109
4,3,6861,completed,5923277
4,3,6862,completed,5919818
4,3,6863,completed,5912777
4,3,6864,completed,5906776
4,3,6865,completed,6053110
4,3,6866,completed,6060943
4,3,6867,completed,6065527
4,3,6868,completed,6069610
4,3,6869,completed,5774736
4,3,6870,completed,5773235
4,3,6871,completed,5770485
4,3,6872,completed,5767693
4,3,6873,completed,6221026
4,3,6874,completed,6222734
4,3,6875,completed,6223484
4,3,6876,completed,6224109
4,3,6877,completed,5985276
4,3,6878,completed,6001401
4,3,6879,completed,6040109
4,3,6880,completed,6050193
4,3,6881,completed,5999943
4,3,6882,completed,5964068
4,3,6883,completed,5954193
4,3,6884,completed,5944402
4,3,6885,completed,6008985
4,3,6886,completed,6017943
4,3,6887,completed,6019485
4,3,6888,completed,6021235
4,3,6889,completed,5973901
4,3,6890,completed,5977360
4,3,6891,completed,5978735
4,3,6892,completed,5979901
4,3,6893,completed,5964652
4,3,6894,completed,5966693
4,3,6895,completed,5977151
4,3,6896,completed,5987109
4,3,6897,completed,6007318
4,3,6898,completed,5999693
4,3,6899,completed,5990318
4,3,6900,completed,5980652
4,3,6901,completed,5940485
4,3,6902,completed,5950859
4,3,6903,completed,5957735
4,3,6904,completed,5965527
4,3,6905,completed,6046276
4,3,6906,completed,6042693
4,3,6907,completed,6035026
4,3,6908,completed,6027526
4,3,6909,completed,6015443
4,3,6910,completed,6017901
4,3,6911,completed,6019068
4,3,6912,completed,6020693
4,3,6913,completed,5940276
4,3,6914,completed,5957401
4,3,6915,completed,5969401
4,3,6916,completed,5980443
4,3,6917,completed,5966777
4,3,6918,completed,5957318
4,3,6919,completed,5947110
4,3,6920,completed,5937568
4,3,6921,completed,6035443
4,3,6922,completed,6040027
4,3,6923,completed,6041068
4,3,6924,completed,6042234
4,3,6925,completed,5920485
4,3,6926,completed,5931776
4,3,6927,completed,5933068
4,3,6928,completed,5933568
4,3,6929,completed,6194276
4,3,6930,completed,6185526
4,3,6931,completed,6186359
4,3,6932,completed,6187651
4,3,6933,completed,5801568
4,3,6934,completed,5802819
4,3,6935,completed,5804069
4,3,6936,completed,5805485
4,3,6937,completed,5656069
4,3,6938,completed,5659485
4,3,6939,completed,5659985
4,3,6940,completed,5660568
4,3,6941,completed,6347734
4,3,6942,completed,6370567
4,3,6943,completed,6382358
4,3,6944,completed,6393609
4,3,6945,completed,5913527
4,3,6946,completed,5913818
4,3,6947,completed,5909901
4,3,6948,completed,5906693
4,3,6949,completed,6017984
4,3,6950,completed,6013735
4,3,6951,completed,6007234
4,3,6952,completed,6000276
4,3,6953,completed,5957443
4,3,6954,completed,5960860
4,3,6955,completed,5962693
4,3,6956,completed,5962776
4,3,6957,completed,5979693
4,3,6958,completed,5981985
4,3,6959,completed,5990235
4,3,6960,completed,5997485
4,3,6961,completed,6087568
4,3,6962,completed,6085443
4,3,6963,completed,6078609
4,3,6964,completed,6072360
4,3,6965,completed,5913818
4,3,6966,completed,5911110
4,3,6967,completed,5916860
4,3,6968,completed,5921985
4,3,6969,completed,6011152
4,3,6970,completed,6010193
4,3,6971,completed,6006276
4,3,6972,completed,6002068
4,3,6973,completed,5622652
4,3,6974,completed,5649486
4,3,6975,completed,5652027
4,3,6976,completed,5653235
4,3,6977,completed,6231859
4,3,6978,completed,6211234
4,3,6979,completed,6211401
4,3,6980,completed,6212068
4,3,6981,completed,6071818
4,3,6982,completed,6073110
4,3,6983,completed,6073859
4,3,6984,completed,6074860
4,3,6985,completed,5999943
4,3,6986,completed,6017943
4,3,6987,completed,6029318
4,3,6988,completed,6040193
4,3,6989,completed,5949110
4,3,6990,completed,5952901
4,3,6991,completed,5951109
4,3,6992,completed,5951193
4,3,6993,completed,5996568
4,3,6994,completed,5990276
4,3,6995,completed,5980777
4,3,6996,completed,5970526
4,3,6997,completed,5964859
4,3,6998,completed,5970943
4,3,6999,completed,5971527
4,3,7000,completed,5971984
4,3,7001,completed,5976943
4,3,7002,completed,5975527
4,3,7003,completed,5975610
4,3,7004,completed,5976026
4,3,7005,completed,6173359
4,3,7006,completed,6205067
4,3,7007,completed,6207942
4,3,7008,completed,6209234
4,3,7009,completed,5907276
4,3,7010,completed,5876985
4,3,7011,completed,5882527
4,3,7012,completed,5888318
4,3,7013,completed,5906568
4,3,7014,completed,5904402
4,3,7015,completed,5899194
4,3,7016,completed,5894735
4,3,7017,completed,5975318
4,3,7018,completed,5980443
4,3,7019,completed,5981360
4,3,7020,completed,5982485
4,3,7021,completed,5980276
4,3,7022,completed,5985985
4,3,7023,completed,5987984
4,3,7024,completed,5989652
4,3,7025,completed,6084193
4,3,7026,completed,6085277
4,3,7027,completed,6085609
4,3,7028,completed,6085985
4,3,7029,completed,5996859
4,3,7030,completed,6009193
4,3,7031,completed,6019818
4,3,7032,completed,6030402
4,3,7033,completed,5810027
4,3,7034,completed,5802069
4,3,7035,completed,5792694
4,3,7036,completed,5783319
4,3,7037,completed,5989901
4,3,7038,completed,5989610
4,3,7039,completed,5989902
4,3,7040,completed,5990151
4,3,7041,completed,6055943
4,3,7042,completed,6064610
4,3,7043,completed,6066693
4,3,7044,completed,6068443
4,3,7045,completed,5744735
4,3,7046,completed,5735651
4,3,7047,completed,5736277
4,3,7048,completed,5736819
4,3,7049,completed,6275567
4,3,7050,completed,6286734
4,3,7051,completed,6293651
4,3,7052,completed,6299609
4,3,7053,completed,5868402
4,3,7054,completed,5872276
4,3,7055,completed,5870152
4,3,7056,completed,5867610
4,3,7057,completed,5968193
4,3,7058,completed,5973860
4,3,7059,completed,5976526
4,3,7060,completed,5978859
4,3,7061,completed,6081693
4,3,7062,completed,6082401
4,3,7063,completed,6084568
4,3,7064,completed,6079484
4,3,7065,completed,5917152
4,3,7066,completed,5930359
4,3,7067,completed,5937609
4,3,7068,completed,5944818
4,3,7069,completed,5972485
4,3,7070,completed,5976943
4,3,7071,completed,5976193
4,3,7072,completed,5975109
4,3,7073,completed,5987526
4,3,7074,completed,5987693
4,3,7075,completed,5982818
4,3,7076,completed,5977610
4,3,7077,completed,5967526
4,3,7078,completed,5967485
4,3,7079,completed,5971609
4,3,7080,completed,5976193
4,3,7081,completed,6006110
4,3,7082,completed,6003152
4,3,7083,completed,5999943
4,3,7084,completed,5996443
4,3,7085,completed,6029610
4,3,7086,completed,6034777
4,3,7087,completed,6036901
4,3,7088,completed,6038902
4,3,7089,completed,5942693
4,3,7090,completed,5944693
4,3,7091,completed,5945901
4,3,7092,completed,5946776
4,3,7093,completed,6009152
4,3,7094,completed,6009485
4,3,7095,completed,6009693
4,3,7096,completed,6009735
4,3,7097,completed,5992318
4,3,7098,completed,5990193
4,3,7099,completed,5991568
4,3,7100,completed,5992860
4,3,7101,completed,5999276
4,3,7102,completed,6008318
4,3,7103,completed,6009485
4,3,7104,completed,6009402
4,3,7105,completed,5972151
4,3,7106,completed,5966193
4,3,7107,completed,5967026
4,3,7108,completed,5967693
4,3,7109,completed,6085485
4,3,7110,completed,6084568
4,3,7111,completed,6085609
4,3,7112,completed,6086526
4,3,7113,completed,5998734
4,3,7114,completed,5994276
4,3,7115,completed,5994609
4,3,7116,completed,5995359
4,3,7117,completed,5797402
4,3,7118,completed,5793361
4,3,7119,completed,5797110
4,3,7120,completed,5800860
4,3,7121,completed,6065985
4,3,7122,completed,6067568
4,3,7123,completed,6064818
4,3,7124,completed,6062276
4,3,7125,completed,6000943
4,3,7126,completed,6003859
4,3,7127,completed,6005026
4,3,7128,completed,6005735
4,3,7129,completed,6064401
4,3,7130,completed,6073818
4,3,7131,completed,6076110
4,3,7132,completed,6077818
4,3,7133,completed,5866652
4,3,7134,completed,5857277
4,3,7135,completed,5858068
4,3,7136,completed,5859027
4,3,7137,completed,5662777
4,3,7138,completed,5665027
4,3,7139,completed,5666278
4,3,7140,completed,5667194
4,3,7141,completed,6239817
4,3,7142,completed,6248942
4,3,7143,completed,6253192
4,3,7144,completed,6257025
4,3,7145,completed,5872235
4,3,7146,completed,5895485
4,3,7147,completed,5901901
4,3,7148,completed,5907818
4,3,7149,completed,6145317
4,3,7150,completed,6138568
4,3,7151,completed,6130276
4,3,7152,completed,6121235
4,3,7153,completed,6007318
4,3,7154,completed,6014318
4,3,7155,completed,6016443
4,3,7156,completed,6017652
4,3,7157,completed,5931652
4,3,7158,completed,5932735
4,3,7159,completed,5933985
4,3,7160,completed,5934985
4,3,7161,completed,5960110
4,3,7162,completed,5972485
4,3,7163,completed,5982985
4,3,7164,completed,5994193
4,3,7165,completed,6018610
4,3,7166,completed,6028401
4,3,7167,completed,6028901
4,3,7168,completed,6028318
4,3,7169,completed,5970818
4,3,7170,completed,5961110
4,3,7171,completed,5951484
4,3,7172,completed,5942193
4,3,7173,completed,5607278
4,3,7174,completed,5610736
4,3,7175,completed,5611653
4,3,7176,completed,5612777
4,3,7177,completed,6349234
4,3,7178,completed,6364192
4,3,7179,completed,6375233
4,3,7180,completed,6385901
4,3,7181,completed,6002359
4,3,7182,completed,5994109
4,3,7183,completed,5984776
4,3,7184,completed,5975777
4,3,7185,completed,6006110
4,3,7186,completed,6011651
4,3,7187,completed,6013026
4,3,7188,completed,6014110
4,3,7189,completed,5963526
4,3,7190,completed,5965568
4,3,7191,completed,5966527
4,3,7192,completed,5967651
4,3,7193,completed,5984277
4,3,7194,completed,5987026
4,3,7195,completed,5987902
4,3,7196,completed,5988734
4,3,7197,completed,6138443
4,3,7198,completed,6141235
4,3,7199,completed,6141735
4,3,7200,completed,6142359
4,3,7201,completed,5826652
4,3,7202,completed,5828610
4,3,7203,completed,5829569
4,3,7204,completed,5830819
4,3,7205,completed,5980443
4,3,7206,completed,5983735
4,3,7207,completed,5984610
4,3,7208,completed,5985776
4,3,7209,completed,5972151
4,3,7210,completed,5984360
4,3,7211,completed,5985734
4,3,7212,completed,5985568
4,3,7213,completed,6000193
4,3,7214,completed,5992277
4,3,7215,completed,5993485
4,3,7216,completed,5994818
4,3,7217,completed,6003193
4,3,7218,completed,6036485
4,3,7219,completed,6045817
4,3,7220,completed,6054276
4,3,7221,completed,5999734
4,3,7222,completed,5993151
4,3,7223,completed,5986026
4,3,7224,completed,5979318
4,3,7225,completed,5946943
4,3,7226,completed,5948860
4,3,7227,completed,5949360
4,3,7228,completed,5949818
4,3,7229,completed,6005027
4,3,7230,completed,6017401
4,3,7231,completed,6020735
4,3,7232,completed,6021693
4,3,7233,completed,5959027
4,3,7234,completed,5962402
4,3,7235,completed,5974652
4,3,7236,completed,5986109
4,3,7237,completed,6055901
4,3,7238,completed,6044776
4,3,7239,completed,6034776
4,3,7240,completed,6025443
4,3,7241,completed,5909485
4,3,7242,completed,5912152
4,3,7243,completed,5913235
4,3,7244,completed,5914402
4,3,7245,completed,5959359
4,3,7246,completed,5973276
4,3,7247,completed,5984277
4,3,7248,completed,5994818
4,3,7249,completed,5984943
4,3,7250,completed,5984360
4,3,7251,completed,5977985
4,3,7252,completed,5970984
4,3,7253,completed,6032985
4,3,7254,completed,6034402
4,3,7255,completed,6031109
4,3,7256,completed,6027692
4,3,7257,completed,5964360
4,3,7258,completed,5967027
4,3,7259,completed,5968652
4,3,7260,completed,5970152
4,3,7261,completed,5968568
4,3,7262,completed,5970235
4,3,7263,completed,5970985
4,3,7264,completed,5971985
4,3,7265,completed,6285776
4,3,7266,completed,6292193
4,3,7267,completed,6293025
4,3,7268,completed,6413651
4,3,7269,completed,5590652
4,3,7270,completed,5607278
4,3,7271,completed,5618735
4,3,7272,completed,5629986
4,3,7273,completed,5990318
4,3,7274,completed,6000026
4,3,7275,completed,6000901
4,3,7276,completed,6001234
4,3,7277,completed,5943818
4,3,7278,completed,5948234
4,3,7279,completed,5947651
4,3,7280,completed,5947318
4,3,7281,completed,5999360
4,3,7282,completed,6006735
4,3,7283,completed,6007360
4,3,7284,completed,6007818
4,3,7285,completed,6019109
4,3,7286,completed,6026901
4,3,7287,completed,6026984
4,3,7288,completed,6026567
4,3,7289,completed,5495903
4,3,7290,completed,5500778
4,3,7291,completed,5501319
4,3,7292,completed,5502277
4,3,7293,completed,6379942
4,3,7294,completed,6371109
4,3,7295,completed,6360150
4,3,7296,completed,6350734
4,3,7297,completed,6051651
4,3,7298,completed,6073276
4,3,7299,completed,6073776
4,3,7300,completed,6074360
4,3,7301,completed,5965027
4,3,7302,completed,5953068
4,3,7303,completed,5953735
4,3,7304,completed,5955277
4,3,7305,completed,5976818
4,3,7306,completed,5978193
4,3,7307,completed,5978901
4,3,7308,completed,5979985
4,3,7309,completed,5968110
4,3,7310,completed,5970526
4,3,7311,completed,5970735
4,3,7312,completed,5971068
4,3,7313,completed,6029443
4,3,7314,completed,6033485
4,3,7315,completed,6034943
4,3,7316,completed,6036235
4,3,7317,completed,5965652
4,3,7318,completed,5982276
4,3,7319,completed,5991443
4,3,7320,completed,5996860
4,3,7321,completed,6062151
4,3,7322,completed,6067901
4,3,7323,completed,6048276
4,3,7324,completed,6051735
4,3,7325,completed,5916110
4,3,7326,completed,5915818
4,3,7327,completed,5916319
4,3,7328,completed,5911777
4,3,7329,completed,6041692
4,3,7330,completed,6048276
4,3,7331,completed,6044484
4,3,7332,completed,6050901
4,3,7333,completed,5913902
4,3,7334,completed,5908151
4,3,7335,completed,5901610
4,3,7336,completed,5895943
4,3,7337,completed,6050526
4,3,7338,completed,6055984
4,3,7339,completed,6056943
4,3,7340,completed,6057776
4,3,7341,completed,5763819
4,3,7342,completed,5782777
4,3,7343,completed,5788527
4,3,7344,completed,5794277
4,3,7345,completed,6131109
4,3,7346,completed,6140442
4,3,7347,completed,6143192
4,3,7348,completed,6143984
4,3,7349,completed,6012067
4,3,7350,completed,6005277
4,3,7351,completed,6000151
4,3,7352,completed,5995151
4,3,7353,completed,5997943
4,3,7354,completed,5998068
4,3,7355,completed,5997360
4,3,7356,completed,5997318
4,3,7357,completed,6100985
4,3,7358,completed,6114985
4,3,7359,completed,6127110
4,3,7360,completed,6138109
4,3,7361,completed,5862027
4,3,7362,completed,5852860
4,3,7363,completed,5842318
4,3,7364,completed,5832235
4,3,7365,completed,6000110
4,3,7366,completed,6006151
4,3,7367,completed,6007859
4,3,7368,completed,6009651
4,3,7369,completed,5993610
4,3,7370,completed,5995402
4,3,7371,completed,5996485
4,3,7372,completed,5997443
4,3,7373,completed,6094651
4,3,7374,completed,6103651
4,3,7375,completed,6104734
4,3,7376,completed,6106109
4,3,7377,completed,5598736
4,3,7378,completed,5599402
4,3,7379,completed,5600736
4,3,7380,completed,5601819
4,3,7381,completed,6198567
4,3,7382,completed,6199359
4,3,7383,completed,6200609
4,3,7384,completed,6201693
4,3,7385,completed,5843485
4,3,7386,completed,5845360
4,3,7387,completed,5846277
4,3,7388,completed,5847152
4,3,7389,completed,6269193
4,3,7390,completed,6285817
4,3,7391,completed,6297400
4,3,7392,completed,6307568
4,3,7393,completed,5913068
4,3,7394,completed,5907402
4,3,7395,completed,5898276
4,3,7396,completed,5888818
4,3,7397,completed,5956026
4,3,7398,completed,5960443
4,3,7399,completed,5961027
4,3,7400,completed,5961901
4,3,7401,completed,5828027
4,3,7402,completed,5842235
4,3,7403,completed,5852068
4,3,7404,completed,5872902
4,3,7405,completed,5923693
4,3,7406,completed,5915901
4,3,7407,completed,5873360
4,3,7408,completed,5873485
4,3,7409,completed,6177734
4,3,7410,completed,6182567
4,3,7411,completed,6183776
4,3,7412,completed,6185109
4,3,7413,completed,5549944
4,3,7414,completed,5565278
4,3,7415,completed,5577069
4,3,7416,completed,5588027
4,3,7417,completed,6380567
4,3,7418,completed,6380151
4,3,7419,completed,6377150
4,3,7420,completed,6374358
4,3,7421,completed,6131901
4,3,7422,completed,6143817
4,3,7423,completed,6147609
4,3,7424,completed,6150109
4,3,7425,completed,5928027
4,3,7426,completed,5920985
4,3,7427,completed,5911443
4,3,7428,completed,5902360
4,3,7429,completed,5867819
4,3,7430,completed,5875735
4,3,7431,completed,5876069
4,3,7432,completed,5876276
4,3,7433,completed,6111609
4,3,7434,completed,6122192
4,3,7435,completed,6128609
4,3,7436,completed,6134776
4,3,7437,completed,5951735
4,3,7438,completed,5948818
4,3,7439,completed,5943818
4,3,7440,completed,5938818
4,3,7441,completed,5951568
4,3,7442,completed,5966443
4,3,7443,completed,5971610
4,3,7444,completed,5976651
4,3,7445,completed,5940777
4,3,7446,completed,5941026
4,3,7447,completed,5938151
4,3,7448,completed,5935027
4,3,7449,completed,6018735
4,3,7450,completed,6033235
4,3,7451,completed,6044526
4,3,7452,completed,6055234
4,3,7453,completed,5963235
4,3,7454,completed,5961401
4,3,7455,completed,5955860
4,3,7456,completed,5949401
4,3,7457,completed,6003068
4,3,7458,completed,6000776
4,3,7459,completed,5997443
4,3,7460,completed,5994027
4,3,7461,completed,5813027
4,3,7462,completed,5815277
4,3,7463,completed,5816236
4,3,7464,completed,5817110
4,3,7465,completed,6193068
4,3,7466,completed,6198567
4,3,7467,completed,6200026
4,3,7468,completed,6201400
4,3,7469,completed,5977610
4,3,7470,completed,5975818
4,3,7471,completed,5976235
4,3,7472,completed,5976318
4,3,7473,completed,6000901
4,3,7474,completed,6010568
4,3,7475,completed,6012610
4,3,7476,completed,6014526
4,3,7477,completed,5925276
4,3,7478,completed,5936068
4,3,7479,completed,5937818
4,3,7480,completed,5938235
4,3,7481,completed,6027152
4,3,7482,completed,6016568
4,3,7483,completed,6017859
4,3,7484,completed,6019193
4,3,7485,completed,5977360
4,3,7486,completed,5984860
4,3,7487,completed,5986277
4,3,7488,completed,5988068
4,3,7489,completed,5960235
4,3,7490,completed,5978193
4,3,7491,completed,5985693
4,3,7492,completed,5988027
4,3,7493,completed,6076776
4,3,7494,completed,6051860
4,3,7495,completed,6051277
4,3,7496,completed,6052318
4,3,7497,completed,5889193
4,3,7498,completed,5891401
4,3,7499,completed,5893068
4,3,7500,completed,5894526
4,3,7501,completed,5956443
4,3,7502,completed,5973609
4,3,7503,completed,5984526
4,3,7504,completed,5994693
4,3,7505,completed,5992610
4,3,7506,completed,5998527
4,3,7507,completed,5997110
4,3,7508,completed,5994693
4,3,7509,completed,5977401
4,3,7510,completed,5978859
4,3,7511,completed,5976984
4,3,7512,completed,5975318
4,3,7513,completed,6004402
4,3,7514,completed,6000443
4,3,7515,completed,5995401
4,3,7516,completed,5990276
4,3,7517,completed,5964318
4,3,7518,completed,5978693
4,3,7519,completed,5989735
4,3,7520,completed,5999568
4,3,7521,completed,5901110
4,3,7522,completed,5893818
4,3,7523,completed,5884235
4,3,7524,completed,5875193
4,3,7525,completed,6090985
4,3,7526,completed,6093443
4,3,7527,completed,6094401
4,3,7528,completed,6095484
4,3,7529,completed,6040651
4,3,7530,completed,6049817
4,3,7531,completed,6051734
4,3,7532,completed,6053443
4,3,7533,completed,5445986
4,3,7534,completed,5463403
4,3,7535,completed,5474778
4,3,7536,completed,5485194
4,3,7537,completed,6425775
4,3,7538,completed,6415609
4,3,7539,completed,6406276
4,3,7540,completed,6396817
4,3,7541,completed,6004151
4,3,7542,completed,6007026
4,3,7543,completed,6008109
4,3,7544,completed,6009276
4,3,7545,completed,5969985
4,3,7546,completed,5984776
4,3,7547,completed,5995568
4,3,7548,completed,6006527
4,3,7549,completed,6060193
4,3,7550,completed,6053235
4,3,7551,completed,6044277
4,3,7552,completed,6035443
4,3,7553,completed,5959943
4,3,7554,completed,5964568
4,3,7555,completed,5965360
4,3,7556,completed,5966068
4,3,7557,completed,5974776
4,3,7558,completed,5978443
4,3,7559,completed,5989777
4,3,7560,completed,6000276
4,3,7561,completed,5753360
4,3,7562,completed,5748193
4,3,7563,completed,5738902
4,3,7564,completed,5723819
4,3,7565,completed,5881319
4,3,7566,completed,5895152
4,3,7567,completed,5903069
4,3,7568,completed,5909568
4,3,7569,completed,6286775
4,3,7570,completed,6290818
4,3,7571,completed,6291484
4,3,7572,completed,6292609
4,3,7573,completed,5881318
4,3,7574,completed,5887276
4,3,7575,completed,5880609
4,3,7576,completed,5873777
4,3,7577,completed,6141026
4,3,7578,completed,6151067
4,3,7579,completed,6163359
4,3,7580,completed,6175192
4,3,7581,completed,5957276
4,3,7582,completed,5945485
4,3,7583,completed,5934735
4,3,7584,completed,5923651
4,3,7585,completed,5982318
4,3,7586,completed,5994776
4,3,7587,completed,6000026
4,3,7588,completed,6005151
4,3,7589,completed,5975776
4,3,7590,completed,5975193
4,3,7591,completed,5971901
4,3,7592,completed,5968860
4,3,7593,completed,5993526
4,3,7594,completed,5993609
4,3,7595,completed,5994401
4,3,7596,completed,5994776
4,3,7597,completed,5557861
4,3,7598,completed,5559611
4,3,7599,completed,5560528
4,3,7600,completed,5561277
4,3,7601,completed,6367359
4,3,7602,completed,6368608
4,3,7603,completed,6369359
4,3,7604,completed,6370150
4,3,7605,completed,5638527
4,3,7606,completed,5650111
4,3,7607,completed,5651403
4,3,7608,completed,5652194
4,3,7609,completed,6351317
4,3,7610,completed,6321901
4,3,7611,completed,6315234
4,3,7612,completed,6319817
4,3,7613,completed,6003110
4,3,7614,completed,6008693
4,3,7615,completed,6009443
4,3,7616,completed,6010609
4,3,7617,completed,6030568
4,3,7618,completed,6032734
4,3,7619,completed,6027984
4,3,7620,completed,6023318
4,3,7621,completed,5552069
4,3,7622,completed,5561569
4,3,7623,completed,5563903
4,3,7624,completed,5564319
4,3,7625,completed,6366109
4,3,7626,completed,6361317
4,3,7627,completed,6368150
4,3,7628,completed,6374525
4,3,7629,completed,5997860
4,3,7630,completed,5997985
4,3,7631,completed,5993318
4,3,7632,completed,5988652
4,3,7633,completed,5924776
4,3,7634,completed,5921151
4,3,7635,completed,5921610
4,3,7636,completed,5921985
4,3,7637,completed,6049610
4,3,7638,completed,6058277
4,3,7639,completed,6058943
4,3,7640,completed,6059693
4,3,7641,completed,5957610
4,3,7642,completed,5967360
4,3,7643,completed,5968277
4,3,7644,completed,5969485
4,3,7645,completed,5955193
4,3,7646,completed,5965027
4,3,7647,completed,5971193
4,3,7648,completed,5977359
4,3,7649,completed,6006985
4,3,7650,completed,6010610
4,3,7651,completed,6006068
4,3,7652,completed,6000526
4,3,7653,completed,6038317
4,3,7654,completed,6029443
4,3,7655,completed,6030151
4,3,7656,completed,6030943
4,3,7657,completed,5941152
4,3,7658,completed,5950485
4,3,7659,completed,5952151
4,3,7660,completed,5952652
4,3,7661,completed,6003652
4,3,7662,completed,5996776
4,3,7663,completed,5997277
4,3,7664,completed,5998110
4,3,7665,completed,5845235
4,3,7666,completed,5859901
4,3,7667,completed,5862402
4,3,7668,completed,5863318
4,3,7669,completed,5884027
4,3,7670,completed,5876402
4,3,7671,completed,5877068
4,3,7672,completed,5876651
4,3,7673,completed,6224484
4,3,7674,completed,6233359
4,3,7675,completed,6234651
4,3,7676,completed,6235401
4,3,7677,completed,5686985
4,3,7678,completed,5688360
4,3,7679,completed,5694527
4,3,7680,completed,5700569
4,3,7681,completed,6271609
4,3,7682,completed,6276525
4,3,7683,completed,6272067
4,3,7684,completed,6265817
4,3,7685,completed,6039443
4,3,7686,completed,6035193
4,3,7687,completed,6036776
4,3,7688,completed,6038609
4,3,7689,completed,5942068
4,3,7690,completed,5942985
4,3,7691,completed,5944068
4,3,7692,completed,5944985
4,3,7693,completed,5982860
4,3,7694,completed,5984068
4,3,7695,completed,5984360
4,3,7696,completed,5984568
4,3,7697,completed,6003360
4,3,7698,completed,6006943
4,3,7699,completed,6007860
4,3,7700,completed,6008443
4,3,7701,completed,5941818
4,3,7702,completed,5951276
4,3,7703,completed,5958151
4,3,7704,completed,5964568
4,3,7705,completed,6039568
4,3,7706,completed,6038902
4,3,7707,completed,6034277
4,3,7708,completed,6028360
4,3,7709,completed,6047151
4,3,7710,completed,6039193
4,3,7711,completed,6046109
4,3,7712,completed,6052776
4,3,7713,completed,5984943
4,3,7714,completed,5988818
4,3,7715,completed,5989193
4,3,7716,completed,5988568
4,3,7717,completed,5786860
4,3,7718,completed,5787402
4,3,7719,completed,5782444
4,3,7720,completed,5777319
4,3,7721,completed,6105110
4,3,7722,completed,6108068
4,3,7723,completed,6109651
4,3,7724,completed,6110985
4,3,7725,completed,6069401
4,3,7726,completed,6070318
4,3,7727,completed,6070776
4,3,7728,completed,6071193
4,3,7729,completed,5928318
4,3,7730,completed,5937776
4,3,7731,completed,5939734
4,3,7732,completed,5941401
4,3,7733,completed,5943443
4,3,7734,completed,5944151
4,3,7735,completed,5945318
4,3,7736,completed,5946818
4,3,7737,completed,6011901
4,3,7738,completed,6014610
4,3,7739,completed,6014943
4,3,7740,completed,6014943
4,3,7741,completed,5962359
4,3,7742,completed,5956735
4,3,7743,completed,5958235
4,3,7744,completed,5960068
4,3,7745,completed,5936859
4,3,7746,completed,5950901
4,3,7747,completed,5957527
4,3,7748,completed,5961318
4,3,7749,completed,5891318
4,3,7750,completed,5899235
4,3,7751,completed,5888027
4,3,7752,completed,5892777
4,3,7753,completed,6168942
4,3,7754,completed,6167818
4,3,7755,completed,6163859
4,3,7756,completed,6159859
4,3,7757,completed,5893901
4,3,7758,completed,5900777
4,3,7759,completed,5907443
4,3,7760,completed,5913193
4,3,7761,completed,6029985
4,3,7762,completed,6028526
4,3,7763,completed,6023026
4,3,7764,completed,6017526
4,3,7765,completed,5984902
4,3,7766,completed,6000735
4,3,7767,completed,6002443
4,3,7768,completed,6013610
4,3,7769,completed,5959818
4,3,7770,completed,5949026
4,3,7771,completed,5938568
4,3,7772,completed,5928109
4,3,7773,completed,5982776
4,3,7774,completed,5988651
4,3,7775,completed,5989651
4,3,7776,completed,5990901
4,3,7777,completed,5984901
4,3,7778,completed,6002485
4,3,7779,completed,6013777
4,3,7780,completed,6024776
4,3,7781,completed,5975193
4,3,7782,completed,5965026
4,3,7783,completed,5954568
4,3,7784,completed,5943901
4,3,7785,completed,6016193
4,3,7786,completed,6032902
4,3,7787,completed,6044402
4,3,7788,completed,6055610
4,3,7789,completed,5953901
4,3,7790,completed,5955568
4,3,7791,completed,5952276
4,3,7792,completed,5949151
4,3,7793,completed,6034901
4,3,7794,completed,6045859
4,3,7795,completed,6047734
4,3,7796,completed,6049609
4,3,7797,completed,5959901
4,3,7798,completed,5970943
4,3,7799,completed,5971443
4,3,7800,completed,5973901
4,3,7801,completed,6066610
4,3,7802,completed,6059818
4,3,7803,completed,6051026
4,3,7804,completed,6041651
4,3,7805,completed,5911443
4,3,7806,completed,5913735
4,3,7807,completed,5914901
4,3,7808,completed,5915860
4,3,7809,completed,5725443
4,3,7810,completed,5730486
4,3,7811,completed,5731860
4,3,7812,completed,5732819
4,3,7813,completed,5721360
4,3,7814,completed,5723819
4,3,7815,completed,5724986
4,3,7816,completed,5726069
4,3,7817,completed,6479066
4,3,7818,completed,6482817
4,3,7819,completed,6483983
4,3,7820,completed,6484983
4,3,7821,completed,5972735
4,3,7822,completed,5977777
4,3,7823,completed,5980818
4,3,7824,completed,5982402
4,3,7825,completed,5986985
4,3,7826,completed,5978901
4,3,7827,completed,5990152
4,3,7828,completed,6000193
4,3,7829,completed,5975735
4,3,7830,completed,5965526
4,3,7831,completed,5955985
4,3,7832,completed,5946652
4,3,7833,completed,5503861
4,3,7834,completed,5507695
4,3,7835,completed,5508861
4,3,7836,completed,5510111
4,3,7837,completed,6453025
4,3,7838,completed,6455066
4,3,7839,completed,6455942
4,3,7840,completed,6456900
4,3,7841,completed,6157692
4,3,7842,completed,6161485
4,3,7843,completed,6162484
4,3,7844,completed,6163609
4,3,7845,completed,5769068
4,3,7846,completed,5772027
4,3,7847,completed,5772985
4,3,7848,completed,5773902
4,3,7849,completed,5580736
4,3,7850,completed,5581027
4,3,7851,completed,5580778
4,3,7852,completed,5580652
4,3,7853,completed,6437317
4,3,7854,completed,6461483
4,3,7855,completed,6472817
4,3,7856,completed,6482983
4,3,7857,completed,5972652
4,3,7858,completed,5965360
4,3,7859,completed,5959193
4,3,7860,completed,5953735
4,3,7861,completed,5587694
4,3,7862,completed,5587194
4,3,7863,completed,5584736
4,3,7864,completed,5582111
4,3,7865,completed,6404483
4,3,7866,completed,6416775
4,3,7867,completed,6424400
4,3,7868,completed,6431317
4,3,7869,completed,6014943
4,3,7870,completed,6023943
4,3,7871,completed,6028360
4,3,7872,completed,6032652
4,3,7873,completed,5603319
4,3,7874,completed,5607736
4,3,7875,completed,5598652
4,3,7876,completed,5588360
4,3,7877,completed,6342858
4,3,7878,completed,6349858
4,3,7879,completed,6361358
4,3,7880,completed,6372275
4,3,7881,completed,6018610
4,3,7882,completed,6011026
4,3,7883,completed,6001609
4,3,7884,completed,5992610
4,3,7885,completed,5967985
4,3,7886,completed,5978193
4,3,7887,completed,5979609
4,3,7888,completed,5979985
4,3,7889,completed,5772111
4,3,7890,completed,5762027
4,3,7891,completed,5762943
4,3,7892,completed,5764027
4,3,7893,completed,6243067
4,3,7894,completed,6247151
4,3,7895,completed,6248067
4,3,7896,completed,6249318
4,3,7897,completed,5999235
4,3,7898,completed,6003735
4,3,7899,completed,6004485
4,3,7900,completed,6004527
4,3,7901,completed,5905901
4,3,7902,completed,5903235
4,3,7903,completed,5904068
4,3,7904,completed,5904068
4,3,7905,completed,6018026
4,3,7906,completed,6012276
4,3,7907,completed,6013360
4,3,7908,completed,6014610
4,3,7909,completed,6038026
4,3,7910,completed,6050442
4,3,7911,completed,6057401
4,3,7912,completed,6063817
4,3,7913,completed,5933235
4,3,7914,completed,5928985
4,3,7915,completed,5924068
4,3,7916,completed,5919026
4,3,7917,completed,6019609
4,3,7918,completed,6025526
4,3,7919,completed,6026109
4,3,7920,completed,6027276
4,3,7921,completed,5998818
4,3,7922,completed,5985568
4,3,7923,completed,5987234
4,3,7924,completed,5988777
4,3,7925,completed,5952818
4,3,7926,completed,5954443
4,3,7927,completed,5954860
4,3,7928,completed,5954984
4,3,7929,completed,5989901
4,3,7930,completed,5985902
4,3,7931,completed,5986277
4,3,7932,completed,5987152
4,3,7933,completed,5923443
4,3,7934,completed,5922068
4,3,7935,completed,5930360
4,3,7936,completed,5937901
4,3,7937,completed,5994360
4,3,7938,completed,5987526
4,3,7939,completed,5980860
4,3,7940,completed,5973527
4,3,7941,completed,6018109
4,3,7942,completed,6026860
4,3,7943,completed,6028943
4,3,7944,completed,6030860
4,3,7945,completed,5918609
4,3,7946,completed,5919193
4,3,7947,completed,5920318
4,3,7948,completed,5921318
4,3,7949,completed,5961027
4,3,7950,completed,5964776
4,3,7951,completed,5968734
4,3,7952,completed,5972109
4,3,7953,completed,6051735
4,3,7954,completed,6052485
4,3,7955,completed,6049735
4,3,7956,completed,6046568
4,3,7957,completed,5970568
4,3,7958,completed,5972568
4,3,7959,completed,5974152
4,3,7960,completed,5975693
4,3,7961,completed,6010193
4,3,7962,completed,6043360
4,3,7963,completed,6050526
4,3,7964,completed,6057443
4,3,7965,completed,5802069
4,3,7966,completed,5796693
4,3,7967,completed,5790152
4,3,7968,completed,5782860
4,3,7969,completed,6119401
4,3,7970,completed,6133526
4,3,7971,completed,6143859
4,3,7972,completed,6155193
4,3,7973,completed,5983860
4,3,7974,completed,5976776
4,3,7975,completed,5966984
4,3,7976,completed,5957485
4,3,7977,completed,5992985
4,3,7978,completed,5996360
4,3,7979,completed,5997735
4,3,7980,completed,5998734
4,3,7981,completed,6017235
4,3,7982,completed,6020943
4,3,7983,completed,6022026
4,3,7984,completed,6022985
4,3,7985,completed,5980943
4,3,7986,completed,6004860
4,3,7987,completed,6014901
4,3,7988,completed,6026068
4,3,7989,completed,5971068
4,3,7990,completed,5960443
4,3,7991,completed,5949068
4,3,7992,completed,5938444
4,3,7993,completed,5976276
4,3,7994,completed,5989359
4,3,7995,completed,6001402
4,3,7996,completed,6012401
4,3,7997,completed,6118151
4,3,7998,completed,6121151
4,3,7999,completed,6116610
4,3,8000,completed,6112192
4,3,8001,completed,5625152
4,3,8002,completed,5620569
4,3,8003,completed,5615736
4,3,8004,completed,5610611
4,3,8005,completed,5907860
4,3,8006,completed,5912944
4,3,8007,completed,5914527
4,3,8008,completed,5915735
4,3,8009,completed,6248276
4,3,8010,completed,6260484
4,3,8011,completed,6266942
4,3,8012,completed,6273275
4,3,8013,completed,6003317
4,3,8014,completed,6004735
4,3,8015,completed,5998943
4,3,8016,completed,5992734
4,3,8017,completed,6004485
4,3,8018,completed,5996443
4,3,8019,completed,5997485
4,3,8020,completed,5998818
4,3,8021,completed,6000443
4,3,8022,completed,6003527
4,3,8023,completed,6004526
4,3,8024,completed,6005777
4,3,8025,completed,5970068
4,3,8026,completed,5971735
4,3,8027,completed,5972818
4,3,8028,completed,5973693
4,3,8029,completed,6054901
4,3,8030,completed,6062234
4,3,8031,completed,6063193
4,3,8032,completed,6064068
4,3,8033,completed,5930568
4,3,8034,completed,5942860
4,3,8035,completed,5949026
4,3,8036,completed,5954652
4,3,8037,completed,5993485
4,3,8038,completed,5992693
4,3,8039,completed,5988068
4,3,8040,completed,5983943
4,3,8041,completed,5981734
4,3,8042,completed,5990568
4,3,8043,completed,5992485
4,3,8044,completed,5994026
4,3,8045,completed,5944110
4,3,8046,completed,5946109
4,3,8047,completed,5946901
4,3,8048,completed,5947526
4,3,8049,completed,6018359
4,3,8050,completed,6020610
4,3,8051,completed,6021693
4,3,8052,completed,6022443
4,3,8053,completed,5970527
4,3,8054,completed,5983110
4,3,8055,completed,5992735
4,3,8056,completed,6004026
4,3,8057,completed,6050110
4,3,8058,completed,6052984
4,3,8059,completed,6049734
4,3,8060,completed,6046818
4,3,8061,completed,6130651
4,3,8062,completed,6130109
4,3,8063,completed,6122984
4,3,8064,completed,6116026
4,3,8065,completed,5814985
4,3,8066,completed,5801152
4,3,8067,completed,5802901
4,3,8068,completed,5804735
4,3,8069,completed,5947401
4,3,8070,completed,5948943
4,3,8071,completed,5949901
4,3,8072,completed,5950568
4,3,8073,completed,5553486
4,3,8074,completed,5551778
4,3,8075,completed,5558361
4,3,8076,completed,5565153
4,3,8077,completed,6063067
4,3,8078,completed,6069234
4,3,8079,completed,6064026
4,3,8080,completed,6057901
4,3,8081,completed,5890569
4,3,8082,completed,5885860
4,3,8083,completed,5891694
4,3,8084,completed,5897068
4,3,8085,completed,6386109
4,3,8086,completed,6381275
4,3,8087,completed,6375942
4,3,8088,completed,6370692
4,3,8089,completed,6003609
4,3,8090,completed,6018151
4,3,8091,completed,6028068
4,3,8092,completed,6039068
4,3,8093,completed,5990568
4,3,8094,completed,5994110
4,3,8095,completed,5994235
4,3,8096,completed,5993693
4,3,8097,completed,5424694
4,3,8098,completed,5417944
4,3,8099,completed,5408486
4,3,8100,completed,5399611
4,3,8101,completed,6505733
4,3,8102,completed,6520775
4,3,8103,completed,6528817
4,3,8104,completed,6536775
4,3,8105,completed,6025901
4,3,8106,completed,6025068
4,3,8107,completed,6021776
4,3,8108,completed,6018610
4,3,8109,completed,6011610
4,3,8110,completed,6022485
4,3,8111,completed,6024401
4,3,8112,completed,6026235
4,3,8113,completed,5465611
4,3,8114,completed,5460861
4,3,8115,completed,5456027
4,3,8116,completed,5450778
4,3,8117,completed,6499442
4,3,8118,completed,6501900
4,3,8119,completed,6502942
4,3,8120,completed,6504026
4,3,8121,completed,5800902
4,3,8122,completed,5805027
4,3,8123,completed,5805944
4,3,8124,completed,5806861
4,3,8125,completed,5984484
4,3,8126,completed,5986151
4,3,8127,completed,5986943
4,3,8128,completed,5987776
4,3,8129,completed,6158484
4,3,8130,completed,6177776
4,3,8131,completed,6180026
4,3,8132,completed,6180984
4,3,8133,completed,5948444
4,3,8134,completed,5933026
4,3,8135,completed,5933776
4,3,8136,completed,5934901
4,3,8137,completed,6032443
4,3,8138,completed,6034359
4,3,8139,completed,6035485
4,3,8140,completed,6036610
4,3,8141,completed,5969776
4,3,8142,completed,5971943
4,3,8143,completed,5972776
4,3,8144,completed,5973610
4,3,8145,completed,6002818
4,3,8146,completed,6004985
4,3,8147,completed,6005860
4,3,8148,completed,6006735
4,3,8149,completed,5998860
4,3,8150,completed,6003859
4,3,8151,completed,6004943
4,3,8152,completed,6006401
4,3,8153,completed,5964569
4,3,8154,completed,5967068
4,3,8155,completed,5967485
4,3,8156,completed,5967610
4,3,8157,completed,5971068
4,3,8158,completed,5989318
4,3,8159,completed,6001568
4,3,8160,completed,6012610
4,3,8161,completed,6041818
4,3,8162,completed,6031609
4,3,8163,completed,6021443
4,3,8164,completed,6011818
4,3,8165,completed,5918152
4,3,8166,completed,5928485
4,3,8167,completed,5934318
4,3,8168,completed,5940402
4,3,8169,completed,6006609
4,3,8170,completed,6003735
4,3,8171,completed,5998609
4,3,8172,completed,5993901
4,3,8173,completed,5602319
4,3,8174,completed,5607903
4,3,8175,completed,5608985
4,3,8176,completed,5610194
4,3,8177,completed,6345317
4,3,8178,completed,6361442
4,3,8179,completed,6371942
4,3,8180,completed,6382776
4,3,8181,completed,6143359
4,3,8182,completed,6137276
4,3,8183,completed,6127568
4,3,8184,completed,6117859
4,3,8185,completed,5848568
4,3,8186,completed,5848777
4,3,8187,completed,5849402
4,3,8188,completed,5850569
4,3,8189,completed,5967526
4,3,8190,completed,5982485
4,3,8191,completed,5992110
4,3,8192,completed,6001901
4,3,8193,completed,6041943
4,3,8194,completed,6038818
4,3,8195,completed,6030026
4,3,8196,completed,6021276
4,3,8197,completed,5987776
4,3,8198,completed,5994985
4,3,8199,completed,5995693
4,3,8200,completed,5996026
4,3,8201,completed,5921985
4,3,8202,completed,5917901
4,3,8203,completed,5924234
4,3,8204,completed,5929818
4,3,8205,completed,5981234
4,3,8206,completed,5989401
4,3,8207,completed,5994693
4,3,8208,completed,6000068
4,3,8209,completed,6062734
4,3,8210,completed,6066860
4,3,8211,completed,6062860
4,3,8212,completed,6058318
4,3,8213,completed,5393153
4,3,8214,completed,5386819
4,3,8215,completed,5380736
4,3,8216,completed,5374736
4,3,8217,completed,6523400
4,3,8218,completed,6530233
4,3,8219,completed,6531609
4,3,8220,completed,6532900
4,3,8221,completed,5799652
4,3,8222,completed,5812277
4,3,8223,completed,5819735
4,3,8224,completed,5826277
4,3,8225,completed,6264234
4,3,8226,completed,6261401
4,3,8227,completed,6256067
4,3,8228,completed,6250234
4,3,8229,completed,6056568
4,3,8230,completed,6067568
4,3,8231,completed,6068901
4,3,8232,completed,6070401
4,3,8233,completed,5324319
4,3,8234,completed,5326778
4,3,8235,completed,5336112
4,3,8236,completed,5348153
4,3,8237,completed,6436359
4,3,8238,completed,6439400
4,3,8239,completed,6435233
4,3,8240,completed,6432275
4,3,8241,completed,6027484
4,3,8242,completed,6026151
4,3,8243,completed,6019985
4,3,8244,completed,6013193
4,3,8245,completed,6061401
4,3,8246,completed,6077985
4,3,8247,completed,6087235
4,3,8248,completed,6095026
4,3,8249,completed,5881277
4,3,8250,completed,5884360
4,3,8251,completed,5886193
4,3,8252,completed,5889569
4,3,8253,completed,6025943
4,3,8254,completed,6021443
4,3,8255,completed,6012693
4,3,8256,completed,6003568
4,3,8257,completed,5930484
4,3,8258,completed,5931984
4,3,8259,completed,5932818
4,3,8260,completed,5933859
4,3,8261,completed,6051901
4,3,8262,completed,6058817
4,3,8263,completed,6059234
4,3,8264,completed,6059860
4,3,8265,completed,5979402
4,3,8266,completed,5986443
4,3,8267,completed,5989735
4,3,8268,completed,5991443
4,3,8269,completed,6036027
4,3,8270,completed,6019110
4,3,8271,completed,6024068
4,3,8272,completed,6029360
4,3,8273,completed,5930401
4,3,8274,completed,5932068
4,3,8275,completed,5926568
4,3,8276,completed,5921484
4,3,8277,completed,5968943
4,3,8278,completed,5973360
4,3,8279,completed,5975485
4,3,8280,completed,5976527
4,3,8281,completed,5955318
4,3,8282,completed,5950735
4,3,8283,completed,5952526
4,3,8284,completed,5952943
4,3,8285,completed,6016443
4,3,8286,completed,6025609
4,3,8287,completed,6027860
4,3,8288,completed,6030443
4,3,8289,completed,5933359
4,3,8290,completed,5954610
4,3,8291,completed,5966401
4,3,8292,completed,5977485
4,3,8293,completed,6024734
4,3,8294,completed,6012943
4,3,8295,completed,6001985
4,3,8296,completed,5991360
4,3,8297,completed,5961651
4,3,8298,completed,5990401
4,3,8299,completed,6003151
4,3,8300,completed,6016359
4,3,8301,completed,6064818
4,3,8302,completed,6061902
4,3,8303,completed,6054610
4,3,8304,completed,6046943
4,3,8305,completed,5964693
4,3,8306,completed,5965776
4,3,8307,completed,5961776
4,3,8308,completed,5957901
4,3,8309,completed,5912027
4,3,8310,completed,5912026
4,3,8311,completed,5918526
4,3,8312,completed,5925068
4,3,8313,completed,5655610
4,3,8314,completed,5651027
4,3,8315,completed,5645319
4,3,8316,completed,5639278
4,3,8317,completed,6306401
4,3,8318,completed,6310567
4,3,8319,completed,6312650
4,3,8320,completed,6314192
4,3,8321,completed,6103484
4,3,8322,completed,6105484
4,3,8323,completed,6107026
4,3,8324,completed,6108526
4,3,8325,completed,5927110
4,3,8326,completed,5928068
4,3,8327,completed,5928360
4,3,8328,completed,5928360
4,3,8329,completed,5927735
4,3,8330,completed,5929526
4,3,8331,completed,5931068
4,3,8332,completed,5932110
4,3,8333,completed,5957860
4,3,8334,completed,5960485
4,3,8335,completed,5961735
4,3,8336,completed,5962818
4,3,8337,completed,5999402
4,3,8338,completed,6001776
4,3,8339,completed,6002110
4,3,8340,completed,6002359
4,3,8341,completed,5976693
4,3,8342,completed,5985985
4,3,8343,completed,5997859
4,3,8344,completed,6008651
4,3,8345,completed,5986776
4,3,8346,completed,5987568
4,3,8347,completed,5978235
4,3,8348,completed,5967901
4,3,8349,completed,5975568
4,3,8350,completed,5972109
4,3,8351,completed,5977443
4,3,8352,completed,5982443
4,3,8353,completed,6000901
4,3,8354,completed,6000277
4,3,8355,completed,5996276
4,3,8356,completed,5992235
4,3,8357,completed,5935735
4,3,8358,completed,5941943
4,3,8359,completed,5947402
4,3,8360,completed,5952527
4,3,8361,completed,6031526
4,3,8362,completed,6034151
4,3,8363,completed,6030110
4,3,8364,completed,6025610
4,3,8365,completed,5954860
4,3,8366,completed,5961151
4,3,8367,completed,5966984
4,3,8368,completed,5973318
4,3,8369,completed,6009152
4,3,8370,completed,6005401
4,3,8371,completed,5999485
4,3,8372,completed,5993568
4,3,8373,completed,5964818
4,3,8374,completed,5971318
4,3,8375,completed,5975110
4,3,8376,completed,5976235
4,3,8377,completed,6005068
4,3,8378,completed,6010485
4,3,8379,completed,6022526
4,3,8380,completed,6035109
4,3,8381,completed,5973693
4,3,8382,completed,5963860
4,3,8383,completed,5953110
4,3,8384,completed,5941735
4,3,8385,completed,6017777
4,3,8386,completed,6019943
4,3,8387,completed,6021318
4,3,8388,completed,6023484
4,3,8389,completed,5947652
4,3,8390,completed,5949360
4,3,8391,completed,5950735
4,3,8392,completed,5951694
4,3,8393,completed,5580903
4,3,8394,completed,5581361
4,3,8395,completed,5581278
4,3,8396,completed,5581361
4,3,8397,completed,5908777
4,3,8398,completed,5902902
4,3,8399,completed,5903401
4,3,8400,completed,5904110
4,3,8401,completed,6269318
4,3,8402,completed,6265859
4,3,8403,completed,6266234
4,3,8404,completed,6266234
4,3,8405,completed,6351775
4,3,8406,completed,6357400
4,3,8407,completed,6357984
4,3,8408,completed,6358734
4,3,8409,completed,5837985
4,3,8410,completed,5831152
4,3,8411,completed,5838319
4,3,8412,completed,5845152
4,3,8413,completed,5949443
4,3,8414,completed,5948484
4,3,8415,completed,5945985
4,3,8416,completed,5942901
4,3,8417,completed,6038485
4,3,8418,completed,6045818
4,3,8419,completed,6044068
4,3,8420,completed,6041902
4,3,8421,completed,5950360
4,3,8422,completed,5967943
4,3,8423,completed,5979818
4,3,8424,completed,5990443
4,3,8425,completed,5979443
4,3,8426,completed,5968944
4,3,8427,completed,5958277
4,3,8428,completed,5947985
4,3,8429,completed,5992360
4,3,8430,completed,5998610
4,3,8431,completed,6000317
4,3,8432,completed,6002443
4,3,8433,completed,6015235
4,3,8434,completed,6032110
4,3,8435,completed,6042110
4,3,8436,completed,6053276
4,3,8437,completed,5967818
4,3,8438,completed,5959443
4,3,8439,completed,5948943
4,3,8440,completed,5938443
4,3,8441,completed,6093192
4,3,8442,completed,6111818
4,3,8443,completed,6123359
4,3,8444,completed,6134651
4,3,8445,completed,5826068
4,3,8446,completed,5822235
4,3,8447,completed,5815693
4,3,8448,completed,5811318
4,3,8449,completed,5997901
4,3,8450,completed,6002277
4,3,8451,completed,6001985
4,3,8452,completed,6001902
4,3,8453,completed,6036068
4,3,8454,completed,6037860
4,3,8455,completed,6034901
4,3,8456,completed,6031235
4,3,8457,completed,5971193
4,3,8458,completed,5976443
4,3,8459,completed,5977943
4,3,8460,completed,5979360
4,3,8461,completed,5687319
4,3,8462,completed,5704235
4,3,8463,completed,5715485
4,3,8464,completed,5725860
4,3,8465,completed,5907693
4,3,8466,completed,5908859
4,3,8467,completed,5898485
4,3,8468,completed,5888235
4,3,8469,completed,5996693
4,3,8470,completed,6012360
4,3,8471,completed,6021068
4,3,8472,completed,6029818
4,3,8473,completed,5913568
4,3,8474,completed,5923984
4,3,8475,completed,5923276
4,3,8476,completed,5921777
4,3,8477,completed,6364942
4,3,8478,completed,6360275
4,3,8479,completed,6354817
4,3,8480,completed,6350484
4,3,8481,completed,5992151
4,3,8482,completed,5993985
4,3,8483,completed,5994818
4,3,8484,completed,5995943
4,3,8485,completed,6012360
4,3,8486,completed,6030193
4,3,8487,completed,6041818
4,3,8488,completed,6052693
4,3,8489,completed,6074026
4,3,8490,completed,6077276
4,3,8491,completed,6075984
4,3,8492,completed,6076693
4,3,8493,completed,5884527
4,3,8494,completed,5876943
4,3,8495,completed,5867860
4,3,8496,completed,5858818
4,3,8497,completed,5856651
4,3,8498,completed,5862193
4,3,8499,completed,5862943
4,3,8500,completed,5863569
4,3,8501,completed,6072193
4,3,8502,completed,6084234
4,3,8503,completed,6091568
4,3,8504,completed,6098609
4,3,8505,completed,6000526
4,3,8506,completed,5994818
4,3,8507,completed,5988943
4,3,8508,completed,5982235
4,3,8509,completed,6010109
4,3,8510,completed,6026068
4,3,8511,completed,6036568
4,3,8512,completed,6039193
4,3,8513,completed,5985568
4,3,8514,completed,5995401
4,3,8515,completed,5984735
4,3,8516,completed,5995026
4,3,8517,completed,5994693
4,3,8518,completed,5997777
4,3,8519,completed,5997901
4,3,8520,completed,5998318
4,3,8521,completed,5971276
4,3,8522,completed,5977443
4,3,8523,completed,5976193
4,3,8524,completed,5977568
4,3,8525,completed,5920943
4,3,8526,completed,5914568
4,3,8527,completed,5904902
4,3,8528,completed,5895152
4,3,8529,completed,6033443
4,3,8530,completed,6034360
4,3,8531,completed,6035193
4,3,8532,completed,6035651
4,3,8533,completed,5786611
4,3,8534,completed,5788277
4,3,8535,completed,5789444
4,3,8536,completed,5790902
4,3,8537,completed,6197610
4,3,8538,completed,6201609
4,3,8539,completed,6202818
4,3,8540,completed,6203693
4,3,8541,completed,6007943
4,3,8542,completed,6012776
4,3,8543,completed,6013193
4,3,8544,completed,6013817
4,3,8545,completed,5949568
4,3,8546,completed,5946985
4,3,8547,completed,5954859
4,3,8548,completed,5962568
4,3,8549,completed,5994109
4,3,8550,completed,6000276
4,3,8551,completed,6002693
4,3,8552,completed,6005318
4,3,8553,completed,6024693
4,3,8554,completed,6017027
4,3,8555,completed,6007235
4,3,8556,completed,5997610
4,3,8557,completed,5939443
4,3,8558,completed,5956568
4,3,8559,completed,5968360
4,3,8560,completed,5979777
4,3,8561,completed,6107485
4,3,8562,completed,6109110
4,3,8563,completed,6106068
4,3,8564,completed,6103443
4,3,8565,completed,5864569
4,3,8566,completed,5863568
4,3,8567,completed,5859444
4,3,8568,completed,5855735
4,3,8569,completed,5995693
4,3,8570,completed,6001693
4,3,8571,completed,6002776
4,3,8572,completed,6003110
4,3,8573,completed,5766527
4,3,8574,completed,5780527
4,3,8575,completed,5783860
4,3,8576,completed,5788151
4,3,8577,completed,6213734
4,3,8578,completed,6224318
4,3,8579,completed,6226276
4,3,8580,completed,6228984
4,3,8581,completed,6066443
4,3,8582,completed,6075026
4,3,8583,completed,6071693
4,3,8584,completed,6068276
4,3,8585,completed,5935359
4,3,8586,completed,5952901
4,3,8587,completed,5957234
4,3,8588,completed,5961402
4,3,8589,completed,5966818
4,3,8590,completed,5957068
4,3,8591,completed,5947443
4,3,8592,completed,5937568
4,3,8593,completed,5877569
4,3,8594,completed,5895444
4,3,8595,completed,5907652
4,3,8596,completed,5918360
4,3,8597,completed,6095276
4,3,8598,completed,6084442
4,3,8599,completed,6074359
4,3,8600,completed,6064026
4,3,8601,completed,5963609
4,3,8602,completed,5966484
4,3,8603,completed,5967818
4,3,8604,completed,5969276
4,3,8605,completed,5988777
4,3,8606,completed,6000651
4,3,8607,completed,6009068
4,3,8608,completed,6016526
4,3,8609,completed,5975485
4,3,8610,completed,5982526
4,3,8611,completed,5982318
4,3,8612,completed,5980651
4,3,8613,completed,5996068
4,3,8614,completed,5990151
4,3,8615,completed,5984902
4,3,8616,completed,5979901
4,3,8617,completed,5988734
4,3,8618,completed,6001526
4,3,8619,completed,6011735
4,3,8620,completed,6021026
4,3,8621,completed,6012860
4,3,8622,completed,6018776
4,3,8623,completed,6019068
4,3,8624,completed,6019527
4,3,8625,completed,6058859
4,3,8626,completed,6067776
4,3,8627,completed,6068776
4,3,8628,completed,6069318
4,3,8629,completed,6054151
4,3,8630,completed,6053401
4,3,8631,completed,6043734
4,3,8632,completed,6033985
4,3,8633,completed,5835777
4,3,8634,completed,5832777
4,3,8635,completed,5843318
4,3,8636,completed,5854318
4,3,8637,completed,6045026
4,3,8638,completed,6038568
4,3,8639,completed,6029235
4,3,8640,completed,6019776
4,3,8641,completed,5938860
4,3,8642,completed,5942318
4,3,8643,completed,5943485
4,3,8644,completed,5944651
4,3,8645,completed,5934402
4,3,8646,completed,5936651
4,3,8647,completed,5937527
4,3,8648,completed,5938527
4,3,8649,completed,5425403
4,3,8650,completed,5429986
4,3,8651,completed,5431653
4,3,8652,completed,5433403
4,3,8653,completed,6577608
4,3,8654,completed,6585192
4,3,8655,completed,6586566
4,3,8656,completed,6588233
4,3,8657,completed,5964319
4,3,8658,completed,5967360
4,3,8659,completed,5968984
4,3,8660,completed,5969901
4,3,8661,completed,5961985
4,3,8662,completed,5964776
4,3,8663,completed,5965860
4,3,8664,completed,5966860
4,3,8665,completed,5722194
4,3,8666,completed,5749486
4,3,8667,completed,5761194
4,3,8668,completed,5773694
4,3,8669,completed,6227401
4,3,8670,completed,6216984
4,3,8671,completed,6206401
4,3,8672,completed,6196317
4,3,8673,completed,6007068
4,3,8674,completed,6011526
4,3,8675,completed,6012693
4,3,8676,completed,6013652
4,3,8677,completed,5976568
4,3,8678,completed,5991026
4,3,8679,completed,5997110
4,3,8680,completed,6002693
4,3,8681,completed,6103318
4,3,8682,completed,6098359
4,3,8683,completed,6094151
4,3,8684,completed,6089901
4,3,8685,completed,5854860
4,3,8686,completed,5856901
4,3,8687,completed,5858068
4,3,8688,completed,5858943
4,3,8689,completed,5986110
4,3,8690,completed,5987235
4,3,8691,completed,5987235
4,3,8692,completed,5987693
4,3,8693,completed,6019401
4,3,8694,completed,6023776
4,3,8695,completed,6025318
4,3,8696,completed,6026984
4,3,8697,completed,5955860
4,3,8698,completed,5960694
4,3,8699,completed,5962193
4,3,8700,completed,5961984
4,3,8701,completed,5972859
4,3,8702,completed,5973318
4,3,8703,completed,5984401
4,3,8704,completed,5994276
4,3,8705,completed,5901193
4,3,8706,completed,5898443
4,3,8707,completed,5892819
4,3,8708,completed,5886277
4,3,8709,completed,6067859
4,3,8710,completed,6065942
4,3,8711,completed,6062360
4,3,8712,completed,6059067
4,3,8713,completed,6002151
4,3,8714,completed,6005068
4,3,8715,completed,6006068
4,3,8716,completed,6007527
4,3,8717,completed,6057818
4,3,8718,completed,6065277
4,3,8719,completed,6066110
4,3,8720,completed,6067026
4,3,8721,completed,5905901
4,3,8722,completed,5903027
4,3,8723,completed,5909193
4,3,8724,completed,5915193
4,3,8725,completed,6031276
4,3,8726,completed,6027818
4,3,8727,completed,6023068
4,3,8728,completed,6017860
4,3,8729,completed,5986026
4,3,8730,completed,5994235
4,3,8731,completed,5996235
4,3,8732,completed,5997860
4,3,8733,completed,5917318
4,3,8734,completed,5932276
4,3,8735,completed,5934360
4,3,8736,completed,5934776
4,3,8737,completed,5998318
4,3,8738,completed,5993943
4,3,8739,completed,6001901
4,3,8740,completed,6009901
4,3,8741,completed,5999234
4,3,8742,completed,5995859
4,3,8743,completed,5989234
4,3,8744,completed,5982735
4,3,8745,completed,5696235
4,3,8746,completed,5699402
4,3,8747,completed,5700443
4,3,8748,completed,5701610
4,3,8749,completed,6228068
4,3,8750,completed,6228901
4,3,8751,completed,6229776
4,3,8752,completed,6230609
4,3,8753,completed,6032276
4,3,8754,completed,6035902
4,3,8755,completed,6036902
4,3,8756,completed,6038151
4,3,8757,completed,5951152
4,3,8758,completed,5965901
4,3,8759,completed,5976818
4,3,8760,completed,5987151
4,3,8761,completed,6029526
4,3,8762,completed,6036818
4,3,8763,completed,6036776
4,3,8764,completed,6037484
4,3,8765,completed,6053485
4,3,8766,completed,6059734
4,3,8767,completed,6051068
4,3,8768,completed,6040901
4,3,8769,completed,5874277
4,3,8770,completed,5872152
4,3,8771,completed,5882777
4,3,8772,completed,5894026
4,3,8773,completed,6008734
4,3,8774,completed,6001818
4,3,8775,completed,5992401
4,3,8776,completed,5982818
4,3,8777,completed,5955943
4,3,8778,completed,5958443
4,3,8779,completed,5959360
4,3,8780,completed,5960526
4,3,8781,completed,5982860
4,3,8782,completed,5983859
4,3,8783,completed,5984735
4,3,8784,completed,5985735
4,3,8785,completed,6000276
4,3,8786,completed,6017609
4,3,8787,completed,6028443
4,3,8788,completed,6038568
4,3,8789,completed,5976485
4,3,8790,completed,5982860
4,3,8791,completed,5982443
4,3,8792,completed,5984235
4,3,8793,completed,5996693
4,3,8794,completed,5988151
4,3,8795,completed,5978943
4,3,8796,completed,5969068
4,3,8797,completed,5985984
4,3,8798,completed,5989568
4,3,8799,completed,5990443
4,3,8800,completed,5991110
4,3,8801,completed,5949943
4,3,8802,completed,5967234
4,3,8803,completed,5968359
4,3,8804,completed,5968652
4,3,8805,completed,5995401
4,3,8806,completed,5989818
4,3,8807,completed,6000985
4,3,8808,completed,6012235
4,3,8809,completed,6087734
4,3,8810,completed,6090817
4,3,8811,completed,6086943
4,3,8812,completed,6082235
4,3,8813,completed,6016193
4,3,8814,completed,6011485
4,3,8815,completed,6006485
4,3,8816,completed,6001902
4,3,8817,completed,5865485
4,3,8818,completed,5876276
4,3,8819,completed,5884235
4,3,8820,completed,5891568
4,3,8821,completed,6001568
4,3,8822,completed,6008901
4,3,8823,completed,6012152
4,3,8824,completed,6015193
4,3,8825,completed,5985318
4,3,8826,completed,5976276
4,3,8827,completed,5966568
4,3,8828,completed,5956985
4,3,8829,completed,5982735
4,3,8830,completed,5987484
4,3,8831,completed,5988777
4,3,8832,completed,5989443
4,3,8833,completed,5693527
4,3,8834,completed,5713110
4,3,8835,completed,5724902
4,3,8836,completed,5735818
4,3,8837,completed,6416609
4,3,8838,completed,6407359
4,3,8839,completed,6397733
4,3,8840,completed,6387942
4,3,8841,completed,5880027
4,3,8842,completed,5886569
4,3,8843,completed,5888151
4,3,8844,completed,5889485
4,3,8845,completed,6075026
4,3,8846,completed,6077984
4,3,8847,completed,6078943
4,3,8848,completed,6080276
4,3,8849,completed,5840402
4,3,8850,completed,5841652
4,3,8851,completed,5842526
4,3,8852,completed,5843401
4,3,8853,completed,6007568
4,3,8854,completed,6011110
4,3,8855,completed,6012068
4,3,8856,completed,6013234
4,3,8857,completed,6098276
4,3,8858,completed,6100527
4,3,8859,completed,6101485
4,3,8860,completed,6102360
4,3,8861,completed,5306862
4,3,8862,completed,5312486
4,3,8863,completed,5313612
4,3,8864,completed,5314695
4,3,8865,completed,6589316
4,3,8866,completed,6602275
4,3,8867,completed,6610733
4,3,8868,completed,6617191
4,3,8869,completed,5932485
4,3,8870,completed,5926401
4,3,8871,completed,5920859
4,3,8872,completed,5915818
4,3,8873,completed,6076568
4,3,8874,completed,6080193
4,3,8875,completed,6081318
4,3,8876,completed,6082317
4,3,8877,completed,5878776
4,3,8878,completed,5896694
4,3,8879,completed,5908068
4,3,8880,completed,5918651
4,3,8881,completed,6008693
4,3,8882,completed,6000401
4,3,8883,completed,5990735
4,3,8884,completed,5981651
4,3,8885,completed,6001860
4,3,8886,completed,6011651
4,3,8887,completed,6013484
4,3,8888,completed,6015151
4,3,8889,completed,5467236
4,3,8890,completed,5456944
4,3,8891,completed,5457861
4,3,8892,completed,5458694
4,3,8893,completed,6259484
4,3,8894,completed,6264025
4,3,8895,completed,6265276
4,3,8896,completed,6266359
4,3,8897,completed,5914360
4,3,8898,completed,5903776
4,3,8899,completed,5915568
4,3,8900,completed,5927109
4,3,8901,completed,5674944
4,3,8902,completed,5665819
4,3,8903,completed,5655903
4,3,8904,completed,5646610
4,3,8905,completed,6488566
4,3,8906,completed,6501275
4,3,8907,completed,6509483
4,3,8908,completed,6517400
4,3,8909,completed,5609986
4,3,8910,completed,5606236
4,3,8911,completed,5599693
4,3,8912,completed,5593277
4,3,8913,completed,6379150
4,3,8914,completed,6382692
4,3,8915,completed,6384150
4,3,8916,completed,6385817
4,3,8917,completed,6053277
4,3,8918,completed,6055359
4,3,8919,completed,6056276
4,3,8920,completed,6057193
4,3,8921,completed,5940235
4,3,8922,completed,5943777
4,3,8923,completed,5944776
4,3,8924,completed,5945818
4,3,8925,completed,5985318
4,3,8926,completed,5996360
4,3,8927,completed,5998318
4,3,8928,completed,5998485
4,3,8929,completed,6096151
4,3,8930,completed,6121193
4,3,8931,completed,6132109
4,3,8932,completed,6142900
4,3,8933,completed,5860944
4,3,8934,completed,5865693
4,3,8935,completed,5866735
4,3,8936,completed,5867027
4,3,8937,completed,5991317
4,3,8938,completed,5979609
4,3,8939,completed,5969027
4,3,8940,completed,5958735
4,3,8941,completed,6021610
4,3,8942,completed,6029943
4,3,8943,completed,6032026
4,3,8944,completed,6034193
4,3,8945,completed,5918860
4,3,8946,completed,5928735
4,3,8947,completed,5929734
4,3,8948,completed,5930027
4,3,8949,completed,6114817
4,3,8950,completed,6113776
4,3,8951,completed,6120276
4,3,8952,completed,6126026
4,3,8953,completed,5890069
4,3,8954,completed,5887068
4,3,8955,completed,5882568
4,3,8956,completed,5878568
4,3,8957,completed,5944027
4,3,8958,completed,5954651
4,3,8959,completed,5960776
4,3,8960,completed,5965693
4,3,8961,completed,6020860
4,3,8962,completed,6033152
4,3,8963,completed,6030068
4,3,8964,completed,6025776
4,3,8965,completed,5768568
4,3,8966,completed,5768652
4,3,8967,completed,5776360
4,3,8968,completed,5782735
4,3,8969,completed,5789777
4,3,8970,completed,5783985
4,3,8971,completed,5777735
4,3,8972,completed,5772527
4,3,8973,completed,6440150
4,3,8974,completed,6460734
4,3,8975,completed,6463108
4,3,8976,completed,6464275
4,3,8977,completed,5948776
4,3,8978,completed,5935943
4,3,8979,completed,5937276
4,3,8980,completed,5939026
4,3,8981,completed,6107109
4,3,8982,completed,6108651
4,3,8983,completed,6108651
4,3,8984,completed,6108651
4,3,8985,completed,5868193
4,3,8986,completed,5886026
4,3,8987,completed,5887319
4,3,8988,completed,5888069
4,3,8989,completed,5964359
4,3,8990,completed,5963360
4,3,8991,completed,5969193
4,3,8992,completed,5975360
4,3,8993,completed,5983943
4,3,8994,completed,5979985
4,3,8995,completed,5974359
4,3,8996,completed,5969235
4,3,8997,completed,6018859
4,3,8998,completed,6023818
4,3,8999,completed,6025318
4,3,9000,completed,6026734
4,3,9001,completed,5775735
4,3,9002,completed,5767736
4,3,9003,completed,5772902
4,3,9004,completed,5778069
4,3,9005,completed,6148693
4,3,9006,completed,6164151
4,3,9007,completed,6165609
4,3,9008,completed,6165151
4,3,9009,completed,5997610
4,3,9010,completed,5992734
4,3,9011,completed,5988360
4,3,9012,completed,5983568
4,3,9013,completed,5972026
4,3,9014,completed,5982360
4,3,9015,completed,5988901
4,3,9016,completed,5995443
4,3,9017,completed,6136026
4,3,9018,completed,6138276
4,3,9019,completed,6133901
4,3,9020,completed,6129193
4,3,9021,completed,5833485
4,3,9022,completed,5842318
4,3,9023,completed,5849360
4,3,9024,completed,5855276
4,3,9025,completed,6006318
4,3,9026,completed,6001401
4,3,9027,completed,5995443
4,3,9028,completed,5989651
4,3,9029,completed,5991110
4,3,9030,completed,5992110
4,3,9031,completed,5993235
4,3,9032,completed,5993652
4,3,9033,completed,5979276
4,3,9034,completed,5980902
4,3,9035,completed,5991568
4,3,9036,completed,6002526
4,3,9037,completed,5974568
4,3,9038,completed,5964568
4,3,9039,completed,5954276
4,3,9040,completed,5943943
4,3,9041,completed,5991693
4,3,9042,completed,5996609
4,3,9043,completed,5997609
4,3,9044,completed,5999443
4,3,9045,completed,5770901
4,3,9046,completed,5774235
4,3,9047,completed,5775443
4,3,9048,completed,5776652
4,3,9049,completed,6192860
4,3,9050,completed,6193901
4,3,9051,completed,6193942
4,3,9052,completed,6194151
4,3,9053,completed,6084567
4,3,9054,completed,6093318
4,3,9055,completed,6094568
4,3,9056,completed,6095568
4,3,9057,completed,5869151
4,3,9058,completed,5871943
4,3,9059,completed,5872651
4,3,9060,completed,5872985
4,3,9061,completed,6038610
4,3,9062,completed,6053276
4,3,9063,completed,6054235
4,3,9064,completed,6055652
4,3,9065,completed,5904193
4,3,9066,completed,5901527
4,3,9067,completed,5902193
4,3,9068,completed,5902527
4,3,9069,completed,5940984
4,3,9070,completed,5946609
4,3,9071,completed,5947110
4,3,9072,completed,5947859
4,3,9073,completed,7143649
4,3,9074,completed,7150065
4,3,9075,completed,7152232
4,3,9076,completed,7154231
4,3,9077,completed,5885318
4,3,9078,completed,5882360
4,3,9079,completed,5893818
4,3,9080,completed,5904193
4,3,9081,completed,5907027
4,3,9082,completed,5896569
4,3,9083,completed,5885818
4,3,9084,completed,5875068
4,3,9085,completed,5580444
4,3,9086,completed,5582611
4,3,9087,completed,5584403
4,3,9088,completed,5585777
4,3,9089,completed,6433733
4,3,9090,completed,6442650
4,3,9091,completed,6445275
4,3,9092,completed,6445858
4,3,9093,completed,5742319
4,3,9094,completed,5728110
4,3,9095,completed,5728361
4,3,9096,completed,5728735
4,3,9097,completed,6182359
4,3,9098,completed,6201984
4,3,9099,completed,6214359
4,3,9100,completed,6226567
4,3,9101,completed,5945943
4,3,9102,completed,5943235
4,3,9103,completed,5937860
4,3,9104,completed,5932651
4,3,9105,completed,6050651
4,3,9106,completed,6054151
4,3,9107,completed,6049901
4,3,9108,completed,6045610
4,3,9109,completed,5938693
4,3,9110,completed,5945485
4,3,9111,completed,5952318
4,3,9112,completed,5958484
4,3,9113,completed,5980401
4,3,9114,completed,5983193
4,3,9115,completed,5983277
4,3,9116,completed,5982859
4,3,9117,completed,5622028
4,3,9118,completed,5645694
4,3,9119,completed,5640485
4,3,9120,completed,5635194
4,3,9121,completed,6362192
4,3,9122,completed,6343817
4,3,9123,completed,6345983
4,3,9124,completed,6347901
4,3,9125,completed,5955526
4,3,9126,completed,5966151
4,3,9127,completed,5976818
4,3,9128,completed,6000526
4,3,9129,completed,5987568
4,3,9130,completed,5989652
4,3,9131,completed,5973859
4,3,9132,completed,5957985
4,3,9133,completed,5987610
4,3,9134,completed,5983235
4,3,9135,completed,5976568
4,3,9136,completed,5970110
4,3,9137,completed,6006735
4,3,9138,completed,6010193
4,3,9139,completed,6010818
4,3,9140,completed,6011359
4,3,9141,completed,5983568
4,3,9142,completed,5989818
4,3,9143,completed,5990776
4,3,9144,completed,5991526
4,3,9145,completed,5962860
4,3,9146,completed,5964402
4,3,9147,completed,5975901
4,3,9148,completed,5987068
4,3,9149,completed,6019527
4,3,9150,completed,6011568
4,3,9151,completed,6001568
4,3,9152,completed,5990277
4,3,9153,completed,5938610
4,3,9154,completed,5939402
4,3,9155,completed,5940235
4,3,9156,completed,5940860
4,3,9157,completed,5998360
4,3,9158,completed,6001276
4,3,9159,completed,6002818
4,3,9160,completed,6004318
4,3,9161,completed,5988068
4,3,9162,completed,5990943
4,3,9163,completed,5991901
4,3,9164,completed,5992568
4,3,9165,completed,5653443
4,3,9166,completed,5656860
4,3,9167,completed,5658193
4,3,9168,completed,5659694
4,3,9169,completed,5829319
4,3,9170,completed,5844360
4,3,9171,completed,5855360
4,3,9172,completed,5865693
4,3,9173,completed,6094693
4,3,9174,completed,6091068
4,3,9175,completed,6080610
4,3,9176,completed,6069860
4,3,9177,completed,6344901
4,3,9178,completed,6338400
4,3,9179,completed,6339442
4,3,9180,completed,6340151
4,3,9181,completed,6008277
4,3,9182,completed,6011943
4,3,9183,completed,6013067
4,3,9184,completed,6014235
4,3,9185,completed,5995109
4,3,9186,completed,5999318
4,3,9187,completed,6000277
4,3,9188,completed,6001484
4,3,9189,completed,5966985
4,3,9190,completed,5970527
4,3,9191,completed,5971277
4,3,9192,completed,5972026
4,3,9193,completed,5966902
4,3,9194,completed,5967277
4,3,9195,completed,5968235
4,3,9196,completed,5969235
4,3,9197,completed,6010360
4,3,9198,completed,6012318
4,3,9199,completed,6012734
4,3,9200,completed,6012734
4,3,9201,completed,5983360
4,3,9202,completed,5986277
4,3,9203,completed,5987735
4,3,9204,completed,5988985
4,3,9205,completed,6020527
4,3,9206,completed,6025110
4,3,9207,completed,6026276
4,3,9208,completed,6027442
4,3,9209,completed,5979359
4,3,9210,completed,5969943
4,3,9211,completed,5970693
4,3,9212,completed,5971360
4,3,9213,completed,5919985
4,3,9214,completed,5931901
4,3,9215,completed,5942027
4,3,9216,completed,5951693
4,3,9217,completed,6000235
4,3,9218,completed,5992943
4,3,9219,completed,5983901
4,3,9220,completed,5975152
4,3,9221,completed,6010151
4,3,9222,completed,6028568
4,3,9223,completed,6040193
4,3,9224,completed,6051068
4,3,9225,completed,5951777
4,3,9226,completed,5941152
4,3,9227,completed,5930610
4,3,9228,completed,5920401
4,3,9229,completed,6050652
4,3,9230,completed,6057610
4,3,9231,completed,6059110
4,3,9232,completed,6060568
4,3,9233,completed,5928526
4,3,9234,completed,5930777
4,3,9235,completed,5931777
4,3,9236,completed,5932610
4,3,9237,completed,5998527
4,3,9238,completed,6000360
4,3,9239,completed,6000901
4,3,9240,completed,6001402
4,3,9241,completed,6050568
4,3,9242,completed,6056693
4,3,9243,completed,6057609
4,3,9244,completed,6058693
4,3,9245,completed,5899443
4,3,9246,completed,5901610
4,3,9247,completed,5902819
4,3,9248,completed,5904318
4,3,9249,completed,5977985
4,3,9250,completed,5982026
4,3,9251,completed,5982735
4,3,9252,completed,5983568
4,3,9253,completed,5970818
4,3,9254,completed,5982651
4,3,9255,completed,5988610
4,3,9256,completed,5994401
4,3,9257,completed,6024151
4,3,9258,completed,6022360
4,3,9259,completed,6017651
4,3,9260,completed,6012151
4,3,9261,completed,5851068
4,3,9262,completed,5856194
4,3,9263,completed,5860277
4,3,9264,completed,5863860
4,3,9265,completed,6122734
4,3,9266,completed,6123943
4,3,9267,completed,6121567
4,3,9268,completed,6118984
4,3,9269,completed,5962901
4,3,9270,completed,5964818
4,3,9271,completed,5965777
4,3,9272,completed,5966901
4,3,9273,completed,5652986
4,3,9274,completed,5670027
4,3,9275,completed,5677777
4,3,9276,completed,5685402
4,3,9277,completed,6322317
4,3,9278,completed,6330234
4,3,9279,completed,6332484
4,3,9280,completed,6335275
4,3,9281,completed,5975110
4,3,9282,completed,5977568
4,3,9283,completed,5977610
4,3,9284,completed,5977318
4,3,9285,completed,5999401
4,3,9286,completed,5992609
4,3,9287,completed,5983485
4,3,9288,completed,5974318
4,3,9289,completed,5478277
4,3,9290,completed,5492569
4,3,9291,completed,5503028
4,3,9292,completed,5513778
4,3,9293,completed,6635650
4,3,9294,completed,6645816
4,3,9295,completed,6646650
4,3,9296,completed,6628233
4,3,9297,completed,5947985
4,3,9298,completed,5940777
4,3,9299,completed,5931652
4,3,9300,completed,5922235
4,3,9301,completed,5877693
4,3,9302,completed,5893735
4,3,9303,completed,5905651
4,3,9304,completed,5916651
4,3,9305,completed,5998734
4,3,9306,completed,5990068
4,3,9307,completed,5980193
4,3,9308,completed,5970360
4,3,9309,completed,5992943
4,3,9310,completed,5994818
4,3,9311,completed,5995943
4,3,9312,completed,5996984
4,3,9313,completed,5962776
4,3,9314,completed,5967735
4,3,9315,completed,5976610
4,3,9316,completed,5986318
4,3,9317,completed,5817985
4,3,9318,completed,5829527
4,3,9319,completed,5826443
4,3,9320,completed,5824110
4,3,9321,completed,6102526
4,3,9322,completed,6115151
4,3,9323,completed,6118734
4,3,9324,completed,6122317
4,3,9325,completed,6086234
4,3,9326,completed,6089234
4,3,9327,completed,6087985
4,3,9328,completed,6087026
4,3,9329,completed,5951860
4,3,9330,completed,5945318
4,3,9331,completed,5936359
4,3,9332,completed,5927401
4,3,9333,completed,5947652
4,3,9334,completed,5966193
4,3,9335,completed,5977443
4,3,9336,completed,5988151
4,3,9337,completed,5988068
4,3,9338,completed,5988401
4,3,9339,completed,5988693
4,3,9340,completed,5989402
4,3,9341,completed,6000485
4,3,9342,completed,5992152
4,3,9343,completed,5981651
4,3,9344,completed,5971985
4,3,9345,completed,6034818
4,3,9346,completed,6036110
4,3,9347,completed,6036610
4,3,9348,completed,6037359
4,3,9349,completed,6019151
4,3,9350,completed,6038110
4,3,9351,completed,6050484
4,3,9352,completed,6061484
4,3,9353,completed,5970193
4,3,9354,completed,5970651
4,3,9355,completed,5965776
4,3,9356,completed,5961610
4,3,9357,completed,5610110
4,3,9358,completed,5606444
4,3,9359,completed,5601569
4,3,9360,completed,5596778
4,3,9361,completed,6276859
4,3,9362,completed,6278568
4,3,9363,completed,6279692
4,3,9364,completed,6280693
4,3,9365,completed,5983902
4,3,9366,completed,5993568
4,3,9367,completed,5994859
4,3,9368,completed,5994943
4,3,9369,completed,6061068
4,3,9370,completed,6049193
4,3,9371,completed,6049276
4,3,9372,completed,6049609
4,3,9373,completed,5604402
4,3,9374,completed,5607360
4,3,9375,completed,5608152
4,3,9376,completed,5609236
4,3,9377,completed,6400942
4,3,9378,completed,6397317
4,3,9379,completed,6398650
4,3,9380,completed,6399901
4,3,9381,completed,5904776
4,3,9382,completed,5906068
4,3,9383,completed,5906943
4,3,9384,completed,5907734
4,3,9385,completed,5990859
4,3,9386,completed,5994985
4,3,9387,completed,5995943
4,3,9388,completed,5996984
4,3,9389,completed,5969443
4,3,9390,completed,5971943
4,3,9391,completed,5972943
4,3,9392,completed,5973901
4,3,9393,completed,6026902
4,3,9394,completed,6030609
4,3,9395,completed,6032068
4,3,9396,completed,6033193
4,3,9397,completed,5949735
4,3,9398,completed,5963485
4,3,9399,completed,5971318
4,3,9400,completed,5977652
4,3,9401,completed,5981610
4,3,9402,completed,5976068
4,3,9403,completed,5970568
4,3,9404,completed,5965568
4,3,9405,completed,5733319
4,3,9406,completed,5739485
4,3,9407,completed,5740694
4,3,9408,completed,5741610
4,3,9409,completed,6111776
4,3,9410,completed,6119860
4,3,9411,completed,6121901
4,3,9412,completed,6122068
4,3,9413,completed,6098609
4,3,9414,completed,6092526
4,3,9415,completed,6097068
4,3,9416,completed,6101984
4,3,9417,completed,6031817
4,3,9418,completed,6035734
4,3,9419,completed,6033235
4,3,9420,completed,6029734
4,3,9421,completed,5948235
4,3,9422,completed,5950984
4,3,9423,completed,5952068
4,3,9424,completed,5953359
4,3,9425,completed,5976026
4,3,9426,completed,5977693
4,3,9427,completed,5978609
4,3,9428,completed,5979860
4,3,9429,completed,5990443
4,3,9430,completed,5994402
4,3,9431,completed,5995443
4,3,9432,completed,5996651
4,3,9433,completed,6022943
4,3,9434,completed,6035402
4,3,9435,completed,6037026
4,3,9436,completed,6038651
4,3,9437,completed,5930110
4,3,9438,completed,5932194
4,3,9439,completed,5933194
4,3,9440,completed,5934360
4,3,9441,completed,5982818
4,3,9442,completed,5985152
4,3,9443,completed,5985318
4,3,9444,completed,6000401
4,3,9445,completed,5976985
4,3,9446,completed,5999693
4,3,9447,completed,6011818
4,3,9448,completed,6024568
4,3,9449,completed,5975860
4,3,9450,completed,5964985
4,3,9451,completed,5953652
4,3,9452,completed,5943568
4,3,9453,completed,5981485
4,3,9454,completed,5985234
4,3,9455,completed,5986985
4,3,9456,completed,5988235
4,3,9457,completed,5764277
4,3,9458,completed,5777152
4,3,9459,completed,5787861
4,3,9460,completed,5798110
4,3,9461,completed,6128484
4,3,9462,completed,6135193
4,3,9463,completed,6127068
4,3,9464,completed,6117692
4,3,9465,completed,5729611
4,3,9466,completed,5729318
4,3,9467,completed,5739652
4,3,9468,completed,5749735
4,3,9469,completed,6292067
4,3,9470,completed,6282942
4,3,9471,completed,6273651
4,3,9472,completed,6264609
4,3,9473,completed,5672277
4,3,9474,completed,5675777
4,3,9475,completed,5676694
4,3,9476,completed,5677819
4,3,9477,completed,5791610
4,3,9478,completed,5803277
4,3,9479,completed,5808318
4,3,9480,completed,5813444
4,3,9481,completed,5957109
4,3,9482,completed,5955235
4,3,9483,completed,5949818
4,3,9484,completed,5945193
4,3,9485,completed,6553025
4,3,9486,completed,6561942
4,3,9487,completed,6568983
4,3,9488,completed,6575900
4,3,9489,completed,5976652
4,3,9490,completed,5996443
4,3,9491,completed,5992818
4,3,9492,completed,5986901
4,3,9493,completed,5979901
4,3,9494,completed,5960151
4,3,9495,completed,5970610
4,3,9496,completed,5980193
4,3,9497,completed,6008443
4,3,9498,completed,6000318
4,3,9499,completed,5990026
4,3,9500,completed,5980276
4,3,9501,completed,5994193
4,3,9502,completed,5997651
4,3,9503,completed,5999526
4,3,9504,completed,6001235
4,3,9505,completed,5961568
4,3,9506,completed,5963526
4,3,9507,completed,5964568
4,3,9508,completed,5965818
4,3,9509,completed,5979943
4,3,9510,completed,5992109
4,3,9511,completed,5998776
4,3,9512,completed,6004776
4,3,9513,completed,5991360
4,3,9514,completed,5985277
4,3,9515,completed,5979151
4,3,9516,completed,5973110
4,3,9517,completed,5992151
4,3,9518,completed,5986568
4,3,9519,completed,5987776
4,3,9520,completed,5989360
4,3,9521,completed,5991443
4,3,9522,completed,5997651
4,3,9523,completed,5998985
4,3,9524,completed,6000443
4,3,9525,completed,5988276
4,3,9526,completed,5989734
4,3,9527,completed,5990610
4,3,9528,completed,5991652
4,3,9529,completed,5991776
4,3,9530,completed,5998860
4,3,9531,completed,6000151
4,3,9532,completed,6001901
4,3,9533,completed,5547694
4,3,9534,completed,5549944
4,3,9535,completed,5550945
4,3,9536,completed,5552153
4,3,9537,completed,6041193
4,3,9538,completed,6054693
4,3,9539,completed,6056151
4,3,9540,completed,6057527
4,3,9541,completed,6331359
4,3,9542,completed,6345108
4,3,9543,completed,6353025
4,3,9544,completed,6359442
4,3,9545,completed,5418944
4,3,9546,completed,5423861
4,3,9547,completed,5423986
4,3,9548,completed,5421861
4,3,9549,completed,6532442
4,3,9550,completed,6528942
4,3,9551,completed,6525317
4,3,9552,completed,6521900
4,3,9553,completed,5982193
4,3,9554,completed,5991985
4,3,9555,completed,5998484
4,3,9556,completed,6004818
4,3,9557,completed,6005443
4,3,9558,completed,6002985
4,3,9559,completed,5998068
4,3,9560,completed,5993277
4,3,9561,completed,6099443
4,3,9562,completed,6108609
4,3,9563,completed,6110026
4,3,9564,completed,6111401
4,3,9565,completed,5832610
4,3,9566,completed,5836901
4,3,9567,completed,5838318
4,3,9568,completed,5840110
4,3,9569,completed,6049901
4,3,9570,completed,6051443
4,3,9571,completed,6051943
4,3,9572,completed,6052609
4,3,9573,completed,5976151
4,3,9574,completed,6001735
4,3,9575,completed,6014485
4,3,9576,completed,6025610
4,3,9577,completed,5946359
4,3,9578,completed,5937359
4,3,9579,completed,5928152
4,3,9580,completed,5918235
4,3,9581,completed,5960235
4,3,9582,completed,5974318
4,3,9583,completed,5985443
4,3,9584,completed,5996152
4,3,9585,completed,6048568
4,3,9586,completed,6042734
4,3,9587,completed,6033359
4,3,9588,completed,6023943
4,3,9589,completed,5599944
4,3,9590,completed,5621569
4,3,9591,completed,5632735
4,3,9592,completed,5644277
4,3,9593,completed,6317776
4,3,9594,completed,6310692
4,3,9595,completed,6300150
4,3,9596,completed,6290484
4,3,9597,completed,5963193
4,3,9598,completed,5980651
4,3,9599,completed,5987152
4,3,9600,completed,5994276
4,3,9601,completed,5594777
4,3,9602,completed,5596152
4,3,9603,completed,5590361
4,3,9604,completed,5584069
4,3,9605,completed,6375609
4,3,9606,completed,6373400
4,3,9607,completed,6377692
4,3,9608,completed,6381900
4,3,9609,completed,6015651
4,3,9610,completed,6026276
4,3,9611,completed,6028151
4,3,9612,completed,6030110
4,3,9613,completed,5987610
4,3,9614,completed,5983401
4,3,9615,completed,5978401
4,3,9616,completed,5972984
4,3,9617,completed,6084151
4,3,9618,completed,6089151
4,3,9619,completed,6090651
4,3,9620,completed,6092485
4,3,9621,completed,5890776
4,3,9622,completed,5881694
4,3,9623,completed,5890818
4,3,9624,completed,5901068
4,3,9625,completed,5966610
4,3,9626,completed,5958360
4,3,9627,completed,5948193
4,3,9628,completed,5938110
4,3,9629,completed,5769402
4,3,9630,completed,5775111
4,3,9631,completed,5776568
4,3,9632,completed,5778486
4,3,9633,completed,6126568
4,3,9634,completed,6128485
4,3,9635,completed,6129359
4,3,9636,completed,6130401
4,3,9637,completed,6062360
4,3,9638,completed,6064943
4,3,9639,completed,6064735
4,3,9640,completed,6064985
4,3,9641,completed,5988693
4,3,9642,completed,5990859
4,3,9643,completed,5991651
4,3,9644,completed,5992401
4,3,9645,completed,5963401
4,3,9646,completed,5975402
4,3,9647,completed,5976693
4,3,9648,completed,5976984
4,3,9649,completed,5895068
4,3,9650,completed,5897735
4,3,9651,completed,5902610
4,3,9652,completed,5918277
4,3,9653,completed,6074401
4,3,9654,completed,6082235
4,3,9655,completed,6082359
4,3,9656,completed,6063984
4,3,9657,completed,6005485
4,3,9658,completed,6000734
4,3,9659,completed,5994943
4,3,9660,completed,5989484
4,3,9661,completed,5941860
4,3,9662,completed,5946276
4,3,9663,completed,5947235
4,3,9664,completed,5948526
4,3,9665,completed,5499236
4,3,9666,completed,5512736
4,3,9667,completed,5520402
4,3,9668,completed,5527320
4,3,9669,completed,6536691
4,3,9670,completed,6531691
4,3,9671,completed,6525817
4,3,9672,completed,6519942
4,3,9673,completed,5978193
4,3,9674,completed,5984776
4,3,9675,completed,5986276
4,3,9676,completed,5988276
4,3,9677,completed,6003693
4,3,9678,completed,6045401
4,3,9679,completed,6057360
4,3,9680,completed,6067943
4,3,9681,completed,5930276
4,3,9682,completed,5918693
4,3,9683,completed,5908151
4,3,9684,completed,5898151
4,3,9685,completed,5992568
4,3,9686,completed,5999943
4,3,9687,completed,6001776
4,3,9688,completed,6003652
4,3,9689,completed,5961443
4,3,9690,completed,5976943
4,3,9691,completed,5986318
4,3,9692,completed,5994277
4,3,9693,completed,5609611
4,3,9694,completed,5610861
4,3,9695,completed,5619569
4,3,9696,completed,5612736
4,3,9697,completed,6316401
4,3,9698,completed,6312192
4,3,9699,completed,6296526
4,3,9700,completed,6296775
4,3,9701,completed,6005068
4,3,9702,completed,5998693
4,3,9703,completed,6002818
4,3,9704,completed,6006526
4,3,9705,completed,6028318
4,3,9706,completed,6037568
4,3,9707,completed,6035026
4,3,9708,completed,6031235
4,3,9709,completed,5443528
4,3,9710,completed,5446944
4,3,9711,completed,5454028
4,3,9712,completed,5459444
4,3,9713,completed,6575983
4,3,9714,completed,6570233
4,3,9715,completed,6564650
4,3,9716,completed,6559941
4,3,9717,completed,5831069
4,3,9718,completed,5837860
4,3,9719,completed,5839235
4,3,9720,completed,5840527
4,3,9721,completed,6086693
4,3,9722,completed,6088651
4,3,9723,completed,6090360
4,3,9724,completed,6091985
4,3,9725,completed,5458861
4,3,9726,completed,5471111
4,3,9727,completed,5477944
4,3,9728,completed,5484111
4,3,9729,completed,6377192
4,3,9730,completed,6401483
4,3,9731,completed,6407567
4,3,9732,completed,6412734
4,3,9733,completed,6108526
4,3,9734,completed,6117485
4,3,9735,completed,6118193
4,3,9736,completed,6119192
4,3,9737,completed,5971484
4,3,9738,completed,5959360
4,3,9739,completed,5947735
4,3,9740,completed,5936693
4,3,9741,completed,5998234
4,3,9742,completed,6009568
4,3,9743,completed,6011152
4,3,9744,completed,6011568
4,3,9745,completed,6085192
4,3,9746,completed,6088985
4,3,9747,completed,6097859
4,3,9748,completed,6106193
4,3,9749,completed,6034401
4,3,9750,completed,6031068
4,3,9751,completed,6023693
4,3,9752,completed,6016610
4,3,9753,completed,5854818
4,3,9754,completed,5849318
4,3,9755,completed,5850026
4,3,9756,completed,5850694
4,3,9757,completed,5480027
4,3,9758,completed,5483152
4,3,9759,completed,5483986
4,3,9760,completed,5484985
4,3,9761,completed,6493984
4,3,9762,completed,6496192
4,3,9763,completed,6496025
4,3,9764,completed,6496358
4,3,9765,completed,5493694
4,3,9766,completed,5506153
4,3,9767,completed,5514903
4,3,9768,completed,5522611
4,3,9769,completed,5936985
4,3,9770,completed,5930984
4,3,9771,completed,5924818
4,3,9772,completed,5918235
4,3,9773,completed,6459150
4,3,9774,completed,6467066
4,3,9775,completed,6469025
4,3,9776,completed,6470983
4,3,9777,completed,6019610
4,3,9778,completed,6014734
4,3,9779,completed,6025902
4,3,9780,completed,6037109
4,3,9781,completed,5956443
4,3,9782,completed,5946526
4,3,9783,completed,5935693
4,3,9784,completed,5925318
4,3,9785,completed,6000735
4,3,9786,completed,6005026
4,3,9787,completed,6006610
4,3,9788,completed,6008234
4,3,9789,completed,5985110
4,3,9790,completed,6000860
4,3,9791,completed,6009776
4,3,9792,completed,6017609
4,3,9793,completed,5976734
4,3,9794,completed,5968902
4,3,9795,completed,5961943
4,3,9796,completed,5954985
4,3,9797,completed,5969401
4,3,9798,completed,5971110
4,3,9799,completed,5971401
4,3,9800,completed,5971735
4,3,9801,completed,6006068
4,3,9802,completed,6020943
4,3,9803,completed,6030901
4,3,9804,completed,6042443
4,3,9805,completed,6030818
4,3,9806,completed,6028734
4,3,9807,completed,6018652
4,3,9808,completed,6008527
4,3,9809,completed,5940860
4,3,9810,completed,5947693
4,3,9811,completed,5954901
4,3,9812,completed,5961110
4,3,9813,completed,6075568
4,3,9814,completed,6083401
4,3,9815,completed,6086735
4,3,9816,completed,6090567
4,3,9817,completed,5888818
4,3,9818,completed,5881777
4,3,9819,completed,5872860
4,3,9820,completed,5863318
4,3,9821,completed,6001652
4,3,9822,completed,6018027
4,3,9823,completed,6019026
4,3,9824,completed,6019235
4,3,9825,completed,5968651
4,3,9826,completed,5958693
4,3,9827,completed,5959943
4,3,9828,completed,5961485
4,3,9829,completed,5535277
4,3,9830,completed,5559402
4,3,9831,completed,5570402
4,3,9832,completed,5581402
4,3,9833,completed,6398859
4,3,9834,completed,6389692
4,3,9835,completed,6380692
4,3,9836,completed,6370942
4,3,9837,completed,5992110
4,3,9838,completed,5991984
4,3,9839,completed,5992943
4,3,9840,completed,5994027
4,3,9841,completed,6014485
4,3,9842,completed,6017901
4,3,9843,completed,6018276
4,3,9844,completed,6018651
4,3,9845,completed,5975985
4,3,9846,completed,5998443
4,3,9847,completed,6010360
4,3,9848,completed,6021610
4,3,9849,completed,5978026
4,3,9850,completed,5977318
4,3,9851,completed,5973735
4,3,9852,completed,5970526
4,3,9853,completed,5991776
4,3,9854,completed,6000151
4,3,9855,completed,5998152
4,3,9856,completed,5997485
4,3,9857,completed,5964026
4,3,9858,completed,5964651
4,3,9859,completed,5962193
4,3,9860,completed,5959610
4,3,9861,completed,6015568
4,3,9862,completed,6030068
4,3,9863,completed,6037609
4,3,9864,completed,6044693
4,3,9865,completed,5719152
4,3,9866,completed,5710652
4,3,9867,completed,5701194
4,3,9868,completed,5691652
4,3,9869,completed,6246901
4,3,9870,completed,6250859
4,3,9871,completed,6252234
4,3,9872,completed,6253651
4,3,9873,completed,6054693
4,3,9874,completed,6061943
4,3,9875,completed,6062901
4,3,9876,completed,6063984
4,3,9877,completed,5811151
4,3,9878,completed,5813735
4,3,9879,completed,5815151
4,3,9880,completed,5816819
4,3,9881,completed,6054027
4,3,9882,completed,6067277
4,3,9883,completed,6076735
4,3,9884,completed,6087942
4,3,9885,completed,6020568
4,3,9886,completed,6014901
4,3,9887,completed,6005193
4,3,9888,completed,5996027
4,3,9889,completed,5979318
4,3,9890,completed,5990235
4,3,9891,completed,5992026
4,3,9892,completed,5993485
4,3,9893,completed,5579360
4,3,9894,completed,5583069
4,3,9895,completed,5584277
4,3,9896,completed,5585152
4,3,9897,completed,6419859
4,3,9898,completed,6436025
4,3,9899,completed,6442734
4,3,9900,completed,6449192
4,3,9901,completed,5977110
4,3,9902,completed,5972985
4,3,9903,completed,5967694
4,3,9904,completed,5962485
4,3,9905,completed,6023109
4,3,9906,completed,6047276
4,3,9907,completed,6048776
4,3,9908,completed,6050443
4,3,9909,completed,5947068
4,3,9910,completed,5957527
4,3,9911,completed,5960026
4,3,9912,completed,5961027
4,3,9913,completed,5924318
4,3,9914,completed,5909277
4,3,9915,completed,5910735
4,3,9916,completed,5911943
4,3,9917,completed,5975319
4,3,9918,completed,5998901
4,3,9919,completed,6001527
4,3,9920,completed,6002235
4,3,9921,completed,5968152
4,3,9922,completed,5969526
4,3,9923,completed,5980735
4,3,9924,completed,5992026
4,3,9925,completed,5977943
4,3,9926,completed,5966943
4,3,9927,completed,5957360
4,3,9928,completed,5947443
4,3,9929,completed,6036735
4,3,9930,completed,6038943
4,3,9931,completed,6040193
4,3,9932,completed,6041318
4,3,9933,completed,5973360
4,3,9934,completed,5989401
4,3,9935,completed,6000610
4,3,9936,completed,6010984
4,3,9937,completed,5987984
4,3,9938,completed,5980068
4,3,9939,completed,5970401
4,3,9940,completed,5961109
4,3,9941,completed,5939109
4,3,9942,completed,5942151
4,3,9943,completed,5943235
4,3,9944,completed,5944318
4,3,9945,completed,5991484
4,3,9946,completed,5993610
4,3,9947,completed,5994568
4,3,9948,completed,5995443
4,3,9949,completed,6017359
4,3,9950,completed,6019693
4,3,9951,completed,6020360
4,3,9952,completed,6021068
4,3,9953,completed,5933360
4,3,9954,completed,5943819
4,3,9955,completed,5950860
4,3,9956,completed,5957152
4,3,9957,completed,5996193
4,3,9958,completed,6002943
4,3,9959,completed,6007901
4,3,9960,completed,6012609
4,3,9961,completed,6001152
4,3,9962,completed,5993317
4,3,9963,completed,5983776
4,3,9964,completed,5974318
4,3,9965,completed,5876276
4,3,9966,completed,5892652
4,3,9967,completed,5903735
4,3,9968,completed,5914068
4,3,9969,completed,6065943
4,3,9970,completed,6060609
4,3,9971,completed,6051734
4,3,9972,completed,6042026
4,3,9973,completed,6038568
4,3,9974,completed,6048276
4,3,9975,completed,6049902
4,3,9976,completed,6051401
4,3,9977,completed,5938484
4,3,9978,completed,5952151
4,3,9979,completed,5954068
4,3,9980,completed,5954943
4,3,9981,completed,5982901
4,3,9982,completed,5966610
4,3,9983,completed,5967276
4,3,9984,completed,5968235
4,3,9985,completed,5991068
4,3,9986,completed,6007027
4,3,9987,completed,6017193
4,3,9988,completed,6027943
4,3,9989,completed,5980402
4,3,9990,completed,5972984
4,3,9991,completed,5963485
4,3,9992,completed,5953901
4,3,9993,completed,5969609
4,3,9994,completed,5976818
4,3,9995,completed,5980485
4,3,9996,completed,5984651
4,3,9997,completed,6036442
4,3,9998,completed,6041109
4,3,9999,completed,6038443
4,3,10000,completed,6036443
