limit,round,id,result,latency_ns
16,4,1,completed,7668105
16,4,2,completed,7720022
16,4,3,completed,7729355
16,4,4,completed,7739064
16,4,5,completed,7749480
16,4,6,completed,7758855
16,4,7,completed,7767355
16,4,8,completed,7776231
16,4,9,completed,7785480
16,4,10,completed,7795063
16,4,11,completed,7803772
16,4,12,completed,7812563
16,4,13,completed,7821063
16,4,14,completed,7829897
16,4,15,completed,7838355
16,4,16,completed,7850271
16,4,17,completed,6007776
16,4,18,completed,6009985
16,4,19,completed,6007234
16,4,20,completed,6005277
16,4,21,completed,6000276
16,4,22,completed,5996527
16,4,23,completed,5993026
16,4,24,completed,5990026
16,4,25,completed,5986235
16,4,26,completed,5982277
16,4,27,completed,5978901
16,4,28,completed,5975735
16,4,29,completed,5972610
16,4,30,completed,5969027
16,4,31,completed,5980984
16,4,32,completed,5974526
16,4,33,completed,6102235
16,4,34,completed,6115234
16,4,35,completed,6114651
16,4,36,completed,6114401
16,4,37,completed,6113943
16,4,38,completed,6113942
16,4,39,completed,6113818
16,4,40,completed,6113359
16,4,41,completed,6113276
16,4,42,completed,6112818
16,4,43,completed,6112526
16,4,44,completed,6112068
16,4,45,completed,6110984
16,4,46,completed,6110817
16,4,47,completed,6095110
16,4,48,completed,6094693
16,4,49,completed,6063276
16,4,50,completed,6084526
16,4,51,completed,6097318
16,4,52,completed,6104359
16,4,53,completed,6112359
16,4,54,completed,6119359
16,4,55,completed,6126776
16,4,56,completed,6166526
16,4,57,completed,6174193
16,4,58,completed,6183276
16,4,59,completed,6192067
16,4,60,completed,6200818
16,4,61,completed,6209901
16,4,62,completed,6209067
16,4,63,completed,6206109
16,4,64,completed,6203068
16,4,65,completed,5826735
16,4,66,completed,5820985
16,4,67,completed,5808694
16,4,68,completed,5796777
16,4,69,completed,5785360
16,4,70,completed,5773568
16,4,71,completed,5730485
16,4,72,completed,5717777
16,4,73,completed,5705069
16,4,74,completed,5691819
16,4,75,completed,5678819
16,4,76,completed,5665944
16,4,77,completed,5628860
16,4,78,completed,5613236
16,4,79,completed,5612611
16,4,80,completed,5612027
16,4,81,completed,5977110
16,4,82,completed,6000652
16,4,83,completed,6002568
16,4,84,completed,6004193
16,4,85,completed,6006443
16,4,86,completed,6008651
16,4,87,completed,6010193
16,4,88,completed,6012527
16,4,89,completed,6014652
16,4,90,completed,6017359
16,4,91,completed,6019235
16,4,92,completed,6021526
16,4,93,completed,6023568
16,4,94,completed,6025443
16,4,95,completed,6027068
16,4,96,completed,6028943
16,4,97,completed,5833486
16,4,98,completed,5833819
16,4,99,completed,5833485
16,4,100,completed,5833401
16,4,101,completed,5833568
16,4,102,completed,5833693
16,4,103,completed,5833360
16,4,104,completed,5833652
16,4,105,completed,5833985
16,4,106,completed,5834194
16,4,107,completed,5834235
16,4,108,completed,5834277
16,4,109,completed,5834235
16,4,110,completed,5834193
16,4,111,completed,5834110
16,4,112,completed,5834068
16,4,113,completed,5939568
16,4,114,completed,5947360
16,4,115,completed,5947902
16,4,116,completed,5948402
16,4,117,completed,5949110
16,4,118,completed,5949818
16,4,119,completed,5950360
16,4,120,completed,5951484
16,4,121,completed,5952401
16,4,122,completed,5953610
16,4,123,completed,5954484
16,4,124,completed,5955735
16,4,125,completed,5956734
16,4,126,completed,5957526
16,4,127,completed,5958318
16,4,128,completed,5958859
16,4,129,completed,6018110
16,4,130,completed,6031401
16,4,131,completed,6032984
16,4,132,completed,6034693
16,4,133,completed,6036610
16,4,134,completed,6038401
16,4,135,completed,6039985
16,4,136,completed,6041984
16,4,137,completed,6043901
16,4,138,completed,6045777
16,4,139,completed,6047568
16,4,140,completed,6049860
16,4,141,completed,6051860
16,4,142,completed,6053568
16,4,143,completed,6055110
16,4,144,completed,6057068
16,4,145,completed,5893860
16,4,146,completed,5892360
16,4,147,completed,5892068
16,4,148,completed,5891943
16,4,149,completed,5892109
16,4,150,completed,5891984
16,4,151,completed,5892026
16,4,152,completed,5892027
16,4,153,completed,5892401
16,4,154,completed,5892693
16,4,155,completed,5893026
16,4,156,completed,5893360
16,4,157,completed,5893568
16,4,158,completed,5893693
16,4,159,completed,5893693
16,4,160,completed,5894027
16,4,161,completed,6023318
16,4,162,completed,6039693
16,4,163,completed,6040152
16,4,164,completed,6041026
16,4,165,completed,6042110
16,4,166,completed,6043318
16,4,167,completed,6043651
16,4,168,completed,6044776
16,4,169,completed,6045985
16,4,170,completed,6047359
16,4,171,completed,6048068
16,4,172,completed,6049110
16,4,173,completed,6050068
16,4,174,completed,6051152
16,4,175,completed,6051734
16,4,176,completed,6052818
16,4,177,completed,5911735
16,4,178,completed,5904944
16,4,179,completed,5904735
16,4,180,completed,5904569
16,4,181,completed,5904901
16,4,182,completed,5905069
16,4,183,completed,5905276
16,4,184,completed,5905902
16,4,185,completed,5906735
16,4,186,completed,5907319
16,4,187,completed,5907652
16,4,188,completed,5908068
16,4,189,completed,5908402
16,4,190,completed,5908943
16,4,191,completed,5909194
16,4,192,completed,5909902
16,4,193,completed,5992026
16,4,194,completed,5997151
16,4,195,completed,5997526
16,4,196,completed,5998401
16,4,197,completed,5999068
16,4,198,completed,5999651
16,4,199,completed,6000193
16,4,200,completed,6000984
16,4,201,completed,6001776
16,4,202,completed,6002485
16,4,203,completed,6003068
16,4,204,completed,6003901
16,4,205,completed,6004610
16,4,206,completed,6005151
16,4,207,completed,6005734
16,4,208,completed,6006484
16,4,209,completed,5910151
16,4,210,completed,5928860
16,4,211,completed,5928902
16,4,212,completed,5929819
16,4,213,completed,5930985
16,4,214,completed,5932110
16,4,215,completed,5932652
16,4,216,completed,5933944
16,4,217,completed,5935193
16,4,218,completed,5936985
16,4,219,completed,5937735
16,4,220,completed,5938860
16,4,221,completed,5939902
16,4,222,completed,5941069
16,4,223,completed,5941776
16,4,224,completed,5942652
16,4,225,completed,5746986
16,4,226,completed,5763277
16,4,227,completed,5764444
16,4,228,completed,5765610
16,4,229,completed,5766986
16,4,230,completed,5768152
16,4,231,completed,5769152
16,4,232,completed,5770693
16,4,233,completed,5772569
16,4,234,completed,5774277
16,4,235,completed,5775736
16,4,236,completed,5777360
16,4,237,completed,5778985
16,4,238,completed,5781069
16,4,239,completed,5782610
16,4,240,completed,5784443
16,4,241,completed,6145693
16,4,242,completed,6145026
16,4,243,completed,6145109
16,4,244,completed,6144943
16,4,245,completed,6144984
16,4,246,completed,6144859
16,4,247,completed,6144818
16,4,248,completed,6144984
16,4,249,completed,6145275
16,4,250,completed,6145568
16,4,251,completed,6145734
16,4,252,completed,6146650
16,4,253,completed,6146734
16,4,254,completed,6146859
16,4,255,completed,6146859
16,4,256,completed,6147067
16,4,257,completed,5971318
16,4,258,completed,5981110
16,4,259,completed,5981777
16,4,260,completed,5982734
16,4,261,completed,5983693
16,4,262,completed,5984568
16,4,263,completed,5985318
16,4,264,completed,5986234
16,4,265,completed,5987318
16,4,266,completed,5988443
16,4,267,completed,5989318
16,4,268,completed,5990818
16,4,269,completed,5991860
16,4,270,completed,5992735
16,4,271,completed,5993526
16,4,272,completed,5994401
16,4,273,completed,5948443
16,4,274,completed,5954193
16,4,275,completed,5955193
16,4,276,completed,5956360
16,4,277,completed,5957777
16,4,278,completed,5958943
16,4,279,completed,5960110
16,4,280,completed,5961693
16,4,281,completed,5963235
16,4,282,completed,5964943
16,4,283,completed,5966359
16,4,284,completed,5967943
16,4,285,completed,5969360
16,4,286,completed,5970860
16,4,287,completed,5972235
16,4,288,completed,5973693
16,4,289,completed,5930068
16,4,290,completed,5928318
16,4,291,completed,5927943
16,4,292,completed,5927693
16,4,293,completed,5927735
16,4,294,completed,5927818
16,4,295,completed,5927860
16,4,296,completed,5928193
16,4,297,completed,5928568
16,4,298,completed,5929026
16,4,299,completed,5929276
16,4,300,completed,5929860
16,4,301,completed,5930068
16,4,302,completed,5930318
16,4,303,completed,5930526
16,4,304,completed,5930693
16,4,305,completed,6011318
16,4,306,completed,6021984
16,4,307,completed,6022860
16,4,308,completed,6023360
16,4,309,completed,6024110
16,4,310,completed,6024943
16,4,311,completed,6025526
16,4,312,completed,6026443
16,4,313,completed,6027526
16,4,314,completed,6028818
16,4,315,completed,6029610
16,4,316,completed,6030777
16,4,317,completed,6031652
16,4,318,completed,6032527
16,4,319,completed,6033276
16,4,320,completed,6033943
16,4,321,completed,5911568
16,4,322,completed,5913193
16,4,323,completed,5913444
16,4,324,completed,5913860
16,4,325,completed,5914527
16,4,326,completed,5915194
16,4,327,completed,5915777
16,4,328,completed,5916360
16,4,329,completed,5917193
16,4,330,completed,5917860
16,4,331,completed,5918443
16,4,332,completed,5919526
16,4,333,completed,5920152
16,4,334,completed,5920860
16,4,335,completed,5921444
16,4,336,completed,5922318
16,4,337,completed,6044735
16,4,338,completed,6060234
16,4,339,completed,6060776
16,4,340,completed,6061568
16,4,341,completed,6062609
16,4,342,completed,6063442
16,4,343,completed,6064026
16,4,344,completed,6064901
16,4,345,completed,6065818
16,4,346,completed,6067484
16,4,347,completed,6068234
16,4,348,completed,6069276
16,4,349,completed,6070192
16,4,350,completed,6071193
16,4,351,completed,6071734
16,4,352,completed,6072526
16,4,353,completed,5339278
16,4,354,completed,5348695
16,4,355,completed,5349570
16,4,356,completed,5350486
16,4,357,completed,5351570
16,4,358,completed,5352320
16,4,359,completed,5352944
16,4,360,completed,5354111
16,4,361,completed,5355486
16,4,362,completed,5356611
16,4,363,completed,5357528
16,4,364,completed,5358736
16,4,365,completed,5359778
16,4,366,completed,5360820
16,4,367,completed,5361695
16,4,368,completed,5362778
16,4,369,completed,6489858
16,4,370,completed,6498109
16,4,371,completed,6499191
16,4,372,completed,6500484
16,4,373,completed,6502234
16,4,374,completed,6503400
16,4,375,completed,6504775
16,4,376,completed,6506441
16,4,377,completed,6508150
16,4,378,completed,6509817
16,4,379,completed,6511358
16,4,380,completed,6512899
16,4,381,completed,6514024
16,4,382,completed,6515192
16,4,383,completed,6516275
16,4,384,completed,6517650
16,4,385,completed,5917943
16,4,386,completed,5914610
16,4,387,completed,5914401
16,4,388,completed,5914694
16,4,389,completed,5915027
16,4,390,completed,5915402
16,4,391,completed,5915610
16,4,392,completed,5916027
16,4,393,completed,5916360
16,4,394,completed,5916985
16,4,395,completed,5917401
16,4,396,completed,5917818
16,4,397,completed,5918110
16,4,398,completed,5918485
16,4,399,completed,5918818
16,4,400,completed,5919152
16,4,401,completed,5977234
16,4,402,completed,5987568
16,4,403,completed,5988110
16,4,404,completed,5988485
16,4,405,completed,5989110
16,4,406,completed,5989485
16,4,407,completed,5989860
16,4,408,completed,5990985
16,4,409,completed,5991776
16,4,410,completed,5992693
16,4,411,completed,5993401
16,4,412,completed,5994443
16,4,413,completed,5995192
16,4,414,completed,5995818
16,4,415,completed,5996484
16,4,416,completed,5997068
16,4,417,completed,5959568
16,4,418,completed,5963777
16,4,419,completed,5964610
16,4,420,completed,5965235
16,4,421,completed,5966151
16,4,422,completed,5966943
16,4,423,completed,5967610
16,4,424,completed,5968652
16,4,425,completed,5969734
16,4,426,completed,5970943
16,4,427,completed,5971943
16,4,428,completed,5973027
16,4,429,completed,5974026
16,4,430,completed,5975027
16,4,431,completed,5975943
16,4,432,completed,5976860
16,4,433,completed,5968776
16,4,434,completed,5973110
16,4,435,completed,5973568
16,4,436,completed,5974110
16,4,437,completed,5974860
16,4,438,completed,5975651
16,4,439,completed,5976402
16,4,440,completed,5977234
16,4,441,completed,5978152
16,4,442,completed,5978985
16,4,443,completed,5979734
16,4,444,completed,5980568
16,4,445,completed,5981318
16,4,446,completed,5982193
16,4,447,completed,5982818
16,4,448,completed,5983402
16,4,449,completed,6044277
16,4,450,completed,6048026
16,4,451,completed,6048485
16,4,452,completed,6049151
16,4,453,completed,6049943
16,4,454,completed,6050818
16,4,455,completed,6051610
16,4,456,completed,6052443
16,4,457,completed,6053401
16,4,458,completed,6054318
16,4,459,completed,6055151
16,4,460,completed,6055984
16,4,461,completed,6056734
16,4,462,completed,6057567
16,4,463,completed,6058318
16,4,464,completed,6059318
16,4,465,completed,6052610
16,4,466,completed,6061610
16,4,467,completed,6062235
16,4,468,completed,6062860
16,4,469,completed,6063818
16,4,470,completed,6064818
16,4,471,completed,6065610
16,4,472,completed,6066734
16,4,473,completed,6067859
16,4,474,completed,6069110
16,4,475,completed,6070026
16,4,476,completed,6071193
16,4,477,completed,6072151
16,4,478,completed,6073027
16,4,479,completed,6073901
16,4,480,completed,6074734
16,4,481,completed,5839777
16,4,482,completed,5852735
16,4,483,completed,5853985
16,4,484,completed,5855069
16,4,485,completed,5856277
16,4,486,completed,5857527
16,4,487,completed,5858527
16,4,488,completed,5860193
16,4,489,completed,5861901
16,4,490,completed,5863777
16,4,491,completed,5865235
16,4,492,completed,5867110
16,4,493,completed,5868277
16,4,494,completed,5869235
16,4,495,completed,5870152
16,4,496,completed,5839443
16,4,497,completed,5883443
16,4,498,completed,5876735
16,4,499,completed,5876318
16,4,500,completed,5875860
16,4,501,completed,5875652
16,4,502,completed,5875527
16,4,503,completed,5875277
16,4,504,completed,5875402
16,4,505,completed,5875485
16,4,506,completed,5875569
16,4,507,completed,5875819
16,4,508,completed,5875693
16,4,509,completed,5875526
16,4,510,completed,5875319
16,4,511,completed,5875193
16,4,512,completed,5874735
16,4,513,completed,5885776
16,4,514,completed,5903902
16,4,515,completed,5904818
16,4,516,completed,5905943
16,4,517,completed,5907776
16,4,518,completed,5909443
16,4,519,completed,5910318
16,4,520,completed,5912110
16,4,521,completed,5913943
16,4,522,completed,5916151
16,4,523,completed,5917484
16,4,524,completed,5919193
16,4,525,completed,5920901
16,4,526,completed,5922485
16,4,527,completed,5923860
16,4,528,completed,5925526
16,4,529,completed,6183359
16,4,530,completed,6201317
16,4,531,completed,6217900
16,4,532,completed,6218734
16,4,533,completed,6220109
16,4,534,completed,6221317
16,4,535,completed,6221900
16,4,536,completed,6223150
16,4,537,completed,6224067
16,4,538,completed,6362901
16,4,539,completed,6374901
16,4,540,completed,6376900
16,4,541,completed,6378484
16,4,542,completed,6379817
16,4,543,completed,6380692
16,4,544,completed,6381442
16,4,545,completed,5849694
16,4,546,completed,5845777
16,4,547,completed,5845860
16,4,548,completed,5845943
16,4,549,completed,5847401
16,4,550,completed,5847652
16,4,551,completed,5848277
16,4,552,completed,5848777
16,4,553,completed,5849276
16,4,554,completed,5623694
16,4,555,completed,5615277
16,4,556,completed,5615819
16,4,557,completed,5611819
16,4,558,completed,5612402
16,4,559,completed,5612569
16,4,560,completed,5613027
16,4,561,completed,5972943
16,4,562,completed,5991151
16,4,563,completed,5992443
16,4,564,completed,5992860
16,4,565,completed,5994026
16,4,566,completed,5994901
16,4,567,completed,5996151
16,4,568,completed,5997109
16,4,569,completed,5998776
16,4,570,completed,6000359
16,4,571,completed,6001109
16,4,572,completed,6002276
16,4,573,completed,6003443
16,4,574,completed,6004401
16,4,575,completed,6005151
16,4,576,completed,6005818
16,4,577,completed,5710485
16,4,578,completed,5736194
16,4,579,completed,5737277
16,4,580,completed,5738402
16,4,581,completed,5739819
16,4,582,completed,5740361
16,4,583,completed,5741527
16,4,584,completed,5742444
16,4,585,completed,5743402
16,4,586,completed,5744902
16,4,587,completed,5745611
16,4,588,completed,5746777
16,4,589,completed,5747777
16,4,590,completed,5748527
16,4,591,completed,5749152
16,4,592,completed,5749735
16,4,593,completed,5870152
16,4,594,completed,5874527
16,4,595,completed,5875235
16,4,596,completed,5875568
16,4,597,completed,5875985
16,4,598,completed,5876735
16,4,599,completed,5877110
16,4,600,completed,5877985
16,4,601,completed,5878527
16,4,602,completed,5879901
16,4,603,completed,5880860
16,4,604,completed,5881527
16,4,605,completed,5882401
16,4,606,completed,5882860
16,4,607,completed,5883318
16,4,608,completed,5883776
16,4,609,completed,5987027
16,4,610,completed,5992776
16,4,611,completed,5993443
16,4,612,completed,5993734
16,4,613,completed,5994943
16,4,614,completed,5995485
16,4,615,completed,5996359
16,4,616,completed,5996943
16,4,617,completed,5997651
16,4,618,completed,5998360
16,4,619,completed,5998985
16,4,620,completed,5999609
16,4,621,completed,6000360
16,4,622,completed,6000943
16,4,623,completed,6001484
16,4,624,completed,6002318
16,4,625,completed,6021859
16,4,626,completed,6044526
16,4,627,completed,6046568
16,4,628,completed,6048276
16,4,629,completed,6050568
16,4,630,completed,6052484
16,4,631,completed,6054984
16,4,632,completed,6056651
16,4,633,completed,6059026
16,4,634,completed,6061401
16,4,635,completed,6063234
16,4,636,completed,6065359
16,4,637,completed,6067359
16,4,638,completed,6068943
16,4,639,completed,6070817
16,4,640,completed,6072317
16,4,641,completed,5879860
16,4,642,completed,5883359
16,4,643,completed,5883485
16,4,644,completed,5883693
16,4,645,completed,5884860
16,4,646,completed,5885318
16,4,647,completed,5885859
16,4,648,completed,5887026
16,4,649,completed,5887234
16,4,650,completed,5888526
16,4,651,completed,5888818
16,4,652,completed,5889318
16,4,653,completed,5889818
16,4,654,completed,5890276
16,4,655,completed,5890526
16,4,656,completed,5890860
16,4,657,completed,5962860
16,4,658,completed,5984985
16,4,659,completed,5986068
16,4,660,completed,5986443
16,4,661,completed,5987235
16,4,662,completed,5988110
16,4,663,completed,5989068
16,4,664,completed,5989734
16,4,665,completed,5992109
16,4,666,completed,5993193
16,4,667,completed,5993901
16,4,668,completed,5994734
16,4,669,completed,5995777
16,4,670,completed,5996402
16,4,671,completed,5996735
16,4,672,completed,5997026
16,4,673,completed,5872818
16,4,674,completed,5878985
16,4,675,completed,5879485
16,4,676,completed,5879818
16,4,677,completed,5880901
16,4,678,completed,5881401
16,4,679,completed,5881943
16,4,680,completed,5882776
16,4,681,completed,5883693
16,4,682,completed,5884485
16,4,683,completed,5885276
16,4,684,completed,5886026
16,4,685,completed,5886651
16,4,686,completed,5887276
16,4,687,completed,5887901
16,4,688,completed,5888151
16,4,689,completed,5945610
16,4,690,completed,5947151
16,4,691,completed,5947610
16,4,692,completed,5947985
16,4,693,completed,5948776
16,4,694,completed,5949402
16,4,695,completed,5950027
16,4,696,completed,5950735
16,4,697,completed,5951443
16,4,698,completed,5952235
16,4,699,completed,5952902
16,4,700,completed,5953568
16,4,701,completed,5954068
16,4,702,completed,5954568
16,4,703,completed,5954985
16,4,704,completed,5955610
16,4,705,completed,5982735
16,4,706,completed,5992985
16,4,707,completed,5993651
16,4,708,completed,5994318
16,4,709,completed,5995276
16,4,710,completed,5995735
16,4,711,completed,5996235
16,4,712,completed,5997152
16,4,713,completed,5998109
16,4,714,completed,5999109
16,4,715,completed,5999610
16,4,716,completed,6000485
16,4,717,completed,6000985
16,4,718,completed,6001443
16,4,719,completed,6001901
16,4,720,completed,6002318
16,4,721,completed,5915152
16,4,722,completed,5913777
16,4,723,completed,5914402
16,4,724,completed,5914610
16,4,725,completed,5915360
16,4,726,completed,5915735
16,4,727,completed,5916193
16,4,728,completed,5916694
16,4,729,completed,5917235
16,4,730,completed,5917818
16,4,731,completed,5918443
16,4,732,completed,5918944
16,4,733,completed,5919360
16,4,734,completed,5919777
16,4,735,completed,5920194
16,4,736,completed,5920402
16,4,737,completed,6702400
16,4,738,completed,6702399
16,4,739,completed,6703233
16,4,740,completed,6703441
16,4,741,completed,6704358
16,4,742,completed,6704650
16,4,743,completed,6705149
16,4,744,completed,6705524
16,4,745,completed,6706400
16,4,746,completed,6706858
16,4,747,completed,6707524
16,4,748,completed,6707899
16,4,749,completed,6708608
16,4,750,completed,6709025
16,4,751,completed,6709733
16,4,752,completed,6709983
16,4,753,completed,6260693
16,4,754,completed,6263109
16,4,755,completed,6263651
16,4,756,completed,6264109
16,4,757,completed,6265234
16,4,758,completed,6265692
16,4,759,completed,6266359
16,4,760,completed,6267192
16,4,761,completed,6267817
16,4,762,completed,6268484
16,4,763,completed,6268901
16,4,764,completed,6269359
16,4,765,completed,6269942
16,4,766,completed,6270526
16,4,767,completed,6271484
16,4,768,completed,6272068
16,4,769,completed,5575736
16,4,770,completed,5581569
16,4,771,completed,5582361
16,4,772,completed,5582902
16,4,773,completed,5584569
16,4,774,completed,5585569
16,4,775,completed,5586277
16,4,776,completed,5587486
16,4,777,completed,5587902
16,4,778,completed,5588652
16,4,779,completed,5589278
16,4,780,completed,5589944
16,4,781,completed,5590652
16,4,782,completed,5591111
16,4,783,completed,5591653
16,4,784,completed,5592653
16,4,785,completed,6436942
16,4,786,completed,6444776
16,4,787,completed,6445442
16,4,788,completed,6445983
16,4,789,completed,6447401
16,4,790,completed,6448400
16,4,791,completed,6448942
16,4,792,completed,6449692
16,4,793,completed,6450567
16,4,794,completed,6451692
16,4,795,completed,6453150
16,4,796,completed,6453734
16,4,797,completed,6454275
16,4,798,completed,6454609
16,4,799,completed,6455025
16,4,800,completed,6455525
16,4,801,completed,5957027
16,4,802,completed,5964984
16,4,803,completed,5966943
16,4,804,completed,5968651
16,4,805,completed,5971526
16,4,806,completed,5973568
16,4,807,completed,5975193
16,4,808,completed,5977235
16,4,809,completed,5979235
16,4,810,completed,5980818
16,4,811,completed,5982651
16,4,812,completed,5984068
16,4,813,completed,5985984
16,4,814,completed,5987693
16,4,815,completed,5989276
16,4,816,completed,5990984
16,4,817,completed,5934777
16,4,818,completed,5937610
16,4,819,completed,5938193
16,4,820,completed,5938860
16,4,821,completed,5939360
16,4,822,completed,5940194
16,4,823,completed,5940985
16,4,824,completed,5941526
16,4,825,completed,5942027
16,4,826,completed,5942526
16,4,827,completed,5943360
16,4,828,completed,5944235
16,4,829,completed,5944776
16,4,830,completed,5945319
16,4,831,completed,5945777
16,4,832,completed,5946443
16,4,833,completed,5975277
16,4,834,completed,5983734
16,4,835,completed,5984652
16,4,836,completed,5985651
16,4,837,completed,5987401
16,4,838,completed,5989526
16,4,839,completed,5990193
16,4,840,completed,5990901
16,4,841,completed,5991401
16,4,842,completed,5991859
16,4,843,completed,5992776
16,4,844,completed,5993901
16,4,845,completed,5994651
16,4,846,completed,5995360
16,4,847,completed,5995818
16,4,848,completed,5996860
16,4,849,completed,6323817
16,4,850,completed,6335359
16,4,851,completed,6336068
16,4,852,completed,6336650
16,4,853,completed,6337443
16,4,854,completed,6337984
16,4,855,completed,6338943
16,4,856,completed,6339943
16,4,857,completed,6340609
16,4,858,completed,6341067
16,4,859,completed,6341484
16,4,860,completed,6342234
16,4,861,completed,6343234
16,4,862,completed,6343525
16,4,863,completed,6344692
16,4,864,completed,6345317
16,4,865,completed,6708399
16,4,866,completed,6719942
16,4,867,completed,6720691
16,4,868,completed,6721024
16,4,869,completed,6721483
16,4,870,completed,6722191
16,4,871,completed,6723525
16,4,872,completed,6724608
16,4,873,completed,6725691
16,4,874,completed,6726816
16,4,875,completed,6727233
16,4,876,completed,6728067
16,4,877,completed,6729108
16,4,878,completed,6729566
16,4,879,completed,6730733
16,4,880,completed,6731608
16,4,881,completed,5856569
16,4,882,completed,5870568
16,4,883,completed,5871485
16,4,884,completed,5872485
16,4,885,completed,5873360
16,4,886,completed,5873777
16,4,887,completed,5875194
16,4,888,completed,5876068
16,4,889,completed,5876735
16,4,890,completed,5877527
16,4,891,completed,5877902
16,4,892,completed,5878610
16,4,893,completed,5879152
16,4,894,completed,5879401
16,4,895,completed,5880152
16,4,896,completed,5880027
16,4,897,completed,5528653
16,4,898,completed,5537611
16,4,899,completed,5538069
16,4,900,completed,5539236
16,4,901,completed,5540319
16,4,902,completed,5540902
16,4,903,completed,5542110
16,4,904,completed,5543277
16,4,905,completed,5544277
16,4,906,completed,5545694
16,4,907,completed,5546028
16,4,908,completed,5546902
16,4,909,completed,5547902
16,4,910,completed,5548278
16,4,911,completed,5549444
16,4,912,completed,5550235
16,4,913,completed,6254984
16,4,914,completed,6263859
16,4,915,completed,6264609
16,4,916,completed,6265234
16,4,917,completed,6265734
16,4,918,completed,6266318
16,4,919,completed,6267400
16,4,920,completed,6268526
16,4,921,completed,6269734
16,4,922,completed,6270609
16,4,923,completed,6270901
16,4,924,completed,6271901
16,4,925,completed,6272775
16,4,926,completed,6273234
16,4,927,completed,6274276
16,4,928,completed,6274734
16,4,929,completed,5985151
16,4,930,completed,6006526
16,4,931,completed,6007609
16,4,932,completed,6008485
16,4,933,completed,6009652
16,4,934,completed,6010401
16,4,935,completed,6011485
16,4,936,completed,6012651
16,4,937,completed,6013984
16,4,938,completed,6014943
16,4,939,completed,6015401
16,4,940,completed,6016359
16,4,941,completed,6018027
16,4,942,completed,6018443
16,4,943,completed,6019901
16,4,944,completed,6021068
16,4,945,completed,5956610
16,4,946,completed,5970443
16,4,947,completed,5971151
16,4,948,completed,5971609
16,4,949,completed,5972360
16,4,950,completed,5972818
16,4,951,completed,5974109
16,4,952,completed,5975651
16,4,953,completed,5976776
16,4,954,completed,5977860
16,4,955,completed,5978401
16,4,956,completed,5979610
16,4,957,completed,5980443
16,4,958,completed,5981110
16,4,959,completed,5982484
16,4,960,completed,5983568
16,4,961,completed,5661860
16,4,962,completed,5682235
16,4,963,completed,5682735
16,4,964,completed,5683277
16,4,965,completed,5683777
16,4,966,completed,5684318
16,4,967,completed,5685360
16,4,968,completed,5686360
16,4,969,completed,5687402
16,4,970,completed,5688444
16,4,971,completed,5688902
16,4,972,completed,5689694
16,4,973,completed,5690652
16,4,974,completed,5691152
16,4,975,completed,5692277
16,4,976,completed,5693110
16,4,977,completed,6187442
16,4,978,completed,6200192
16,4,979,completed,6201109
16,4,980,completed,6186443
16,4,981,completed,6187151
16,4,982,completed,6187526
16,4,983,completed,6188276
16,4,984,completed,6189317
16,4,985,completed,6190234
16,4,986,completed,6191025
16,4,987,completed,6191484
16,4,988,completed,6192275
16,4,989,completed,6193901
16,4,990,completed,6194192
16,4,991,completed,6195568
16,4,992,completed,6196692
16,4,993,completed,5845360
16,4,994,completed,5856401
16,4,995,completed,5857277
16,4,996,completed,5858110
16,4,997,completed,5859319
16,4,998,completed,5859818
16,4,999,completed,5861068
16,4,1000,completed,5862318
16,4,1001,completed,5863360
16,4,1002,completed,5864735
16,4,1003,completed,5865193
16,4,1004,completed,5866194
16,4,1005,completed,5867027
16,4,1006,completed,5867526
16,4,1007,completed,5868944
16,4,1008,completed,5835277
16,4,1009,completed,7283523
16,4,1010,completed,7284940
16,4,1011,completed,7285648
16,4,1012,completed,7286481
16,4,1013,completed,7288023
16,4,1014,completed,7289898
16,4,1015,completed,7290815
16,4,1016,completed,7291523
16,4,1017,completed,7292607
16,4,1018,completed,7293565
16,4,1019,completed,7294064
16,4,1020,completed,7295607
16,4,1021,completed,7296648
16,4,1022,completed,7297606
16,4,1023,completed,7298023
16,4,1024,completed,7299189
16,4,1025,completed,8627895
16,4,1026,completed,8635436
16,4,1027,completed,8636228
16,4,1028,completed,8637561
16,4,1029,completed,8660228
16,4,1030,completed,8662603
16,4,1031,completed,8663520
16,4,1032,completed,8664311
16,4,1033,completed,8665436
16,4,1034,completed,8666603
16,4,1035,completed,8667270
16,4,1036,completed,8668353
16,4,1037,completed,8669478
16,4,1038,completed,8689978
16,4,1039,completed,8691353
16,4,1040,completed,8692603
16,4,1041,completed,7001983
16,4,1042,completed,7017691
16,4,1043,completed,7025982
16,4,1044,completed,7031648
16,4,1045,completed,7038107
16,4,1046,completed,7044190
16,4,1047,completed,7049899
16,4,1048,completed,7055065
16,4,1049,completed,7060274
16,4,1050,completed,7066482
16,4,1051,completed,7071149
16,4,1052,completed,7076232
16,4,1053,completed,7081024
16,4,1054,completed,7085440
16,4,1055,completed,7089732
16,4,1056,completed,7095232
16,4,1057,completed,6026818
16,4,1058,completed,6022818
16,4,1059,completed,6018110
16,4,1060,completed,6013443
16,4,1061,completed,6007943
16,4,1062,completed,6002484
16,4,1063,completed,5997902
16,4,1064,completed,5993734
16,4,1065,completed,5988360
16,4,1066,completed,5983651
16,4,1067,completed,5980193
16,4,1068,completed,5976068
16,4,1069,completed,5972109
16,4,1070,completed,5968235
16,4,1071,completed,5964902
16,4,1072,completed,5959984
16,4,1073,completed,5960068
16,4,1074,completed,5964068
16,4,1075,completed,5965068
16,4,1076,completed,5966068
16,4,1077,completed,5966609
16,4,1078,completed,5967443
16,4,1079,completed,5967777
16,4,1080,completed,5968443
16,4,1081,completed,5968985
16,4,1082,completed,5969693
16,4,1083,completed,5970360
16,4,1084,completed,5971026
16,4,1085,completed,5971610
16,4,1086,completed,5972735
16,4,1087,completed,5973276
16,4,1088,completed,5973901
16,4,1089,completed,5987652
16,4,1090,completed,5992151
16,4,1091,completed,5992651
16,4,1092,completed,5993776
16,4,1093,completed,5995318
16,4,1094,completed,5995818
16,4,1095,completed,5997026
16,4,1096,completed,5997818
16,4,1097,completed,5998485
16,4,1098,completed,5999235
16,4,1099,completed,6000235
16,4,1100,completed,6000984
16,4,1101,completed,6002151
16,4,1102,completed,6002901
16,4,1103,completed,6004152
16,4,1104,completed,6005526
16,4,1105,completed,6031359
16,4,1106,completed,6036484
16,4,1107,completed,6037484
16,4,1108,completed,6038526
16,4,1109,completed,6040318
16,4,1110,completed,6040943
16,4,1111,completed,6041818
16,4,1112,completed,6042693
16,4,1113,completed,6043276
16,4,1114,completed,6044067
16,4,1115,completed,6044817
16,4,1116,completed,6045401
16,4,1117,completed,6046443
16,4,1118,completed,6047276
16,4,1119,completed,6047818
16,4,1120,completed,6049109
16,4,1121,completed,6388817
16,4,1122,completed,6396984
16,4,1123,completed,6398192
16,4,1124,completed,6398901
16,4,1125,completed,6401150
16,4,1126,completed,6401734
16,4,1127,completed,6402609
16,4,1128,completed,6403775
16,4,1129,completed,6404983
16,4,1130,completed,6405609
16,4,1131,completed,6406817
16,4,1132,completed,6407401
16,4,1133,completed,6408567
16,4,1134,completed,6409734
16,4,1135,completed,6410525
16,4,1136,completed,6411650
16,4,1137,completed,7449439
16,4,1138,completed,7457314
16,4,1139,completed,7458439
16,4,1140,completed,7459189
16,4,1141,completed,7461230
16,4,1142,completed,7462148
16,4,1143,completed,7462814
16,4,1144,completed,7463772
16,4,1145,completed,7464606
16,4,1146,completed,7465314
16,4,1147,completed,7467023
16,4,1148,completed,7468022
16,4,1149,completed,7469522
16,4,1150,completed,7470856
16,4,1151,completed,7471731
16,4,1152,completed,7472856
16,4,1153,completed,5995776
16,4,1154,completed,5999985
16,4,1155,completed,6000943
16,4,1156,completed,6001901
16,4,1157,completed,6003610
16,4,1158,completed,6004193
16,4,1159,completed,6004860
16,4,1160,completed,6005734
16,4,1161,completed,6006568
16,4,1162,completed,6007485
16,4,1163,completed,6008610
16,4,1164,completed,6009276
16,4,1165,completed,6010318
16,4,1166,completed,6011651
16,4,1167,completed,6012401
16,4,1168,completed,6013777
16,4,1169,completed,5932485
16,4,1170,completed,5938359
16,4,1171,completed,5939360
16,4,1172,completed,5939943
16,4,1173,completed,5941443
16,4,1174,completed,5943068
16,4,1175,completed,5944318
16,4,1176,completed,5945526
16,4,1177,completed,5946276
16,4,1178,completed,5947443
16,4,1179,completed,5948026
16,4,1180,completed,5949234
16,4,1181,completed,5950402
16,4,1182,completed,5951526
16,4,1183,completed,5952193
16,4,1184,completed,5953776
16,4,1185,completed,6067859
16,4,1186,completed,6073735
16,4,1187,completed,6074818
16,4,1188,completed,6075484
16,4,1189,completed,6077110
16,4,1190,completed,6078276
16,4,1191,completed,6079110
16,4,1192,completed,6080401
16,4,1193,completed,6081734
16,4,1194,completed,6082526
16,4,1195,completed,6083735
16,4,1196,completed,6084985
16,4,1197,completed,6086192
16,4,1198,completed,6087401
16,4,1199,completed,6088359
16,4,1200,completed,6089235
16,4,1201,completed,5963068
16,4,1202,completed,5982901
16,4,1203,completed,5983902
16,4,1204,completed,5984818
16,4,1205,completed,5986652
16,4,1206,completed,5987693
16,4,1207,completed,5989109
16,4,1208,completed,5990402
16,4,1209,completed,5991318
16,4,1210,completed,5992443
16,4,1211,completed,5993110
16,4,1212,completed,5994776
16,4,1213,completed,5995359
16,4,1214,completed,5995943
16,4,1215,completed,5996776
16,4,1216,completed,5997318
16,4,1217,completed,5912901
16,4,1218,completed,5889360
16,4,1219,completed,5890318
16,4,1220,completed,5890735
16,4,1221,completed,5892610
16,4,1222,completed,5893609
16,4,1223,completed,5894401
16,4,1224,completed,5895568
16,4,1225,completed,5896818
16,4,1226,completed,5897609
16,4,1227,completed,5898526
16,4,1228,completed,5899568
16,4,1229,completed,5900943
16,4,1230,completed,5901610
16,4,1231,completed,5903152
16,4,1232,completed,5904402
16,4,1233,completed,5976027
16,4,1234,completed,5979152
16,4,1235,completed,5980026
16,4,1236,completed,5980984
16,4,1237,completed,5982610
16,4,1238,completed,5983651
16,4,1239,completed,5984776
16,4,1240,completed,5986068
16,4,1241,completed,5987443
16,4,1242,completed,5988443
16,4,1243,completed,5989359
16,4,1244,completed,5990485
16,4,1245,completed,5991610
16,4,1246,completed,5992276
16,4,1247,completed,6016652
16,4,1248,completed,6018318
16,4,1249,completed,5996902
16,4,1250,completed,6003109
16,4,1251,completed,6003860
16,4,1252,completed,6004651
16,4,1253,completed,6006027
16,4,1254,completed,6006860
16,4,1255,completed,6007651
16,4,1256,completed,6008818
16,4,1257,completed,6009860
16,4,1258,completed,6010360
16,4,1259,completed,6011443
16,4,1260,completed,6012401
16,4,1261,completed,6013401
16,4,1262,completed,6013901
16,4,1263,completed,6015192
16,4,1264,completed,6016109
16,4,1265,completed,5857276
16,4,1266,completed,5863152
16,4,1267,completed,5864443
16,4,1268,completed,5864985
16,4,1269,completed,5866985
16,4,1270,completed,5867777
16,4,1271,completed,5868776
16,4,1272,completed,5870152
16,4,1273,completed,5871235
16,4,1274,completed,5872151
16,4,1275,completed,5873027
16,4,1276,completed,5874277
16,4,1277,completed,5875693
16,4,1278,completed,5876235
16,4,1279,completed,5877568
16,4,1280,completed,5878943
16,4,1281,completed,6044527
16,4,1282,completed,6058651
16,4,1283,completed,6063692
16,4,1284,completed,6070276
16,4,1285,completed,6076734
16,4,1286,completed,6081818
16,4,1287,completed,6087568
16,4,1288,completed,6092401
16,4,1289,completed,6097067
16,4,1290,completed,6101151
16,4,1291,completed,6105442
16,4,1292,completed,6110068
16,4,1293,completed,6114359
16,4,1294,completed,6118568
16,4,1295,completed,6122817
16,4,1296,completed,6127401
16,4,1297,completed,5867568
16,4,1298,completed,5865777
16,4,1299,completed,5860068
16,4,1300,completed,5855735
16,4,1301,completed,5850943
16,4,1302,completed,5845860
16,4,1303,completed,5841485
16,4,1304,completed,5837569
16,4,1305,completed,5833777
16,4,1306,completed,5830235
16,4,1307,completed,5826735
16,4,1308,completed,5822860
16,4,1309,completed,5819151
16,4,1310,completed,5815902
16,4,1311,completed,5812694
16,4,1312,completed,5809027
16,4,1313,completed,5957651
16,4,1314,completed,5961943
16,4,1315,completed,5963151
16,4,1316,completed,5963860
16,4,1317,completed,5964860
16,4,1318,completed,5965443
16,4,1319,completed,5966734
16,4,1320,completed,5967901
16,4,1321,completed,5968610
16,4,1322,completed,5969360
16,4,1323,completed,5970068
16,4,1324,completed,5971318
16,4,1325,completed,5972068
16,4,1326,completed,5972777
16,4,1327,completed,5973568
16,4,1328,completed,5974193
16,4,1329,completed,5690360
16,4,1330,completed,5689902
16,4,1331,completed,5690194
16,4,1332,completed,5690652
16,4,1333,completed,5691569
16,4,1334,completed,5692068
16,4,1335,completed,5692986
16,4,1336,completed,5693694
16,4,1337,completed,5694277
16,4,1338,completed,5694944
16,4,1339,completed,5695569
16,4,1340,completed,5696527
16,4,1341,completed,5697111
16,4,1342,completed,5697652
16,4,1343,completed,5698027
16,4,1344,completed,5698485
16,4,1345,completed,6209193
16,4,1346,completed,6211317
16,4,1347,completed,6211567
16,4,1348,completed,6212109
16,4,1349,completed,6213150
16,4,1350,completed,6213901
16,4,1351,completed,6214567
16,4,1352,completed,6215068
16,4,1353,completed,6215443
16,4,1354,completed,6216275
16,4,1355,completed,6216859
16,4,1356,completed,6217442
16,4,1357,completed,6218484
16,4,1358,completed,6218942
16,4,1359,completed,6219609
16,4,1360,completed,6220234
16,4,1361,completed,5910610
16,4,1362,completed,5912110
16,4,1363,completed,5912277
16,4,1364,completed,5912693
16,4,1365,completed,5930610
16,4,1366,completed,5932485
16,4,1367,completed,5932818
16,4,1368,completed,5933401
16,4,1369,completed,5934110
16,4,1370,completed,5934860
16,4,1371,completed,5935569
16,4,1372,completed,5936360
16,4,1373,completed,5936985
16,4,1374,completed,5937735
16,4,1375,completed,5938194
16,4,1376,completed,5939027
16,4,1377,completed,6054110
16,4,1378,completed,6058568
16,4,1379,completed,6059026
16,4,1380,completed,6059235
16,4,1381,completed,6060026
16,4,1382,completed,6060651
16,4,1383,completed,6060943
16,4,1384,completed,6061526
16,4,1385,completed,6062318
16,4,1386,completed,6063151
16,4,1387,completed,6063734
16,4,1388,completed,6064276
16,4,1389,completed,6065318
16,4,1390,completed,6066234
16,4,1391,completed,6066651
16,4,1392,completed,6067526
16,4,1393,completed,6081526
16,4,1394,completed,6087943
16,4,1395,completed,6088859
16,4,1396,completed,6090068
16,4,1397,completed,6091318
16,4,1398,completed,6092984
16,4,1399,completed,6093693
16,4,1400,completed,6095359
16,4,1401,completed,6096817
16,4,1402,completed,6097693
16,4,1403,completed,6098943
16,4,1404,completed,6099776
16,4,1405,completed,6101526
16,4,1406,completed,6102859
16,4,1407,completed,6103567
16,4,1408,completed,6104609
16,4,1409,completed,5893360
16,4,1410,completed,5898776
16,4,1411,completed,5899610
16,4,1412,completed,5900527
16,4,1413,completed,5901777
16,4,1414,completed,5903402
16,4,1415,completed,5904068
16,4,1416,completed,5905026
16,4,1417,completed,5906485
16,4,1418,completed,5907235
16,4,1419,completed,5908193
16,4,1420,completed,5908651
16,4,1421,completed,5910443
16,4,1422,completed,5911485
16,4,1423,completed,5911985
16,4,1424,completed,5912776
16,4,1425,completed,6023235
16,4,1426,completed,6038151
16,4,1427,completed,6043276
16,4,1428,completed,6049276
16,4,1429,completed,6054693
16,4,1430,completed,6060026
16,4,1431,completed,6064068
16,4,1432,completed,6069109
16,4,1433,completed,6073692
16,4,1434,completed,6078026
16,4,1435,completed,6082359
16,4,1436,completed,6086443
16,4,1437,completed,6090734
16,4,1438,completed,6095026
16,4,1439,completed,6099401
16,4,1440,completed,6103901
16,4,1441,completed,5654402
16,4,1442,completed,5651944
16,4,1443,completed,5646819
16,4,1444,completed,5642693
16,4,1445,completed,5638611
16,4,1446,completed,5634193
16,4,1447,completed,5630985
16,4,1448,completed,5627027
16,4,1449,completed,5623569
16,4,1450,completed,5620069
16,4,1451,completed,5616403
16,4,1452,completed,5613236
16,4,1453,completed,5609944
16,4,1454,completed,5606944
16,4,1455,completed,5603485
16,4,1456,completed,5600902
16,4,1457,completed,6216359
16,4,1458,completed,6219651
16,4,1459,completed,6220651
16,4,1460,completed,6221526
16,4,1461,completed,6222818
16,4,1462,completed,6223776
16,4,1463,completed,6224609
16,4,1464,completed,6225359
16,4,1465,completed,6226193
16,4,1466,completed,6226942
16,4,1467,completed,6227609
16,4,1468,completed,6228609
16,4,1469,completed,6229859
16,4,1470,completed,6230692
16,4,1471,completed,6231734
16,4,1472,completed,6232734
16,4,1473,completed,5462444
16,4,1474,completed,5469361
16,4,1475,completed,5470570
16,4,1476,completed,5471695
16,4,1477,completed,5473236
16,4,1478,completed,5474945
16,4,1479,completed,5476278
16,4,1480,completed,5477527
16,4,1481,completed,5478445
16,4,1482,completed,5479569
16,4,1483,completed,5480819
16,4,1484,completed,5481695
16,4,1485,completed,5482653
16,4,1486,completed,5483527
16,4,1487,completed,5484445
16,4,1488,completed,5485820
16,4,1489,completed,6483983
16,4,1490,completed,6487609
16,4,1491,completed,6488067
16,4,1492,completed,6488567
16,4,1493,completed,6489442
16,4,1494,completed,6490483
16,4,1495,completed,6490858
16,4,1496,completed,6491692
16,4,1497,completed,6492400
16,4,1498,completed,6492484
16,4,1499,completed,6493358
16,4,1500,completed,6494066
16,4,1501,completed,6494400
16,4,1502,completed,6494650
16,4,1503,completed,6495317
16,4,1504,completed,6495734
16,4,1505,completed,5988693
16,4,1506,completed,5993068
16,4,1507,completed,5993943
16,4,1508,completed,5994985
16,4,1509,completed,5996276
16,4,1510,completed,5997485
16,4,1511,completed,5997901
16,4,1512,completed,5998526
16,4,1513,completed,5999527
16,4,1514,completed,5999985
16,4,1515,completed,6000984
16,4,1516,completed,6002193
16,4,1517,completed,6003235
16,4,1518,completed,6003901
16,4,1519,completed,6005068
16,4,1520,completed,6005859
16,4,1521,completed,6061484
16,4,1522,completed,6068693
16,4,1523,completed,6070443
16,4,1524,completed,6071401
16,4,1525,completed,6072860
16,4,1526,completed,6073484
16,4,1527,completed,6074610
16,4,1528,completed,6075734
16,4,1529,completed,6076818
16,4,1530,completed,6077735
16,4,1531,completed,6078943
16,4,1532,completed,6079526
16,4,1533,completed,6080109
16,4,1534,completed,6081110
16,4,1535,completed,6081652
16,4,1536,completed,6083151
16,4,1537,completed,5892984
16,4,1538,completed,5901610
16,4,1539,completed,5902943
16,4,1540,completed,5904402
16,4,1541,completed,5906235
16,4,1542,completed,5907568
16,4,1543,completed,5908902
16,4,1544,completed,5910110
16,4,1545,completed,5910735
16,4,1546,completed,5912485
16,4,1547,completed,5913652
16,4,1548,completed,5914193
16,4,1549,completed,5915276
16,4,1550,completed,5916569
16,4,1551,completed,5917027
16,4,1552,completed,5918318
16,4,1553,completed,5971484
16,4,1554,completed,5977901
16,4,1555,completed,5979485
16,4,1556,completed,5980693
16,4,1557,completed,5981985
16,4,1558,completed,5983443
16,4,1559,completed,5983818
16,4,1560,completed,5985401
16,4,1561,completed,5986652
16,4,1562,completed,5987693
16,4,1563,completed,5989151
16,4,1564,completed,5990277
16,4,1565,completed,5991526
16,4,1566,completed,5992318
16,4,1567,completed,5993360
16,4,1568,completed,5994110
16,4,1569,completed,5869444
16,4,1570,completed,5874568
16,4,1571,completed,5875360
16,4,1572,completed,5876109
16,4,1573,completed,5878235
16,4,1574,completed,5878526
16,4,1575,completed,5879985
16,4,1576,completed,5881568
16,4,1577,completed,5882318
16,4,1578,completed,5883443
16,4,1579,completed,5884735
16,4,1580,completed,5885984
16,4,1581,completed,5887152
16,4,1582,completed,5887985
16,4,1583,completed,5888734
16,4,1584,completed,5889568
16,4,1585,completed,5895402
16,4,1586,completed,5892527
16,4,1587,completed,5893027
16,4,1588,completed,5893318
16,4,1589,completed,5893735
16,4,1590,completed,5894360
16,4,1591,completed,5894777
16,4,1592,completed,5895194
16,4,1593,completed,5895860
16,4,1594,completed,5896485
16,4,1595,completed,5896943
16,4,1596,completed,5897360
16,4,1597,completed,5897860
16,4,1598,completed,5898235
16,4,1599,completed,5898860
16,4,1600,completed,5899151
16,4,1601,completed,6074318
16,4,1602,completed,6080943
16,4,1603,completed,6082110
16,4,1604,completed,6083360
16,4,1605,completed,6085401
16,4,1606,completed,6086526
16,4,1607,completed,6087359
16,4,1608,completed,6088360
16,4,1609,completed,6089151
16,4,1610,completed,6090234
16,4,1611,completed,6090776
16,4,1612,completed,6091568
16,4,1613,completed,6092942
16,4,1614,completed,6093568
16,4,1615,completed,6094360
16,4,1616,completed,6095609
16,4,1617,completed,5994859
16,4,1618,completed,5995568
16,4,1619,completed,5996443
16,4,1620,completed,5997193
16,4,1621,completed,5998360
16,4,1622,completed,5999443
16,4,1623,completed,6000526
16,4,1624,completed,6001568
16,4,1625,completed,6002526
16,4,1626,completed,6003526
16,4,1627,completed,6004484
16,4,1628,completed,6005527
16,4,1629,completed,6006902
16,4,1630,completed,6007860
16,4,1631,completed,6008651
16,4,1632,completed,6010152
16,4,1633,completed,5896735
16,4,1634,completed,5902444
16,4,1635,completed,5903944
16,4,1636,completed,5905527
16,4,1637,completed,5907319
16,4,1638,completed,5908818
16,4,1639,completed,5910194
16,4,1640,completed,5911818
16,4,1641,completed,5913360
16,4,1642,completed,5914985
16,4,1643,completed,5916443
16,4,1644,completed,5917985
16,4,1645,completed,5919985
16,4,1646,completed,5921527
16,4,1647,completed,5923110
16,4,1648,completed,5924776
16,4,1649,completed,6078068
16,4,1650,completed,6080401
16,4,1651,completed,6080776
16,4,1652,completed,6080984
16,4,1653,completed,6081901
16,4,1654,completed,6082609
16,4,1655,completed,6083193
16,4,1656,completed,6083776
16,4,1657,completed,6084276
16,4,1658,completed,6084859
16,4,1659,completed,6085359
16,4,1660,completed,6085735
16,4,1661,completed,6086609
16,4,1662,completed,6087526
16,4,1663,completed,6087860
16,4,1664,completed,6088943
16,4,1665,completed,5607027
16,4,1666,completed,5610111
16,4,1667,completed,5610152
16,4,1668,completed,5610486
16,4,1669,completed,5611486
16,4,1670,completed,5612735
16,4,1671,completed,5613236
16,4,1672,completed,5613819
16,4,1673,completed,5614485
16,4,1674,completed,5614986
16,4,1675,completed,5614986
16,4,1676,completed,5615444
16,4,1677,completed,5616027
16,4,1678,completed,5616069
16,4,1679,completed,5616361
16,4,1680,completed,5616611
16,4,1681,completed,6124067
16,4,1682,completed,6121860
16,4,1683,completed,6122485
16,4,1684,completed,6122776
16,4,1685,completed,6123276
16,4,1686,completed,6123401
16,4,1687,completed,6123818
16,4,1688,completed,6124484
16,4,1689,completed,6124985
16,4,1690,completed,6125651
16,4,1691,completed,6126484
16,4,1692,completed,6127235
16,4,1693,completed,6127901
16,4,1694,completed,6128443
16,4,1695,completed,6128901
16,4,1696,completed,6129442
16,4,1697,completed,5935902
16,4,1698,completed,5938735
16,4,1699,completed,5939402
16,4,1700,completed,5940318
16,4,1701,completed,5941277
16,4,1702,completed,5941943
16,4,1703,completed,5942568
16,4,1704,completed,5943319
16,4,1705,completed,5944193
16,4,1706,completed,5944860
16,4,1707,completed,5945735
16,4,1708,completed,5946526
16,4,1709,completed,5947444
16,4,1710,completed,5948235
16,4,1711,completed,5949026
16,4,1712,completed,5949985
16,4,1713,completed,6153610
16,4,1714,completed,6167442
16,4,1715,completed,6169942
16,4,1716,completed,6171693
16,4,1717,completed,6174401
16,4,1718,completed,6176943
16,4,1719,completed,6179067
16,4,1720,completed,6181026
16,4,1721,completed,6182484
16,4,1722,completed,6184776
16,4,1723,completed,6186026
16,4,1724,completed,6187776
16,4,1725,completed,6189942
16,4,1726,completed,6191859
16,4,1727,completed,6193026
16,4,1728,completed,6194943
16,4,1729,completed,5878901
16,4,1730,completed,5878609
16,4,1731,completed,5878610
16,4,1732,completed,5879193
16,4,1733,completed,5880110
16,4,1734,completed,5880735
16,4,1735,completed,5881152
16,4,1736,completed,5881902
16,4,1737,completed,5882276
16,4,1738,completed,5882985
16,4,1739,completed,5883985
16,4,1740,completed,5884943
16,4,1741,completed,5885526
16,4,1742,completed,5886110
16,4,1743,completed,5886610
16,4,1744,completed,5887276
16,4,1745,completed,5997776
16,4,1746,completed,6002193
16,4,1747,completed,6002901
16,4,1748,completed,6003359
16,4,1749,completed,6004360
16,4,1750,completed,6005360
16,4,1751,completed,6005901
16,4,1752,completed,6006360
16,4,1753,completed,6006943
16,4,1754,completed,6007610
16,4,1755,completed,6008527
16,4,1756,completed,6009359
16,4,1757,completed,6010110
16,4,1758,completed,6010401
16,4,1759,completed,6011318
16,4,1760,completed,6011818
16,4,1761,completed,5908485
16,4,1762,completed,5886818
16,4,1763,completed,5887152
16,4,1764,completed,5887485
16,4,1765,completed,5888776
16,4,1766,completed,5889276
16,4,1767,completed,5889652
16,4,1768,completed,5890318
16,4,1769,completed,5890818
16,4,1770,completed,5891485
16,4,1771,completed,5892026
16,4,1772,completed,5892818
16,4,1773,completed,5893360
16,4,1774,completed,5893776
16,4,1775,completed,5894777
16,4,1776,completed,5895443
16,4,1777,completed,5981651
16,4,1778,completed,5984902
16,4,1779,completed,5985651
16,4,1780,completed,5986152
16,4,1781,completed,5987277
16,4,1782,completed,5988526
16,4,1783,completed,5989360
16,4,1784,completed,5990151
16,4,1785,completed,5991151
16,4,1786,completed,5992068
16,4,1787,completed,5993234
16,4,1788,completed,5994276
16,4,1789,completed,5995235
16,4,1790,completed,5995943
16,4,1791,completed,5996943
16,4,1792,completed,5997609
16,4,1793,completed,5975693
16,4,1794,completed,5983526
16,4,1795,completed,5984609
16,4,1796,completed,5985568
16,4,1797,completed,5987568
16,4,1798,completed,5989193
16,4,1799,completed,5990151
16,4,1800,completed,5991193
16,4,1801,completed,5992318
16,4,1802,completed,5993610
16,4,1803,completed,5995360
16,4,1804,completed,5997360
16,4,1805,completed,5998651
16,4,1806,completed,5999693
16,4,1807,completed,6001109
16,4,1808,completed,6002401
16,4,1809,completed,5923109
16,4,1810,completed,5922193
16,4,1811,completed,5922777
16,4,1812,completed,5923568
16,4,1813,completed,5924568
16,4,1814,completed,5925443
16,4,1815,completed,5926151
16,4,1816,completed,5927151
16,4,1817,completed,5928110
16,4,1818,completed,5928985
16,4,1819,completed,5929860
16,4,1820,completed,5930651
16,4,1821,completed,5931568
16,4,1822,completed,5932110
16,4,1823,completed,5933027
16,4,1824,completed,5933652
16,4,1825,completed,6079068
16,4,1826,completed,6084651
16,4,1827,completed,6085109
16,4,1828,completed,6085734
16,4,1829,completed,6086692
16,4,1830,completed,6087693
16,4,1831,completed,6088401
16,4,1832,completed,6088860
16,4,1833,completed,6089401
16,4,1834,completed,6090151
16,4,1835,completed,6090943
16,4,1836,completed,6091860
16,4,1837,completed,6092693
16,4,1838,completed,6092984
16,4,1839,completed,6093817
16,4,1840,completed,6094567
16,4,1841,completed,5701569
16,4,1842,completed,5704693
16,4,1843,completed,5705819
16,4,1844,completed,5706610
16,4,1845,completed,5708027
16,4,1846,completed,5708819
16,4,1847,completed,5709777
16,4,1848,completed,5710986
16,4,1849,completed,5712485
16,4,1850,completed,5713610
16,4,1851,completed,5714652
16,4,1852,completed,5715736
16,4,1853,completed,5716861
16,4,1854,completed,5718068
16,4,1855,completed,5719402
16,4,1856,completed,5719902
16,4,1857,completed,6118192
16,4,1858,completed,6119318
16,4,1859,completed,6120192
16,4,1860,completed,6121401
16,4,1861,completed,6122609
16,4,1862,completed,6123693
16,4,1863,completed,6124859
16,4,1864,completed,6125860
16,4,1865,completed,6126985
16,4,1866,completed,6127984
16,4,1867,completed,6128984
16,4,1868,completed,6129984
16,4,1869,completed,6131026
16,4,1870,completed,6131984
16,4,1871,completed,6133109
16,4,1872,completed,6134276
16,4,1873,completed,5495028
16,4,1874,completed,5502694
16,4,1875,completed,5504111
16,4,1876,completed,5505527
16,4,1877,completed,5507361
16,4,1878,completed,5508652
16,4,1879,completed,5510152
16,4,1880,completed,5511778
16,4,1881,completed,5513402
16,4,1882,completed,5514735
16,4,1883,completed,5515986
16,4,1884,completed,5516985
16,4,1885,completed,5518069
16,4,1886,completed,5519069
16,4,1887,completed,5520819
16,4,1888,completed,5521819
16,4,1889,completed,6387942
16,4,1890,completed,6386609
16,4,1891,completed,6386859
16,4,1892,completed,6387109
16,4,1893,completed,6387901
16,4,1894,completed,6388151
16,4,1895,completed,6388484
16,4,1896,completed,6389025
16,4,1897,completed,6389650
16,4,1898,completed,6390109
16,4,1899,completed,6390775
16,4,1900,completed,6391192
16,4,1901,completed,6392067
16,4,1902,completed,6392526
16,4,1903,completed,6393025
16,4,1904,completed,6393484
16,4,1905,completed,6098318
16,4,1906,completed,6104984
16,4,1907,completed,6105985
16,4,1908,completed,6106526
16,4,1909,completed,6108109
16,4,1910,completed,6109067
16,4,1911,completed,6111068
16,4,1912,completed,6111776
16,4,1913,completed,6113234
16,4,1914,completed,6114109
16,4,1915,completed,6115401
16,4,1916,completed,6116484
16,4,1917,completed,6117776
16,4,1918,completed,6118526
16,4,1919,completed,6119818
16,4,1920,completed,6124318
16,4,1921,completed,5986985
16,4,1922,completed,5989943
16,4,1923,completed,5990151
16,4,1924,completed,5991026
16,4,1925,completed,5992734
16,4,1926,completed,5994443
16,4,1927,completed,5995151
16,4,1928,completed,5995818
16,4,1929,completed,5996901
16,4,1930,completed,5998192
16,4,1931,completed,5999026
16,4,1932,completed,5999776
16,4,1933,completed,6000943
16,4,1934,completed,6001651
16,4,1935,completed,6002692
16,4,1936,completed,6003609
16,4,1937,completed,5888402
16,4,1938,completed,5894610
16,4,1939,completed,5896276
16,4,1940,completed,5898235
16,4,1941,completed,5900943
16,4,1942,completed,5902610
16,4,1943,completed,5904735
16,4,1944,completed,5906693
16,4,1945,completed,5908402
16,4,1946,completed,5910319
16,4,1947,completed,5912193
16,4,1948,completed,5913943
16,4,1949,completed,5916110
16,4,1950,completed,5917819
16,4,1951,completed,5920443
16,4,1952,completed,5922360
16,4,1953,completed,5935735
16,4,1954,completed,5939235
16,4,1955,completed,5939943
16,4,1956,completed,5941026
16,4,1957,completed,5942484
16,4,1958,completed,5943609
16,4,1959,completed,5944359
16,4,1960,completed,5945485
16,4,1961,completed,5946026
16,4,1962,completed,5947110
16,4,1963,completed,5947860
16,4,1964,completed,5948401
16,4,1965,completed,5949360
16,4,1966,completed,5950068
16,4,1967,completed,5951234
16,4,1968,completed,5952277
16,4,1969,completed,5983026
16,4,1970,completed,5990234
16,4,1971,completed,5991776
16,4,1972,completed,5993651
16,4,1973,completed,5995902
16,4,1974,completed,5997568
16,4,1975,completed,5999359
16,4,1976,completed,6001027
16,4,1977,completed,6002235
16,4,1978,completed,6003984
16,4,1979,completed,6005235
16,4,1980,completed,6006609
16,4,1981,completed,6008401
16,4,1982,completed,6009610
16,4,1983,completed,6011276
16,4,1984,completed,6012692
16,4,1985,completed,5875027
16,4,1986,completed,5874402
16,4,1987,completed,5874652
16,4,1988,completed,5875568
16,4,1989,completed,5876651
16,4,1990,completed,5876985
16,4,1991,completed,5877610
16,4,1992,completed,5878568
16,4,1993,completed,5878818
16,4,1994,completed,5879069
16,4,1995,completed,5879152
16,4,1996,completed,5879194
16,4,1997,completed,5879777
16,4,1998,completed,5879902
16,4,1999,completed,5880610
16,4,2000,completed,5880860
16,4,2001,completed,5967943
16,4,2002,completed,5971193
16,4,2003,completed,5972193
16,4,2004,completed,5972943
16,4,2005,completed,5974360
16,4,2006,completed,5975443
16,4,2007,completed,5976568
16,4,2008,completed,5978027
16,4,2009,completed,5979110
16,4,2010,completed,5980402
16,4,2011,completed,5981484
16,4,2012,completed,5982776
16,4,2013,completed,5984360
16,4,2014,completed,5985527
16,4,2015,completed,5987026
16,4,2016,completed,5988443
16,4,2017,completed,5961901
16,4,2018,completed,5968152
16,4,2019,completed,5969276
16,4,2020,completed,5970401
16,4,2021,completed,5972318
16,4,2022,completed,5973859
16,4,2023,completed,5974943
16,4,2024,completed,5976401
16,4,2025,completed,5977068
16,4,2026,completed,5978110
16,4,2027,completed,5978943
16,4,2028,completed,5979735
16,4,2029,completed,5980943
16,4,2030,completed,5981610
16,4,2031,completed,5982859
16,4,2032,completed,5983860
16,4,2033,completed,5977902
16,4,2034,completed,5980818
16,4,2035,completed,5982026
16,4,2036,completed,5983235
16,4,2037,completed,5984860
16,4,2038,completed,5986026
16,4,2039,completed,5987401
16,4,2040,completed,5988777
16,4,2041,completed,5989651
16,4,2042,completed,5990693
16,4,2043,completed,5991943
16,4,2044,completed,5993318
16,4,2045,completed,5994568
16,4,2046,completed,5995484
16,4,2047,completed,5996652
16,4,2048,completed,5997943
16,4,2049,completed,6110276
16,4,2050,completed,6116151
16,4,2051,completed,6117068
16,4,2052,completed,6118485
16,4,2053,completed,6120276
16,4,2054,completed,6121776
16,4,2055,completed,6123193
16,4,2056,completed,6124567
16,4,2057,completed,6125610
16,4,2058,completed,6126776
16,4,2059,completed,6127901
16,4,2060,completed,6129109
16,4,2061,completed,6130359
16,4,2062,completed,6131359
16,4,2063,completed,6132776
16,4,2064,completed,6134026
16,4,2065,completed,5791401
16,4,2066,completed,5795277
16,4,2067,completed,5796735
16,4,2068,completed,5798069
16,4,2069,completed,5800277
16,4,2070,completed,5801693
16,4,2071,completed,5803026
16,4,2072,completed,5804610
16,4,2073,completed,5806068
16,4,2074,completed,5807818
16,4,2075,completed,5809485
16,4,2076,completed,5810818
16,4,2077,completed,5812651
16,4,2078,completed,5814194
16,4,2079,completed,5815860
16,4,2080,completed,5817735
16,4,2081,completed,5916527
16,4,2082,completed,5918526
16,4,2083,completed,5919276
16,4,2084,completed,5920151
16,4,2085,completed,5921443
16,4,2086,completed,5922193
16,4,2087,completed,5923109
16,4,2088,completed,5924193
16,4,2089,completed,5925359
16,4,2090,completed,5926360
16,4,2091,completed,5927568
16,4,2092,completed,5928568
16,4,2093,completed,5930026
16,4,2094,completed,5931026
16,4,2095,completed,5932068
16,4,2096,completed,5933735
16,4,2097,completed,5918651
16,4,2098,completed,5917777
16,4,2099,completed,5917610
16,4,2100,completed,5917569
16,4,2101,completed,5917694
16,4,2102,completed,5917693
16,4,2103,completed,5917610
16,4,2104,completed,5917610
16,4,2105,completed,5917610
16,4,2106,completed,5917569
16,4,2107,completed,5917652
16,4,2108,completed,5917610
16,4,2109,completed,5917693
16,4,2110,completed,5917693
16,4,2111,completed,5917652
16,4,2112,completed,5917443
16,4,2113,completed,6019942
16,4,2114,completed,6025026
16,4,2115,completed,6026526
16,4,2116,completed,6028318
16,4,2117,completed,6030109
16,4,2118,completed,6031818
16,4,2119,completed,6033484
16,4,2120,completed,6035109
16,4,2121,completed,6036942
16,4,2122,completed,6038568
16,4,2123,completed,6040318
16,4,2124,completed,6041901
16,4,2125,completed,6043651
16,4,2126,completed,6045234
16,4,2127,completed,6046860
16,4,2128,completed,6048484
16,4,2129,completed,5949693
16,4,2130,completed,5953277
16,4,2131,completed,5954318
16,4,2132,completed,5955193
16,4,2133,completed,5956401
16,4,2134,completed,5957401
16,4,2135,completed,5958318
16,4,2136,completed,5959359
16,4,2137,completed,5960527
16,4,2138,completed,5961568
16,4,2139,completed,5962818
16,4,2140,completed,5963860
16,4,2141,completed,5965068
16,4,2142,completed,5966068
16,4,2143,completed,5967110
16,4,2144,completed,5968235
16,4,2145,completed,5992693
16,4,2146,completed,5997568
16,4,2147,completed,5998568
16,4,2148,completed,5999776
16,4,2149,completed,6001151
16,4,2150,completed,6002318
16,4,2151,completed,6003193
16,4,2152,completed,6004234
16,4,2153,completed,6005485
16,4,2154,completed,6006651
16,4,2155,completed,6007859
16,4,2156,completed,6008943
16,4,2157,completed,6010234
16,4,2158,completed,6011443
16,4,2159,completed,6012568
16,4,2160,completed,6013735
16,4,2161,completed,5926360
16,4,2162,completed,5929568
16,4,2163,completed,5930027
16,4,2164,completed,5930402
16,4,2165,completed,5931151
16,4,2166,completed,5931443
16,4,2167,completed,5931985
16,4,2168,completed,5932568
16,4,2169,completed,5933652
16,4,2170,completed,5934318
16,4,2171,completed,5935152
16,4,2172,completed,5935735
16,4,2173,completed,5936776
16,4,2174,completed,5937402
16,4,2175,completed,5938068
16,4,2176,completed,5938527
16,4,2177,completed,5442445
16,4,2178,completed,5445320
16,4,2179,completed,5446403
16,4,2180,completed,5447819
16,4,2181,completed,5449361
16,4,2182,completed,5460819
16,4,2183,completed,5462111
16,4,2184,completed,5463695
16,4,2185,completed,5465277
16,4,2186,completed,5466611
16,4,2187,completed,5468070
16,4,2188,completed,5469403
16,4,2189,completed,5470902
16,4,2190,completed,5472320
16,4,2191,completed,5473736
16,4,2192,completed,5475069
16,4,2193,completed,6446567
16,4,2194,completed,6450442
16,4,2195,completed,6451484
16,4,2196,completed,6452567
16,4,2197,completed,6454317
16,4,2198,completed,6455442
16,4,2199,completed,6456483
16,4,2200,completed,6457817
16,4,2201,completed,6459151
16,4,2202,completed,6460442
16,4,2203,completed,6461859
16,4,2204,completed,6463067
16,4,2205,completed,6464567
16,4,2206,completed,6465817
16,4,2207,completed,6467109
16,4,2208,completed,6468317
16,4,2209,completed,5989902
16,4,2210,completed,5991984
16,4,2211,completed,5992109
16,4,2212,completed,5992526
16,4,2213,completed,5992776
16,4,2214,completed,5993026
16,4,2215,completed,5992943
16,4,2216,completed,5993277
16,4,2217,completed,5993485
16,4,2218,completed,5993734
16,4,2219,completed,5994151
16,4,2220,completed,5994277
16,4,2221,completed,5994777
16,4,2222,completed,5994901
16,4,2223,completed,5995068
16,4,2224,completed,5995443
16,4,2225,completed,6198109
16,4,2226,completed,6215776
16,4,2227,completed,6217526
16,4,2228,completed,6218942
16,4,2229,completed,6220068
16,4,2230,completed,6221317
16,4,2231,completed,6222651
16,4,2232,completed,6223442
16,4,2233,completed,6224651
16,4,2234,completed,6226484
16,4,2235,completed,6229193
16,4,2236,completed,6230192
16,4,2237,completed,6231526
16,4,2238,completed,6232567
16,4,2239,completed,6233526
16,4,2240,completed,6234276
16,4,2241,completed,5810485
16,4,2242,completed,5754360
16,4,2243,completed,5753277
16,4,2244,completed,5753694
16,4,2245,completed,5755069
16,4,2246,completed,5755902
16,4,2247,completed,5756652
16,4,2248,completed,5757902
16,4,2249,completed,5758860
16,4,2250,completed,5760152
16,4,2251,completed,5761610
16,4,2252,completed,5762235
16,4,2253,completed,5763527
16,4,2254,completed,5818443
16,4,2255,completed,5820068
16,4,2256,completed,5821318
16,4,2257,completed,5847735
16,4,2258,completed,5864735
16,4,2259,completed,5870860
16,4,2260,completed,5877444
16,4,2261,completed,5883360
16,4,2262,completed,5888526
16,4,2263,completed,5893235
16,4,2264,completed,5898068
16,4,2265,completed,5902985
16,4,2266,completed,5907985
16,4,2267,completed,5912901
16,4,2268,completed,5917443
16,4,2269,completed,5922735
16,4,2270,completed,5927318
16,4,2271,completed,5931902
16,4,2272,completed,5936401
16,4,2273,completed,5749860
16,4,2274,completed,5767194
16,4,2275,completed,5765526
16,4,2276,completed,5765901
16,4,2277,completed,5766111
16,4,2278,completed,5765902
16,4,2279,completed,5765402
16,4,2280,completed,5765069
16,4,2281,completed,5764652
16,4,2282,completed,5765527
16,4,2283,completed,5765610
16,4,2284,completed,5765902
16,4,2285,completed,5765944
16,4,2286,completed,5765735
16,4,2287,completed,5765652
16,4,2288,completed,5765319
16,4,2289,completed,6286692
16,4,2290,completed,6283317
16,4,2291,completed,6278609
16,4,2292,completed,6275151
16,4,2293,completed,6272318
16,4,2294,completed,6269901
16,4,2295,completed,6267359
16,4,2296,completed,6264734
16,4,2297,completed,6261484
16,4,2298,completed,6258526
16,4,2299,completed,6255484
16,4,2300,completed,6252150
16,4,2301,completed,6249776
16,4,2302,completed,6247276
16,4,2303,completed,6244776
16,4,2304,completed,6242234
16,4,2305,completed,5821235
16,4,2306,completed,5821943
16,4,2307,completed,5822027
16,4,2308,completed,5822235
16,4,2309,completed,5822610
16,4,2310,completed,5822943
16,4,2311,completed,5823027
16,4,2312,completed,5823193
16,4,2313,completed,5823319
16,4,2314,completed,5823652
16,4,2315,completed,5823777
16,4,2316,completed,5823944
16,4,2317,completed,5824235
16,4,2318,completed,5824527
16,4,2319,completed,5824652
16,4,2320,completed,5824694
16,4,2321,completed,5966401
16,4,2322,completed,5971651
16,4,2323,completed,5972610
16,4,2324,completed,5973443
16,4,2325,completed,5974360
16,4,2326,completed,5975193
16,4,2327,completed,5975901
16,4,2328,completed,5976902
16,4,2329,completed,5978026
16,4,2330,completed,5979151
16,4,2331,completed,5980193
16,4,2332,completed,5980943
16,4,2333,completed,5982277
16,4,2334,completed,5983526
16,4,2335,completed,5984360
16,4,2336,completed,5984985
16,4,2337,completed,5957110
16,4,2338,completed,5959318
16,4,2339,completed,5960609
16,4,2340,completed,5962068
16,4,2341,completed,5964026
16,4,2342,completed,5965527
16,4,2343,completed,5966901
16,4,2344,completed,5968651
16,4,2345,completed,5970652
16,4,2346,completed,5972110
16,4,2347,completed,5973610
16,4,2348,completed,5975276
16,4,2349,completed,5977318
16,4,2350,completed,5979110
16,4,2351,completed,5981318
16,4,2352,completed,5982901
16,4,2353,completed,6003901
16,4,2354,completed,6006151
16,4,2355,completed,6006818
16,4,2356,completed,6007151
16,4,2357,completed,6007859
16,4,2358,completed,6008235
16,4,2359,completed,6008609
16,4,2360,completed,6008859
16,4,2361,completed,6009027
16,4,2362,completed,6009401
16,4,2363,completed,6009901
16,4,2364,completed,6010193
16,4,2365,completed,6010776
16,4,2366,completed,6011109
16,4,2367,completed,6011735
16,4,2368,completed,6011734
16,4,2369,completed,5422361
16,4,2370,completed,5432277
16,4,2371,completed,5434528
16,4,2372,completed,5436777
16,4,2373,completed,5439903
16,4,2374,completed,5442111
16,4,2375,completed,5443736
16,4,2376,completed,5445695
16,4,2377,completed,5447902
16,4,2378,completed,5449819
16,4,2379,completed,5452027
16,4,2380,completed,5454278
16,4,2381,completed,5456403
16,4,2382,completed,5458027
16,4,2383,completed,5459778
16,4,2384,completed,5461444
16,4,2385,completed,6432983
16,4,2386,completed,6434567
16,4,2387,completed,6434900
16,4,2388,completed,6435108
16,4,2389,completed,6436150
16,4,2390,completed,6436567
16,4,2391,completed,6436733
16,4,2392,completed,6437275
16,4,2393,completed,6437900
16,4,2394,completed,6438317
16,4,2395,completed,6438900
16,4,2396,completed,6439483
16,4,2397,completed,6440150
16,4,2398,completed,6440400
16,4,2399,completed,6440650
16,4,2400,completed,6441025
16,4,2401,completed,5972485
16,4,2402,completed,5988693
16,4,2403,completed,5989277
16,4,2404,completed,5990318
16,4,2405,completed,5991443
16,4,2406,completed,5992484
16,4,2407,completed,5993151
16,4,2408,completed,5994026
16,4,2409,completed,5994818
16,4,2410,completed,5995568
16,4,2411,completed,5996276
16,4,2412,completed,5997359
16,4,2413,completed,5998360
16,4,2414,completed,5999277
16,4,2415,completed,6000152
16,4,2416,completed,6001277
16,4,2417,completed,6013234
16,4,2418,completed,6021110
16,4,2419,completed,6022901
16,4,2420,completed,6024985
16,4,2421,completed,6027151
16,4,2422,completed,6029234
16,4,2423,completed,6031568
16,4,2424,completed,6033527
16,4,2425,completed,6035735
16,4,2426,completed,6037735
16,4,2427,completed,6039485
16,4,2428,completed,6041776
16,4,2429,completed,6044026
16,4,2430,completed,6046276
16,4,2431,completed,6048193
16,4,2432,completed,6051068
16,4,2433,completed,5857360
16,4,2434,completed,5854194
16,4,2435,completed,5854152
16,4,2436,completed,5854443
16,4,2437,completed,5854943
16,4,2438,completed,5855193
16,4,2439,completed,5855443
16,4,2440,completed,5855610
16,4,2441,completed,5855818
16,4,2442,completed,5856069
16,4,2443,completed,5856193
16,4,2444,completed,5856360
16,4,2445,completed,5856610
16,4,2446,completed,5856818
16,4,2447,completed,5856985
16,4,2448,completed,5857027
16,4,2449,completed,6131360
16,4,2450,completed,6139110
16,4,2451,completed,6139401
16,4,2452,completed,6140485
16,4,2453,completed,6141942
16,4,2454,completed,6142943
16,4,2455,completed,6143776
16,4,2456,completed,6144568
16,4,2457,completed,6145401
16,4,2458,completed,6146109
16,4,2459,completed,6146735
16,4,2460,completed,6147692
16,4,2461,completed,6148526
16,4,2462,completed,6149734
16,4,2463,completed,6150401
16,4,2464,completed,6151651
16,4,2465,completed,5843694
16,4,2466,completed,5848027
16,4,2467,completed,5848819
16,4,2468,completed,5850319
16,4,2469,completed,5851693
16,4,2470,completed,5853068
16,4,2471,completed,5854235
16,4,2472,completed,5855360
16,4,2473,completed,5856818
16,4,2474,completed,5858193
16,4,2475,completed,5859027
16,4,2476,completed,5860402
16,4,2477,completed,5861651
16,4,2478,completed,5863402
16,4,2479,completed,5864485
16,4,2480,completed,5866360
16,4,2481,completed,5975068
16,4,2482,completed,5979152
16,4,2483,completed,5979985
16,4,2484,completed,5980860
16,4,2485,completed,5982360
16,4,2486,completed,5983569
16,4,2487,completed,5984652
16,4,2488,completed,5985568
16,4,2489,completed,5986359
16,4,2490,completed,5987068
16,4,2491,completed,5987777
16,4,2492,completed,5988818
16,4,2493,completed,5989443
16,4,2494,completed,5990485
16,4,2495,completed,5991318
16,4,2496,completed,5992443
16,4,2497,completed,6041901
16,4,2498,completed,6050693
16,4,2499,completed,6052818
16,4,2500,completed,6055401
16,4,2501,completed,6058485
16,4,2502,completed,6061068
16,4,2503,completed,6063360
16,4,2504,completed,6065568
16,4,2505,completed,6067776
16,4,2506,completed,6069985
16,4,2507,completed,6071859
16,4,2508,completed,6074318
16,4,2509,completed,6076193
16,4,2510,completed,6078693
16,4,2511,completed,6080402
16,4,2512,completed,6082859
16,4,2513,completed,5864110
16,4,2514,completed,5866735
16,4,2515,completed,5867860
16,4,2516,completed,5869193
16,4,2517,completed,5870944
16,4,2518,completed,5872401
16,4,2519,completed,5873485
16,4,2520,completed,5874569
16,4,2521,completed,5876193
16,4,2522,completed,5877360
16,4,2523,completed,5879027
16,4,2524,completed,5879985
16,4,2525,completed,5881652
16,4,2526,completed,5882651
16,4,2527,completed,5884152
16,4,2528,completed,5885985
16,4,2529,completed,5937027
16,4,2530,completed,5939276
16,4,2531,completed,5939443
16,4,2532,completed,5939568
16,4,2533,completed,5940068
16,4,2534,completed,5940235
16,4,2535,completed,5940484
16,4,2536,completed,5941026
16,4,2537,completed,5941734
16,4,2538,completed,5942651
16,4,2539,completed,5942651
16,4,2540,completed,5943234
16,4,2541,completed,5943734
16,4,2542,completed,5944401
16,4,2543,completed,5944526
16,4,2544,completed,5944693
16,4,2545,completed,5965109
16,4,2546,completed,5968943
16,4,2547,completed,5970485
16,4,2548,completed,5971777
16,4,2549,completed,5973693
16,4,2550,completed,5974943
16,4,2551,completed,5976318
16,4,2552,completed,5977526
16,4,2553,completed,5978485
16,4,2554,completed,5979360
16,4,2555,completed,5980526
16,4,2556,completed,5981485
16,4,2557,completed,5982276
16,4,2558,completed,5983610
16,4,2559,completed,5984901
16,4,2560,completed,5986568
16,4,2561,completed,5909027
16,4,2562,completed,5907568
16,4,2563,completed,5907984
16,4,2564,completed,5908151
16,4,2565,completed,5909235
16,4,2566,completed,5909901
16,4,2567,completed,5910777
16,4,2568,completed,5911276
16,4,2569,completed,5912401
16,4,2570,completed,5913402
16,4,2571,completed,5913943
16,4,2572,completed,5914985
16,4,2573,completed,5915901
16,4,2574,completed,5916818
16,4,2575,completed,5917235
16,4,2576,completed,5917693
16,4,2577,completed,5941360
16,4,2578,completed,5942819
16,4,2579,completed,5943318
16,4,2580,completed,5943610
16,4,2581,completed,5944401
16,4,2582,completed,5944985
16,4,2583,completed,5945443
16,4,2584,completed,5946026
16,4,2585,completed,5946944
16,4,2586,completed,5947735
16,4,2587,completed,5948277
16,4,2588,completed,5949068
16,4,2589,completed,5949860
16,4,2590,completed,5950568
16,4,2591,completed,5951026
16,4,2592,completed,5951526
16,4,2593,completed,6017693
16,4,2594,completed,6022859
16,4,2595,completed,6023693
16,4,2596,completed,6024193
16,4,2597,completed,6025443
16,4,2598,completed,6026068
16,4,2599,completed,6026860
16,4,2600,completed,6027610
16,4,2601,completed,6028568
16,4,2602,completed,6029484
16,4,2603,completed,6030234
16,4,2604,completed,6031110
16,4,2605,completed,6032068
16,4,2606,completed,6033068
16,4,2607,completed,6033609
16,4,2608,completed,6034359
16,4,2609,completed,5932693
16,4,2610,completed,5931818
16,4,2611,completed,5932276
16,4,2612,completed,5932735
16,4,2613,completed,5933735
16,4,2614,completed,5934152
16,4,2615,completed,5934527
16,4,2616,completed,5934943
16,4,2617,completed,5935484
16,4,2618,completed,5936109
16,4,2619,completed,5936610
16,4,2620,completed,5937110
16,4,2621,completed,5937818
16,4,2622,completed,5938359
16,4,2623,completed,5938818
16,4,2624,completed,5939193
16,4,2625,completed,6055652
16,4,2626,completed,6063776
16,4,2627,completed,6064609
16,4,2628,completed,6065609
16,4,2629,completed,6067026
16,4,2630,completed,6068068
16,4,2631,completed,6068734
16,4,2632,completed,6069610
16,4,2633,completed,6070151
16,4,2634,completed,6071568
16,4,2635,completed,6072151
16,4,2636,completed,6073526
16,4,2637,completed,6074734
16,4,2638,completed,6075651
16,4,2639,completed,6076359
16,4,2640,completed,6077109
16,4,2641,completed,5918568
16,4,2642,completed,5919443
16,4,2643,completed,5919819
16,4,2644,completed,5920318
16,4,2645,completed,5921402
16,4,2646,completed,5922319
16,4,2647,completed,5923193
16,4,2648,completed,5923735
16,4,2649,completed,5924527
16,4,2650,completed,5925194
16,4,2651,completed,5926194
16,4,2652,completed,5926943
16,4,2653,completed,5928152
16,4,2654,completed,5928818
16,4,2655,completed,5929985
16,4,2656,completed,5930902
16,4,2657,completed,5975943
16,4,2658,completed,5977777
16,4,2659,completed,5978193
16,4,2660,completed,5978901
16,4,2661,completed,5979651
16,4,2662,completed,5980443
16,4,2663,completed,5980860
16,4,2664,completed,5981443
16,4,2665,completed,5982068
16,4,2666,completed,5982651
16,4,2667,completed,5983276
16,4,2668,completed,5983776
16,4,2669,completed,5984693
16,4,2670,completed,5985443
16,4,2671,completed,5986318
16,4,2672,completed,5987193
16,4,2673,completed,5957651
16,4,2674,completed,5963568
16,4,2675,completed,5964235
16,4,2676,completed,5965109
16,4,2677,completed,5966027
16,4,2678,completed,5967318
16,4,2679,completed,5968443
16,4,2680,completed,5969360
16,4,2681,completed,5970526
16,4,2682,completed,5971109
16,4,2683,completed,5972068
16,4,2684,completed,5973193
16,4,2685,completed,5973860
16,4,2686,completed,5974235
16,4,2687,completed,5975735
16,4,2688,completed,5976152
16,4,2689,completed,5988443
16,4,2690,completed,5992818
16,4,2691,completed,5994360
16,4,2692,completed,5996235
16,4,2693,completed,5998526
16,4,2694,completed,6000568
16,4,2695,completed,6002360
16,4,2696,completed,6004110
16,4,2697,completed,6006068
16,4,2698,completed,6008234
16,4,2699,completed,6009985
16,4,2700,completed,6011985
16,4,2701,completed,6013777
16,4,2702,completed,6015359
16,4,2703,completed,6017068
16,4,2704,completed,6018943
16,4,2705,completed,5929360
16,4,2706,completed,5929152
16,4,2707,completed,5928901
16,4,2708,completed,5928693
16,4,2709,completed,5928776
16,4,2710,completed,5928693
16,4,2711,completed,5928526
16,4,2712,completed,5928652
16,4,2713,completed,5928735
16,4,2714,completed,5928818
16,4,2715,completed,5928985
16,4,2716,completed,5929068
16,4,2717,completed,5929443
16,4,2718,completed,5929443
16,4,2719,completed,5929568
16,4,2720,completed,5929693
16,4,2721,completed,6042110
16,4,2722,completed,6048735
16,4,2723,completed,6050151
16,4,2724,completed,6051984
16,4,2725,completed,6053693
16,4,2726,completed,6055860
16,4,2727,completed,6057651
16,4,2728,completed,6059651
16,4,2729,completed,6061401
16,4,2730,completed,6063110
16,4,2731,completed,6064985
16,4,2732,completed,6066526
16,4,2733,completed,6068818
16,4,2734,completed,6070276
16,4,2735,completed,6071859
16,4,2736,completed,6073735
16,4,2737,completed,5916943
16,4,2738,completed,5919985
16,4,2739,completed,5921110
16,4,2740,completed,5922319
16,4,2741,completed,5923943
16,4,2742,completed,5925152
16,4,2743,completed,5926402
16,4,2744,completed,5927485
16,4,2745,completed,5928735
16,4,2746,completed,5929818
16,4,2747,completed,5931193
16,4,2748,completed,5932277
16,4,2749,completed,5933568
16,4,2750,completed,5934569
16,4,2751,completed,5935777
16,4,2752,completed,5936568
16,4,2753,completed,5898359
16,4,2754,completed,5897901
16,4,2755,completed,5897693
16,4,2756,completed,5897734
16,4,2757,completed,5898027
16,4,2758,completed,5898193
16,4,2759,completed,5898277
16,4,2760,completed,5898360
16,4,2761,completed,5898318
16,4,2762,completed,5898401
16,4,2763,completed,5898651
16,4,2764,completed,5898776
16,4,2765,completed,5898818
16,4,2766,completed,5898818
16,4,2767,completed,5898776
16,4,2768,completed,5898943
16,4,2769,completed,6049152
16,4,2770,completed,6056193
16,4,2771,completed,6057860
16,4,2772,completed,6059526
16,4,2773,completed,6061526
16,4,2774,completed,6063318
16,4,2775,completed,6064902
16,4,2776,completed,6066652
16,4,2777,completed,6068360
16,4,2778,completed,6070235
16,4,2779,completed,6072151
16,4,2780,completed,6073693
16,4,2781,completed,6075651
16,4,2782,completed,6077276
16,4,2783,completed,6078818
16,4,2784,completed,6080526
16,4,2785,completed,5642319
16,4,2786,completed,5642735
16,4,2787,completed,5642652
16,4,2788,completed,5642819
16,4,2789,completed,5643153
16,4,2790,completed,5643361
16,4,2791,completed,5643486
16,4,2792,completed,5643694
16,4,2793,completed,5643944
16,4,2794,completed,5644152
16,4,2795,completed,5644319
16,4,2796,completed,5644444
16,4,2797,completed,5644736
16,4,2798,completed,5644819
16,4,2799,completed,5644944
16,4,2800,completed,5645111
16,4,2801,completed,5863985
16,4,2802,completed,5867527
16,4,2803,completed,5867860
16,4,2804,completed,5868277
16,4,2805,completed,5869068
16,4,2806,completed,5870069
16,4,2807,completed,5870693
16,4,2808,completed,5871443
16,4,2809,completed,5872360
16,4,2810,completed,5873318
16,4,2811,completed,5874110
16,4,2812,completed,5874610
16,4,2813,completed,5875485
16,4,2814,completed,5876110
16,4,2815,completed,5876735
16,4,2816,completed,5877193
16,4,2817,completed,6254442
16,4,2818,completed,6258983
16,4,2819,completed,6259859
16,4,2820,completed,6260859
16,4,2821,completed,6262525
16,4,2822,completed,6263775
16,4,2823,completed,6264526
16,4,2824,completed,6265443
16,4,2825,completed,6266192
16,4,2826,completed,6267192
16,4,2827,completed,6268067
16,4,2828,completed,6268984
16,4,2829,completed,6269776
16,4,2830,completed,6271234
16,4,2831,completed,6272276
16,4,2832,completed,6273692
16,4,2833,completed,6122192
16,4,2834,completed,6121567
16,4,2835,completed,6121984
16,4,2836,completed,6122401
16,4,2837,completed,6123401
16,4,2838,completed,6123942
16,4,2839,completed,6124443
16,4,2840,completed,6125026
16,4,2841,completed,6125526
16,4,2842,completed,6126109
16,4,2843,completed,6126734
16,4,2844,completed,6127318
16,4,2845,completed,6127818
16,4,2846,completed,6128526
16,4,2847,completed,6128942
16,4,2848,completed,6129692
16,4,2849,completed,5914944
16,4,2850,completed,5920485
16,4,2851,completed,5921860
16,4,2852,completed,5923693
16,4,2853,completed,5925652
16,4,2854,completed,5927568
16,4,2855,completed,5929152
16,4,2856,completed,5930984
16,4,2857,completed,5932526
16,4,2858,completed,5934485
16,4,2859,completed,5936068
16,4,2860,completed,5937735
16,4,2861,completed,5939359
16,4,2862,completed,5941360
16,4,2863,completed,5942777
16,4,2864,completed,5944360
16,4,2865,completed,5941277
16,4,2866,completed,5942360
16,4,2867,completed,5942484
16,4,2868,completed,5942860
16,4,2869,completed,5943610
16,4,2870,completed,5944401
16,4,2871,completed,5944735
16,4,2872,completed,5945193
16,4,2873,completed,5945485
16,4,2874,completed,5945776
16,4,2875,completed,5946443
16,4,2876,completed,5946818
16,4,2877,completed,5947109
16,4,2878,completed,5947526
16,4,2879,completed,5947818
16,4,2880,completed,5947860
16,4,2881,completed,6078110
16,4,2882,completed,6082277
16,4,2883,completed,6083068
16,4,2884,completed,6084235
16,4,2885,completed,6085776
16,4,2886,completed,6086901
16,4,2887,completed,6087610
16,4,2888,completed,6088401
16,4,2889,completed,6089026
16,4,2890,completed,6089901
16,4,2891,completed,6090651
16,4,2892,completed,6091401
16,4,2893,completed,6092317
16,4,2894,completed,6093110
16,4,2895,completed,6093692
16,4,2896,completed,6094567
16,4,2897,completed,5871818
16,4,2898,completed,5878360
16,4,2899,completed,5878985
16,4,2900,completed,5879610
16,4,2901,completed,5880776
16,4,2902,completed,5881277
16,4,2903,completed,5882485
16,4,2904,completed,5883235
16,4,2905,completed,5884443
16,4,2906,completed,5885110
16,4,2907,completed,5886568
16,4,2908,completed,5887152
16,4,2909,completed,5888444
16,4,2910,completed,5889735
16,4,2911,completed,5890693
16,4,2912,completed,5891444
16,4,2913,completed,5946901
16,4,2914,completed,5948526
16,4,2915,completed,5949943
16,4,2916,completed,5951568
16,4,2917,completed,5953610
16,4,2918,completed,5955277
16,4,2919,completed,5956859
16,4,2920,completed,5958484
16,4,2921,completed,5960235
16,4,2922,completed,5961902
16,4,2923,completed,5964110
16,4,2924,completed,5965568
16,4,2925,completed,5967568
16,4,2926,completed,5969609
16,4,2927,completed,5971859
16,4,2928,completed,5973901
16,4,2929,completed,5396653
16,4,2930,completed,5395527
16,4,2931,completed,5395528
16,4,2932,completed,5395236
16,4,2933,completed,5395444
16,4,2934,completed,5395444
16,4,2935,completed,5395527
16,4,2936,completed,5395403
16,4,2937,completed,5395444
16,4,2938,completed,5395320
16,4,2939,completed,5395611
16,4,2940,completed,5395444
16,4,2941,completed,5395527
16,4,2942,completed,5395653
16,4,2943,completed,5395736
16,4,2944,completed,5395736
16,4,2945,completed,6362317
16,4,2946,completed,6370775
16,4,2947,completed,6372775
16,4,2948,completed,6374401
16,4,2949,completed,6376817
16,4,2950,completed,6378776
16,4,2951,completed,6381317
16,4,2952,completed,6383150
16,4,2953,completed,6384900
16,4,2954,completed,6387109
16,4,2955,completed,6389275
16,4,2956,completed,6391067
16,4,2957,completed,6393484
16,4,2958,completed,6395859
16,4,2959,completed,6398025
16,4,2960,completed,6400109
16,4,2961,completed,6126151
16,4,2962,completed,6125110
16,4,2963,completed,6125109
16,4,2964,completed,6124943
16,4,2965,completed,6125276
16,4,2966,completed,6125192
16,4,2967,completed,6125192
16,4,2968,completed,6125276
16,4,2969,completed,6125484
16,4,2970,completed,6125568
16,4,2971,completed,6178651
16,4,2972,completed,6178734
16,4,2973,completed,6179151
16,4,2974,completed,6179651
16,4,2975,completed,6179859
16,4,2976,completed,6179942
16,4,2977,completed,5506277
16,4,2978,completed,5515528
16,4,2979,completed,5520403
16,4,2980,completed,5525694
16,4,2981,completed,5532403
16,4,2982,completed,5537486
16,4,2983,completed,5542320
16,4,2984,completed,5547110
16,4,2985,completed,5551902
16,4,2986,completed,5556694
16,4,2987,completed,5561777
16,4,2988,completed,5574569
16,4,2989,completed,5590277
16,4,2990,completed,5595694
16,4,2991,completed,5600402
16,4,2992,completed,5605152
16,4,2993,completed,6361859
16,4,2994,completed,6374108
16,4,2995,completed,6374150
16,4,2996,completed,6371859
16,4,2997,completed,6371859
16,4,2998,completed,6371609
16,4,2999,completed,6370608
16,4,3000,completed,6369859
16,4,3001,completed,6369359
16,4,3002,completed,6368442
16,4,3003,completed,6367942
16,4,3004,completed,6359734
16,4,3005,completed,6348358
16,4,3006,completed,6347733
16,4,3007,completed,6347025
16,4,3008,completed,6346275
16,4,3009,completed,5984818
16,4,3010,completed,5980193
16,4,3011,completed,5975985
16,4,3012,completed,5972401
16,4,3013,completed,5968318
16,4,3014,completed,5964193
16,4,3015,completed,5960610
16,4,3016,completed,5957193
16,4,3017,completed,5953527
16,4,3018,completed,5950193
16,4,3019,completed,5945276
16,4,3020,completed,5942027
16,4,3021,completed,5938818
16,4,3022,completed,5934901
16,4,3023,completed,5931819
16,4,3024,completed,5928693
16,4,3025,completed,6025693
16,4,3026,completed,6031318
16,4,3027,completed,6032067
16,4,3028,completed,6032693
16,4,3029,completed,6034026
16,4,3030,completed,6034610
16,4,3031,completed,6035276
16,4,3032,completed,6036109
16,4,3033,completed,6037068
16,4,3034,completed,6037609
16,4,3035,completed,6038234
16,4,3036,completed,6039359
16,4,3037,completed,6040151
16,4,3038,completed,6040860
16,4,3039,completed,6041692
16,4,3040,completed,6042735
16,4,3041,completed,5958609
16,4,3042,completed,5960234
16,4,3043,completed,5961568
16,4,3044,completed,5962401
16,4,3045,completed,5963860
16,4,3046,completed,5965027
16,4,3047,completed,5965985
16,4,3048,completed,5966901
16,4,3049,completed,5967818
16,4,3050,completed,5968859
16,4,3051,completed,5969818
16,4,3052,completed,5970652
16,4,3053,completed,5972027
16,4,3054,completed,5972985
16,4,3055,completed,5974110
16,4,3056,completed,5959652
16,4,3057,completed,5956526
16,4,3058,completed,5960985
16,4,3059,completed,5962443
16,4,3060,completed,5963901
16,4,3061,completed,5965526
16,4,3062,completed,5967151
16,4,3063,completed,5968609
16,4,3064,completed,5970110
16,4,3065,completed,5971652
16,4,3066,completed,5973068
16,4,3067,completed,5974860
16,4,3068,completed,5976276
16,4,3069,completed,5977943
16,4,3070,completed,5979360
16,4,3071,completed,5981110
16,4,3072,completed,5982402
16,4,3073,completed,5409403
16,4,3074,completed,5408277
16,4,3075,completed,5408236
16,4,3076,completed,5408486
16,4,3077,completed,5408903
16,4,3078,completed,5409152
16,4,3079,completed,5409445
16,4,3080,completed,5409694
16,4,3081,completed,5409986
16,4,3082,completed,5410153
16,4,3083,completed,5410486
16,4,3084,completed,5410695
16,4,3085,completed,5411028
16,4,3086,completed,5411236
16,4,3087,completed,5411527
16,4,3088,completed,5411570
16,4,3089,completed,6495900
16,4,3090,completed,6502067
16,4,3091,completed,6503734
16,4,3092,completed,6505067
16,4,3093,completed,6506983
16,4,3094,completed,6508567
16,4,3095,completed,6510025
16,4,3096,completed,6511733
16,4,3097,completed,6513275
16,4,3098,completed,6514650
16,4,3099,completed,6516150
16,4,3100,completed,6517692
16,4,3101,completed,6519275
16,4,3102,completed,6520650
16,4,3103,completed,6522525
16,4,3104,completed,6524025
16,4,3105,completed,5947735
16,4,3106,completed,5948401
16,4,3107,completed,5948777
16,4,3108,completed,5949276
16,4,3109,completed,5949859
16,4,3110,completed,5950318
16,4,3111,completed,5950693
16,4,3112,completed,5951193
16,4,3113,completed,5951776
16,4,3114,completed,5952193
16,4,3115,completed,5952693
16,4,3116,completed,5953151
16,4,3117,completed,5953735
16,4,3118,completed,5954109
16,4,3119,completed,5954984
16,4,3120,completed,5955777
16,4,3121,completed,6014860
16,4,3122,completed,6019735
16,4,3123,completed,6020901
16,4,3124,completed,6022109
16,4,3125,completed,6023651
16,4,3126,completed,6024943
16,4,3127,completed,6026193
16,4,3128,completed,6027651
16,4,3129,completed,6029109
16,4,3130,completed,6030360
16,4,3131,completed,6031693
16,4,3132,completed,6033068
16,4,3133,completed,6034609
16,4,3134,completed,6035860
16,4,3135,completed,6037276
16,4,3136,completed,6038651
16,4,3137,completed,5916568
16,4,3138,completed,5916443
16,4,3139,completed,5916818
16,4,3140,completed,5916943
16,4,3141,completed,5917485
16,4,3142,completed,5917735
16,4,3143,completed,5917985
16,4,3144,completed,5918235
16,4,3145,completed,5918569
16,4,3146,completed,5918777
16,4,3147,completed,5918985
16,4,3148,completed,5919194
16,4,3149,completed,5919527
16,4,3150,completed,5919694
16,4,3151,completed,5920027
16,4,3152,completed,5920277
16,4,3153,completed,6007652
16,4,3154,completed,6011693
16,4,3155,completed,6012693
16,4,3156,completed,6013526
16,4,3157,completed,6014693
16,4,3158,completed,6015818
16,4,3159,completed,6016568
16,4,3160,completed,6017609
16,4,3161,completed,6018693
16,4,3162,completed,6019609
16,4,3163,completed,6020818
16,4,3164,completed,6021860
16,4,3165,completed,6022943
16,4,3166,completed,6023859
16,4,3167,completed,6024942
16,4,3168,completed,6025942
16,4,3169,completed,5895902
16,4,3170,completed,5898360
16,4,3171,completed,5898985
16,4,3172,completed,5899693
16,4,3173,completed,5900485
16,4,3174,completed,5901193
16,4,3175,completed,5901777
16,4,3176,completed,5902402
16,4,3177,completed,5903026
16,4,3178,completed,5903527
16,4,3179,completed,5904193
16,4,3180,completed,5904777
16,4,3181,completed,5905485
16,4,3182,completed,5906027
16,4,3183,completed,5906610
16,4,3184,completed,5907194
16,4,3185,completed,6021443
16,4,3186,completed,6021734
16,4,3187,completed,6022151
16,4,3188,completed,6022567
16,4,3189,completed,6023484
16,4,3190,completed,6024068
16,4,3191,completed,6024651
16,4,3192,completed,6025151
16,4,3193,completed,6025609
16,4,3194,completed,6026359
16,4,3195,completed,6026942
16,4,3196,completed,6027526
16,4,3197,completed,6028110
16,4,3198,completed,6028568
16,4,3199,completed,6029192
16,4,3200,completed,6029817
16,4,3201,completed,5982568
16,4,3202,completed,5985193
16,4,3203,completed,5986526
16,4,3204,completed,5987985
16,4,3205,completed,5989735
16,4,3206,completed,5991151
16,4,3207,completed,5992693
16,4,3208,completed,5994235
16,4,3209,completed,5995693
16,4,3210,completed,5997276
16,4,3211,completed,5998693
16,4,3212,completed,6000234
16,4,3213,completed,6001860
16,4,3214,completed,6003401
16,4,3215,completed,6004943
16,4,3216,completed,6006484
16,4,3217,completed,5423152
16,4,3218,completed,5424778
16,4,3219,completed,5424736
16,4,3220,completed,5424736
16,4,3221,completed,5424944
16,4,3222,completed,5425153
16,4,3223,completed,5425486
16,4,3224,completed,5425778
16,4,3225,completed,5425986
16,4,3226,completed,5426278
16,4,3227,completed,5426569
16,4,3228,completed,5426820
16,4,3229,completed,5427195
16,4,3230,completed,5427444
16,4,3231,completed,5427861
16,4,3232,completed,5428153
16,4,3233,completed,6628192
16,4,3234,completed,6631275
16,4,3235,completed,6631691
16,4,3236,completed,6632233
16,4,3237,completed,6633358
16,4,3238,completed,6634108
16,4,3239,completed,6634817
16,4,3240,completed,6635358
16,4,3241,completed,6635900
16,4,3242,completed,6636608
16,4,3243,completed,6637108
16,4,3244,completed,6637733
16,4,3245,completed,6638358
16,4,3246,completed,6638941
16,4,3247,completed,6639858
16,4,3248,completed,6640441
16,4,3249,completed,5707735
16,4,3250,completed,5709360
16,4,3251,completed,5709610
16,4,3252,completed,5710068
16,4,3253,completed,5710777
16,4,3254,completed,5711402
16,4,3255,completed,5712569
16,4,3256,completed,5713152
16,4,3257,completed,5713735
16,4,3258,completed,5714402
16,4,3259,completed,5715068
16,4,3260,completed,5715652
16,4,3261,completed,5716319
16,4,3262,completed,5716902
16,4,3263,completed,5717694
16,4,3264,completed,5718277
16,4,3265,completed,6086276
16,4,3266,completed,6089818
16,4,3267,completed,6090193
16,4,3268,completed,6090651
16,4,3269,completed,6091901
16,4,3270,completed,6092484
16,4,3271,completed,6093568
16,4,3272,completed,6094234
16,4,3273,completed,6094776
16,4,3274,completed,6095567
16,4,3275,completed,6095984
16,4,3276,completed,6096443
16,4,3277,completed,6097151
16,4,3278,completed,6097693
16,4,3279,completed,6098526
16,4,3280,completed,6099193
16,4,3281,completed,5993943
16,4,3282,completed,5994234
16,4,3283,completed,5994652
16,4,3284,completed,5994902
16,4,3285,completed,5995610
16,4,3286,completed,5996318
16,4,3287,completed,5997151
16,4,3288,completed,5997818
16,4,3289,completed,5998484
16,4,3290,completed,5999402
16,4,3291,completed,6000068
16,4,3292,completed,6000860
16,4,3293,completed,6001651
16,4,3294,completed,6002276
16,4,3295,completed,6025109
16,4,3296,completed,6025818
16,4,3297,completed,6029401
16,4,3298,completed,6042026
16,4,3299,completed,6043817
16,4,3300,completed,6045234
16,4,3301,completed,6047609
16,4,3302,completed,6049609
16,4,3303,completed,6051360
16,4,3304,completed,6053151
16,4,3305,completed,6054609
16,4,3306,completed,6057151
16,4,3307,completed,6058526
16,4,3308,completed,6060110
16,4,3309,completed,6062192
16,4,3310,completed,6063818
16,4,3311,completed,6066067
16,4,3312,completed,6068443
16,4,3313,completed,5892110
16,4,3314,completed,5893568
16,4,3315,completed,5894484
16,4,3316,completed,5895526
16,4,3317,completed,5897234
16,4,3318,completed,5898068
16,4,3319,completed,5899443
16,4,3320,completed,5900652
16,4,3321,completed,5901693
16,4,3322,completed,5903151
16,4,3323,completed,5904318
16,4,3324,completed,5905568
16,4,3325,completed,5906859
16,4,3326,completed,5908068
16,4,3327,completed,5909693
16,4,3328,completed,5910984
16,4,3329,completed,5932069
16,4,3330,completed,5932527
16,4,3331,completed,5933360
16,4,3332,completed,5934360
16,4,3333,completed,5935651
16,4,3334,completed,5936693
16,4,3335,completed,5937902
16,4,3336,completed,5938984
16,4,3337,completed,5940068
16,4,3338,completed,5941776
16,4,3339,completed,5942651
16,4,3340,completed,5943776
16,4,3341,completed,5944943
16,4,3342,completed,5946027
16,4,3343,completed,5947235
16,4,3344,completed,5948943
16,4,3345,completed,5997485
16,4,3346,completed,6004610
16,4,3347,completed,6005526
16,4,3348,completed,6006235
16,4,3349,completed,6007110
16,4,3350,completed,6008068
16,4,3351,completed,6008860
16,4,3352,completed,6009776
16,4,3353,completed,6010568
16,4,3354,completed,6011652
16,4,3355,completed,6012485
16,4,3356,completed,6013402
16,4,3357,completed,6014360
16,4,3358,completed,6015193
16,4,3359,completed,6016151
16,4,3360,completed,6017068
16,4,3361,completed,5950609
16,4,3362,completed,5954318
16,4,3363,completed,5954818
16,4,3364,completed,5955443
16,4,3365,completed,5956026
16,4,3366,completed,5956777
16,4,3367,completed,5957401
16,4,3368,completed,5958026
16,4,3369,completed,5958526
16,4,3370,completed,5959527
16,4,3371,completed,5959985
16,4,3372,completed,5960527
16,4,3373,completed,5961110
16,4,3374,completed,5961693
16,4,3375,completed,5962693
16,4,3376,completed,5963610
16,4,3377,completed,5962485
16,4,3378,completed,5966568
16,4,3379,completed,5968359
16,4,3380,completed,5969401
16,4,3381,completed,5971026
16,4,3382,completed,5972443
16,4,3383,completed,5974359
16,4,3384,completed,5975818
16,4,3385,completed,5977193
16,4,3386,completed,5978902
16,4,3387,completed,5980193
16,4,3388,completed,5981735
16,4,3389,completed,5983443
16,4,3390,completed,5984943
16,4,3391,completed,5986860
16,4,3392,completed,5988152
16,4,3393,completed,5950235
16,4,3394,completed,5951734
16,4,3395,completed,5951943
16,4,3396,completed,5952234
16,4,3397,completed,5952735
16,4,3398,completed,5953109
16,4,3399,completed,5953276
16,4,3400,completed,5953484
16,4,3401,completed,5953610
16,4,3402,completed,5953943
16,4,3403,completed,5954026
16,4,3404,completed,5954234
16,4,3405,completed,5954693
16,4,3406,completed,5954985
16,4,3407,completed,5955859
16,4,3408,completed,5956068
16,4,3409,completed,5936193
16,4,3410,completed,5936860
16,4,3411,completed,5937443
16,4,3412,completed,5937985
16,4,3413,completed,5938443
16,4,3414,completed,5939402
16,4,3415,completed,5940110
16,4,3416,completed,5940901
16,4,3417,completed,5941651
16,4,3418,completed,5942610
16,4,3419,completed,5943318
16,4,3420,completed,5944193
16,4,3421,completed,5945026
16,4,3422,completed,5945860
16,4,3423,completed,5946818
16,4,3424,completed,5947818
16,4,3425,completed,5803068
16,4,3426,completed,5806569
16,4,3427,completed,5807026
16,4,3428,completed,5807693
16,4,3429,completed,5808693
16,4,3430,completed,5809110
16,4,3431,completed,5809818
16,4,3432,completed,5810402
16,4,3433,completed,5810568
16,4,3434,completed,5811277
16,4,3435,completed,5811777
16,4,3436,completed,5812318
16,4,3437,completed,5813110
16,4,3438,completed,5813693
16,4,3439,completed,5814526
16,4,3440,completed,5815694
16,4,3441,completed,7190023
16,4,3442,completed,7209523
16,4,3443,completed,7211898
16,4,3444,completed,7213190
16,4,3445,completed,7214857
16,4,3446,completed,7216732
16,4,3447,completed,7218607
16,4,3448,completed,7220315
16,4,3449,completed,7221523
16,4,3450,completed,7227231
16,4,3451,completed,7275940
16,4,3452,completed,7284898
16,4,3453,completed,7286190
16,4,3454,completed,7287565
16,4,3455,completed,7303314
16,4,3456,completed,7310064
16,4,3457,completed,7015440
16,4,3458,completed,7035065
16,4,3459,completed,7035732
16,4,3460,completed,7036440
16,4,3461,completed,7037441
16,4,3462,completed,7038023
16,4,3463,completed,7039149
16,4,3464,completed,7039773
16,4,3465,completed,7041024
16,4,3466,completed,7042482
16,4,3467,completed,7019774
16,4,3468,completed,7015565
16,4,3469,completed,7016274
16,4,3470,completed,7017524
16,4,3471,completed,6999566
16,4,3472,completed,7000857
16,4,3473,completed,6003484
16,4,3474,completed,6009901
16,4,3475,completed,6010484
16,4,3476,completed,6012234
16,4,3477,completed,6013610
16,4,3478,completed,6014276
16,4,3479,completed,6015818
16,4,3480,completed,6017026
16,4,3481,completed,6044818
16,4,3482,completed,6047943
16,4,3483,completed,6048610
16,4,3484,completed,6049901
16,4,3485,completed,6051068
16,4,3486,completed,6052109
16,4,3487,completed,6052734
16,4,3488,completed,6054026
16,4,3489,completed,5723111
16,4,3490,completed,5630777
16,4,3491,completed,5631194
16,4,3492,completed,5631777
16,4,3493,completed,5632569
16,4,3494,completed,5632819
16,4,3495,completed,5633902
16,4,3496,completed,5634569
16,4,3497,completed,5635569
16,4,3498,completed,5636610
16,4,3499,completed,5637069
16,4,3500,completed,5637902
16,4,3501,completed,5638944
16,4,3502,completed,5639777
16,4,3503,completed,5640111
16,4,3504,completed,5641403
16,4,3505,completed,5953776
16,4,3506,completed,5968235
16,4,3507,completed,5969443
16,4,3508,completed,5970526
16,4,3509,completed,5972068
16,4,3510,completed,5972984
16,4,3511,completed,5974651
16,4,3512,completed,5975985
16,4,3513,completed,5977360
16,4,3514,completed,5979027
16,4,3515,completed,5980318
16,4,3516,completed,5981901
16,4,3517,completed,5983443
16,4,3518,completed,5985068
16,4,3519,completed,5986110
16,4,3520,completed,5987568
16,4,3521,completed,5546236
16,4,3522,completed,5572361
16,4,3523,completed,5574194
16,4,3524,completed,5575860
16,4,3525,completed,5641110
16,4,3526,completed,5648319
16,4,3527,completed,5657194
16,4,3528,completed,5658319
16,4,3529,completed,5660236
16,4,3530,completed,5662152
16,4,3531,completed,5679152
16,4,3532,completed,5685319
16,4,3533,completed,5695152
16,4,3534,completed,5699861
16,4,3535,completed,5700152
16,4,3536,completed,5701402
16,4,3537,completed,6481442
16,4,3538,completed,6529817
16,4,3539,completed,6528859
16,4,3540,completed,6527775
16,4,3541,completed,6528941
16,4,3542,completed,6509608
16,4,3543,completed,6499900
16,4,3544,completed,6501442
16,4,3545,completed,6521317
16,4,3546,completed,6524233
16,4,3547,completed,6514900
16,4,3548,completed,6513442
16,4,3549,completed,6484859
16,4,3550,completed,6485608
16,4,3551,completed,6486775
16,4,3552,completed,6489108
16,4,3553,completed,5863110
16,4,3554,completed,5868818
16,4,3555,completed,5870027
16,4,3556,completed,5871443
16,4,3557,completed,5874402
16,4,3558,completed,5875526
16,4,3559,completed,5877568
16,4,3560,completed,5879235
16,4,3561,completed,5881152
16,4,3562,completed,5884360
16,4,3563,completed,5885568
16,4,3564,completed,5887652
16,4,3565,completed,5922068
16,4,3566,completed,5927234
16,4,3567,completed,5957109
16,4,3568,completed,5959193
16,4,3569,completed,5854194
16,4,3570,completed,5868985
16,4,3571,completed,5868859
16,4,3572,completed,5868943
16,4,3573,completed,5869443
16,4,3574,completed,5869027
16,4,3575,completed,5869777
16,4,3576,completed,5870027
16,4,3577,completed,5870902
16,4,3578,completed,5869943
16,4,3579,completed,5869860
16,4,3580,completed,5870277
16,4,3581,completed,5870943
16,4,3582,completed,5835027
16,4,3583,completed,5834276
16,4,3584,completed,5826610
16,4,3585,completed,5849694
16,4,3586,completed,5864694
16,4,3587,completed,5865694
16,4,3588,completed,5866652
16,4,3589,completed,5868568
16,4,3590,completed,5869860
16,4,3591,completed,5871735
16,4,3592,completed,5873069
16,4,3593,completed,5875235
16,4,3594,completed,5877318
16,4,3595,completed,5878360
16,4,3596,completed,5880027
16,4,3597,completed,5881818
16,4,3598,completed,5883901
16,4,3599,completed,5884985
16,4,3600,completed,5908818
16,4,3601,completed,6028692
16,4,3602,completed,6042985
16,4,3603,completed,6043776
16,4,3604,completed,6044401
16,4,3605,completed,6045359
16,4,3606,completed,6045776
16,4,3607,completed,6045109
16,4,3608,completed,6046276
16,4,3609,completed,6047693
16,4,3610,completed,6049026
16,4,3611,completed,6049693
16,4,3612,completed,6050901
16,4,3613,completed,6052401
16,4,3614,completed,6053151
16,4,3615,completed,6053860
16,4,3616,completed,6055776
16,4,3617,completed,5862526
16,4,3618,completed,5870235
16,4,3619,completed,5871652
16,4,3620,completed,5872652
16,4,3621,completed,5874277
16,4,3622,completed,5875526
16,4,3623,completed,5877110
16,4,3624,completed,5878443
16,4,3625,completed,5880027
16,4,3626,completed,5881943
16,4,3627,completed,5883193
16,4,3628,completed,5884610
16,4,3629,completed,5886568
16,4,3630,completed,5887860
16,4,3631,completed,5888693
16,4,3632,completed,5890235
16,4,3633,completed,5864860
16,4,3634,completed,5863027
16,4,3635,completed,5863819
16,4,3636,completed,5864110
16,4,3637,completed,5864777
16,4,3638,completed,5865069
16,4,3639,completed,5865652
16,4,3640,completed,5866276
16,4,3641,completed,5866944
16,4,3642,completed,5867694
16,4,3643,completed,5868235
16,4,3644,completed,5869027
16,4,3645,completed,5869735
16,4,3646,completed,5870401
16,4,3647,completed,5871110
16,4,3648,completed,5871777
16,4,3649,completed,5967943
16,4,3650,completed,5976277
16,4,3651,completed,5977568
16,4,3652,completed,5979109
16,4,3653,completed,5980735
16,4,3654,completed,5981901
16,4,3655,completed,5983359
16,4,3656,completed,5984693
16,4,3657,completed,5986318
16,4,3658,completed,5987652
16,4,3659,completed,5988610
16,4,3660,completed,5989652
16,4,3661,completed,5990901
16,4,3662,completed,5991818
16,4,3663,completed,5991985
16,4,3664,completed,5993568
16,4,3665,completed,5953735
16,4,3666,completed,5958109
16,4,3667,completed,5958943
16,4,3668,completed,5959777
16,4,3669,completed,5960734
16,4,3670,completed,5961568
16,4,3671,completed,5962776
16,4,3672,completed,5963902
16,4,3673,completed,5965193
16,4,3674,completed,5966569
16,4,3675,completed,5967485
16,4,3676,completed,5968777
16,4,3677,completed,5969944
16,4,3678,completed,5970026
16,4,3679,completed,5970777
16,4,3680,completed,5971652
16,4,3681,completed,7063607
16,4,3682,completed,7060107
16,4,3683,completed,7061149
16,4,3684,completed,7061941
16,4,3685,completed,7063191
16,4,3686,completed,7063899
16,4,3687,completed,7064940
16,4,3688,completed,7065815
16,4,3689,completed,7067232
16,4,3690,completed,7068899
16,4,3691,completed,7070024
16,4,3692,completed,7071273
16,4,3693,completed,7072523
16,4,3694,completed,7073690
16,4,3695,completed,7074940
16,4,3696,completed,7076773
16,4,3697,completed,5871693
16,4,3698,completed,5876652
16,4,3699,completed,5877693
16,4,3700,completed,5878651
16,4,3701,completed,5879735
16,4,3702,completed,5880735
16,4,3703,completed,5881902
16,4,3704,completed,5883026
16,4,3705,completed,5884610
16,4,3706,completed,5885777
16,4,3707,completed,5886985
16,4,3708,completed,5887985
16,4,3709,completed,5889026
16,4,3710,completed,5889985
16,4,3711,completed,5891027
16,4,3712,completed,5892318
16,4,3713,completed,5725110
16,4,3714,completed,5738527
16,4,3715,completed,5739485
16,4,3716,completed,5740402
16,4,3717,completed,5741443
16,4,3718,completed,5742236
16,4,3719,completed,5743068
16,4,3720,completed,5743861
16,4,3721,completed,5745235
16,4,3722,completed,5746485
16,4,3723,completed,5747486
16,4,3724,completed,5748652
16,4,3725,completed,5750027
16,4,3726,completed,5751277
16,4,3727,completed,5752236
16,4,3728,completed,5753319
16,4,3729,completed,6567233
16,4,3730,completed,6561525
16,4,3731,completed,6561649
16,4,3732,completed,6562150
16,4,3733,completed,6562483
16,4,3734,completed,6562899
16,4,3735,completed,6563150
16,4,3736,completed,6563733
16,4,3737,completed,6564400
16,4,3738,completed,6565025
16,4,3739,completed,6565525
16,4,3740,completed,6566025
16,4,3741,completed,6566483
16,4,3742,completed,6568108
16,4,3743,completed,6568608
16,4,3744,completed,6570067
16,4,3745,completed,6361109
16,4,3746,completed,6366317
16,4,3747,completed,6367692
16,4,3748,completed,6368692
16,4,3749,completed,6370067
16,4,3750,completed,6371275
16,4,3751,completed,6372442
16,4,3752,completed,6374484
16,4,3753,completed,6376067
16,4,3754,completed,6377525
16,4,3755,completed,6378734
16,4,3756,completed,6380192
16,4,3757,completed,6381483
16,4,3758,completed,6382734
16,4,3759,completed,6384609
16,4,3760,completed,6386275
16,4,3761,completed,6079151
16,4,3762,completed,6081318
16,4,3763,completed,6081734
16,4,3764,completed,6082318
16,4,3765,completed,6082817
16,4,3766,completed,6083568
16,4,3767,completed,6084193
16,4,3768,completed,6084901
16,4,3769,completed,6085651
16,4,3770,completed,6086317
16,4,3771,completed,6087110
16,4,3772,completed,6087692
16,4,3773,completed,6088318
16,4,3774,completed,6088859
16,4,3775,completed,6089442
16,4,3776,completed,6090026
16,4,3777,completed,5982276
16,4,3778,completed,5985985
16,4,3779,completed,5987193
16,4,3780,completed,5988401
16,4,3781,completed,5989901
16,4,3782,completed,5991402
16,4,3783,completed,5992818
16,4,3784,completed,5994443
16,4,3785,completed,5996193
16,4,3786,completed,5997693
16,4,3787,completed,5999026
16,4,3788,completed,6000610
16,4,3789,completed,6002068
16,4,3790,completed,6003443
16,4,3791,completed,6004943
16,4,3792,completed,6006568
16,4,3793,completed,5947026
16,4,3794,completed,5951651
16,4,3795,completed,5952485
16,4,3796,completed,5953651
16,4,3797,completed,5954735
16,4,3798,completed,5956026
16,4,3799,completed,5957068
16,4,3800,completed,5958360
16,4,3801,completed,5959860
16,4,3802,completed,5961068
16,4,3803,completed,5962235
16,4,3804,completed,5963527
16,4,3805,completed,5964693
16,4,3806,completed,5965735
16,4,3807,completed,5966985
16,4,3808,completed,5967860
16,4,3809,completed,5976568
16,4,3810,completed,5980609
16,4,3811,completed,5980777
16,4,3812,completed,5980485
16,4,3813,completed,5980652
16,4,3814,completed,5980693
16,4,3815,completed,5980735
16,4,3816,completed,5981110
16,4,3817,completed,5981818
16,4,3818,completed,5982068
16,4,3819,completed,5982277
16,4,3820,completed,5982484
16,4,3821,completed,5982693
16,4,3822,completed,5982818
16,4,3823,completed,5982985
16,4,3824,completed,5983652
16,4,3825,completed,6002776
16,4,3826,completed,6007693
16,4,3827,completed,6008359
16,4,3828,completed,6009277
16,4,3829,completed,6009943
16,4,3830,completed,6011068
16,4,3831,completed,6012027
16,4,3832,completed,6013109
16,4,3833,completed,6014193
16,4,3834,completed,6015152
16,4,3835,completed,6015985
16,4,3836,completed,6016943
16,4,3837,completed,6017859
16,4,3838,completed,6018610
16,4,3839,completed,6019984
16,4,3840,completed,6021401
16,4,3841,completed,5634861
16,4,3842,completed,5635403
16,4,3843,completed,5635652
16,4,3844,completed,5636111
16,4,3845,completed,5636777
16,4,3846,completed,5637778
16,4,3847,completed,5638194
16,4,3848,completed,5638652
16,4,3849,completed,5639235
16,4,3850,completed,5639735
16,4,3851,completed,5640111
16,4,3852,completed,5640486
16,4,3853,completed,5640902
16,4,3854,completed,5641194
16,4,3855,completed,5641819
16,4,3856,completed,5642569
16,4,3857,completed,5968777
16,4,3858,completed,5974235
16,4,3859,completed,5975277
16,4,3860,completed,5976443
16,4,3861,completed,5977568
16,4,3862,completed,5979152
16,4,3863,completed,5980152
16,4,3864,completed,5981527
16,4,3865,completed,5983068
16,4,3866,completed,5984610
16,4,3867,completed,5985651
16,4,3868,completed,5987151
16,4,3869,completed,5988276
16,4,3870,completed,5989359
16,4,3871,completed,5990693
16,4,3872,completed,5992276
16,4,3873,completed,5899402
16,4,3874,completed,5931610
16,4,3875,completed,5939193
16,4,3876,completed,5945526
16,4,3877,completed,5952027
16,4,3878,completed,5957651
16,4,3879,completed,5963068
16,4,3880,completed,5969152
16,4,3881,completed,5974860
16,4,3882,completed,5980443
16,4,3883,completed,5986027
16,4,3884,completed,5991401
16,4,3885,completed,5996526
16,4,3886,completed,6001651
16,4,3887,completed,6008068
16,4,3888,completed,6013943
16,4,3889,completed,6337359
16,4,3890,completed,6318567
16,4,3891,completed,6313025
16,4,3892,completed,6306983
16,4,3893,completed,6301775
16,4,3894,completed,6296901
16,4,3895,completed,6292609
16,4,3896,completed,6287151
16,4,3897,completed,6282609
16,4,3898,completed,6278276
16,4,3899,completed,6273192
16,4,3900,completed,6268693
16,4,3901,completed,6264026
16,4,3902,completed,6259026
16,4,3903,completed,6253609
16,4,3904,completed,6248275
16,4,3905,completed,5995484
16,4,3906,completed,5999818
16,4,3907,completed,6001401
16,4,3908,completed,6002984
16,4,3909,completed,6004985
16,4,3910,completed,6006776
16,4,3911,completed,6008318
16,4,3912,completed,6010110
16,4,3913,completed,6011901
16,4,3914,completed,6013526
16,4,3915,completed,6015276
16,4,3916,completed,6017068
16,4,3917,completed,6018485
16,4,3918,completed,6020235
16,4,3919,completed,6021401
16,4,3920,completed,6022360
16,4,3921,completed,5918901
16,4,3922,completed,5920776
16,4,3923,completed,5921152
16,4,3924,completed,5921402
16,4,3925,completed,5921777
16,4,3926,completed,5922026
16,4,3927,completed,5922110
16,4,3928,completed,5922693
16,4,3929,completed,5923068
16,4,3930,completed,5923610
16,4,3931,completed,5924110
16,4,3932,completed,5924652
16,4,3933,completed,5924735
16,4,3934,completed,5925152
16,4,3935,completed,5925277
16,4,3936,completed,5925526
16,4,3937,completed,6067901
16,4,3938,completed,6075193
16,4,3939,completed,6082901
16,4,3940,completed,6084068
16,4,3941,completed,6085776
16,4,3942,completed,6087276
16,4,3943,completed,6088485
16,4,3944,completed,6090193
16,4,3945,completed,6092151
16,4,3946,completed,6093943
16,4,3947,completed,6095192
16,4,3948,completed,6096651
16,4,3949,completed,6097901
16,4,3950,completed,6099359
16,4,3951,completed,6113818
16,4,3952,completed,6115359
16,4,3953,completed,5909818
16,4,3954,completed,5913901
16,4,3955,completed,5914443
16,4,3956,completed,5915484
16,4,3957,completed,5916068
16,4,3958,completed,5916318
16,4,3959,completed,5916943
16,4,3960,completed,5917776
16,4,3961,completed,5919109
16,4,3962,completed,5920151
16,4,3963,completed,5920818
16,4,3964,completed,5921527
16,4,3965,completed,5921902
16,4,3966,completed,5922527
16,4,3967,completed,5912901
16,4,3968,completed,5913277
16,4,3969,completed,6102776
16,4,3970,completed,6107276
16,4,3971,completed,6108068
16,4,3972,completed,6108734
16,4,3973,completed,6110734
16,4,3974,completed,6111526
16,4,3975,completed,6113109
16,4,3976,completed,6113776
16,4,3977,completed,6115401
16,4,3978,completed,6116818
16,4,3979,completed,6117942
16,4,3980,completed,6118317
16,4,3981,completed,6118692
16,4,3982,completed,6119651
16,4,3983,completed,6121067
16,4,3984,completed,6121734
16,4,3985,completed,5913610
16,4,3986,completed,5921443
16,4,3987,completed,5922443
16,4,3988,completed,5923151
16,4,3989,completed,5924360
16,4,3990,completed,5926526
16,4,3991,completed,5927276
16,4,3992,completed,5928485
16,4,3993,completed,5930984
16,4,3994,completed,5932068
16,4,3995,completed,5933443
16,4,3996,completed,5934651
16,4,3997,completed,5935568
16,4,3998,completed,5936401
16,4,3999,completed,5937568
16,4,4000,completed,5938651
16,4,4001,completed,5994152
16,4,4002,completed,5999276
16,4,4003,completed,6000484
16,4,4004,completed,6001360
16,4,4005,completed,6002610
16,4,4006,completed,6003651
16,4,4007,completed,6004818
16,4,4008,completed,6005610
16,4,4009,completed,6007151
16,4,4010,completed,6009318
16,4,4011,completed,6010401
16,4,4012,completed,6011359
16,4,4013,completed,6012027
16,4,4014,completed,6012651
16,4,4015,completed,6013568
16,4,4016,completed,6014943
16,4,4017,completed,5839068
16,4,4018,completed,5846194
16,4,4019,completed,5847652
16,4,4020,completed,5848443
16,4,4021,completed,5850818
16,4,4022,completed,5851985
16,4,4023,completed,5854110
16,4,4024,completed,5855443
16,4,4025,completed,5857235
16,4,4026,completed,5859110
16,4,4027,completed,5860985
16,4,4028,completed,5862068
16,4,4029,completed,5863069
16,4,4030,completed,5864110
16,4,4031,completed,5865110
16,4,4032,completed,5866277
16,4,4033,completed,5997276
16,4,4034,completed,5999651
16,4,4035,completed,6000735
16,4,4036,completed,6001693
16,4,4037,completed,6003193
16,4,4038,completed,6004318
16,4,4039,completed,6005568
16,4,4040,completed,6006735
16,4,4041,completed,6007943
16,4,4042,completed,6008859
16,4,4043,completed,6009735
16,4,4044,completed,6010859
16,4,4045,completed,6011818
16,4,4046,completed,6013276
16,4,4047,completed,6014318
16,4,4048,completed,6015985
16,4,4049,completed,5872151
16,4,4050,completed,5877276
16,4,4051,completed,5878693
16,4,4052,completed,5879569
16,4,4053,completed,5881110
16,4,4054,completed,5882402
16,4,4055,completed,5884068
16,4,4056,completed,5885652
16,4,4057,completed,5887068
16,4,4058,completed,5888109
16,4,4059,completed,5889068
16,4,4060,completed,5890235
16,4,4061,completed,5891318
16,4,4062,completed,5893027
16,4,4063,completed,5894027
16,4,4064,completed,5895860
16,4,4065,completed,5991443
16,4,4066,completed,5991609
16,4,4067,completed,5992110
16,4,4068,completed,5992652
16,4,4069,completed,5993276
16,4,4070,completed,5994026
16,4,4071,completed,5994734
16,4,4072,completed,5995484
16,4,4073,completed,5995943
16,4,4074,completed,5996443
16,4,4075,completed,5997193
16,4,4076,completed,5997860
16,4,4077,completed,5998651
16,4,4078,completed,5999526
16,4,4079,completed,6000193
16,4,4080,completed,6001234
16,4,4081,completed,5969902
16,4,4082,completed,5976526
16,4,4083,completed,5977110
16,4,4084,completed,5978193
16,4,4085,completed,5979068
16,4,4086,completed,5980151
16,4,4087,completed,5981235
16,4,4088,completed,5982693
16,4,4089,completed,5983818
16,4,4090,completed,5985568
16,4,4091,completed,5986818
16,4,4092,completed,5987901
16,4,4093,completed,5989234
16,4,4094,completed,5990110
16,4,4095,completed,5990985
16,4,4096,completed,5991277
16,4,4097,completed,5852485
16,4,4098,completed,5853943
16,4,4099,completed,5854193
16,4,4100,completed,5854652
16,4,4101,completed,5855402
16,4,4102,completed,5856152
16,4,4103,completed,5857027
16,4,4104,completed,5857610
16,4,4105,completed,5858277
16,4,4106,completed,5859026
16,4,4107,completed,5859527
16,4,4108,completed,5859943
16,4,4109,completed,5860444
16,4,4110,completed,5860902
16,4,4111,completed,5861776
16,4,4112,completed,5862194
16,4,4113,completed,5986984
16,4,4114,completed,5988901
16,4,4115,completed,5989734
16,4,4116,completed,5990610
16,4,4117,completed,5991443
16,4,4118,completed,5992526
16,4,4119,completed,5993777
16,4,4120,completed,5994943
16,4,4121,completed,5996193
16,4,4122,completed,5997360
16,4,4123,completed,5998359
16,4,4124,completed,5999360
16,4,4125,completed,6000401
16,4,4126,completed,6001359
16,4,4127,completed,6002484
16,4,4128,completed,6003776
16,4,4129,completed,5992693
16,4,4130,completed,6002109
16,4,4131,completed,6003527
16,4,4132,completed,6004902
16,4,4133,completed,6006609
16,4,4134,completed,6007943
16,4,4135,completed,6009776
16,4,4136,completed,6011318
16,4,4137,completed,6013151
16,4,4138,completed,6014734
16,4,4139,completed,6015693
16,4,4140,completed,6016693
16,4,4141,completed,6018276
16,4,4142,completed,6019235
16,4,4143,completed,6020318
16,4,4144,completed,6021818
16,4,4145,completed,5936860
16,4,4146,completed,5939401
16,4,4147,completed,5941110
16,4,4148,completed,5942193
16,4,4149,completed,5943443
16,4,4150,completed,5944735
16,4,4151,completed,5945901
16,4,4152,completed,5946902
16,4,4153,completed,5949110
16,4,4154,completed,5950693
16,4,4155,completed,5951901
16,4,4156,completed,5953110
16,4,4157,completed,5954276
16,4,4158,completed,5955526
16,4,4159,completed,5956776
16,4,4160,completed,5957735
16,4,4161,completed,5920110
16,4,4162,completed,5920318
16,4,4163,completed,5921110
16,4,4164,completed,5922109
16,4,4165,completed,5923318
16,4,4166,completed,5924401
16,4,4167,completed,5925526
16,4,4168,completed,5926610
16,4,4169,completed,5928026
16,4,4170,completed,5929276
16,4,4171,completed,5930193
16,4,4172,completed,5931443
16,4,4173,completed,5932443
16,4,4174,completed,5933526
16,4,4175,completed,5934485
16,4,4176,completed,5935568
16,4,4177,completed,5971693
16,4,4178,completed,5973610
16,4,4179,completed,5973651
16,4,4180,completed,5973526
16,4,4181,completed,5973485
16,4,4182,completed,5973568
16,4,4183,completed,5973693
16,4,4184,completed,5973693
16,4,4185,completed,5973985
16,4,4186,completed,5974360
16,4,4187,completed,5974402
16,4,4188,completed,5974484
16,4,4189,completed,5974609
16,4,4190,completed,5974610
16,4,4191,completed,5974693
16,4,4192,completed,5974776
16,4,4193,completed,5953026
16,4,4194,completed,5957985
16,4,4195,completed,5959526
16,4,4196,completed,5961277
16,4,4197,completed,5962776
16,4,4198,completed,5964443
16,4,4199,completed,5965943
16,4,4200,completed,5967484
16,4,4201,completed,5969443
16,4,4202,completed,5971985
16,4,4203,completed,5973402
16,4,4204,completed,5975568
16,4,4205,completed,5977068
16,4,4206,completed,5978693
16,4,4207,completed,5980276
16,4,4208,completed,5981610
16,4,4209,completed,6069985
16,4,4210,completed,6071568
16,4,4211,completed,6072401
16,4,4212,completed,6073276
16,4,4213,completed,6074276
16,4,4214,completed,6075276
16,4,4215,completed,6076318
16,4,4216,completed,6077318
16,4,4217,completed,6078526
16,4,4218,completed,6079693
16,4,4219,completed,6080859
16,4,4220,completed,6081943
16,4,4221,completed,6082859
16,4,4222,completed,6083901
16,4,4223,completed,6085068
16,4,4224,completed,6086109
16,4,4225,completed,5898443
16,4,4226,completed,5903026
16,4,4227,completed,5903985
16,4,4228,completed,5904902
16,4,4229,completed,5906193
16,4,4230,completed,5907235
16,4,4231,completed,5908235
16,4,4232,completed,5909318
16,4,4233,completed,5910860
16,4,4234,completed,5912235
16,4,4235,completed,5913193
16,4,4236,completed,5914443
16,4,4237,completed,5915484
16,4,4238,completed,5916568
16,4,4239,completed,5917485
16,4,4240,completed,5918485
16,4,4241,completed,5820527
16,4,4242,completed,5822318
16,4,4243,completed,5823235
16,4,4244,completed,5824069
16,4,4245,completed,5825361
16,4,4246,completed,5826318
16,4,4247,completed,5827318
16,4,4248,completed,5828319
16,4,4249,completed,5829527
16,4,4250,completed,5830693
16,4,4251,completed,5831819
16,4,4252,completed,5832902
16,4,4253,completed,5834068
16,4,4254,completed,5835110
16,4,4255,completed,5836235
16,4,4256,completed,5837193
16,4,4257,completed,6032234
16,4,4258,completed,6034610
16,4,4259,completed,6035485
16,4,4260,completed,6035984
16,4,4261,completed,6036484
16,4,4262,completed,6037193
16,4,4263,completed,6038068
16,4,4264,completed,6038985
16,4,4265,completed,6040235
16,4,4266,completed,6041234
16,4,4267,completed,6042235
16,4,4268,completed,6043276
16,4,4269,completed,6044401
16,4,4270,completed,6045443
16,4,4271,completed,6046943
16,4,4272,completed,6047735
16,4,4273,completed,5958860
16,4,4274,completed,5961568
16,4,4275,completed,5961485
16,4,4276,completed,5961359
16,4,4277,completed,5961359
16,4,4278,completed,5961777
16,4,4279,completed,5962151
16,4,4280,completed,5962359
16,4,4281,completed,5962902
16,4,4282,completed,5963485
16,4,4283,completed,5963818
16,4,4284,completed,5964151
16,4,4285,completed,5964443
16,4,4286,completed,5964818
16,4,4287,completed,5965068
16,4,4288,completed,5965026
16,4,4289,completed,5984151
16,4,4290,completed,5986276
16,4,4291,completed,5987401
16,4,4292,completed,5988818
16,4,4293,completed,5990318
16,4,4294,completed,5991735
16,4,4295,completed,5993193
16,4,4296,completed,5994568
16,4,4297,completed,5996193
16,4,4298,completed,5997818
16,4,4299,completed,5999151
16,4,4300,completed,6000609
16,4,4301,completed,6002026
16,4,4302,completed,6003526
16,4,4303,completed,6005068
16,4,4304,completed,6006985
16,4,4305,completed,5953110
16,4,4306,completed,5954110
16,4,4307,completed,5954068
16,4,4308,completed,5953693
16,4,4309,completed,5953193
16,4,4310,completed,5953318
16,4,4311,completed,5953068
16,4,4312,completed,5953194
16,4,4313,completed,5953443
16,4,4314,completed,5953569
16,4,4315,completed,5953693
16,4,4316,completed,5953860
16,4,4317,completed,5953943
16,4,4318,completed,5954068
16,4,4319,completed,5954151
16,4,4320,completed,5953902
16,4,4321,completed,5944568
16,4,4322,completed,5946818
16,4,4323,completed,5947152
16,4,4324,completed,5947776
16,4,4325,completed,5948443
16,4,4326,completed,5949027
16,4,4327,completed,5949485
16,4,4328,completed,5950027
16,4,4329,completed,5950943
16,4,4330,completed,5952027
16,4,4331,completed,5953902
16,4,4332,completed,5955776
16,4,4333,completed,5957443
16,4,4334,completed,5959277
16,4,4335,completed,5960943
16,4,4336,completed,5962652
16,4,4337,completed,5998401
16,4,4338,completed,6000110
16,4,4339,completed,6000443
16,4,4340,completed,6000735
16,4,4341,completed,6001360
16,4,4342,completed,6001776
16,4,4343,completed,6002485
16,4,4344,completed,6003068
16,4,4345,completed,6003901
16,4,4346,completed,6004776
16,4,4347,completed,6005318
16,4,4348,completed,6005985
16,4,4349,completed,6006526
16,4,4350,completed,6007276
16,4,4351,completed,6007776
16,4,4352,completed,6008402
16,4,4353,completed,5815652
16,4,4354,completed,5824194
16,4,4355,completed,5825194
16,4,4356,completed,5826360
16,4,4357,completed,5828735
16,4,4358,completed,5830569
16,4,4359,completed,5831985
16,4,4360,completed,5832943
16,4,4361,completed,5834735
16,4,4362,completed,5836443
16,4,4363,completed,5837443
16,4,4364,completed,5839152
16,4,4365,completed,5840360
16,4,4366,completed,5841318
16,4,4367,completed,5842277
16,4,4368,completed,5843277
16,4,4369,completed,5928027
16,4,4370,completed,5929526
16,4,4371,completed,5930318
16,4,4372,completed,5930984
16,4,4373,completed,5932526
16,4,4374,completed,5933401
16,4,4375,completed,5934401
16,4,4376,completed,5935401
16,4,4377,completed,5936818
16,4,4378,completed,5938485
16,4,4379,completed,5939402
16,4,4380,completed,5940693
16,4,4381,completed,5941693
16,4,4382,completed,5942818
16,4,4383,completed,5943776
16,4,4384,completed,5944485
16,4,4385,completed,6106901
16,4,4386,completed,6107610
16,4,4387,completed,6107734
16,4,4388,completed,6107651
16,4,4389,completed,6107818
16,4,4390,completed,6107693
16,4,4391,completed,6107693
16,4,4392,completed,6107901
16,4,4393,completed,6108276
16,4,4394,completed,6108734
16,4,4395,completed,6108984
16,4,4396,completed,6109276
16,4,4397,completed,6109442
16,4,4398,completed,6109651
16,4,4399,completed,6109901
16,4,4400,completed,6110067
16,4,4401,completed,5887651
16,4,4402,completed,5889485
16,4,4403,completed,5889819
16,4,4404,completed,5890485
16,4,4405,completed,5891027
16,4,4406,completed,5891777
16,4,4407,completed,5892526
16,4,4408,completed,5893193
16,4,4409,completed,5893985
16,4,4410,completed,5894693
16,4,4411,completed,5895360
16,4,4412,completed,5896110
16,4,4413,completed,5896693
16,4,4414,completed,5897401
16,4,4415,completed,5897985
16,4,4416,completed,5898860
16,4,4417,completed,5919484
16,4,4418,completed,5921026
16,4,4419,completed,5913485
16,4,4420,completed,5914193
16,4,4421,completed,5915193
16,4,4422,completed,5916110
16,4,4423,completed,5917026
16,4,4424,completed,5917943
16,4,4425,completed,5919027
16,4,4426,completed,5920027
16,4,4427,completed,5920901
16,4,4428,completed,5921776
16,4,4429,completed,5922693
16,4,4430,completed,5923652
16,4,4431,completed,5924485
16,4,4432,completed,5925360
16,4,4433,completed,6016193
16,4,4434,completed,6018693
16,4,4435,completed,6019152
16,4,4436,completed,6019526
16,4,4437,completed,6020151
16,4,4438,completed,6020776
16,4,4439,completed,6021109
16,4,4440,completed,6021568
16,4,4441,completed,6022276
16,4,4442,completed,6022818
16,4,4443,completed,6023652
16,4,4444,completed,6024151
16,4,4445,completed,6024818
16,4,4446,completed,6025360
16,4,4447,completed,6025901
16,4,4448,completed,6026860
16,4,4449,completed,6083568
16,4,4450,completed,6085651
16,4,4451,completed,6086068
16,4,4452,completed,6086693
16,4,4453,completed,6087110
16,4,4454,completed,6087609
16,4,4455,completed,6088026
16,4,4456,completed,6088443
16,4,4457,completed,6089068
16,4,4458,completed,6089651
16,4,4459,completed,6090151
16,4,4460,completed,6090693
16,4,4461,completed,6091151
16,4,4462,completed,6091777
16,4,4463,completed,6092443
16,4,4464,completed,6092943
16,4,4465,completed,5483860
16,4,4466,completed,5488652
16,4,4467,completed,5489569
16,4,4468,completed,5489944
16,4,4469,completed,5490402
16,4,4470,completed,5490694
16,4,4471,completed,5491444
16,4,4472,completed,5492236
16,4,4473,completed,5493736
16,4,4474,completed,5494194
16,4,4475,completed,5494903
16,4,4476,completed,5495278
16,4,4477,completed,5495694
16,4,4478,completed,5496194
16,4,4479,completed,5496819
16,4,4480,completed,5497445
16,4,4481,completed,6474234
16,4,4482,completed,6492108
16,4,4483,completed,6497441
16,4,4484,completed,6502025
16,4,4485,completed,6505900
16,4,4486,completed,6509984
16,4,4487,completed,6513859
16,4,4488,completed,6517775
16,4,4489,completed,6522275
16,4,4490,completed,6526525
16,4,4491,completed,6530609
16,4,4492,completed,6534400
16,4,4493,completed,6538234
16,4,4494,completed,6541859
16,4,4495,completed,6545400
16,4,4496,completed,6548400
16,4,4497,completed,5901818
16,4,4498,completed,5904819
16,4,4499,completed,5901319
16,4,4500,completed,5898568
16,4,4501,completed,5895901
16,4,4502,completed,5893110
16,4,4503,completed,5890485
16,4,4504,completed,5887360
16,4,4505,completed,5884277
16,4,4506,completed,5881485
16,4,4507,completed,5878860
16,4,4508,completed,5876068
16,4,4509,completed,5873277
16,4,4510,completed,5870235
16,4,4511,completed,5867318
16,4,4512,completed,5864360
16,4,4513,completed,6082276
16,4,4514,completed,6088818
16,4,4515,completed,6090151
16,4,4516,completed,6091401
16,4,4517,completed,6093193
16,4,4518,completed,6094276
16,4,4519,completed,6095401
16,4,4520,completed,6096859
16,4,4521,completed,6099567
16,4,4522,completed,6100818
16,4,4523,completed,6101984
16,4,4524,completed,6103692
16,4,4525,completed,6105610
16,4,4526,completed,6107443
16,4,4527,completed,6109401
16,4,4528,completed,6111651
16,4,4529,completed,5487319
16,4,4530,completed,5491653
16,4,4531,completed,5492694
16,4,4532,completed,5493736
16,4,4533,completed,5494653
16,4,4534,completed,5495402
16,4,4535,completed,5496111
16,4,4536,completed,5497403
16,4,4537,completed,5498944
16,4,4538,completed,5499653
16,4,4539,completed,5500528
16,4,4540,completed,5501486
16,4,4541,completed,5502653
16,4,4542,completed,5503528
16,4,4543,completed,5504569
16,4,4544,completed,5505861
16,4,4545,completed,5871735
16,4,4546,completed,5873568
16,4,4547,completed,5874194
16,4,4548,completed,5875568
16,4,4549,completed,5877068
16,4,4550,completed,5878360
16,4,4551,completed,5879901
16,4,4552,completed,5880735
16,4,4553,completed,5881860
16,4,4554,completed,5883693
16,4,4555,completed,5884485
16,4,4556,completed,5885276
16,4,4557,completed,5886694
16,4,4558,completed,5887318
16,4,4559,completed,5888735
16,4,4560,completed,5889735
16,4,4561,completed,6144109
16,4,4562,completed,6147026
16,4,4563,completed,6147984
16,4,4564,completed,6148818
16,4,4565,completed,6150401
16,4,4566,completed,6151609
16,4,4567,completed,6152484
16,4,4568,completed,6153068
16,4,4569,completed,6153984
16,4,4570,completed,6155526
16,4,4571,completed,6156484
16,4,4572,completed,6157192
16,4,4573,completed,6158193
16,4,4574,completed,6158693
16,4,4575,completed,6160276
16,4,4576,completed,6161026
16,4,4577,completed,6354234
16,4,4578,completed,6359859
16,4,4579,completed,6360567
16,4,4580,completed,6361692
16,4,4581,completed,6362901
16,4,4582,completed,6364192
16,4,4583,completed,6365484
16,4,4584,completed,6366483
16,4,4585,completed,6367484
16,4,4586,completed,6368567
16,4,4587,completed,6369484
16,4,4588,completed,6370233
16,4,4589,completed,6371442
16,4,4590,completed,6371942
16,4,4591,completed,6373234
16,4,4592,completed,6373900
16,4,4593,completed,5894277
16,4,4594,completed,5894277
16,4,4595,completed,5895027
16,4,4596,completed,5895568
16,4,4597,completed,5896402
16,4,4598,completed,5897401
16,4,4599,completed,5897818
16,4,4600,completed,5898359
16,4,4601,completed,5899276
16,4,4602,completed,5899985
16,4,4603,completed,5900859
16,4,4604,completed,5901277
16,4,4605,completed,5901818
16,4,4606,completed,5902235
16,4,4607,completed,5902902
16,4,4608,completed,5903734
16,4,4609,completed,5954151
16,4,4610,completed,5956485
16,4,4611,completed,5957276
16,4,4612,completed,5957485
16,4,4613,completed,5958235
16,4,4614,completed,5958777
16,4,4615,completed,5959485
16,4,4616,completed,5960110
16,4,4617,completed,5961027
16,4,4618,completed,5961651
16,4,4619,completed,5962652
16,4,4620,completed,5963068
16,4,4621,completed,5963568
16,4,4622,completed,5964110
16,4,4623,completed,5964526
16,4,4624,completed,5964985
16,4,4625,completed,6021318
16,4,4626,completed,6025110
16,4,4627,completed,6026860
16,4,4628,completed,6028276
16,4,4629,completed,6029943
16,4,4630,completed,6031568
16,4,4631,completed,6032860
16,4,4632,completed,6034484
16,4,4633,completed,6036318
16,4,4634,completed,6037943
16,4,4635,completed,6039735
16,4,4636,completed,6041277
16,4,4637,completed,6042901
16,4,4638,completed,6044568
16,4,4639,completed,6046110
16,4,4640,completed,6047776
16,4,4641,completed,5885902
16,4,4642,completed,5885401
16,4,4643,completed,5885152
16,4,4644,completed,5884735
16,4,4645,completed,5884568
16,4,4646,completed,5884277
16,4,4647,completed,5883943
16,4,4648,completed,5883777
16,4,4649,completed,5883943
16,4,4650,completed,5883818
16,4,4651,completed,5883860
16,4,4652,completed,5883734
16,4,4653,completed,5883609
16,4,4654,completed,5883485
16,4,4655,completed,5883401
16,4,4656,completed,5883193
16,4,4657,completed,5995985
16,4,4658,completed,5999568
16,4,4659,completed,6001359
16,4,4660,completed,6002859
16,4,4661,completed,6004652
16,4,4662,completed,6006359
16,4,4663,completed,6007901
16,4,4664,completed,6009359
16,4,4665,completed,6011235
16,4,4666,completed,6012776
16,4,4667,completed,6014443
16,4,4668,completed,6015943
16,4,4669,completed,6017484
16,4,4670,completed,6019110
16,4,4671,completed,6020818
16,4,4672,completed,6022235
16,4,4673,completed,5965943
16,4,4674,completed,5967901
16,4,4675,completed,5967985
16,4,4676,completed,5968068
16,4,4677,completed,5968401
16,4,4678,completed,5968609
16,4,4679,completed,5968777
16,4,4680,completed,5968818
16,4,4681,completed,5969234
16,4,4682,completed,5969443
16,4,4683,completed,5969860
16,4,4684,completed,5969902
16,4,4685,completed,5970068
16,4,4686,completed,5970235
16,4,4687,completed,5970276
16,4,4688,completed,5970401
16,4,4689,completed,5995818
16,4,4690,completed,5999734
16,4,4691,completed,6000318
16,4,4692,completed,6000943
16,4,4693,completed,6001818
16,4,4694,completed,6003193
16,4,4695,completed,6004152
16,4,4696,completed,6004735
16,4,4697,completed,6005735
16,4,4698,completed,6006484
16,4,4699,completed,6007526
16,4,4700,completed,6008068
16,4,4701,completed,6008693
16,4,4702,completed,6009276
16,4,4703,completed,6009985
16,4,4704,completed,6010485
16,4,4705,completed,5990693
16,4,4706,completed,5997401
16,4,4707,completed,5998985
16,4,4708,completed,6000318
16,4,4709,completed,6001943
16,4,4710,completed,6003610
16,4,4711,completed,6004860
16,4,4712,completed,6006110
16,4,4713,completed,6007901
16,4,4714,completed,6009692
16,4,4715,completed,6011568
16,4,4716,completed,6012859
16,4,4717,completed,6014318
16,4,4718,completed,6015984
16,4,4719,completed,6017109
16,4,4720,completed,6018401
16,4,4721,completed,5874027
16,4,4722,completed,5876694
16,4,4723,completed,5876860
16,4,4724,completed,5877027
16,4,4725,completed,5877735
16,4,4726,completed,5877860
16,4,4727,completed,5878610
16,4,4728,completed,5879026
16,4,4729,completed,5879944
16,4,4730,completed,5881068
16,4,4731,completed,5881985
16,4,4732,completed,5882610
16,4,4733,completed,5883235
16,4,4734,completed,5884151
16,4,4735,completed,5884777
16,4,4736,completed,5885152
16,4,4737,completed,5995693
16,4,4738,completed,5995985
16,4,4739,completed,5997109
16,4,4740,completed,5998360
16,4,4741,completed,5999943
16,4,4742,completed,6001443
16,4,4743,completed,6002776
16,4,4744,completed,6004110
16,4,4745,completed,6005735
16,4,4746,completed,6007235
16,4,4747,completed,6009443
16,4,4748,completed,6010818
16,4,4749,completed,6012193
16,4,4750,completed,6013651
16,4,4751,completed,6015860
16,4,4752,completed,6017068
16,4,4753,completed,5969485
16,4,4754,completed,5972068
16,4,4755,completed,5973026
16,4,4756,completed,5973401
16,4,4757,completed,5961110
16,4,4758,completed,5961860
16,4,4759,completed,5962318
16,4,4760,completed,5963360
16,4,4761,completed,5964609
16,4,4762,completed,5965527
16,4,4763,completed,5966568
16,4,4764,completed,5967568
16,4,4765,completed,5968735
16,4,4766,completed,5969818
16,4,4767,completed,5970859
16,4,4768,completed,5971943
16,4,4769,completed,5930318
16,4,4770,completed,5935527
16,4,4771,completed,5936360
16,4,4772,completed,5936819
16,4,4773,completed,5937152
16,4,4774,completed,5937485
16,4,4775,completed,5937777
16,4,4776,completed,5937735
16,4,4777,completed,5938276
16,4,4778,completed,5938652
16,4,4779,completed,5938860
16,4,4780,completed,5939151
16,4,4781,completed,5939443
16,4,4782,completed,5939901
16,4,4783,completed,5940402
16,4,4784,completed,5941360
16,4,4785,completed,5998777
16,4,4786,completed,6000151
16,4,4787,completed,6000735
16,4,4788,completed,6001443
16,4,4789,completed,6001818
16,4,4790,completed,6002443
16,4,4791,completed,6003152
16,4,4792,completed,6003651
16,4,4793,completed,6004359
16,4,4794,completed,6004984
16,4,4795,completed,6005527
16,4,4796,completed,6006068
16,4,4797,completed,6006735
16,4,4798,completed,6007484
16,4,4799,completed,6008777
16,4,4800,completed,6009318
16,4,4801,completed,5822901
16,4,4802,completed,5827276
16,4,4803,completed,5827943
16,4,4804,completed,5828777
16,4,4805,completed,5829568
16,4,4806,completed,5830568
16,4,4807,completed,5831652
16,4,4808,completed,5832110
16,4,4809,completed,5833610
16,4,4810,completed,5834485
16,4,4811,completed,5835193
16,4,4812,completed,5835694
16,4,4813,completed,5836485
16,4,4814,completed,5837777
16,4,4815,completed,5838901
16,4,4816,completed,5839943
16,4,4817,completed,6068902
16,4,4818,completed,6071734
16,4,4819,completed,6072942
16,4,4820,completed,6073943
16,4,4821,completed,6074901
16,4,4822,completed,6076026
16,4,4823,completed,6077151
16,4,4824,completed,6078235
16,4,4825,completed,6079568
16,4,4826,completed,6080693
16,4,4827,completed,6081776
16,4,4828,completed,6082901
16,4,4829,completed,6083984
16,4,4830,completed,6085442
16,4,4831,completed,6086651
16,4,4832,completed,6087734
16,4,4833,completed,5996943
16,4,4834,completed,5999526
16,4,4835,completed,6000360
16,4,4836,completed,6001193
16,4,4837,completed,6002151
16,4,4838,completed,6003026
16,4,4839,completed,6003776
16,4,4840,completed,6004485
16,4,4841,completed,6005568
16,4,4842,completed,6006443
16,4,4843,completed,6007193
16,4,4844,completed,6007777
16,4,4845,completed,6008485
16,4,4846,completed,6009318
16,4,4847,completed,6009985
16,4,4848,completed,6010735
16,4,4849,completed,6075026
16,4,4850,completed,6092151
16,4,4851,completed,6099360
16,4,4852,completed,6105192
16,4,4853,completed,6110359
16,4,4854,completed,6115610
16,4,4855,completed,6120734
16,4,4856,completed,6125776
16,4,4857,completed,6131068
16,4,4858,completed,6136484
16,4,4859,completed,6141484
16,4,4860,completed,6146401
16,4,4861,completed,6151485
16,4,4862,completed,6156776
16,4,4863,completed,6161985
16,4,4864,completed,6166401
16,4,4865,completed,5705610
16,4,4866,completed,5698652
16,4,4867,completed,5692943
16,4,4868,completed,5687944
16,4,4869,completed,5683735
16,4,4870,completed,5679152
16,4,4871,completed,5674693
16,4,4872,completed,5670443
16,4,4873,completed,5665819
16,4,4874,completed,5661069
16,4,4875,completed,5656860
16,4,4876,completed,5652444
16,4,4877,completed,5647902
16,4,4878,completed,5643443
16,4,4879,completed,5639361
16,4,4880,completed,5635111
16,4,4881,completed,6291651
16,4,4882,completed,6300484
16,4,4883,completed,6300942
16,4,4884,completed,6301484
16,4,4885,completed,6302192
16,4,4886,completed,6303275
16,4,4887,completed,6304442
16,4,4888,completed,6305609
16,4,4889,completed,6306609
16,4,4890,completed,6307151
16,4,4891,completed,6308109
16,4,4892,completed,6308568
16,4,4893,completed,6309234
16,4,4894,completed,6310067
16,4,4895,completed,6310901
16,4,4896,completed,6311401
16,4,4897,completed,5951901
16,4,4898,completed,5953569
16,4,4899,completed,5954485
16,4,4900,completed,5955402
16,4,4901,completed,5956652
16,4,4902,completed,5957485
16,4,4903,completed,5958401
16,4,4904,completed,5959444
16,4,4905,completed,5960401
16,4,4906,completed,5961068
16,4,4907,completed,5961819
16,4,4908,completed,5962568
16,4,4909,completed,5963277
16,4,4910,completed,5964360
16,4,4911,completed,5965194
16,4,4912,completed,5966193
16,4,4913,completed,5913026
16,4,4914,completed,5916819
16,4,4915,completed,5917527
16,4,4916,completed,5918110
16,4,4917,completed,5918860
16,4,4918,completed,5919443
16,4,4919,completed,5920360
16,4,4920,completed,5921276
16,4,4921,completed,5922360
16,4,4922,completed,5922985
16,4,4923,completed,5923985
16,4,4924,completed,5924568
16,4,4925,completed,5925277
16,4,4926,completed,5926360
16,4,4927,completed,5927068
16,4,4928,completed,5927944
16,4,4929,completed,5577444
16,4,4930,completed,5586569
16,4,4931,completed,5587277
16,4,4932,completed,5588402
16,4,4933,completed,5590069
16,4,4934,completed,5590736
16,4,4935,completed,5592111
16,4,4936,completed,5593736
16,4,4937,completed,5594736
16,4,4938,completed,5595944
16,4,4939,completed,5597153
16,4,4940,completed,5597860
16,4,4941,completed,5599403
16,4,4942,completed,5600444
16,4,4943,completed,5601611
16,4,4944,completed,5602402
16,4,4945,completed,6314900
16,4,4946,completed,6323067
16,4,4947,completed,6324942
16,4,4948,completed,6326900
16,4,4949,completed,6329067
16,4,4950,completed,6331275
16,4,4951,completed,6333692
16,4,4952,completed,6336275
16,4,4953,completed,6338858
16,4,4954,completed,6340776
16,4,4955,completed,6342859
16,4,4956,completed,6344692
16,4,4957,completed,6346401
16,4,4958,completed,6348692
16,4,4959,completed,6351317
16,4,4960,completed,6353901
16,4,4961,completed,6039068
16,4,4962,completed,6041193
16,4,4963,completed,6041693
16,4,4964,completed,6042109
16,4,4965,completed,6042734
16,4,4966,completed,6043359
16,4,4967,completed,6043901
16,4,4968,completed,6044902
16,4,4969,completed,6045401
16,4,4970,completed,6045568
16,4,4971,completed,6046026
16,4,4972,completed,6046276
16,4,4973,completed,6046568
16,4,4974,completed,6047109
16,4,4975,completed,6047693
16,4,4976,completed,6048401
16,4,4977,completed,5956276
16,4,4978,completed,5965360
16,4,4979,completed,5967360
16,4,4980,completed,5968776
16,4,4981,completed,5970527
16,4,4982,completed,5972193
16,4,4983,completed,5973276
16,4,4984,completed,5975276
16,4,4985,completed,5977568
16,4,4986,completed,5980485
16,4,4987,completed,5982360
16,4,4988,completed,5984151
16,4,4989,completed,5985235
16,4,4990,completed,5986860
16,4,4991,completed,5988235
16,4,4992,completed,5989610
16,4,4993,completed,5828151
16,4,4994,completed,5829193
16,4,4995,completed,5829568
16,4,4996,completed,5830360
16,4,4997,completed,5831443
16,4,4998,completed,5832443
16,4,4999,completed,5833235
16,4,5000,completed,5833693
16,4,5001,completed,5835069
16,4,5002,completed,5836152
16,4,5003,completed,5836902
16,4,5004,completed,5837360
16,4,5005,completed,5838360
16,4,5006,completed,5838735
16,4,5007,completed,5839318
16,4,5008,completed,5839818
16,4,5009,completed,6138192
16,4,5010,completed,6146693
16,4,5011,completed,6147651
16,4,5012,completed,6148526
16,4,5013,completed,6149650
16,4,5014,completed,6150276
16,4,5015,completed,6151068
16,4,5016,completed,6152234
16,4,5017,completed,6152943
16,4,5018,completed,6154026
16,4,5019,completed,6155276
16,4,5020,completed,6156318
16,4,5021,completed,6157193
16,4,5022,completed,6158484
16,4,5023,completed,6159901
16,4,5024,completed,6161609
16,4,5025,completed,5833444
16,4,5026,completed,5834110
16,4,5027,completed,5833901
16,4,5028,completed,5834735
16,4,5029,completed,5835193
16,4,5030,completed,5835985
16,4,5031,completed,5836652
16,4,5032,completed,5837485
16,4,5033,completed,5838818
16,4,5034,completed,5840277
16,4,5035,completed,5841319
16,4,5036,completed,5841943
16,4,5037,completed,5842777
16,4,5038,completed,5843235
16,4,5039,completed,5843985
16,4,5040,completed,5844485
16,4,5041,completed,5895443
16,4,5042,completed,5897402
16,4,5043,completed,5897860
16,4,5044,completed,5898527
16,4,5045,completed,5898985
16,4,5046,completed,5900151
16,4,5047,completed,5901235
16,4,5048,completed,5901902
16,4,5049,completed,5903026
16,4,5050,completed,5903735
16,4,5051,completed,5904777
16,4,5052,completed,5905319
16,4,5053,completed,5906151
16,4,5054,completed,5906610
16,4,5055,completed,5907693
16,4,5056,completed,5908568
16,4,5057,completed,6061943
16,4,5058,completed,6070234
16,4,5059,completed,6070693
16,4,5060,completed,6071651
16,4,5061,completed,6072318
16,4,5062,completed,6073234
16,4,5063,completed,6074110
16,4,5064,completed,6074943
16,4,5065,completed,6076651
16,4,5066,completed,6077860
16,4,5067,completed,6078776
16,4,5068,completed,6079484
16,4,5069,completed,6080193
16,4,5070,completed,6080610
16,4,5071,completed,6081443
16,4,5072,completed,6081735
16,4,5073,completed,5973943
16,4,5074,completed,5977276
16,4,5075,completed,5978110
16,4,5076,completed,5978360
16,4,5077,completed,5979610
16,4,5078,completed,5980526
16,4,5079,completed,5980943
16,4,5080,completed,5981568
16,4,5081,completed,5983151
16,4,5082,completed,5984568
16,4,5083,completed,5985235
16,4,5084,completed,5986068
16,4,5085,completed,5986735
16,4,5086,completed,5987526
16,4,5087,completed,5988235
16,4,5088,completed,5989193
16,4,5089,completed,5855193
16,4,5090,completed,5855444
16,4,5091,completed,5856193
16,4,5092,completed,5856818
16,4,5093,completed,5857860
16,4,5094,completed,5858485
16,4,5095,completed,5858943
16,4,5096,completed,5859569
16,4,5097,completed,5860443
16,4,5098,completed,5861443
16,4,5099,completed,5861985
16,4,5100,completed,5862527
16,4,5101,completed,5863110
16,4,5102,completed,5863860
16,4,5103,completed,5864527
16,4,5104,completed,5843443
16,4,5105,completed,5555944
16,4,5106,completed,5562445
16,4,5107,completed,5562986
16,4,5108,completed,5563611
16,4,5109,completed,5564111
16,4,5110,completed,5565194
16,4,5111,completed,5565986
16,4,5112,completed,5566361
16,4,5113,completed,5567236
16,4,5114,completed,5568653
16,4,5115,completed,5569069
16,4,5116,completed,5570402
16,4,5117,completed,5571236
16,4,5118,completed,5571819
16,4,5119,completed,5572485
16,4,5120,completed,5573069
16,4,5121,completed,6342401
16,4,5122,completed,6340859
16,4,5123,completed,6341442
16,4,5124,completed,6342359
16,4,5125,completed,6343318
16,4,5126,completed,6344275
16,4,5127,completed,6344984
16,4,5128,completed,6345567
16,4,5129,completed,6346734
16,4,5130,completed,6347400
16,4,5131,completed,6347942
16,4,5132,completed,6348651
16,4,5133,completed,6349234
16,4,5134,completed,6349943
16,4,5135,completed,6351025
16,4,5136,completed,6351817
16,4,5137,completed,6019568
16,4,5138,completed,6021776
16,4,5139,completed,6022443
16,4,5140,completed,6022777
16,4,5141,completed,6023318
16,4,5142,completed,6023610
16,4,5143,completed,6023943
16,4,5144,completed,6024485
16,4,5145,completed,6025484
16,4,5146,completed,6026110
16,4,5147,completed,6026693
16,4,5148,completed,6027318
16,4,5149,completed,6027777
16,4,5150,completed,6028443
16,4,5151,completed,6029235
16,4,5152,completed,6029776
16,4,5153,completed,5512819
16,4,5154,completed,5518778
16,4,5155,completed,5519444
16,4,5156,completed,5520069
16,4,5157,completed,5520861
16,4,5158,completed,5521569
16,4,5159,completed,5522694
16,4,5160,completed,5523278
16,4,5161,completed,5524403
16,4,5162,completed,5525069
16,4,5163,completed,5525653
16,4,5164,completed,5526360
16,4,5165,completed,5526985
16,4,5166,completed,5528152
16,4,5167,completed,5528735
16,4,5168,completed,5529486
16,4,5169,completed,6417275
16,4,5170,completed,6418275
16,4,5171,completed,6419525
16,4,5172,completed,6420900
16,4,5173,completed,6422609
16,4,5174,completed,6423942
16,4,5175,completed,6425942
16,4,5176,completed,6427400
16,4,5177,completed,6429150
16,4,5178,completed,6430859
16,4,5179,completed,6432275
16,4,5180,completed,6433734
16,4,5181,completed,6435192
16,4,5182,completed,6436567
16,4,5183,completed,6437984
16,4,5184,completed,6439026
16,4,5185,completed,5971109
16,4,5186,completed,5971776
16,4,5187,completed,5971485
16,4,5188,completed,5971484
16,4,5189,completed,5971568
16,4,5190,completed,5971568
16,4,5191,completed,5971610
16,4,5192,completed,5971776
16,4,5193,completed,5971902
16,4,5194,completed,5972193
16,4,5195,completed,5972235
16,4,5196,completed,5972277
16,4,5197,completed,5972276
16,4,5198,completed,5972276
16,4,5199,completed,5972234
16,4,5200,completed,5972401
16,4,5201,completed,5884693
16,4,5202,completed,5892651
16,4,5203,completed,5894068
16,4,5204,completed,5895526
16,4,5205,completed,5897443
16,4,5206,completed,5899527
16,4,5207,completed,5900777
16,4,5208,completed,5902777
16,4,5209,completed,5904693
16,4,5210,completed,5906984
16,4,5211,completed,5908693
16,4,5212,completed,5910276
16,4,5213,completed,5912235
16,4,5214,completed,5914027
16,4,5215,completed,5915568
16,4,5216,completed,5917652
16,4,5217,completed,6126610
16,4,5218,completed,6126692
16,4,5219,completed,6126610
16,4,5220,completed,6126776
16,4,5221,completed,6126901
16,4,5222,completed,6126984
16,4,5223,completed,6126943
16,4,5224,completed,6126985
16,4,5225,completed,6127193
16,4,5226,completed,6127401
16,4,5227,completed,6127526
16,4,5228,completed,6127567
16,4,5229,completed,6127693
16,4,5230,completed,6127776
16,4,5231,completed,6127901
16,4,5232,completed,6128026
16,4,5233,completed,5893777
16,4,5234,completed,5898318
16,4,5235,completed,5898526
16,4,5236,completed,5898860
16,4,5237,completed,5899610
16,4,5238,completed,5900402
16,4,5239,completed,5900776
16,4,5240,completed,5901610
16,4,5241,completed,5902276
16,4,5242,completed,5903068
16,4,5243,completed,5903610
16,4,5244,completed,5904068
16,4,5245,completed,5904651
16,4,5246,completed,5905277
16,4,5247,completed,5905984
16,4,5248,completed,5906443
16,4,5249,completed,5985609
16,4,5250,completed,5989318
16,4,5251,completed,5990776
16,4,5252,completed,5992443
16,4,5253,completed,5994359
16,4,5254,completed,5995943
16,4,5255,completed,5997443
16,4,5256,completed,5999193
16,4,5257,completed,6000818
16,4,5258,completed,6002776
16,4,5259,completed,6004360
16,4,5260,completed,6005859
16,4,5261,completed,6007526
16,4,5262,completed,6009152
16,4,5263,completed,6010693
16,4,5264,completed,6012443
16,4,5265,completed,5933318
16,4,5266,completed,5934027
16,4,5267,completed,5933651
16,4,5268,completed,5933401
16,4,5269,completed,5933485
16,4,5270,completed,5933484
16,4,5271,completed,5933276
16,4,5272,completed,5933318
16,4,5273,completed,5933277
16,4,5274,completed,5933485
16,4,5275,completed,5933651
16,4,5276,completed,5933527
16,4,5277,completed,5933527
16,4,5278,completed,5933401
16,4,5279,completed,5933276
16,4,5280,completed,5933402
16,4,5281,completed,6025610
16,4,5282,completed,6036860
16,4,5283,completed,6038443
16,4,5284,completed,6039818
16,4,5285,completed,6041901
16,4,5286,completed,6043776
16,4,5287,completed,6045652
16,4,5288,completed,6047318
16,4,5289,completed,6049651
16,4,5290,completed,6051860
16,4,5291,completed,6053651
16,4,5292,completed,6054943
16,4,5293,completed,6056568
16,4,5294,completed,6057859
16,4,5295,completed,6060235
16,4,5296,completed,6062943
16,4,5297,completed,5925985
16,4,5298,completed,5928818
16,4,5299,completed,5929277
16,4,5300,completed,5929985
16,4,5301,completed,5930610
16,4,5302,completed,5931568
16,4,5303,completed,5932526
16,4,5304,completed,5933110
16,4,5305,completed,5933693
16,4,5306,completed,5934735
16,4,5307,completed,5935610
16,4,5308,completed,5935985
16,4,5309,completed,5936527
16,4,5310,completed,5936902
16,4,5311,completed,5937777
16,4,5312,completed,5939401
16,4,5313,completed,6038818
16,4,5314,completed,6043443
16,4,5315,completed,6044526
16,4,5316,completed,6045192
16,4,5317,completed,6046151
16,4,5318,completed,6047360
16,4,5319,completed,6047901
16,4,5320,completed,6048568
16,4,5321,completed,6049901
16,4,5322,completed,6050442
16,4,5323,completed,6051401
16,4,5324,completed,6051735
16,4,5325,completed,6052235
16,4,5326,completed,6052693
16,4,5327,completed,6053901
16,4,5328,completed,6054818
16,4,5329,completed,5943652
16,4,5330,completed,5949277
16,4,5331,completed,5950818
16,4,5332,completed,5951734
16,4,5333,completed,5953110
16,4,5334,completed,5953818
16,4,5335,completed,5954485
16,4,5336,completed,5955777
16,4,5337,completed,5958068
16,4,5338,completed,5958985
16,4,5339,completed,5960276
16,4,5340,completed,5960985
16,4,5341,completed,5961818
16,4,5342,completed,5963276
16,4,5343,completed,5989693
16,4,5344,completed,5990776
16,4,5345,completed,6018110
16,4,5346,completed,6023567
16,4,5347,completed,6025484
16,4,5348,completed,6026860
16,4,5349,completed,6028985
16,4,5350,completed,6030860
16,4,5351,completed,6032484
16,4,5352,completed,6035067
16,4,5353,completed,6037942
16,4,5354,completed,6039692
16,4,5355,completed,6041443
16,4,5356,completed,6042943
16,4,5357,completed,6044610
16,4,5358,completed,6046818
16,4,5359,completed,6048984
16,4,5360,completed,6051360
16,4,5361,completed,5786860
16,4,5362,completed,5790110
16,4,5363,completed,5790444
16,4,5364,completed,5790236
16,4,5365,completed,5790277
16,4,5366,completed,5790194
16,4,5367,completed,5790110
16,4,5368,completed,5790152
16,4,5369,completed,5790402
16,4,5370,completed,5790443
16,4,5371,completed,5790777
16,4,5372,completed,5790901
16,4,5373,completed,5791069
16,4,5374,completed,5791277
16,4,5375,completed,5791277
16,4,5376,completed,5791360
16,4,5377,completed,5761902
16,4,5378,completed,5767152
16,4,5379,completed,5768485
16,4,5380,completed,5770361
16,4,5381,completed,5772402
16,4,5382,completed,5774402
16,4,5383,completed,5775985
16,4,5384,completed,5778027
16,4,5385,completed,5780319
16,4,5386,completed,5781902
16,4,5387,completed,5783610
16,4,5388,completed,5785235
16,4,5389,completed,5787152
16,4,5390,completed,5789319
16,4,5391,completed,5791194
16,4,5392,completed,5793111
16,4,5393,completed,6132985
16,4,5394,completed,6136317
16,4,5395,completed,6137151
16,4,5396,completed,6137985
16,4,5397,completed,6139192
16,4,5398,completed,6140193
16,4,5399,completed,6141067
16,4,5400,completed,6142192
16,4,5401,completed,6143609
16,4,5402,completed,6144526
16,4,5403,completed,6145859
16,4,5404,completed,6146818
16,4,5405,completed,6147859
16,4,5406,completed,6149067
16,4,5407,completed,6150443
16,4,5408,completed,6151775
16,4,5409,completed,5938444
16,4,5410,completed,5938985
16,4,5411,completed,5938902
16,4,5412,completed,5938693
16,4,5413,completed,5938735
16,4,5414,completed,5938735
16,4,5415,completed,5938485
16,4,5416,completed,5938610
16,4,5417,completed,5938901
16,4,5418,completed,5938818
16,4,5419,completed,5938860
16,4,5420,completed,5938819
16,4,5421,completed,5938818
16,4,5422,completed,5938901
16,4,5423,completed,5938985
16,4,5424,completed,5938943
16,4,5425,completed,5980235
16,4,5426,completed,5982651
16,4,5427,completed,5983109
16,4,5428,completed,5983652
16,4,5429,completed,5984360
16,4,5430,completed,5984902
16,4,5431,completed,5985401
16,4,5432,completed,5986026
16,4,5433,completed,5986901
16,4,5434,completed,5987484
16,4,5435,completed,5988068
16,4,5436,completed,5988610
16,4,5437,completed,5989152
16,4,5438,completed,5989735
16,4,5439,completed,5990443
16,4,5440,completed,5991027
16,4,5441,completed,6032068
16,4,5442,completed,6033485
16,4,5443,completed,6033985
16,4,5444,completed,6034693
16,4,5445,completed,6035443
16,4,5446,completed,6036109
16,4,5447,completed,6036735
16,4,5448,completed,6037401
16,4,5449,completed,6038318
16,4,5450,completed,6038943
16,4,5451,completed,6039610
16,4,5452,completed,6040318
16,4,5453,completed,6040985
16,4,5454,completed,6041693
16,4,5455,completed,6042443
16,4,5456,completed,6043110
16,4,5457,completed,5924360
16,4,5458,completed,5926568
16,4,5459,completed,5927027
16,4,5460,completed,5927277
16,4,5461,completed,5927735
16,4,5462,completed,5928026
16,4,5463,completed,5928277
16,4,5464,completed,5928984
16,4,5465,completed,5936360
16,4,5466,completed,5936818
16,4,5467,completed,5937901
16,4,5468,completed,5938443
16,4,5469,completed,5938943
16,4,5470,completed,5940068
16,4,5471,completed,5940693
16,4,5472,completed,5941485
16,4,5473,completed,5966985
16,4,5474,completed,5967401
16,4,5475,completed,5967693
16,4,5476,completed,5968026
16,4,5477,completed,5968693
16,4,5478,completed,5969110
16,4,5479,completed,5969485
16,4,5480,completed,5970151
16,4,5481,completed,5970985
16,4,5482,completed,5971527
16,4,5483,completed,5972151
16,4,5484,completed,5972777
16,4,5485,completed,5973318
16,4,5486,completed,5973943
16,4,5487,completed,5974651
16,4,5488,completed,5975318
16,4,5489,completed,5966860
16,4,5490,completed,5968943
16,4,5491,completed,5969568
16,4,5492,completed,5970068
16,4,5493,completed,5970985
16,4,5494,completed,5971818
16,4,5495,completed,5972526
16,4,5496,completed,5973360
16,4,5497,completed,5974527
16,4,5498,completed,5975318
16,4,5499,completed,5976152
16,4,5500,completed,5976901
16,4,5501,completed,5977651
16,4,5502,completed,5978527
16,4,5503,completed,5979359
16,4,5504,completed,5980193
16,4,5505,completed,6009234
16,4,5506,completed,6012985
16,4,5507,completed,6013984
16,4,5508,completed,6015443
16,4,5509,completed,6017360
16,4,5510,completed,6018818
16,4,5511,completed,6020234
16,4,5512,completed,6022402
16,4,5513,completed,6024443
16,4,5514,completed,6025818
16,4,5515,completed,6027359
16,4,5516,completed,6028818
16,4,5517,completed,6030360
16,4,5518,completed,6031901
16,4,5519,completed,6033485
16,4,5520,completed,6035235
16,4,5521,completed,5961901
16,4,5522,completed,5963277
16,4,5523,completed,5963193
16,4,5524,completed,5963152
16,4,5525,completed,5963319
16,4,5526,completed,5963569
16,4,5527,completed,5963568
16,4,5528,completed,5963818
16,4,5529,completed,5964069
16,4,5530,completed,5964194
16,4,5531,completed,5964359
16,4,5532,completed,5964568
16,4,5533,completed,5964693
16,4,5534,completed,5964901
16,4,5535,completed,5965110
16,4,5536,completed,5965318
16,4,5537,completed,5957027
16,4,5538,completed,5959235
16,4,5539,completed,5959985
16,4,5540,completed,5960485
16,4,5541,completed,5961027
16,4,5542,completed,5961569
16,4,5543,completed,5962151
16,4,5544,completed,5963068
16,4,5545,completed,5964152
16,4,5546,completed,5964860
16,4,5547,completed,5965610
16,4,5548,completed,5966359
16,4,5549,completed,5967026
16,4,5550,completed,5967943
16,4,5551,completed,5968734
16,4,5552,completed,5969735
16,4,5553,completed,5955277
16,4,5554,completed,5958860
16,4,5555,completed,5959901
16,4,5556,completed,5960860
16,4,5557,completed,5961860
16,4,5558,completed,5962902
16,4,5559,completed,5963777
16,4,5560,completed,5964735
16,4,5561,completed,5966151
16,4,5562,completed,5967027
16,4,5563,completed,5968026
16,4,5564,completed,5968985
16,4,5565,completed,5969984
16,4,5566,completed,5971401
16,4,5567,completed,5972443
16,4,5568,completed,5973318
16,4,5569,completed,6078693
16,4,5570,completed,6080985
16,4,5571,completed,6082068
16,4,5572,completed,6083443
16,4,5573,completed,6085193
16,4,5574,completed,6086568
16,4,5575,completed,6087818
16,4,5576,completed,6089276
16,4,5577,completed,6090943
16,4,5578,completed,6092152
16,4,5579,completed,6093484
16,4,5580,completed,6094818
16,4,5581,completed,6096067
16,4,5582,completed,6097485
16,4,5583,completed,6098901
16,4,5584,completed,6100318
16,4,5585,completed,5875444
16,4,5586,completed,5878277
16,4,5587,completed,5878527
16,4,5588,completed,5878652
16,4,5589,completed,5879152
16,4,5590,completed,5879652
16,4,5591,completed,5879652
16,4,5592,completed,5879943
16,4,5593,completed,5880568
16,4,5594,completed,5880777
16,4,5595,completed,5881069
16,4,5596,completed,5881360
16,4,5597,completed,5881652
16,4,5598,completed,5882193
16,4,5599,completed,5882527
16,4,5600,completed,5882860
16,4,5601,completed,5955818
16,4,5602,completed,5960818
16,4,5603,completed,5961152
16,4,5604,completed,5962026
16,4,5605,completed,5963110
16,4,5606,completed,5963943
16,4,5607,completed,5964693
16,4,5608,completed,5965318
16,4,5609,completed,5966651
16,4,5610,completed,5967193
16,4,5611,completed,5967818
16,4,5612,completed,5968276
16,4,5613,completed,5969151
16,4,5614,completed,5969609
16,4,5615,completed,5970359
16,4,5616,completed,5971068
16,4,5617,completed,5953943
16,4,5618,completed,5956485
16,4,5619,completed,5957152
16,4,5620,completed,5957652
16,4,5621,completed,5958776
16,4,5622,completed,5959360
16,4,5623,completed,5959985
16,4,5624,completed,5960734
16,4,5625,completed,5961693
16,4,5626,completed,5963276
16,4,5627,completed,5964068
16,4,5628,completed,5964735
16,4,5629,completed,5965651
16,4,5630,completed,5966360
16,4,5631,completed,5967568
16,4,5632,completed,5968651
16,4,5633,completed,5941485
16,4,5634,completed,5941776
16,4,5635,completed,5942276
16,4,5636,completed,5942734
16,4,5637,completed,5943318
16,4,5638,completed,5943818
16,4,5639,completed,5944401
16,4,5640,completed,5944985
16,4,5641,completed,5945568
16,4,5642,completed,5926276
16,4,5643,completed,5926735
16,4,5644,completed,5927360
16,4,5645,completed,5928026
16,4,5646,completed,5928526
16,4,5647,completed,5929152
16,4,5648,completed,5929943
16,4,5649,completed,6010734
16,4,5650,completed,6017026
16,4,5651,completed,6018443
16,4,5652,completed,6019443
16,4,5653,completed,6020943
16,4,5654,completed,6022027
16,4,5655,completed,6023526
16,4,5656,completed,6024860
16,4,5657,completed,6026318
16,4,5658,completed,6027610
16,4,5659,completed,6028860
16,4,5660,completed,6030359
16,4,5661,completed,6031860
16,4,5662,completed,6033109
16,4,5663,completed,6034443
16,4,5664,completed,6035693
16,4,5665,completed,5924318
16,4,5666,completed,5923318
16,4,5667,completed,5923151
16,4,5668,completed,5922985
16,4,5669,completed,5923277
16,4,5670,completed,5923401
16,4,5671,completed,5923610
16,4,5672,completed,5923902
16,4,5673,completed,5924527
16,4,5674,completed,5924693
16,4,5675,completed,5924943
16,4,5676,completed,5925485
16,4,5677,completed,5925819
16,4,5678,completed,5926068
16,4,5679,completed,5926402
16,4,5680,completed,5926652
16,4,5681,completed,6035277
16,4,5682,completed,6043026
16,4,5683,completed,6044193
16,4,5684,completed,6044401
16,4,5685,completed,6045693
16,4,5686,completed,6046776
16,4,5687,completed,6047901
16,4,5688,completed,6049151
16,4,5689,completed,6049942
16,4,5690,completed,6050526
16,4,5691,completed,6051109
16,4,5692,completed,6052651
16,4,5693,completed,6053985
16,4,5694,completed,6054484
16,4,5695,completed,6055526
16,4,5696,completed,6056068
16,4,5697,completed,5924402
16,4,5698,completed,5923901
16,4,5699,completed,5924776
16,4,5700,completed,5925443
16,4,5701,completed,5926401
16,4,5702,completed,5927193
16,4,5703,completed,5928194
16,4,5704,completed,5928985
16,4,5705,completed,5929902
16,4,5706,completed,5930651
16,4,5707,completed,5931277
16,4,5708,completed,5932235
16,4,5709,completed,5933068
16,4,5710,completed,5933777
16,4,5711,completed,5934777
16,4,5712,completed,5935444
16,4,5713,completed,5984985
16,4,5714,completed,5985651
16,4,5715,completed,5986234
16,4,5716,completed,5987068
16,4,5717,completed,5987651
16,4,5718,completed,5988401
16,4,5719,completed,5988901
16,4,5720,completed,5989568
16,4,5721,completed,5990402
16,4,5722,completed,5991193
16,4,5723,completed,5991818
16,4,5724,completed,5992526
16,4,5725,completed,5993193
16,4,5726,completed,5993901
16,4,5727,completed,5994527
16,4,5728,completed,5995235
16,4,5729,completed,5995735
16,4,5730,completed,6003277
16,4,5731,completed,6004276
16,4,5732,completed,6004901
16,4,5733,completed,6005818
16,4,5734,completed,6006568
16,4,5735,completed,6007235
16,4,5736,completed,6008152
16,4,5737,completed,6009276
16,4,5738,completed,6010484
16,4,5739,completed,6011193
16,4,5740,completed,6012318
16,4,5741,completed,6013776
16,4,5742,completed,6014693
16,4,5743,completed,6015402
16,4,5744,completed,6016234
16,4,5745,completed,5940318
16,4,5746,completed,5942277
16,4,5747,completed,5943026
16,4,5748,completed,5943860
16,4,5749,completed,5944818
16,4,5750,completed,5945860
16,4,5751,completed,5946818
16,4,5752,completed,5948193
16,4,5753,completed,5949443
16,4,5754,completed,5950318
16,4,5755,completed,5951110
16,4,5756,completed,5951776
16,4,5757,completed,5952568
16,4,5758,completed,5953443
16,4,5759,completed,5954526
16,4,5760,completed,5955443
16,4,5761,completed,5950276
16,4,5762,completed,5949235
16,4,5763,completed,5949693
16,4,5764,completed,5950276
16,4,5765,completed,5950777
16,4,5766,completed,5951318
16,4,5767,completed,5951943
16,4,5768,completed,5952776
16,4,5769,completed,5953443
16,4,5770,completed,5954068
16,4,5771,completed,5954485
16,4,5772,completed,5955026
16,4,5773,completed,5955984
16,4,5774,completed,5956610
16,4,5775,completed,5957526
16,4,5776,completed,5958235
16,4,5777,completed,6008609
16,4,5778,completed,6018568
16,4,5779,completed,6020443
16,4,5780,completed,6022151
16,4,5781,completed,6023860
16,4,5782,completed,6025568
16,4,5783,completed,6027485
16,4,5784,completed,6029110
16,4,5785,completed,6031818
16,4,5786,completed,6033568
16,4,5787,completed,6035318
16,4,5788,completed,6037485
16,4,5789,completed,6039318
16,4,5790,completed,6040985
16,4,5791,completed,6042318
16,4,5792,completed,6044860
16,4,5793,completed,5955860
16,4,5794,completed,5958444
16,4,5795,completed,5959694
16,4,5796,completed,5961193
16,4,5797,completed,5962318
16,4,5798,completed,5963444
16,4,5799,completed,5964693
16,4,5800,completed,5965860
16,4,5801,completed,5967984
16,4,5802,completed,5969027
16,4,5803,completed,5970360
16,4,5804,completed,5971943
16,4,5805,completed,5973443
16,4,5806,completed,5974568
16,4,5807,completed,5975651
16,4,5808,completed,5977401
16,4,5809,completed,6016318
16,4,5810,completed,6031568
16,4,5811,completed,6037568
16,4,5812,completed,6042860
16,4,5813,completed,6048402
16,4,5814,completed,6054318
16,4,5815,completed,6059402
16,4,5816,completed,6064151
16,4,5817,completed,6069276
16,4,5818,completed,6074485
16,4,5819,completed,6079401
16,4,5820,completed,6084317
16,4,5821,completed,6089109
16,4,5822,completed,6094234
16,4,5823,completed,6099026
16,4,5824,completed,6104026
16,4,5825,completed,5902235
16,4,5826,completed,5899985
16,4,5827,completed,5895193
16,4,5828,completed,5890860
16,4,5829,completed,5885860
16,4,5830,completed,5881526
16,4,5831,completed,5877693
16,4,5832,completed,5873985
16,4,5833,completed,5870443
16,4,5834,completed,5866360
16,4,5835,completed,5862485
16,4,5836,completed,5858860
16,4,5837,completed,5855110
16,4,5838,completed,5851318
16,4,5839,completed,5847526
16,4,5840,completed,5843693
16,4,5841,completed,5905526
16,4,5842,completed,5905985
16,4,5843,completed,5906069
16,4,5844,completed,5906027
16,4,5845,completed,5906318
16,4,5846,completed,5906485
16,4,5847,completed,5906568
16,4,5848,completed,5906735
16,4,5849,completed,5907152
16,4,5850,completed,5907277
16,4,5851,completed,5907402
16,4,5852,completed,5907694
16,4,5853,completed,5907902
16,4,5854,completed,5908068
16,4,5855,completed,5908194
16,4,5856,completed,5908360
16,4,5857,completed,6022359
16,4,5858,completed,6028859
16,4,5859,completed,6029526
16,4,5860,completed,6030360
16,4,5861,completed,6031151
16,4,5862,completed,6031984
16,4,5863,completed,6032526
16,4,5864,completed,6033109
16,4,5865,completed,6034234
16,4,5866,completed,6034776
16,4,5867,completed,6035359
16,4,5868,completed,6036360
16,4,5869,completed,6037067
16,4,5870,completed,6037734
16,4,5871,completed,6038151
16,4,5872,completed,6039110
16,4,5873,completed,6079901
16,4,5874,completed,6085234
16,4,5875,completed,6086443
16,4,5876,completed,6087276
16,4,5877,completed,6088651
16,4,5878,completed,6089359
16,4,5879,completed,6090317
16,4,5880,completed,6091234
16,4,5881,completed,6092442
16,4,5882,completed,6093234
16,4,5883,completed,6093943
16,4,5884,completed,6094776
16,4,5885,completed,6095651
16,4,5886,completed,6096401
16,4,5887,completed,6096984
16,4,5888,completed,6098151
16,4,5889,completed,5277028
16,4,5890,completed,5276904
16,4,5891,completed,5277195
16,4,5892,completed,5277945
16,4,5893,completed,5278695
16,4,5894,completed,5279362
16,4,5895,completed,5280029
16,4,5896,completed,5280820
16,4,5897,completed,5281987
16,4,5898,completed,5282945
16,4,5899,completed,5283487
16,4,5900,completed,5284279
16,4,5901,completed,5284861
16,4,5902,completed,5285403
16,4,5903,completed,5286319
16,4,5904,completed,5287153
16,4,5905,completed,6482484
16,4,5906,completed,6489400
16,4,5907,completed,6490025
16,4,5908,completed,6490900
16,4,5909,completed,6491566
16,4,5910,completed,6492525
16,4,5911,completed,6493400
16,4,5912,completed,6494609
16,4,5913,completed,6495733
16,4,5914,completed,6496400
16,4,5915,completed,6496775
16,4,5916,completed,6497608
16,4,5917,completed,6498317
16,4,5918,completed,6498941
16,4,5919,completed,6500525
16,4,5920,completed,6501525
16,4,5921,completed,6014068
16,4,5922,completed,6015485
16,4,5923,completed,6016402
16,4,5924,completed,6017568
16,4,5925,completed,6018401
16,4,5926,completed,6019318
16,4,5927,completed,6020193
16,4,5928,completed,6021318
16,4,5929,completed,6022360
16,4,5930,completed,6023485
16,4,5931,completed,6024235
16,4,5932,completed,6024985
16,4,5933,completed,6025860
16,4,5934,completed,6026818
16,4,5935,completed,6027984
16,4,5936,completed,6028901
16,4,5937,completed,5968360
16,4,5938,completed,5971359
16,4,5939,completed,5972151
16,4,5940,completed,5972485
16,4,5941,completed,5973068
16,4,5942,completed,5973568
16,4,5943,completed,5974276
16,4,5944,completed,5974984
16,4,5945,completed,5975652
16,4,5946,completed,5976193
16,4,5947,completed,5976859
16,4,5948,completed,5977484
16,4,5949,completed,5978110
16,4,5950,completed,5978652
16,4,5951,completed,5979276
16,4,5952,completed,5979901
16,4,5953,completed,6100735
16,4,5954,completed,6106693
16,4,5955,completed,6107442
16,4,5956,completed,6108526
16,4,5957,completed,6109942
16,4,5958,completed,6110943
16,4,5959,completed,6111943
16,4,5960,completed,6113234
16,4,5961,completed,6114609
16,4,5962,completed,6116110
16,4,5963,completed,6117151
16,4,5964,completed,6118401
16,4,5965,completed,6119151
16,4,5966,completed,6119692
16,4,5967,completed,6120609
16,4,5968,completed,6121484
16,4,5969,completed,5281695
16,4,5970,completed,5283028
16,4,5971,completed,5284862
16,4,5972,completed,5286361
16,4,5973,completed,5288153
16,4,5974,completed,5289736
16,4,5975,completed,5291111
16,4,5976,completed,5292861
16,4,5977,completed,5294486
16,4,5978,completed,5296070
16,4,5979,completed,5297861
16,4,5980,completed,5299570
16,4,5981,completed,5301153
16,4,5982,completed,5303111
16,4,5983,completed,5304612
16,4,5984,completed,5306361
16,4,5985,completed,6455858
16,4,5986,completed,6457442
16,4,5987,completed,6457442
16,4,5988,completed,6457358
16,4,5989,completed,6457275
16,4,5990,completed,6457358
16,4,5991,completed,6457316
16,4,5992,completed,6457358
16,4,5993,completed,6457441
16,4,5994,completed,6457400
16,4,5995,completed,6457442
16,4,5996,completed,6457525
16,4,5997,completed,6457483
16,4,5998,completed,6457566
16,4,5999,completed,6457525
16,4,6000,completed,6457442
16,4,6001,completed,5983526
16,4,6002,completed,5985235
16,4,6003,completed,5985734
16,4,6004,completed,5986277
16,4,6005,completed,5987027
16,4,6006,completed,5987860
16,4,6007,completed,5988693
16,4,6008,completed,5989526
16,4,6009,completed,5990526
16,4,6010,completed,5991234
16,4,6011,completed,5992152
16,4,6012,completed,5992985
16,4,6013,completed,5993651
16,4,6014,completed,5994610
16,4,6015,completed,5995443
16,4,6016,completed,5996360
16,4,6017,completed,5964318
16,4,6018,completed,5965110
16,4,6019,completed,5965318
16,4,6020,completed,5965902
16,4,6021,completed,5966526
16,4,6022,completed,5967110
16,4,6023,completed,5967609
16,4,6024,completed,5968110
16,4,6025,completed,5968735
16,4,6026,completed,5969110
16,4,6027,completed,5969610
16,4,6028,completed,5970068
16,4,6029,completed,5970484
16,4,6030,completed,5971068
16,4,6031,completed,5971651
16,4,6032,completed,5972193
16,4,6033,completed,5986735
16,4,6034,completed,5989526
16,4,6035,completed,5989901
16,4,6036,completed,5990234
16,4,6037,completed,5990609
16,4,6038,completed,5991151
16,4,6039,completed,5991693
16,4,6040,completed,5992443
16,4,6041,completed,5993276
16,4,6042,completed,5993818
16,4,6043,completed,5994443
16,4,6044,completed,5994985
16,4,6045,completed,5995693
16,4,6046,completed,5996360
16,4,6047,completed,5997068
16,4,6048,completed,5997651
16,4,6049,completed,6120734
16,4,6050,completed,6122943
16,4,6051,completed,6123526
16,4,6052,completed,6124026
16,4,6053,completed,6124693
16,4,6054,completed,6125484
16,4,6055,completed,6126318
16,4,6056,completed,6127068
16,4,6057,completed,6127942
16,4,6058,completed,6128609
16,4,6059,completed,6129401
16,4,6060,completed,6130068
16,4,6061,completed,6130776
16,4,6062,completed,6131609
16,4,6063,completed,6132318
16,4,6064,completed,6133192
16,4,6065,completed,5859402
16,4,6066,completed,5863026
16,4,6067,completed,5863527
16,4,6068,completed,5863985
16,4,6069,completed,5864485
16,4,6070,completed,5865152
16,4,6071,completed,5865818
16,4,6072,completed,5866444
16,4,6073,completed,5867152
16,4,6074,completed,5867735
16,4,6075,completed,5868360
16,4,6076,completed,5868985
16,4,6077,completed,5869527
16,4,6078,completed,5870277
16,4,6079,completed,5870985
16,4,6080,completed,5871902
16,4,6081,completed,5961777
16,4,6082,completed,5964193
16,4,6083,completed,5965235
16,4,6084,completed,5966735
16,4,6085,completed,5968235
16,4,6086,completed,5969859
16,4,6087,completed,5971402
16,4,6088,completed,5972943
16,4,6089,completed,5974651
16,4,6090,completed,5976151
16,4,6091,completed,5977610
16,4,6092,completed,5979068
16,4,6093,completed,5980526
16,4,6094,completed,5982068
16,4,6095,completed,5983651
16,4,6096,completed,5985152
16,4,6097,completed,6120276
16,4,6098,completed,6126359
16,4,6099,completed,6127359
16,4,6100,completed,6128193
16,4,6101,completed,6129192
16,4,6102,completed,6129984
16,4,6103,completed,6131026
16,4,6104,completed,6132151
16,4,6105,completed,6133359
16,4,6106,completed,6134485
16,4,6107,completed,6135568
16,4,6108,completed,6136610
16,4,6109,completed,6137609
16,4,6110,completed,6138901
16,4,6111,completed,6140068
16,4,6112,completed,6141568
16,4,6113,completed,5813068
16,4,6114,completed,5815819
16,4,6115,completed,5816152
16,4,6116,completed,5816486
16,4,6117,completed,5816735
16,4,6118,completed,5817360
16,4,6119,completed,5817985
16,4,6120,completed,5818569
16,4,6121,completed,5819277
16,4,6122,completed,5819777
16,4,6123,completed,5820277
16,4,6124,completed,5820777
16,4,6125,completed,5821319
16,4,6126,completed,5821985
16,4,6127,completed,5822652
16,4,6128,completed,5823360
16,4,6129,completed,6097776
16,4,6130,completed,6110985
16,4,6131,completed,6112068
16,4,6132,completed,6112901
16,4,6133,completed,6113859
16,4,6134,completed,6115067
16,4,6135,completed,6116318
16,4,6136,completed,6117276
16,4,6137,completed,6118818
16,4,6138,completed,6119193
16,4,6139,completed,6120318
16,4,6140,completed,6121401
16,4,6141,completed,6122109
16,4,6142,completed,6122359
16,4,6143,completed,6122692
16,4,6144,completed,6123068
16,4,6145,completed,5866068
16,4,6146,completed,5869401
16,4,6147,completed,5870485
16,4,6148,completed,5871943
16,4,6149,completed,5873360
16,4,6150,completed,5874569
16,4,6151,completed,5875569
16,4,6152,completed,5876527
16,4,6153,completed,5877568
16,4,6154,completed,5878651
16,4,6155,completed,5879985
16,4,6156,completed,5880860
16,4,6157,completed,5881902
16,4,6158,completed,5882819
16,4,6159,completed,5883485
16,4,6160,completed,5884527
16,4,6161,completed,5713360
16,4,6162,completed,5717736
16,4,6163,completed,5718402
16,4,6164,completed,5719443
16,4,6165,completed,5720402
16,4,6166,completed,5721818
16,4,6167,completed,5722902
16,4,6168,completed,5723902
16,4,6169,completed,5724902
16,4,6170,completed,5726277
16,4,6171,completed,5727360
16,4,6172,completed,5728027
16,4,6173,completed,5728819
16,4,6174,completed,5729569
16,4,6175,completed,5730110
16,4,6176,completed,5731527
16,4,6177,completed,6169817
16,4,6178,completed,6175942
16,4,6179,completed,6176859
16,4,6180,completed,6178192
16,4,6181,completed,6179276
16,4,6182,completed,6180776
16,4,6183,completed,6181609
16,4,6184,completed,6182859
16,4,6185,completed,6183817
16,4,6186,completed,6184942
16,4,6187,completed,6186067
16,4,6188,completed,6186776
16,4,6189,completed,6187692
16,4,6190,completed,6188401
16,4,6191,completed,6188859
16,4,6192,completed,6190067
16,4,6193,completed,5957402
16,4,6194,completed,5960776
16,4,6195,completed,5962234
16,4,6196,completed,5963901
16,4,6197,completed,5965402
16,4,6198,completed,5966735
16,4,6199,completed,5968860
16,4,6200,completed,5970901
16,4,6201,completed,5972985
16,4,6202,completed,5974776
16,4,6203,completed,5976568
16,4,6204,completed,5978026
16,4,6205,completed,5980026
16,4,6206,completed,5982318
16,4,6207,completed,5983984
16,4,6208,completed,5985943
16,4,6209,completed,5649194
16,4,6210,completed,5652860
16,4,6211,completed,5653402
16,4,6212,completed,5653902
16,4,6213,completed,5654444
16,4,6214,completed,5654902
16,4,6215,completed,5655527
16,4,6216,completed,5656360
16,4,6217,completed,5656985
16,4,6218,completed,5657527
16,4,6219,completed,5657860
16,4,6220,completed,5658152
16,4,6221,completed,5658986
16,4,6222,completed,5659944
16,4,6223,completed,5660735
16,4,6224,completed,5662110
16,4,6225,completed,6237943
16,4,6226,completed,6241567
16,4,6227,completed,6242526
16,4,6228,completed,6243276
16,4,6229,completed,6244443
16,4,6230,completed,6245818
16,4,6231,completed,6247026
16,4,6232,completed,6248067
16,4,6233,completed,6250109
16,4,6234,completed,6251234
16,4,6235,completed,6252526
16,4,6236,completed,6253484
16,4,6237,completed,6254567
16,4,6238,completed,6255276
16,4,6239,completed,6255859
16,4,6240,completed,6257234
16,4,6241,completed,5936527
16,4,6242,completed,5937568
16,4,6243,completed,5938026
16,4,6244,completed,5938693
16,4,6245,completed,5939485
16,4,6246,completed,5940235
16,4,6247,completed,5940902
16,4,6248,completed,5941693
16,4,6249,completed,5942609
16,4,6250,completed,5943234
16,4,6251,completed,5944027
16,4,6252,completed,5944693
16,4,6253,completed,5945235
16,4,6254,completed,5945859
16,4,6255,completed,5946568
16,4,6256,completed,5947276
16,4,6257,completed,5519195
16,4,6258,completed,5521528
16,4,6259,completed,5521945
16,4,6260,completed,5522528
16,4,6261,completed,5523278
16,4,6262,completed,5524069
16,4,6263,completed,5524861
16,4,6264,completed,5526111
16,4,6265,completed,5527069
16,4,6266,completed,5527778
16,4,6267,completed,5528611
16,4,6268,completed,5529361
16,4,6269,completed,5530028
16,4,6270,completed,5530694
16,4,6271,completed,5531403
16,4,6272,completed,5531945
16,4,6273,completed,6418359
16,4,6274,completed,6406484
16,4,6275,completed,6407276
16,4,6276,completed,6408150
16,4,6277,completed,6409275
16,4,6278,completed,6410276
16,4,6279,completed,6410984
16,4,6280,completed,6411650
16,4,6281,completed,6412525
16,4,6282,completed,6413359
16,4,6283,completed,6414109
16,4,6284,completed,6414692
16,4,6285,completed,6415442
16,4,6286,completed,6416067
16,4,6287,completed,6416817
16,4,6288,completed,6416859
16,4,6289,completed,5969068
16,4,6290,completed,5969151
16,4,6291,completed,5969610
16,4,6292,completed,5970193
16,4,6293,completed,5971026
16,4,6294,completed,5971776
16,4,6295,completed,5972360
16,4,6296,completed,5972985
16,4,6297,completed,5973860
16,4,6298,completed,5974693
16,4,6299,completed,5975359
16,4,6300,completed,5975943
16,4,6301,completed,5976610
16,4,6302,completed,5977235
16,4,6303,completed,5977943
16,4,6304,completed,5978485
16,4,6305,completed,5474986
16,4,6306,completed,5480986
16,4,6307,completed,5482652
16,4,6308,completed,5484111
16,4,6309,completed,5485819
16,4,6310,completed,5487194
16,4,6311,completed,5488319
16,4,6312,completed,5489611
16,4,6313,completed,5491111
16,4,6314,completed,5492819
16,4,6315,completed,5494486
16,4,6316,completed,5495819
16,4,6317,completed,5497402
16,4,6318,completed,5498778
16,4,6319,completed,5500278
16,4,6320,completed,5501944
16,4,6321,completed,6445567
16,4,6322,completed,6447192
16,4,6323,completed,6447567
16,4,6324,completed,6447984
16,4,6325,completed,6448651
16,4,6326,completed,6449025
16,4,6327,completed,6449150
16,4,6328,completed,6449275
16,4,6329,completed,6449692
16,4,6330,completed,6450317
16,4,6331,completed,6450984
16,4,6332,completed,6451026
16,4,6333,completed,6451276
16,4,6334,completed,6451317
16,4,6335,completed,6451567
16,4,6336,completed,6451651
16,4,6337,completed,5993651
16,4,6338,completed,5994943
16,4,6339,completed,5995609
16,4,6340,completed,5996443
16,4,6341,completed,5997235
16,4,6342,completed,5997943
16,4,6343,completed,5998693
16,4,6344,completed,5999360
16,4,6345,completed,6000276
16,4,6346,completed,6001401
16,4,6347,completed,6002110
16,4,6348,completed,6002776
16,4,6349,completed,6003651
16,4,6350,completed,6004610
16,4,6351,completed,6005442
16,4,6352,completed,6006567
16,4,6353,completed,5927943
16,4,6354,completed,5931235
16,4,6355,completed,5932235
16,4,6356,completed,5932943
16,4,6357,completed,5933610
16,4,6358,completed,5934610
16,4,6359,completed,5935235
16,4,6360,completed,5936651
16,4,6361,completed,5937569
16,4,6362,completed,5938652
16,4,6363,completed,5939402
16,4,6364,completed,5940193
16,4,6365,completed,5940901
16,4,6366,completed,5941777
16,4,6367,completed,5942569
16,4,6368,completed,5943110
16,4,6369,completed,5513152
16,4,6370,completed,5518652
16,4,6371,completed,5519944
16,4,6372,completed,5520944
16,4,6373,completed,5522653
16,4,6374,completed,5524152
16,4,6375,completed,5525777
16,4,6376,completed,5527652
16,4,6377,completed,5529527
16,4,6378,completed,5531486
16,4,6379,completed,5532986
16,4,6380,completed,5534319
16,4,6381,completed,5536027
16,4,6382,completed,5537528
16,4,6383,completed,5538986
16,4,6384,completed,5540445
16,4,6385,completed,5915151
16,4,6386,completed,5915068
16,4,6387,completed,5915360
16,4,6388,completed,5915276
16,4,6389,completed,5915568
16,4,6390,completed,5915943
16,4,6391,completed,5916193
16,4,6392,completed,5916443
16,4,6393,completed,5916818
16,4,6394,completed,5917276
16,4,6395,completed,5918026
16,4,6396,completed,5918068
16,4,6397,completed,5918318
16,4,6398,completed,5918527
16,4,6399,completed,5918652
16,4,6400,completed,5918776
16,4,6401,completed,6509567
16,4,6402,completed,6515525
16,4,6403,completed,6515650
16,4,6404,completed,6516400
16,4,6405,completed,6517734
16,4,6406,completed,6518858
16,4,6407,completed,6520108
16,4,6408,completed,6521317
16,4,6409,completed,6522233
16,4,6410,completed,6524192
16,4,6411,completed,6525066
16,4,6412,completed,6525567
16,4,6413,completed,6526400
16,4,6414,completed,6527066
16,4,6415,completed,6527650
16,4,6416,completed,6528233
16,4,6417,completed,5972818
16,4,6418,completed,5974735
16,4,6419,completed,5975318
16,4,6420,completed,5975901
16,4,6421,completed,5976484
16,4,6422,completed,5976777
16,4,6423,completed,5977485
16,4,6424,completed,5978110
16,4,6425,completed,5978818
16,4,6426,completed,5979360
16,4,6427,completed,5980443
16,4,6428,completed,5981151
16,4,6429,completed,5981860
16,4,6430,completed,5982526
16,4,6431,completed,5983193
16,4,6432,completed,5984110
16,4,6433,completed,5958235
16,4,6434,completed,5942943
16,4,6435,completed,5933235
16,4,6436,completed,5933443
16,4,6437,completed,5934069
16,4,6438,completed,5934985
16,4,6439,completed,5935693
16,4,6440,completed,5936110
16,4,6441,completed,5936860
16,4,6442,completed,5938068
16,4,6443,completed,5938444
16,4,6444,completed,5939319
16,4,6445,completed,5939860
16,4,6446,completed,5940318
16,4,6447,completed,5940902
16,4,6448,completed,5941693
16,4,6449,completed,6014151
16,4,6450,completed,6022193
16,4,6451,completed,6023442
16,4,6452,completed,6024235
16,4,6453,completed,6025443
16,4,6454,completed,6026734
16,4,6455,completed,6027693
16,4,6456,completed,6028318
16,4,6457,completed,6029442
16,4,6458,completed,6031317
16,4,6459,completed,6032235
16,4,6460,completed,6033485
16,4,6461,completed,6034610
16,4,6462,completed,6035359
16,4,6463,completed,6036109
16,4,6464,completed,6037692
16,4,6465,completed,5913943
16,4,6466,completed,5912901
16,4,6467,completed,5913360
16,4,6468,completed,5913527
16,4,6469,completed,5914443
16,4,6470,completed,5915193
16,4,6471,completed,5915985
16,4,6472,completed,5916485
16,4,6473,completed,5917277
16,4,6474,completed,5918568
16,4,6475,completed,5919485
16,4,6476,completed,5920443
16,4,6477,completed,5921068
16,4,6478,completed,5921527
16,4,6479,completed,5921984
16,4,6480,completed,5922777
16,4,6481,completed,6188109
16,4,6482,completed,6202901
16,4,6483,completed,6204193
16,4,6484,completed,6204860
16,4,6485,completed,6205817
16,4,6486,completed,6206818
16,4,6487,completed,6207734
16,4,6488,completed,6208318
16,4,6489,completed,6208942
16,4,6490,completed,6210317
16,4,6491,completed,6210943
16,4,6492,completed,6211985
16,4,6493,completed,6212818
16,4,6494,completed,6213443
16,4,6495,completed,6214026
16,4,6496,completed,6214734
16,4,6497,completed,5889776
16,4,6498,completed,5866568
16,4,6499,completed,5867443
16,4,6500,completed,5868027
16,4,6501,completed,5868860
16,4,6502,completed,5869985
16,4,6503,completed,5871402
16,4,6504,completed,5872485
16,4,6505,completed,5873735
16,4,6506,completed,5874985
16,4,6507,completed,5875985
16,4,6508,completed,5876527
16,4,6509,completed,5877360
16,4,6510,completed,5877943
16,4,6511,completed,5879151
16,4,6512,completed,5880652
16,4,6513,completed,5948943
16,4,6514,completed,5953859
16,4,6515,completed,5954943
16,4,6516,completed,5955276
16,4,6517,completed,5956527
16,4,6518,completed,5956984
16,4,6519,completed,5957860
16,4,6520,completed,5958902
16,4,6521,completed,5959734
16,4,6522,completed,5961276
16,4,6523,completed,5962193
16,4,6524,completed,5962568
16,4,6525,completed,5963360
16,4,6526,completed,5964234
16,4,6527,completed,5965401
16,4,6528,completed,5966568
16,4,6529,completed,5949360
16,4,6530,completed,5956818
16,4,6531,completed,5957360
16,4,6532,completed,5958235
16,4,6533,completed,5959359
16,4,6534,completed,5961110
16,4,6535,completed,5962193
16,4,6536,completed,5962527
16,4,6537,completed,5963651
16,4,6538,completed,5966068
16,4,6539,completed,5966651
16,4,6540,completed,5968193
16,4,6541,completed,5969527
16,4,6542,completed,5970193
16,4,6543,completed,5971152
16,4,6544,completed,5973110
16,4,6545,completed,5905943
16,4,6546,completed,5905943
16,4,6547,completed,5907568
16,4,6548,completed,5909360
16,4,6549,completed,5910860
16,4,6550,completed,5912402
16,4,6551,completed,5914360
16,4,6552,completed,5916235
16,4,6553,completed,5918444
16,4,6554,completed,5920735
16,4,6555,completed,5922485
16,4,6556,completed,5924027
16,4,6557,completed,5926027
16,4,6558,completed,5927527
16,4,6559,completed,5930068
16,4,6560,completed,5931777
16,4,6561,completed,5906485
16,4,6562,completed,5906860
16,4,6563,completed,5906735
16,4,6564,completed,5906569
16,4,6565,completed,5906276
16,4,6566,completed,5905985
16,4,6567,completed,5905943
16,4,6568,completed,5906110
16,4,6569,completed,5906235
16,4,6570,completed,5906444
16,4,6571,completed,5906401
16,4,6572,completed,5906360
16,4,6573,completed,5906401
16,4,6574,completed,5906360
16,4,6575,completed,5906693
16,4,6576,completed,5906735
16,4,6577,completed,6092401
16,4,6578,completed,6102026
16,4,6579,completed,6102442
16,4,6580,completed,6103193
16,4,6581,completed,6103985
16,4,6582,completed,6105110
16,4,6583,completed,6106734
16,4,6584,completed,6107401
16,4,6585,completed,6108734
16,4,6586,completed,6109859
16,4,6587,completed,6110942
16,4,6588,completed,6111817
16,4,6589,completed,6112693
16,4,6590,completed,6113318
16,4,6591,completed,6114068
16,4,6592,completed,6115401
16,4,6593,completed,5715110
16,4,6594,completed,5718485
16,4,6595,completed,5719943
16,4,6596,completed,5721735
16,4,6597,completed,5723527
16,4,6598,completed,5725069
16,4,6599,completed,5727485
16,4,6600,completed,5729319
16,4,6601,completed,5731861
16,4,6602,completed,5733444
16,4,6603,completed,5734943
16,4,6604,completed,5737193
16,4,6605,completed,5738819
16,4,6606,completed,5740319
16,4,6607,completed,5741902
16,4,6608,completed,5744110
16,4,6609,completed,6080901
16,4,6610,completed,6080985
16,4,6611,completed,6080943
16,4,6612,completed,6080901
16,4,6613,completed,6080818
16,4,6614,completed,6080818
16,4,6615,completed,6080943
16,4,6616,completed,6081318
16,4,6617,completed,6081735
16,4,6618,completed,6081902
16,4,6619,completed,6081734
16,4,6620,completed,6081943
16,4,6621,completed,6082110
16,4,6622,completed,6082068
16,4,6623,completed,6081902
16,4,6624,completed,6081984
16,4,6625,completed,5952735
16,4,6626,completed,5954985
16,4,6627,completed,5955527
16,4,6628,completed,5956068
16,4,6629,completed,5956485
16,4,6630,completed,5956860
16,4,6631,completed,5957526
16,4,6632,completed,5958319
16,4,6633,completed,5958985
16,4,6634,completed,5959443
16,4,6635,completed,5959777
16,4,6636,completed,5960193
16,4,6637,completed,5960526
16,4,6638,completed,5960901
16,4,6639,completed,5961194
16,4,6640,completed,5961818
16,4,6641,completed,5720944
16,4,6642,completed,5722444
16,4,6643,completed,5722819
16,4,6644,completed,5723110
16,4,6645,completed,5723444
16,4,6646,completed,5723610
16,4,6647,completed,5724069
16,4,6648,completed,5724610
16,4,6649,completed,5725069
16,4,6650,completed,5725485
16,4,6651,completed,5725735
16,4,6652,completed,5726110
16,4,6653,completed,5726569
16,4,6654,completed,5726902
16,4,6655,completed,5727193
16,4,6656,completed,5727735
16,4,6657,completed,6238692
16,4,6658,completed,6244609
16,4,6659,completed,6246234
16,4,6660,completed,6248109
16,4,6661,completed,6249734
16,4,6662,completed,6251400
16,4,6663,completed,6253401
16,4,6664,completed,6255526
16,4,6665,completed,6257734
16,4,6666,completed,6259443
16,4,6667,completed,6261026
16,4,6668,completed,6263067
16,4,6669,completed,6264859
16,4,6670,completed,6266442
16,4,6671,completed,6268025
16,4,6672,completed,6270025
16,4,6673,completed,5941069
16,4,6674,completed,5941568
16,4,6675,completed,5941818
16,4,6676,completed,5942027
16,4,6677,completed,5942194
16,4,6678,completed,5942402
16,4,6679,completed,5942735
16,4,6680,completed,5943068
16,4,6681,completed,5943485
16,4,6682,completed,5943735
16,4,6683,completed,5943943
16,4,6684,completed,5944193
16,4,6685,completed,5944485
16,4,6686,completed,5944693
16,4,6687,completed,5944901
16,4,6688,completed,5945402
16,4,6689,completed,5982735
16,4,6690,completed,5986026
16,4,6691,completed,5987276
16,4,6692,completed,5988652
16,4,6693,completed,5989985
16,4,6694,completed,5991318
16,4,6695,completed,5992735
16,4,6696,completed,5994318
16,4,6697,completed,5995901
16,4,6698,completed,5997277
16,4,6699,completed,5998651
16,4,6700,completed,6000151
16,4,6701,completed,6001568
16,4,6702,completed,6002902
16,4,6703,completed,6004276
16,4,6704,completed,6005818
16,4,6705,completed,5972401
16,4,6706,completed,5975401
16,4,6707,completed,5976485
16,4,6708,completed,5977443
16,4,6709,completed,5978484
16,4,6710,completed,5979443
16,4,6711,completed,5980568
16,4,6712,completed,5981652
16,4,6713,completed,5982860
16,4,6714,completed,5983943
16,4,6715,completed,5984943
16,4,6716,completed,5985985
16,4,6717,completed,5986985
16,4,6718,completed,5987985
16,4,6719,completed,5988943
16,4,6720,completed,5990026
16,4,6721,completed,5710610
16,4,6722,completed,5716444
16,4,6723,completed,5717611
16,4,6724,completed,5718693
16,4,6725,completed,5719736
16,4,6726,completed,5720652
16,4,6727,completed,5722069
16,4,6728,completed,5723193
16,4,6729,completed,5724652
16,4,6730,completed,5725735
16,4,6731,completed,5726777
16,4,6732,completed,5727902
16,4,6733,completed,5729027
16,4,6734,completed,5729985
16,4,6735,completed,5730985
16,4,6736,completed,5732277
16,4,6737,completed,5846985
16,4,6738,completed,5849735
16,4,6739,completed,5850610
16,4,6740,completed,5851902
16,4,6741,completed,5852901
16,4,6742,completed,5853944
16,4,6743,completed,5855110
16,4,6744,completed,5856235
16,4,6745,completed,5857527
16,4,6746,completed,5858526
16,4,6747,completed,5859568
16,4,6748,completed,5860568
16,4,6749,completed,5861652
16,4,6750,completed,5862693
16,4,6751,completed,5863651
16,4,6752,completed,5864693
16,4,6753,completed,6311775
16,4,6754,completed,6303443
16,4,6755,completed,6304359
16,4,6756,completed,6305359
16,4,6757,completed,6306276
16,4,6758,completed,6307318
16,4,6759,completed,6308484
16,4,6760,completed,6309651
16,4,6761,completed,6310984
16,4,6762,completed,6312067
16,4,6763,completed,6313067
16,4,6764,completed,6314192
16,4,6765,completed,6315193
16,4,6766,completed,6316150
16,4,6767,completed,6317067
16,4,6768,completed,6318192
16,4,6769,completed,5968318
16,4,6770,completed,5969401
16,4,6771,completed,5969526
16,4,6772,completed,5969526
16,4,6773,completed,5969484
16,4,6774,completed,5969443
16,4,6775,completed,5969526
16,4,6776,completed,5969609
16,4,6777,completed,5969985
16,4,6778,completed,5970026
16,4,6779,completed,5969860
16,4,6780,completed,5969943
16,4,6781,completed,5969901
16,4,6782,completed,5969818
16,4,6783,completed,5969693
16,4,6784,completed,5969777
16,4,6785,completed,6061026
16,4,6786,completed,6073609
16,4,6787,completed,6074734
16,4,6788,completed,6075943
16,4,6789,completed,6076818
16,4,6790,completed,6077776
16,4,6791,completed,6078984
16,4,6792,completed,6080318
16,4,6793,completed,6081901
16,4,6794,completed,6083110
16,4,6795,completed,6083902
16,4,6796,completed,6092068
16,4,6797,completed,6093401
16,4,6798,completed,6094235
16,4,6799,completed,6095068
16,4,6800,completed,6096484
16,4,6801,completed,5961693
16,4,6802,completed,5963652
16,4,6803,completed,5965401
16,4,6804,completed,5967026
16,4,6805,completed,5968443
16,4,6806,completed,5969652
16,4,6807,completed,5971485
16,4,6808,completed,5973360
16,4,6809,completed,5969110
16,4,6810,completed,5970776
16,4,6811,completed,5972194
16,4,6812,completed,5974110
16,4,6813,completed,5975860
16,4,6814,completed,5977110
16,4,6815,completed,5978568
16,4,6816,completed,5980401
16,4,6817,completed,5816443
16,4,6818,completed,5825611
16,4,6819,completed,5830069
16,4,6820,completed,5834068
16,4,6821,completed,5838360
16,4,6822,completed,5842276
16,4,6823,completed,5845985
16,4,6824,completed,5849818
16,4,6825,completed,5853860
16,4,6826,completed,5857360
16,4,6827,completed,5860818
16,4,6828,completed,5864651
16,4,6829,completed,5868444
16,4,6830,completed,5872110
16,4,6831,completed,5875693
16,4,6832,completed,5879276
16,4,6833,completed,6115234
16,4,6834,completed,6120818
16,4,6835,completed,6118026
16,4,6836,completed,6115359
16,4,6837,completed,6112901
16,4,6838,completed,6110651
16,4,6839,completed,6108109
16,4,6840,completed,6105485
16,4,6841,completed,6103401
16,4,6842,completed,6101109
16,4,6843,completed,6099109
16,4,6844,completed,6096651
16,4,6845,completed,6094026
16,4,6846,completed,6091610
16,4,6847,completed,6089651
16,4,6848,completed,6087651
16,4,6849,completed,5960485
16,4,6850,completed,5965193
16,4,6851,completed,5965318
16,4,6852,completed,5965901
16,4,6853,completed,5966693
16,4,6854,completed,5967193
16,4,6855,completed,5967693
16,4,6856,completed,5967735
16,4,6857,completed,5968943
16,4,6858,completed,5969401
16,4,6859,completed,5970068
16,4,6860,completed,5970568
16,4,6861,completed,5970777
16,4,6862,completed,5971068
16,4,6863,completed,5971651
16,4,6864,completed,5972485
16,4,6865,completed,5839902
16,4,6866,completed,5837235
16,4,6867,completed,5837568
16,4,6868,completed,5837943
16,4,6869,completed,5838360
16,4,6870,completed,5838735
16,4,6871,completed,5838943
16,4,6872,completed,5839443
16,4,6873,completed,5840026
16,4,6874,completed,5840485
16,4,6875,completed,5841027
16,4,6876,completed,5841527
16,4,6877,completed,5841985
16,4,6878,completed,5842443
16,4,6879,completed,5842860
16,4,6880,completed,5843318
16,4,6881,completed,6054610
16,4,6882,completed,6066609
16,4,6883,completed,6068943
16,4,6884,completed,6071568
16,4,6885,completed,6073859
16,4,6886,completed,6076235
16,4,6887,completed,6078109
16,4,6888,completed,6079735
16,4,6889,completed,6082776
16,4,6890,completed,6085484
16,4,6891,completed,6087651
16,4,6892,completed,6089526
16,4,6893,completed,6091401
16,4,6894,completed,6093609
16,4,6895,completed,6096151
16,4,6896,completed,6098192
16,4,6897,completed,5890402
16,4,6898,completed,5890194
16,4,6899,completed,5890694
16,4,6900,completed,5891360
16,4,6901,completed,5892235
16,4,6902,completed,5892818
16,4,6903,completed,5893152
16,4,6904,completed,5893610
16,4,6905,completed,5894777
16,4,6906,completed,5895443
16,4,6907,completed,5895860
16,4,6908,completed,5896318
16,4,6909,completed,5896568
16,4,6910,completed,5896860
16,4,6911,completed,5897277
16,4,6912,completed,5897568
16,4,6913,completed,5951818
16,4,6914,completed,5954527
16,4,6915,completed,5955193
16,4,6916,completed,5956151
16,4,6917,completed,5957193
16,4,6918,completed,5958527
16,4,6919,completed,5959568
16,4,6920,completed,5960484
16,4,6921,completed,5961943
16,4,6922,completed,5962860
16,4,6923,completed,5963776
16,4,6924,completed,5964651
16,4,6925,completed,5965568
16,4,6926,completed,5966401
16,4,6927,completed,5967360
16,4,6928,completed,5968277
16,4,6929,completed,6099859
16,4,6930,completed,6108651
16,4,6931,completed,6109192
16,4,6932,completed,6109859
16,4,6933,completed,6110859
16,4,6934,completed,6111401
16,4,6935,completed,6111943
16,4,6936,completed,6112151
16,4,6937,completed,6113693
16,4,6938,completed,6114817
16,4,6939,completed,6115568
16,4,6940,completed,6115943
16,4,6941,completed,6116651
16,4,6942,completed,6117026
16,4,6943,completed,6118026
16,4,6944,completed,6118359
16,4,6945,completed,5849610
16,4,6946,completed,5852902
16,4,6947,completed,5853652
16,4,6948,completed,5854110
16,4,6949,completed,5854985
16,4,6950,completed,5855360
16,4,6951,completed,5856360
16,4,6952,completed,5856985
16,4,6953,completed,5857902
16,4,6954,completed,5858777
16,4,6955,completed,5846735
16,4,6956,completed,5847027
16,4,6957,completed,5847694
16,4,6958,completed,5848360
16,4,6959,completed,5849944
16,4,6960,completed,5850694
16,4,6961,completed,5372862
16,4,6962,completed,5371903
16,4,6963,completed,5372945
16,4,6964,completed,5373736
16,4,6965,completed,5374778
16,4,6966,completed,5375653
16,4,6967,completed,5376778
16,4,6968,completed,5378028
16,4,6969,completed,5379320
16,4,6970,completed,5380611
16,4,6971,completed,5381903
16,4,6972,completed,5383070
16,4,6973,completed,5384153
16,4,6974,completed,5385278
16,4,6975,completed,5386403
16,4,6976,completed,5387319
16,4,6977,completed,6521859
16,4,6978,completed,6525275
16,4,6979,completed,6526358
16,4,6980,completed,6527608
16,4,6981,completed,6529275
16,4,6982,completed,6530608
16,4,6983,completed,6531983
16,4,6984,completed,6533442
16,4,6985,completed,6535066
16,4,6986,completed,6536566
16,4,6987,completed,6538025
16,4,6988,completed,6539400
16,4,6989,completed,6540691
16,4,6990,completed,6542108
16,4,6991,completed,6543483
16,4,6992,completed,6544900
16,4,6993,completed,5979735
16,4,6994,completed,5981610
16,4,6995,completed,5982360
16,4,6996,completed,5983110
16,4,6997,completed,5984360
16,4,6998,completed,5985443
16,4,6999,completed,5986276
16,4,7000,completed,5987443
16,4,7001,completed,5988776
16,4,7002,completed,5989901
16,4,7003,completed,5991027
16,4,7004,completed,5992110
16,4,7005,completed,5993068
16,4,7006,completed,5994068
16,4,7007,completed,5995318
16,4,7008,completed,5996526
16,4,7009,completed,5960860
16,4,7010,completed,5963443
16,4,7011,completed,5963776
16,4,7012,completed,5963985
16,4,7013,completed,5964402
16,4,7014,completed,5964943
16,4,7015,completed,5965402
16,4,7016,completed,5965984
16,4,7017,completed,5966776
16,4,7018,completed,5967401
16,4,7019,completed,5968026
16,4,7020,completed,5968568
16,4,7021,completed,5969110
16,4,7022,completed,5969693
16,4,7023,completed,5970360
16,4,7024,completed,5970568
16,4,7025,completed,6001068
16,4,7026,completed,6008109
16,4,7027,completed,6003484
16,4,7028,completed,6005151
16,4,7029,completed,6006401
16,4,7030,completed,6007735
16,4,7031,completed,6009234
16,4,7032,completed,6010777
16,4,7033,completed,6012401
16,4,7034,completed,6013568
16,4,7035,completed,6015235
16,4,7036,completed,6016443
16,4,7037,completed,6018151
16,4,7038,completed,6019693
16,4,7039,completed,6020901
16,4,7040,completed,6022235
16,4,7041,completed,5591819
16,4,7042,completed,5605778
16,4,7043,completed,5606319
16,4,7044,completed,5607111
16,4,7045,completed,5607736
16,4,7046,completed,5608319
16,4,7047,completed,5608944
16,4,7048,completed,5609528
16,4,7049,completed,5610319
16,4,7050,completed,5610860
16,4,7051,completed,5611527
16,4,7052,completed,5612194
16,4,7053,completed,5612860
16,4,7054,completed,5613527
16,4,7055,completed,5614111
16,4,7056,completed,5614485
16,4,7057,completed,5837777
16,4,7058,completed,5840069
16,4,7059,completed,5841235
16,4,7060,completed,5842527
16,4,7061,completed,5843818
16,4,7062,completed,5845110
16,4,7063,completed,5846485
16,4,7064,completed,5847985
16,4,7065,completed,5849485
16,4,7066,completed,5850776
16,4,7067,completed,5884360
16,4,7068,completed,5885652
16,4,7069,completed,5887068
16,4,7070,completed,5888444
16,4,7071,completed,5889777
16,4,7072,completed,5891235
16,4,7073,completed,6489358
16,4,7074,completed,6493692
16,4,7075,completed,6494733
16,4,7076,completed,6496067
16,4,7077,completed,6497525
16,4,7078,completed,6498650
16,4,7079,completed,6499900
16,4,7080,completed,6501233
16,4,7081,completed,6502650
16,4,7082,completed,6503734
16,4,7083,completed,6505025
16,4,7084,completed,6506191
16,4,7085,completed,6507650
16,4,7086,completed,6508775
16,4,7087,completed,6510025
16,4,7088,completed,6511358
16,4,7089,completed,5807194
16,4,7090,completed,5816694
16,4,7091,completed,5825736
16,4,7092,completed,5833694
16,4,7093,completed,5841402
16,4,7094,completed,5849402
16,4,7095,completed,5856360
16,4,7096,completed,5864235
16,4,7097,completed,5872360
16,4,7098,completed,5880402
16,4,7099,completed,5888402
16,4,7100,completed,5896485
16,4,7101,completed,5904527
16,4,7102,completed,5912527
16,4,7103,completed,5920402
16,4,7104,completed,5927735
16,4,7105,completed,6019401
16,4,7106,completed,6016692
16,4,7107,completed,6009567
16,4,7108,completed,6003026
16,4,7109,completed,5996193
16,4,7110,completed,5989360
16,4,7111,completed,5982818
16,4,7112,completed,5976152
16,4,7113,completed,5969734
16,4,7114,completed,5962402
16,4,7115,completed,5955860
16,4,7116,completed,5948443
16,4,7117,completed,5941943
16,4,7118,completed,5934943
16,4,7119,completed,5927985
16,4,7120,completed,5921276
16,4,7121,completed,5918277
16,4,7122,completed,5917526
16,4,7123,completed,5917610
16,4,7124,completed,5917402
16,4,7125,completed,5917485
16,4,7126,completed,5917402
16,4,7127,completed,5917235
16,4,7128,completed,5917318
16,4,7129,completed,5917735
16,4,7130,completed,5917610
16,4,7131,completed,5917693
16,4,7132,completed,5917568
16,4,7133,completed,5917985
16,4,7134,completed,5917943
16,4,7135,completed,5918276
16,4,7136,completed,5918069
16,4,7137,completed,6035984
16,4,7138,completed,6040443
16,4,7139,completed,6041193
16,4,7140,completed,6041985
16,4,7141,completed,6043110
16,4,7142,completed,6043943
16,4,7143,completed,6044818
16,4,7144,completed,6045943
16,4,7145,completed,6046943
16,4,7146,completed,6048527
16,4,7147,completed,6049568
16,4,7148,completed,6050859
16,4,7149,completed,6051776
16,4,7150,completed,6052693
16,4,7151,completed,6053735
16,4,7152,completed,6030568
16,4,7153,completed,6012943
16,4,7154,completed,6023609
16,4,7155,completed,6025943
16,4,7156,completed,6027651
16,4,7157,completed,6029777
16,4,7158,completed,6032068
16,4,7159,completed,6034026
16,4,7160,completed,6036568
16,4,7161,completed,6038318
16,4,7162,completed,6039484
16,4,7163,completed,6041359
16,4,7164,completed,6043234
16,4,7165,completed,6045276
16,4,7166,completed,6046942
16,4,7167,completed,6048318
16,4,7168,completed,6049734
16,4,7169,completed,5927777
16,4,7170,completed,5930318
16,4,7171,completed,5931860
16,4,7172,completed,5933068
16,4,7173,completed,5934443
16,4,7174,completed,5935693
16,4,7175,completed,5936818
16,4,7176,completed,5937859
16,4,7177,completed,5939818
16,4,7178,completed,5940985
16,4,7179,completed,5942027
16,4,7180,completed,5943693
16,4,7181,completed,5944776
16,4,7182,completed,5946776
16,4,7183,completed,5947943
16,4,7184,completed,5949401
16,4,7185,completed,5625527
16,4,7186,completed,5627735
16,4,7187,completed,5628402
16,4,7188,completed,5629277
16,4,7189,completed,5630069
16,4,7190,completed,5630652
16,4,7191,completed,5631152
16,4,7192,completed,5631777
16,4,7193,completed,5632569
16,4,7194,completed,5633152
16,4,7195,completed,5633653
16,4,7196,completed,5634528
16,4,7197,completed,5635235
16,4,7198,completed,5635986
16,4,7199,completed,5636694
16,4,7200,completed,5637569
16,4,7201,completed,6194109
16,4,7202,completed,6198817
16,4,7203,completed,6199234
16,4,7204,completed,6199817
16,4,7205,completed,6200526
16,4,7206,completed,6200984
16,4,7207,completed,6200984
16,4,7208,completed,6201193
16,4,7209,completed,6202151
16,4,7210,completed,6202525
16,4,7211,completed,6202609
16,4,7212,completed,6203192
16,4,7213,completed,6203984
16,4,7214,completed,6204692
16,4,7215,completed,6204943
16,4,7216,completed,6205276
16,4,7217,completed,5839527
16,4,7218,completed,5841527
16,4,7219,completed,5842777
16,4,7220,completed,5843901
16,4,7221,completed,5845068
16,4,7222,completed,5846068
16,4,7223,completed,5847277
16,4,7224,completed,5848360
16,4,7225,completed,5849860
16,4,7226,completed,5850902
16,4,7227,completed,5851985
16,4,7228,completed,5853277
16,4,7229,completed,5854485
16,4,7230,completed,5855819
16,4,7231,completed,5856901
16,4,7232,completed,5857985
16,4,7233,completed,5649277
16,4,7234,completed,5653236
16,4,7235,completed,5654652
16,4,7236,completed,5655902
16,4,7237,completed,5657236
16,4,7238,completed,5658652
16,4,7239,completed,5659985
16,4,7240,completed,5661236
16,4,7241,completed,5662943
16,4,7242,completed,5664194
16,4,7243,completed,5665444
16,4,7244,completed,5667068
16,4,7245,completed,5668402
16,4,7246,completed,5669944
16,4,7247,completed,5671111
16,4,7248,completed,5672360
16,4,7249,completed,6428817
16,4,7250,completed,6431608
16,4,7251,completed,6431734
16,4,7252,completed,6431817
16,4,7253,completed,6431900
16,4,7254,completed,6432234
16,4,7255,completed,6432317
16,4,7256,completed,6432484
16,4,7257,completed,6432983
16,4,7258,completed,6433234
16,4,7259,completed,6433483
16,4,7260,completed,6433816
16,4,7261,completed,6434192
16,4,7262,completed,6434608
16,4,7263,completed,6434817
16,4,7264,completed,6435150
16,4,7265,completed,5818152
16,4,7266,completed,5823110
16,4,7267,completed,5824152
16,4,7268,completed,5825194
16,4,7269,completed,5826277
16,4,7270,completed,5827361
16,4,7271,completed,5828402
16,4,7272,completed,5829319
16,4,7273,completed,5830944
16,4,7274,completed,5831902
16,4,7275,completed,5832736
16,4,7276,completed,5834194
16,4,7277,completed,5835360
16,4,7278,completed,5836527
16,4,7279,completed,5837443
16,4,7280,completed,5838401
16,4,7281,completed,6032193
16,4,7282,completed,6040985
16,4,7283,completed,6042318
16,4,7284,completed,6043401
16,4,7285,completed,6044568
16,4,7286,completed,6045735
16,4,7287,completed,6046734
16,4,7288,completed,6047652
16,4,7289,completed,6049401
16,4,7290,completed,6050234
16,4,7291,completed,6051068
16,4,7292,completed,6052318
16,4,7293,completed,6053735
16,4,7294,completed,6055318
16,4,7295,completed,6056526
16,4,7296,completed,6057526
16,4,7297,completed,6031859
16,4,7298,completed,6032859
16,4,7299,completed,6033318
16,4,7300,completed,6034026
16,4,7301,completed,6034776
16,4,7302,completed,6035610
16,4,7303,completed,6036401
16,4,7304,completed,6037609
16,4,7305,completed,6038360
16,4,7306,completed,6039026
16,4,7307,completed,6039526
16,4,7308,completed,6040026
16,4,7309,completed,6040610
16,4,7310,completed,6041193
16,4,7311,completed,6041734
16,4,7312,completed,6042651
16,4,7313,completed,5707361
16,4,7314,completed,5709985
16,4,7315,completed,5710902
16,4,7316,completed,5712027
16,4,7317,completed,5713152
16,4,7318,completed,5714443
16,4,7319,completed,5715402
16,4,7320,completed,5716444
16,4,7321,completed,5717527
16,4,7322,completed,5718860
16,4,7323,completed,5719777
16,4,7324,completed,5720735
16,4,7325,completed,5721818
16,4,7326,completed,5722985
16,4,7327,completed,5723861
16,4,7328,completed,5724569
16,4,7329,completed,6295276
16,4,7330,completed,6305984
16,4,7331,completed,6307608
16,4,7332,completed,6308692
16,4,7333,completed,6310192
16,4,7334,completed,6311567
16,4,7335,completed,6313359
16,4,7336,completed,6314692
16,4,7337,completed,6316067
16,4,7338,completed,6317567
16,4,7339,completed,6318525
16,4,7340,completed,6319526
16,4,7341,completed,6321109
16,4,7342,completed,6322275
16,4,7343,completed,6322942
16,4,7344,completed,6323984
16,4,7345,completed,5317528
16,4,7346,completed,5318653
16,4,7347,completed,5320069
16,4,7348,completed,5321361
16,4,7349,completed,5322736
16,4,7350,completed,5323986
16,4,7351,completed,5325403
16,4,7352,completed,5326861
16,4,7353,completed,5328986
16,4,7354,completed,5330403
16,4,7355,completed,5331611
16,4,7356,completed,5333278
16,4,7357,completed,5334528
16,4,7358,completed,5335820
16,4,7359,completed,5337444
16,4,7360,completed,5338736
16,4,7361,completed,6522567
16,4,7362,completed,6525650
16,4,7363,completed,6526483
16,4,7364,completed,6527525
16,4,7365,completed,6528858
16,4,7366,completed,6530067
16,4,7367,completed,6531358
16,4,7368,completed,6532609
16,4,7369,completed,6533983
16,4,7370,completed,6535316
16,4,7371,completed,6536192
16,4,7372,completed,6537566
16,4,7373,completed,6538442
16,4,7374,completed,6539525
16,4,7375,completed,6540692
16,4,7376,completed,6541941
16,4,7377,completed,5961943
16,4,7378,completed,5965776
16,4,7379,completed,5966860
16,4,7380,completed,5967735
16,4,7381,completed,5968985
16,4,7382,completed,5970110
16,4,7383,completed,5971360
16,4,7384,completed,5972444
16,4,7385,completed,5973777
16,4,7386,completed,5975360
16,4,7387,completed,5976277
16,4,7388,completed,5977693
16,4,7389,completed,5978693
16,4,7390,completed,5979693
16,4,7391,completed,6008485
16,4,7392,completed,6009360
16,4,7393,completed,5943276
16,4,7394,completed,5948443
16,4,7395,completed,5949652
16,4,7396,completed,5950818
16,4,7397,completed,5951901
16,4,7398,completed,5953068
16,4,7399,completed,5954109
16,4,7400,completed,5955318
16,4,7401,completed,5956693
16,4,7402,completed,5958110
16,4,7403,completed,5959151
16,4,7404,completed,5960901
16,4,7405,completed,5961943
16,4,7406,completed,5962985
16,4,7407,completed,5964276
16,4,7408,completed,5965527
16,4,7409,completed,5946234
16,4,7410,completed,5949359
16,4,7411,completed,5949901
16,4,7412,completed,5950568
16,4,7413,completed,5951109
16,4,7414,completed,5951485
16,4,7415,completed,5951984
16,4,7416,completed,5952526
16,4,7417,completed,5953318
16,4,7418,completed,5954152
16,4,7419,completed,5954485
16,4,7420,completed,5955068
16,4,7421,completed,5955443
16,4,7422,completed,5955818
16,4,7423,completed,5956526
16,4,7424,completed,5956527
16,4,7425,completed,5970735
16,4,7426,completed,5977277
16,4,7427,completed,5978110
16,4,7428,completed,5979068
16,4,7429,completed,5980235
16,4,7430,completed,5981235
16,4,7431,completed,5982568
16,4,7432,completed,5983735
16,4,7433,completed,5985485
16,4,7434,completed,5987026
16,4,7435,completed,5987735
16,4,7436,completed,5989110
16,4,7437,completed,5989901
16,4,7438,completed,5990901
16,4,7439,completed,5992234
16,4,7440,completed,5992985
16,4,7441,completed,5913485
16,4,7442,completed,5913776
16,4,7443,completed,5914193
16,4,7444,completed,5914109
16,4,7445,completed,5915027
16,4,7446,completed,5915152
16,4,7447,completed,5915277
16,4,7448,completed,5915610
16,4,7449,completed,5916318
16,4,7450,completed,5917193
16,4,7451,completed,5917526
16,4,7452,completed,5918777
16,4,7453,completed,5919027
16,4,7454,completed,5919276
16,4,7455,completed,5920276
16,4,7456,completed,5920526
16,4,7457,completed,6023526
16,4,7458,completed,6029359
16,4,7459,completed,6031193
16,4,7460,completed,6032902
16,4,7461,completed,6034984
16,4,7462,completed,6036860
16,4,7463,completed,6038693
16,4,7464,completed,6040610
16,4,7465,completed,6043152
16,4,7466,completed,6045318
16,4,7467,completed,6046860
16,4,7468,completed,6049068
16,4,7469,completed,6050527
16,4,7470,completed,6052443
16,4,7471,completed,6054568
16,4,7472,completed,6056527
16,4,7473,completed,6036401
16,4,7474,completed,6038068
16,4,7475,completed,6038484
16,4,7476,completed,6038734
16,4,7477,completed,6039193
16,4,7478,completed,6039401
16,4,7479,completed,6039651
16,4,7480,completed,6040109
16,4,7481,completed,6040526
16,4,7482,completed,6040985
16,4,7483,completed,6041110
16,4,7484,completed,6041735
16,4,7485,completed,6041985
16,4,7486,completed,6042068
16,4,7487,completed,6042693
16,4,7488,completed,6042985
16,4,7489,completed,5894902
16,4,7490,completed,5898402
16,4,7491,completed,5900193
16,4,7492,completed,5901818
16,4,7493,completed,5903527
16,4,7494,completed,5905069
16,4,7495,completed,5906860
16,4,7496,completed,5908652
16,4,7497,completed,5910443
16,4,7498,completed,5912485
16,4,7499,completed,5913693
16,4,7500,completed,5915568
16,4,7501,completed,5916984
16,4,7502,completed,5918485
16,4,7503,completed,5920235
16,4,7504,completed,5921568
16,4,7505,completed,6036235
16,4,7506,completed,6046985
16,4,7507,completed,6048193
16,4,7508,completed,6048985
16,4,7509,completed,6050359
16,4,7510,completed,6051402
16,4,7511,completed,6052651
16,4,7512,completed,6053776
16,4,7513,completed,6055193
16,4,7514,completed,6057151
16,4,7515,completed,6057735
16,4,7516,completed,6058818
16,4,7517,completed,6059401
16,4,7518,completed,6060235
16,4,7519,completed,6061734
16,4,7520,completed,6062859
16,4,7521,completed,5886526
16,4,7522,completed,5890401
16,4,7523,completed,5891485
16,4,7524,completed,5892735
16,4,7525,completed,5893860
16,4,7526,completed,5894777
16,4,7527,completed,5895735
16,4,7528,completed,5897068
16,4,7529,completed,5909151
16,4,7530,completed,5910235
16,4,7531,completed,5911610
16,4,7532,completed,5912902
16,4,7533,completed,5914235
16,4,7534,completed,5915152
16,4,7535,completed,5917069
16,4,7536,completed,5918193
16,4,7537,completed,5860069
16,4,7538,completed,5859860
16,4,7539,completed,5860068
16,4,7540,completed,5860568
16,4,7541,completed,5860860
16,4,7542,completed,5860694
16,4,7543,completed,5860818
16,4,7544,completed,5861318
16,4,7545,completed,5861818
16,4,7546,completed,5861985
16,4,7547,completed,5862235
16,4,7548,completed,5862568
16,4,7549,completed,5863151
16,4,7550,completed,5863235
16,4,7551,completed,5863610
16,4,7552,completed,5864318
16,4,7553,completed,6178192
16,4,7554,completed,6168359
16,4,7555,completed,6170401
16,4,7556,completed,6172443
16,4,7557,completed,6174276
16,4,7558,completed,6175984
16,4,7559,completed,6178026
16,4,7560,completed,6179568
16,4,7561,completed,6181693
16,4,7562,completed,6183901
16,4,7563,completed,6186234
16,4,7564,completed,6188151
16,4,7565,completed,6189776
16,4,7566,completed,6191068
16,4,7567,completed,6192859
16,4,7568,completed,6195276
16,4,7569,completed,7539730
16,4,7570,completed,7538814
16,4,7571,completed,7539106
16,4,7572,completed,7539272
16,4,7573,completed,7539523
16,4,7574,completed,7540189
16,4,7575,completed,7540356
16,4,7576,completed,7540606
16,4,7577,completed,7540772
16,4,7578,completed,7541439
16,4,7579,completed,7542022
16,4,7580,completed,7542315
16,4,7581,completed,7542689
16,4,7582,completed,7542855
16,4,7583,completed,7543064
16,4,7584,completed,7542939
16,4,7585,completed,6260275
16,4,7586,completed,6302776
16,4,7587,completed,6310234
16,4,7588,completed,6316234
16,4,7589,completed,6322442
16,4,7590,completed,6328484
16,4,7591,completed,6334442
16,4,7592,completed,6339734
16,4,7593,completed,6345442
16,4,7594,completed,6350442
16,4,7595,completed,6357442
16,4,7596,completed,6362275
16,4,7597,completed,6367275
16,4,7598,completed,6372484
16,4,7599,completed,6378859
16,4,7600,completed,6384067
16,4,7601,completed,5923027
16,4,7602,completed,5917526
16,4,7603,completed,5912735
16,4,7604,completed,5908527
16,4,7605,completed,5903110
16,4,7606,completed,5898193
16,4,7607,completed,5893610
16,4,7608,completed,5888985
16,4,7609,completed,5884818
16,4,7610,completed,5880484
16,4,7611,completed,5874902
16,4,7612,completed,5871027
16,4,7613,completed,5867069
16,4,7614,completed,5862569
16,4,7615,completed,5856943
16,4,7616,completed,5852776
16,4,7617,completed,5909194
16,4,7618,completed,5909401
16,4,7619,completed,5910151
16,4,7620,completed,5911568
16,4,7621,completed,5912860
16,4,7622,completed,5914360
16,4,7623,completed,5915443
16,4,7624,completed,5916485
16,4,7625,completed,5917318
16,4,7626,completed,5918526
16,4,7627,completed,5919818
16,4,7628,completed,5920818
16,4,7629,completed,5921401
16,4,7630,completed,5922568
16,4,7631,completed,5923568
16,4,7632,completed,5924152
16,4,7633,completed,5091029
16,4,7634,completed,5091070
16,4,7635,completed,5090487
16,4,7636,completed,5091154
16,4,7637,completed,5092028
16,4,7638,completed,5092570
16,4,7639,completed,5092821
16,4,7640,completed,5093403
16,4,7641,completed,5094154
16,4,7642,completed,5094737
16,4,7643,completed,5095904
16,4,7644,completed,5096654
16,4,7645,completed,5097278
16,4,7646,completed,5098071
16,4,7647,completed,5098570
16,4,7648,completed,5098570
16,4,7649,completed,6507400
16,4,7650,completed,6511316
16,4,7651,completed,6512150
16,4,7652,completed,6512525
16,4,7653,completed,6513525
16,4,7654,completed,6514442
16,4,7655,completed,6515275
16,4,7656,completed,6516275
16,4,7657,completed,6517025
16,4,7658,completed,6517775
16,4,7659,completed,6518691
16,4,7660,completed,6519192
16,4,7661,completed,6519775
16,4,7662,completed,6520859
16,4,7663,completed,6521817
16,4,7664,completed,6522442
16,4,7665,completed,6416567
16,4,7666,completed,6421275
16,4,7667,completed,6422067
16,4,7668,completed,6422484
16,4,7669,completed,6423775
16,4,7670,completed,6424609
16,4,7671,completed,6425359
16,4,7672,completed,6425942
16,4,7673,completed,6427067
16,4,7674,completed,6427692
16,4,7675,completed,6428817
16,4,7676,completed,6430025
16,4,7677,completed,6431025
16,4,7678,completed,6432151
16,4,7679,completed,6432817
16,4,7680,completed,6433692
16,4,7681,completed,5918109
16,4,7682,completed,5927026
16,4,7683,completed,5928318
16,4,7684,completed,5929610
16,4,7685,completed,5930901
16,4,7686,completed,5932234
16,4,7687,completed,5933277
16,4,7688,completed,5934735
16,4,7689,completed,5936068
16,4,7690,completed,5937026
16,4,7691,completed,5939735
16,4,7692,completed,5941610
16,4,7693,completed,5942776
16,4,7694,completed,5944860
16,4,7695,completed,5946693
16,4,7696,completed,5947901
16,4,7697,completed,5864151
16,4,7698,completed,5866152
16,4,7699,completed,5867360
16,4,7700,completed,5868235
16,4,7701,completed,5869735
16,4,7702,completed,5871152
16,4,7703,completed,5872568
16,4,7704,completed,5873069
16,4,7705,completed,5873943
16,4,7706,completed,5875068
16,4,7707,completed,5876902
16,4,7708,completed,5878027
16,4,7709,completed,5878735
16,4,7710,completed,5880069
16,4,7711,completed,5881027
16,4,7712,completed,5881901
16,4,7713,completed,5991901
16,4,7714,completed,5998443
16,4,7715,completed,5999151
16,4,7716,completed,6000109
16,4,7717,completed,6001152
16,4,7718,completed,6002360
16,4,7719,completed,6003277
16,4,7720,completed,6004610
16,4,7721,completed,6005734
16,4,7722,completed,6006985
16,4,7723,completed,6009568
16,4,7724,completed,6010943
16,4,7725,completed,6011985
16,4,7726,completed,6013110
16,4,7727,completed,6014693
16,4,7728,completed,6015651
16,4,7729,completed,6849566
16,4,7730,completed,6855441
16,4,7731,completed,6856358
16,4,7732,completed,6856941
16,4,7733,completed,6858066
16,4,7734,completed,6858857
16,4,7735,completed,6859858
16,4,7736,completed,6860440
16,4,7737,completed,6860982
16,4,7738,completed,6861607
16,4,7739,completed,6862983
16,4,7740,completed,6863774
16,4,7741,completed,6864399
16,4,7742,completed,6865316
16,4,7743,completed,6866066
16,4,7744,completed,6866982
16,4,7745,completed,5922485
16,4,7746,completed,5926693
16,4,7747,completed,5927359
16,4,7748,completed,5928235
16,4,7749,completed,5929485
16,4,7750,completed,5930485
16,4,7751,completed,5931234
16,4,7752,completed,5932276
16,4,7753,completed,5933026
16,4,7754,completed,5933776
16,4,7755,completed,5935652
16,4,7756,completed,5936401
16,4,7757,completed,5937151
16,4,7758,completed,5938402
16,4,7759,completed,5939651
16,4,7760,completed,5940443
16,4,7761,completed,5987735
16,4,7762,completed,5995318
16,4,7763,completed,5996151
16,4,7764,completed,5996693
16,4,7765,completed,5997610
16,4,7766,completed,5998443
16,4,7767,completed,5999193
16,4,7768,completed,5999693
16,4,7769,completed,6000527
16,4,7770,completed,6000985
16,4,7771,completed,6002234
16,4,7772,completed,6003193
16,4,7773,completed,6003651
16,4,7774,completed,6004360
16,4,7775,completed,6004901
16,4,7776,completed,6004943
16,4,7777,completed,5682943
16,4,7778,completed,5686777
16,4,7779,completed,5687569
16,4,7780,completed,5688194
16,4,7781,completed,5689527
16,4,7782,completed,5690152
16,4,7783,completed,5691152
16,4,7784,completed,5692110
16,4,7785,completed,5692986
16,4,7786,completed,5693569
16,4,7787,completed,5694902
16,4,7788,completed,5695444
16,4,7789,completed,5696527
16,4,7790,completed,5697485
16,4,7791,completed,5698235
16,4,7792,completed,5698818
16,4,7793,completed,6215984
16,4,7794,completed,6220651
16,4,7795,completed,6221067
16,4,7796,completed,6221692
16,4,7797,completed,6222650
16,4,7798,completed,6224234
16,4,7799,completed,6224901
16,4,7800,completed,6225817
16,4,7801,completed,6227026
16,4,7802,completed,6228067
16,4,7803,completed,6228942
16,4,7804,completed,6229901
16,4,7805,completed,6230984
16,4,7806,completed,6232401
16,4,7807,completed,6233109
16,4,7808,completed,6234318
16,4,7809,completed,5889943
16,4,7810,completed,5893318
16,4,7811,completed,5894069
16,4,7812,completed,5894818
16,4,7813,completed,5896194
16,4,7814,completed,5897485
16,4,7815,completed,5898152
16,4,7816,completed,5898985
16,4,7817,completed,5899818
16,4,7818,completed,5900526
16,4,7819,completed,5901776
16,4,7820,completed,5902568
16,4,7821,completed,5903276
16,4,7822,completed,5904235
16,4,7823,completed,5905527
16,4,7824,completed,5906359
16,4,7825,completed,6093651
16,4,7826,completed,6101109
16,4,7827,completed,6102984
16,4,7828,completed,6104692
16,4,7829,completed,6106567
16,4,7830,completed,6108859
16,4,7831,completed,6110401
16,4,7832,completed,6112109
16,4,7833,completed,6114067
16,4,7834,completed,6115651
16,4,7835,completed,6117818
16,4,7836,completed,6120110
16,4,7837,completed,6121901
16,4,7838,completed,6192984
16,4,7839,completed,6211193
16,4,7840,completed,6212901
16,4,7841,completed,5965652
16,4,7842,completed,5962860
16,4,7843,completed,5962318
16,4,7844,completed,5961568
16,4,7845,completed,5961484
16,4,7846,completed,5961068
16,4,7847,completed,5960527
16,4,7848,completed,5960359
16,4,7849,completed,5959609
16,4,7850,completed,5950568
16,4,7851,completed,5950401
16,4,7852,completed,5949984
16,4,7853,completed,5949568
16,4,7854,completed,5876777
16,4,7855,completed,5863193
16,4,7856,completed,5862568
16,4,7857,completed,5970235
16,4,7858,completed,5978443
16,4,7859,completed,5979860
16,4,7860,completed,5980859
16,4,7861,completed,5982109
16,4,7862,completed,5983068
16,4,7863,completed,5983985
16,4,7864,completed,5984735
16,4,7865,completed,5985485
16,4,7866,completed,5986276
16,4,7867,completed,5987359
16,4,7868,completed,5988401
16,4,7869,completed,5989609
16,4,7870,completed,5990902
16,4,7871,completed,5991902
16,4,7872,completed,5992735
16,4,7873,completed,5960151
16,4,7874,completed,5963734
16,4,7875,completed,5964610
16,4,7876,completed,5965484
16,4,7877,completed,5966943
16,4,7878,completed,5968484
16,4,7879,completed,5969193
16,4,7880,completed,5970443
16,4,7881,completed,5971401
16,4,7882,completed,5972151
16,4,7883,completed,5974068
16,4,7884,completed,5974859
16,4,7885,completed,5975485
16,4,7886,completed,5976652
16,4,7887,completed,5978818
16,4,7888,completed,5979526
16,4,7889,completed,5939318
16,4,7890,completed,5944651
16,4,7891,completed,5945068
16,4,7892,completed,5945526
16,4,7893,completed,5946193
16,4,7894,completed,5946985
16,4,7895,completed,5947526
16,4,7896,completed,5948151
16,4,7897,completed,5949027
16,4,7898,completed,5949610
16,4,7899,completed,5950651
16,4,7900,completed,5951443
16,4,7901,completed,5952110
16,4,7902,completed,5953068
16,4,7903,completed,5953609
16,4,7904,completed,5954276
16,4,7905,completed,6006568
16,4,7906,completed,6019443
16,4,7907,completed,6021568
16,4,7908,completed,6023651
16,4,7909,completed,6025985
16,4,7910,completed,6028068
16,4,7911,completed,6029901
16,4,7912,completed,6032192
16,4,7913,completed,6034401
16,4,7914,completed,6036442
16,4,7915,completed,6038776
16,4,7916,completed,6040693
16,4,7917,completed,6042610
16,4,7918,completed,6045235
16,4,7919,completed,6111984
16,4,7920,completed,6124609
16,4,7921,completed,5845360
16,4,7922,completed,5838527
16,4,7923,completed,5837735
16,4,7924,completed,5837194
16,4,7925,completed,5837152
16,4,7926,completed,5837110
16,4,7927,completed,5836860
16,4,7928,completed,5836402
16,4,7929,completed,5836277
16,4,7930,completed,5835901
16,4,7931,completed,5836235
16,4,7932,completed,5836069
16,4,7933,completed,5835818
16,4,7934,completed,5835777
16,4,7935,completed,5770069
16,4,7936,completed,5759568
16,4,7937,completed,5967151
16,4,7938,completed,5970735
16,4,7939,completed,5971443
16,4,7940,completed,5971985
16,4,7941,completed,5972651
16,4,7942,completed,5973360
16,4,7943,completed,5973984
16,4,7944,completed,5974568
16,4,7945,completed,5975277
16,4,7946,completed,5975693
16,4,7947,completed,5976568
16,4,7948,completed,5977151
16,4,7949,completed,5977485
16,4,7950,completed,5978235
16,4,7951,completed,5979026
16,4,7952,completed,5979777
16,4,7953,completed,5624903
16,4,7954,completed,5627777
16,4,7955,completed,5628569
16,4,7956,completed,5629194
16,4,7957,completed,5629986
16,4,7958,completed,5631069
16,4,7959,completed,5631735
16,4,7960,completed,5632361
16,4,7961,completed,5633319
16,4,7962,completed,5634027
16,4,7963,completed,5635485
16,4,7964,completed,5636610
16,4,7965,completed,5637610
16,4,7966,completed,5639068
16,4,7967,completed,5639902
16,4,7968,completed,5640777
16,4,7969,completed,6269900
16,4,7970,completed,6272776
16,4,7971,completed,6273025
16,4,7972,completed,6273317
16,4,7973,completed,6273943
16,4,7974,completed,6274317
16,4,7975,completed,6274568
16,4,7976,completed,6275484
16,4,7977,completed,6276693
16,4,7978,completed,6277234
16,4,7979,completed,6277943
16,4,7980,completed,6277651
16,4,7981,completed,6277942
16,4,7982,completed,6278401
16,4,7983,completed,6278859
16,4,7984,completed,6279317
16,4,7985,completed,7435856
16,4,7986,completed,7442315
16,4,7987,completed,7443023
16,4,7988,completed,7443898
16,4,7989,completed,7445106
16,4,7990,completed,7445689
16,4,7991,completed,7446231
16,4,7992,completed,7446981
16,4,7993,completed,7447773
16,4,7994,completed,7448648
16,4,7995,completed,7450148
16,4,7996,completed,7450773
16,4,7997,completed,7451314
16,4,7998,completed,7452398
16,4,7999,completed,7453565
16,4,8000,completed,7454106
16,4,8001,completed,5598986
16,4,8002,completed,5596319
16,4,8003,completed,5597027
16,4,8004,completed,5598277
16,4,8005,completed,5599903
16,4,8006,completed,5601236
16,4,8007,completed,5602403
16,4,8008,completed,5603527
16,4,8009,completed,5604819
16,4,8010,completed,5605902
16,4,8011,completed,5607486
16,4,8012,completed,5608611
16,4,8013,completed,5609735
16,4,8014,completed,5610944
16,4,8015,completed,5612110
16,4,8016,completed,5613528
16,4,8017,completed,6201275
16,4,8018,completed,6194067
16,4,8019,completed,6193734
16,4,8020,completed,6193609
16,4,8021,completed,6193692
16,4,8022,completed,6193859
16,4,8023,completed,6193692
16,4,8024,completed,6193734
16,4,8025,completed,6193859
16,4,8026,completed,6193984
16,4,8027,completed,6194400
16,4,8028,completed,6194401
16,4,8029,completed,6194526
16,4,8030,completed,6194650
16,4,8031,completed,6194984
16,4,8032,completed,6194943
16,4,8033,completed,6093109
16,4,8034,completed,6098109
16,4,8035,completed,6100276
16,4,8036,completed,6102318
16,4,8037,completed,6105526
16,4,8038,completed,6107734
16,4,8039,completed,6109485
16,4,8040,completed,6111401
16,4,8041,completed,6113568
16,4,8042,completed,6115526
16,4,8043,completed,6117609
16,4,8044,completed,6119692
16,4,8045,completed,6121359
16,4,8046,completed,6123484
16,4,8047,completed,6125651
16,4,8048,completed,6127401
16,4,8049,completed,6767025
16,4,8050,completed,6778233
16,4,8051,completed,6796525
16,4,8052,completed,6802274
16,4,8053,completed,6807565
16,4,8054,completed,6812482
16,4,8055,completed,6818066
16,4,8056,completed,6824274
16,4,8057,completed,6830316
16,4,8058,completed,6836108
16,4,8059,completed,6841816
16,4,8060,completed,6846565
16,4,8061,completed,6851857
16,4,8062,completed,6857191
16,4,8063,completed,6862274
16,4,8064,completed,6866983
16,4,8065,completed,6221109
16,4,8066,completed,6219317
16,4,8067,completed,6203109
16,4,8068,completed,6197734
16,4,8069,completed,6192359
16,4,8070,completed,6187276
16,4,8071,completed,6181193
16,4,8072,completed,6176193
16,4,8073,completed,6170985
16,4,8074,completed,6165610
16,4,8075,completed,6160484
16,4,8076,completed,6155568
16,4,8077,completed,6150526
16,4,8078,completed,6144984
16,4,8079,completed,6140692
16,4,8080,completed,6136068
16,4,8081,completed,5936693
16,4,8082,completed,5940859
16,4,8083,completed,5942443
16,4,8084,completed,5943985
16,4,8085,completed,5946193
16,4,8086,completed,5947776
16,4,8087,completed,5949901
16,4,8088,completed,5951443
16,4,8089,completed,5953235
16,4,8090,completed,5955360
16,4,8091,completed,5982776
16,4,8092,completed,5984776
16,4,8093,completed,5986359
16,4,8094,completed,5987984
16,4,8095,completed,5989526
16,4,8096,completed,5991360
16,4,8097,completed,5828735
16,4,8098,completed,5830694
16,4,8099,completed,5831027
16,4,8100,completed,5831235
16,4,8101,completed,5831610
16,4,8102,completed,5831652
16,4,8103,completed,5831652
16,4,8104,completed,5831693
16,4,8105,completed,5831818
16,4,8106,completed,5832152
16,4,8107,completed,5832110
16,4,8108,completed,5832194
16,4,8109,completed,5832569
16,4,8110,completed,5832611
16,4,8111,completed,5832611
16,4,8112,completed,5832611
16,4,8113,completed,6054859
16,4,8114,completed,6063943
16,4,8115,completed,6064860
16,4,8116,completed,6065902
16,4,8117,completed,6066902
16,4,8118,completed,6067651
16,4,8119,completed,6068693
16,4,8120,completed,6069901
16,4,8121,completed,6071193
16,4,8122,completed,6072818
16,4,8123,completed,6073859
16,4,8124,completed,6074693
16,4,8125,completed,6075484
16,4,8126,completed,6076860
16,4,8127,completed,6077401
16,4,8128,completed,6078109
16,4,8129,completed,5907526
16,4,8130,completed,5909902
16,4,8131,completed,5910902
16,4,8132,completed,5912026
16,4,8133,completed,5913735
16,4,8134,completed,5914776
16,4,8135,completed,5915610
16,4,8136,completed,5916777
16,4,8137,completed,5918360
16,4,8138,completed,5919568
16,4,8139,completed,5920193
16,4,8140,completed,5920985
16,4,8141,completed,5921735
16,4,8142,completed,5923026
16,4,8143,completed,5923776
16,4,8144,completed,5924485
16,4,8145,completed,5952568
16,4,8146,completed,5973152
16,4,8147,completed,5978984
16,4,8148,completed,5983818
16,4,8149,completed,5989401
16,4,8150,completed,5994193
16,4,8151,completed,5998735
16,4,8152,completed,6003568
16,4,8153,completed,6009193
16,4,8154,completed,6014610
16,4,8155,completed,6019152
16,4,8156,completed,6023985
16,4,8157,completed,6028360
16,4,8158,completed,6032443
16,4,8159,completed,6037234
16,4,8160,completed,6041776
16,4,8161,completed,6092651
16,4,8162,completed,6094526
16,4,8163,completed,6091276
16,4,8164,completed,6088068
16,4,8165,completed,6084318
16,4,8166,completed,6080818
16,4,8167,completed,6077859
16,4,8168,completed,6074901
16,4,8169,completed,6071068
16,4,8170,completed,6067484
16,4,8171,completed,6064360
16,4,8172,completed,6060901
16,4,8173,completed,6058526
16,4,8174,completed,6055984
16,4,8175,completed,6052651
16,4,8176,completed,6049610
16,4,8177,completed,5863985
16,4,8178,completed,5870652
16,4,8179,completed,5871860
16,4,8180,completed,5872818
16,4,8181,completed,5873985
16,4,8182,completed,5875235
16,4,8183,completed,5876027
16,4,8184,completed,5876610
16,4,8185,completed,5877194
16,4,8186,completed,5878235
16,4,8187,completed,5879277
16,4,8188,completed,5912526
16,4,8189,completed,5921859
16,4,8190,completed,5922902
16,4,8191,completed,5923568
16,4,8192,completed,5923527
16,4,8193,completed,6510692
16,4,8194,completed,6508566
16,4,8195,completed,6509775
16,4,8196,completed,6510192
16,4,8197,completed,6510691
16,4,8198,completed,6511400
16,4,8199,completed,6511733
16,4,8200,completed,6511984
16,4,8201,completed,6511983
16,4,8202,completed,6512484
16,4,8203,completed,6513067
16,4,8204,completed,6480734
16,4,8205,completed,6472900
16,4,8206,completed,6472941
16,4,8207,completed,6472942
16,4,8208,completed,6501858
16,4,8209,completed,6446275
16,4,8210,completed,6462567
16,4,8211,completed,6463984
16,4,8212,completed,6459275
16,4,8213,completed,6460567
16,4,8214,completed,6461900
16,4,8215,completed,6463026
16,4,8216,completed,6464109
16,4,8217,completed,6465233
16,4,8218,completed,6466817
16,4,8219,completed,6468275
16,4,8220,completed,6469608
16,4,8221,completed,6470900
16,4,8222,completed,6472025
16,4,8223,completed,6473109
16,4,8224,completed,6460650
16,4,8225,completed,5749444
16,4,8226,completed,5745819
16,4,8227,completed,5745818
16,4,8228,completed,5745986
16,4,8229,completed,5746486
16,4,8230,completed,5747069
16,4,8231,completed,5747610
16,4,8232,completed,5748027
16,4,8233,completed,5748402
16,4,8234,completed,5748735
16,4,8235,completed,5749111
16,4,8236,completed,5749777
16,4,8237,completed,5749944
16,4,8238,completed,5750194
16,4,8239,completed,5750569
16,4,8240,completed,5750985
16,4,8241,completed,6096860
16,4,8242,completed,6091735
16,4,8243,completed,6092651
16,4,8244,completed,6093235
16,4,8245,completed,6093859
16,4,8246,completed,6094609
16,4,8247,completed,6098859
16,4,8248,completed,6099443
16,4,8249,completed,6100026
16,4,8250,completed,6100860
16,4,8251,completed,6101360
16,4,8252,completed,6101818
16,4,8253,completed,6102818
16,4,8254,completed,6102609
16,4,8255,completed,6102943
16,4,8256,completed,6103359
16,4,8257,completed,6004318
16,4,8258,completed,6006318
16,4,8259,completed,6006276
16,4,8260,completed,6008026
16,4,8261,completed,6011234
16,4,8262,completed,6013776
16,4,8263,completed,6015568
16,4,8264,completed,6017485
16,4,8265,completed,6019234
16,4,8266,completed,6021859
16,4,8267,completed,6023526
16,4,8268,completed,6025568
16,4,8269,completed,6027443
16,4,8270,completed,6029192
16,4,8271,completed,6030818
16,4,8272,completed,6032651
16,4,8273,completed,6963357
16,4,8274,completed,6965732
16,4,8275,completed,6966983
16,4,8276,completed,6967815
16,4,8277,completed,6969190
16,4,8278,completed,6970191
16,4,8279,completed,6971065
16,4,8280,completed,6972065
16,4,8281,completed,6973774
16,4,8282,completed,6974773
16,4,8283,completed,6975816
16,4,8284,completed,6976815
16,4,8285,completed,6977898
16,4,8286,completed,6978899
16,4,8287,completed,6979940
16,4,8288,completed,6980815
16,4,8289,completed,5931110
16,4,8290,completed,5942610
16,4,8291,completed,5943818
16,4,8292,completed,5945110
16,4,8293,completed,5948568
16,4,8294,completed,5952068
16,4,8295,completed,5953277
16,4,8296,completed,5954485
16,4,8297,completed,5955818
16,4,8298,completed,5957193
16,4,8299,completed,5958610
16,4,8300,completed,5959985
16,4,8301,completed,5961318
16,4,8302,completed,6009901
16,4,8303,completed,6020026
16,4,8304,completed,6021277
16,4,8305,completed,7424064
16,4,8306,completed,7419565
16,4,8307,completed,7419106
16,4,8308,completed,7418940
16,4,8309,completed,7418689
16,4,8310,completed,7418731
16,4,8311,completed,7418565
16,4,8312,completed,7418356
16,4,8313,completed,7418147
16,4,8314,completed,7417814
16,4,8315,completed,7411689
16,4,8316,completed,7411564
16,4,8317,completed,7411273
16,4,8318,completed,7378189
16,4,8319,completed,7371190
16,4,8320,completed,7370814
16,4,8321,completed,6024485
16,4,8322,completed,6028943
16,4,8323,completed,6030152
16,4,8324,completed,6031568
16,4,8325,completed,6032984
16,4,8326,completed,6034526
16,4,8327,completed,6036068
16,4,8328,completed,6037401
16,4,8329,completed,6038860
16,4,8330,completed,6040192
16,4,8331,completed,6041651
16,4,8332,completed,6043110
16,4,8333,completed,6044526
16,4,8334,completed,6045984
16,4,8335,completed,6047401
16,4,8336,completed,6048943
16,4,8337,completed,5994860
16,4,8338,completed,6002026
16,4,8339,completed,6002026
16,4,8340,completed,6001985
16,4,8341,completed,6002401
16,4,8342,completed,6002610
16,4,8343,completed,6002901
16,4,8344,completed,6002984
16,4,8345,completed,6003193
16,4,8346,completed,6003443
16,4,8347,completed,6003735
16,4,8348,completed,6004110
16,4,8349,completed,6004318
16,4,8350,completed,6004568
16,4,8351,completed,6004693
16,4,8352,completed,6004651
16,4,8353,completed,6061734
16,4,8354,completed,6064318
16,4,8355,completed,6065693
16,4,8356,completed,6066859
16,4,8357,completed,6068651
16,4,8358,completed,6070318
16,4,8359,completed,6071776
16,4,8360,completed,6073401
16,4,8361,completed,6074984
16,4,8362,completed,6076776
16,4,8363,completed,6078443
16,4,8364,completed,6080193
16,4,8365,completed,6081776
16,4,8366,completed,6083484
16,4,8367,completed,6085026
16,4,8368,completed,6086942
16,4,8369,completed,5842485
16,4,8370,completed,5847735
16,4,8371,completed,5848360
16,4,8372,completed,5849110
16,4,8373,completed,5850069
16,4,8374,completed,5851110
16,4,8375,completed,5851944
16,4,8376,completed,5852818
16,4,8377,completed,5853651
16,4,8378,completed,5854568
16,4,8379,completed,5855569
16,4,8380,completed,5856568
16,4,8381,completed,5856401
16,4,8382,completed,5857402
16,4,8383,completed,5857902
16,4,8384,completed,5858360
16,4,8385,completed,5909777
16,4,8386,completed,5908985
16,4,8387,completed,5909193
16,4,8388,completed,5909985
16,4,8389,completed,5910776
16,4,8390,completed,5911693
16,4,8391,completed,5912235
16,4,8392,completed,5912735
16,4,8393,completed,5913193
16,4,8394,completed,5913735
16,4,8395,completed,5914360
16,4,8396,completed,5915151
16,4,8397,completed,5915651
16,4,8398,completed,5916235
16,4,8399,completed,5916735
16,4,8400,completed,5917193
16,4,8401,completed,6083901
16,4,8402,completed,6088359
16,4,8403,completed,6088984
16,4,8404,completed,6089651
16,4,8405,completed,6090526
16,4,8406,completed,6091692
16,4,8407,completed,6092442
16,4,8408,completed,6093192
16,4,8409,completed,6093943
16,4,8410,completed,6095110
16,4,8411,completed,6095984
16,4,8412,completed,6096984
16,4,8413,completed,6097692
16,4,8414,completed,6098484
16,4,8415,completed,6099193
16,4,8416,completed,6099818
16,4,8417,completed,5996193
16,4,8418,completed,6006651
16,4,8419,completed,6007109
16,4,8420,completed,6007817
16,4,8421,completed,6008734
16,4,8422,completed,6010068
16,4,8423,completed,6010443
16,4,8424,completed,6010859
16,4,8425,completed,6011234
16,4,8426,completed,6011651
16,4,8427,completed,6012401
16,4,8428,completed,6013067
16,4,8429,completed,6012734
16,4,8430,completed,6013526
16,4,8431,completed,6013734
16,4,8432,completed,6013276
16,4,8433,completed,5810069
16,4,8434,completed,5823194
16,4,8435,completed,5823735
16,4,8436,completed,5824318
16,4,8437,completed,5825568
16,4,8438,completed,5827068
16,4,8439,completed,5827943
16,4,8440,completed,5828735
16,4,8441,completed,5829526
16,4,8442,completed,5830318
16,4,8443,completed,5831235
16,4,8444,completed,5832402
16,4,8445,completed,5832943
16,4,8446,completed,5833985
16,4,8447,completed,5834693
16,4,8448,completed,5835235
16,4,8449,completed,5930069
16,4,8450,completed,5939527
16,4,8451,completed,5940610
16,4,8452,completed,5942235
16,4,8453,completed,5943984
16,4,8454,completed,5945484
16,4,8455,completed,5946901
16,4,8456,completed,5947652
16,4,8457,completed,5948485
16,4,8458,completed,5949318
16,4,8459,completed,5949985
16,4,8460,completed,5950610
16,4,8461,completed,5951110
16,4,8462,completed,5951776
16,4,8463,completed,5952443
16,4,8464,completed,5952943
16,4,8465,completed,6103859
16,4,8466,completed,6113860
16,4,8467,completed,6114234
16,4,8468,completed,6115901
16,4,8469,completed,6118026
16,4,8470,completed,6119692
16,4,8471,completed,6120484
16,4,8472,completed,6121234
16,4,8473,completed,6121985
16,4,8474,completed,6122693
16,4,8475,completed,6124193
16,4,8476,completed,6125276
16,4,8477,completed,6125735
16,4,8478,completed,6127151
16,4,8479,completed,6127901
16,4,8480,completed,6128109
16,4,8481,completed,5810110
16,4,8482,completed,5825568
16,4,8483,completed,5826901
16,4,8484,completed,5828735
16,4,8485,completed,5831152
16,4,8486,completed,5834235
16,4,8487,completed,5836443
16,4,8488,completed,5838360
16,4,8489,completed,5839901
16,4,8490,completed,5841277
16,4,8491,completed,5842527
16,4,8492,completed,5843985
16,4,8493,completed,5845318
16,4,8494,completed,5846694
16,4,8495,completed,5847776
16,4,8496,completed,5848943
16,4,8497,completed,5907277
16,4,8498,completed,5907026
16,4,8499,completed,5907651
16,4,8500,completed,5908235
16,4,8501,completed,5909110
16,4,8502,completed,5910235
16,4,8503,completed,5911110
16,4,8504,completed,5912026
16,4,8505,completed,5912860
16,4,8506,completed,5913735
16,4,8507,completed,5914651
16,4,8508,completed,5915610
16,4,8509,completed,5916444
16,4,8510,completed,5917360
16,4,8511,completed,5918151
16,4,8512,completed,5918277
16,4,8513,completed,6038568
16,4,8514,completed,6040443
16,4,8515,completed,6040776
16,4,8516,completed,6041818
16,4,8517,completed,6042692
16,4,8518,completed,6043735
16,4,8519,completed,6044276
16,4,8520,completed,6044985
16,4,8521,completed,6045526
16,4,8522,completed,6046109
16,4,8523,completed,6046776
16,4,8524,completed,6047609
16,4,8525,completed,6048110
16,4,8526,completed,6048776
16,4,8527,completed,6049276
16,4,8528,completed,6049859
16,4,8529,completed,5708902
16,4,8530,completed,5721777
16,4,8531,completed,5721819
16,4,8532,completed,5722527
16,4,8533,completed,5723777
16,4,8534,completed,5725110
16,4,8535,completed,5725694
16,4,8536,completed,5726152
16,4,8537,completed,5726652
16,4,8538,completed,5726902
16,4,8539,completed,5727611
16,4,8540,completed,5727944
16,4,8541,completed,5728819
16,4,8542,completed,5729277
16,4,8543,completed,5729610
16,4,8544,completed,5729861
16,4,8545,completed,6129776
16,4,8546,completed,6141150
16,4,8547,completed,6142650
16,4,8548,completed,6144109
16,4,8549,completed,6145859
16,4,8550,completed,6147859
16,4,8551,completed,6148984
16,4,8552,completed,6150192
16,4,8553,completed,6151609
16,4,8554,completed,6153318
16,4,8555,completed,6154859
16,4,8556,completed,6156150
16,4,8557,completed,6157401
16,4,8558,completed,6158692
16,4,8559,completed,6159734
16,4,8560,completed,6160734
16,4,8561,completed,6011860
16,4,8562,completed,6005609
16,4,8563,completed,6005985
16,4,8564,completed,6006610
16,4,8565,completed,6007235
16,4,8566,completed,6007985
16,4,8567,completed,6008568
16,4,8568,completed,6008943
16,4,8569,completed,6009318
16,4,8570,completed,6009859
16,4,8571,completed,6010568
16,4,8572,completed,6011068
16,4,8573,completed,6011318
16,4,8574,completed,6011777
16,4,8575,completed,6011985
16,4,8576,completed,6012193
16,4,8577,completed,5893484
16,4,8578,completed,5901985
16,4,8579,completed,5903151
16,4,8580,completed,5904485
16,4,8581,completed,5906277
16,4,8582,completed,5907818
16,4,8583,completed,5909276
16,4,8584,completed,5910568
16,4,8585,completed,5911985
16,4,8586,completed,5913193
16,4,8587,completed,5914693
16,4,8588,completed,5916110
16,4,8589,completed,5917443
16,4,8590,completed,5918985
16,4,8591,completed,5920152
16,4,8592,completed,5921360
16,4,8593,completed,5889318
16,4,8594,completed,5897735
16,4,8595,completed,5898902
16,4,8596,completed,5900068
16,4,8597,completed,5901443
16,4,8598,completed,5903068
16,4,8599,completed,5904152
16,4,8600,completed,5905068
16,4,8601,completed,5906110
16,4,8602,completed,5907193
16,4,8603,completed,5908484
16,4,8604,completed,5908985
16,4,8605,completed,5909402
16,4,8606,completed,5910193
16,4,8607,completed,5910860
16,4,8608,completed,5911568
16,4,8609,completed,5943735
16,4,8610,completed,5950818
16,4,8611,completed,5951359
16,4,8612,completed,5952360
16,4,8613,completed,5953943
16,4,8614,completed,5955235
16,4,8615,completed,5956026
16,4,8616,completed,5956609
16,4,8617,completed,5957277
16,4,8618,completed,5958235
16,4,8619,completed,5958943
16,4,8620,completed,5959818
16,4,8621,completed,5960443
16,4,8622,completed,5961276
16,4,8623,completed,5961943
16,4,8624,completed,5962443
16,4,8625,completed,6000818
16,4,8626,completed,6007360
16,4,8627,completed,6008276
16,4,8628,completed,6009068
16,4,8629,completed,6010902
16,4,8630,completed,6012276
16,4,8631,completed,6013485
16,4,8632,completed,6014693
16,4,8633,completed,6015776
16,4,8634,completed,6016901
16,4,8635,completed,6018068
16,4,8636,completed,6019234
16,4,8637,completed,6020318
16,4,8638,completed,6021443
16,4,8639,completed,6022443
16,4,8640,completed,6023318
16,4,8641,completed,5881485
16,4,8642,completed,5890027
16,4,8643,completed,5890277
16,4,8644,completed,5890985
16,4,8645,completed,5891943
16,4,8646,completed,5893318
16,4,8647,completed,5893735
16,4,8648,completed,5894318
16,4,8649,completed,5894985
16,4,8650,completed,5895818
16,4,8651,completed,5896401
16,4,8652,completed,5897027
16,4,8653,completed,5897651
16,4,8654,completed,5898277
16,4,8655,completed,5898694
16,4,8656,completed,5899027
16,4,8657,completed,5939402
16,4,8658,completed,5943359
16,4,8659,completed,5944735
16,4,8660,completed,5946068
16,4,8661,completed,5947901
16,4,8662,completed,5949776
16,4,8663,completed,5950984
16,4,8664,completed,5952527
16,4,8665,completed,5953777
16,4,8666,completed,5954985
16,4,8667,completed,5956359
16,4,8668,completed,5957776
16,4,8669,completed,5959068
16,4,8670,completed,5960443
16,4,8671,completed,5961776
16,4,8672,completed,5961859
16,4,8673,completed,5959068
16,4,8674,completed,5958735
16,4,8675,completed,5959360
16,4,8676,completed,5960235
16,4,8677,completed,5961693
16,4,8678,completed,5962526
16,4,8679,completed,5963485
16,4,8680,completed,5964401
16,4,8681,completed,5965402
16,4,8682,completed,5966401
16,4,8683,completed,5967485
16,4,8684,completed,5968485
16,4,8685,completed,5969485
16,4,8686,completed,5970526
16,4,8687,completed,5971526
16,4,8688,completed,5972276
16,4,8689,completed,5998568
16,4,8690,completed,6002985
16,4,8691,completed,6003318
16,4,8692,completed,6003360
16,4,8693,completed,6003527
16,4,8694,completed,6003901
16,4,8695,completed,6004235
16,4,8696,completed,6004526
16,4,8697,completed,6004859
16,4,8698,completed,6005235
16,4,8699,completed,6005693
16,4,8700,completed,6005693
16,4,8701,completed,6005610
16,4,8702,completed,6005485
16,4,8703,completed,6005235
16,4,8704,completed,6005193
16,4,8705,completed,5889902
16,4,8706,completed,5893319
16,4,8707,completed,5893735
16,4,8708,completed,5894652
16,4,8709,completed,5895694
16,4,8710,completed,5896735
16,4,8711,completed,5897651
16,4,8712,completed,5898527
16,4,8713,completed,5899443
16,4,8714,completed,5900318
16,4,8715,completed,5901319
16,4,8716,completed,5902277
16,4,8717,completed,5903068
16,4,8718,completed,5904027
16,4,8719,completed,5904860
16,4,8720,completed,5905776
16,4,8721,completed,5966943
16,4,8722,completed,5973735
16,4,8723,completed,5974610
16,4,8724,completed,5975734
16,4,8725,completed,5976901
16,4,8726,completed,5978318
16,4,8727,completed,5979402
16,4,8728,completed,5980652
16,4,8729,completed,5981943
16,4,8730,completed,5983193
16,4,8731,completed,5984402
16,4,8732,completed,5984818
16,4,8733,completed,5985860
16,4,8734,completed,5986818
16,4,8735,completed,5987151
16,4,8736,completed,5988568
16,4,8737,completed,5548944
16,4,8738,completed,5556694
16,4,8739,completed,5557152
16,4,8740,completed,5557861
16,4,8741,completed,5559028
16,4,8742,completed,5560236
16,4,8743,completed,5561194
16,4,8744,completed,5562153
16,4,8745,completed,5563152
16,4,8746,completed,5564194
16,4,8747,completed,5565402
16,4,8748,completed,5566402
16,4,8749,completed,5567486
16,4,8750,completed,5568611
16,4,8751,completed,5569569
16,4,8752,completed,5570527
16,4,8753,completed,6376359
16,4,8754,completed,6375317
16,4,8755,completed,6375734
16,4,8756,completed,6376067
16,4,8757,completed,6376442
16,4,8758,completed,6376901
16,4,8759,completed,6377441
16,4,8760,completed,6377984
16,4,8761,completed,6378567
16,4,8762,completed,6379108
16,4,8763,completed,6379734
16,4,8764,completed,6380317
16,4,8765,completed,6380775
16,4,8766,completed,6380859
16,4,8767,completed,6381192
16,4,8768,completed,6381026
16,4,8769,completed,5973235
16,4,8770,completed,5983860
16,4,8771,completed,5984734
16,4,8772,completed,5985693
16,4,8773,completed,5986943
16,4,8774,completed,5988151
16,4,8775,completed,5989193
16,4,8776,completed,5990193
16,4,8777,completed,5991193
16,4,8778,completed,5992027
16,4,8779,completed,5993026
16,4,8780,completed,5994193
16,4,8781,completed,5995151
16,4,8782,completed,5996359
16,4,8783,completed,5997193
16,4,8784,completed,5997902
16,4,8785,completed,6020902
16,4,8786,completed,6024568
16,4,8787,completed,6024901
16,4,8788,completed,6025443
16,4,8789,completed,6026151
16,4,8790,completed,6026943
16,4,8791,completed,6027693
16,4,8792,completed,6028235
16,4,8793,completed,6029026
16,4,8794,completed,6029527
16,4,8795,completed,6030193
16,4,8796,completed,6031026
16,4,8797,completed,6031568
16,4,8798,completed,6032193
16,4,8799,completed,6032776
16,4,8800,completed,6033401
16,4,8801,completed,5852152
16,4,8802,completed,5858651
16,4,8803,completed,5859818
16,4,8804,completed,5861110
16,4,8805,completed,5862694
16,4,8806,completed,5864402
16,4,8807,completed,5865610
16,4,8808,completed,5867027
16,4,8809,completed,5868485
16,4,8810,completed,5869818
16,4,8811,completed,5871277
16,4,8812,completed,5872860
16,4,8813,completed,5874235
16,4,8814,completed,5875818
16,4,8815,completed,5877235
16,4,8816,completed,5878610
16,4,8817,completed,6009818
16,4,8818,completed,6010609
16,4,8819,completed,6011068
16,4,8820,completed,6011610
16,4,8821,completed,6012568
16,4,8822,completed,6013693
16,4,8823,completed,6014818
16,4,8824,completed,6015818
16,4,8825,completed,6016943
16,4,8826,completed,6018027
16,4,8827,completed,6019068
16,4,8828,completed,6020193
16,4,8829,completed,6021193
16,4,8830,completed,6022360
16,4,8831,completed,6023443
16,4,8832,completed,6024359
16,4,8833,completed,5868818
16,4,8834,completed,5866694
16,4,8835,completed,5866318
16,4,8836,completed,5866193
16,4,8837,completed,5866443
16,4,8838,completed,5866860
16,4,8839,completed,5866985
16,4,8840,completed,5867151
16,4,8841,completed,5867193
16,4,8842,completed,5867360
16,4,8843,completed,5867569
16,4,8844,completed,5867819
16,4,8845,completed,5867902
16,4,8846,completed,5868110
16,4,8847,completed,5868235
16,4,8848,completed,5868610
16,4,8849,completed,5962860
16,4,8850,completed,5964318
16,4,8851,completed,5964568
16,4,8852,completed,5964943
16,4,8853,completed,5965318
16,4,8854,completed,5965984
16,4,8855,completed,5966318
16,4,8856,completed,5966860
16,4,8857,completed,5967443
16,4,8858,completed,5967985
16,4,8859,completed,5968651
16,4,8860,completed,5969193
16,4,8861,completed,5969776
16,4,8862,completed,5970401
16,4,8863,completed,5970985
16,4,8864,completed,5971401
16,4,8865,completed,5977526
16,4,8866,completed,5986193
16,4,8867,completed,5986485
16,4,8868,completed,5987026
16,4,8869,completed,5987526
16,4,8870,completed,5988318
16,4,8871,completed,5988651
16,4,8872,completed,5989193
16,4,8873,completed,5989818
16,4,8874,completed,5990402
16,4,8875,completed,5991026
16,4,8876,completed,5991652
16,4,8877,completed,5992193
16,4,8878,completed,5992818
16,4,8879,completed,5993359
16,4,8880,completed,5993901
16,4,8881,completed,5951693
16,4,8882,completed,5956568
16,4,8883,completed,5956943
16,4,8884,completed,5957693
16,4,8885,completed,5958485
16,4,8886,completed,5959818
16,4,8887,completed,5960526
16,4,8888,completed,5961151
16,4,8889,completed,5961568
16,4,8890,completed,5961985
16,4,8891,completed,5962735
16,4,8892,completed,5963610
16,4,8893,completed,5963943
16,4,8894,completed,5964777
16,4,8895,completed,5965235
16,4,8896,completed,5965152
16,4,8897,completed,5983109
16,4,8898,completed,5989360
16,4,8899,completed,5990360
16,4,8900,completed,5991693
16,4,8901,completed,5993068
16,4,8902,completed,5994651
16,4,8903,completed,5995818
16,4,8904,completed,5996943
16,4,8905,completed,5998026
16,4,8906,completed,5999193
16,4,8907,completed,6000360
16,4,8908,completed,6001652
16,4,8909,completed,6002943
16,4,8910,completed,6004151
16,4,8911,completed,6005235
16,4,8912,completed,6006235
16,4,8913,completed,5786485
16,4,8914,completed,5794735
16,4,8915,completed,5796069
16,4,8916,completed,5797819
16,4,8917,completed,5799319
16,4,8918,completed,5800818
16,4,8919,completed,5802194
16,4,8920,completed,5803485
16,4,8921,completed,5813027
16,4,8922,completed,5814443
16,4,8923,completed,5815944
16,4,8924,completed,5817277
16,4,8925,completed,5818318
16,4,8926,completed,5819527
16,4,8927,completed,5866444
16,4,8928,completed,5868235
16,4,8929,completed,6075942
16,4,8930,completed,6072234
16,4,8931,completed,6071901
16,4,8932,completed,6071609
16,4,8933,completed,6071443
16,4,8934,completed,6071359
16,4,8935,completed,6070984
16,4,8936,completed,6070901
16,4,8937,completed,6070776
16,4,8938,completed,6070568
16,4,8939,completed,6070276
16,4,8940,completed,6036610
16,4,8941,completed,6024777
16,4,8942,completed,6024984
16,4,8943,completed,6025110
16,4,8944,completed,6025443
16,4,8945,completed,5530444
16,4,8946,completed,5539069
16,4,8947,completed,5539361
16,4,8948,completed,5539735
16,4,8949,completed,5540610
16,4,8950,completed,5541319
16,4,8951,completed,5541861
16,4,8952,completed,5542319
16,4,8953,completed,5542819
16,4,8954,completed,5543360
16,4,8955,completed,5543986
16,4,8956,completed,5544527
16,4,8957,completed,5545069
16,4,8958,completed,5545610
16,4,8959,completed,5546111
16,4,8960,completed,5546652
16,4,8961,completed,6446858
16,4,8962,completed,6459025
16,4,8963,completed,6460483
16,4,8964,completed,6462359
16,4,8965,completed,6464275
16,4,8966,completed,6466567
16,4,8967,completed,6468484
16,4,8968,completed,6470025
16,4,8969,completed,6471733
16,4,8970,completed,6473108
16,4,8971,completed,6474859
16,4,8972,completed,6476275
16,4,8973,completed,6477608
16,4,8974,completed,6479191
16,4,8975,completed,6480150
16,4,8976,completed,6481983
16,4,8977,completed,5962776
16,4,8978,completed,5960859
16,4,8979,completed,5961443
16,4,8980,completed,5962359
16,4,8981,completed,5963860
16,4,8982,completed,5965068
16,4,8983,completed,5965901
16,4,8984,completed,5967027
16,4,8985,completed,5968152
16,4,8986,completed,5969193
16,4,8987,completed,5970276
16,4,8988,completed,5971485
16,4,8989,completed,5972818
16,4,8990,completed,5974068
16,4,8991,completed,5975110
16,4,8992,completed,5976109
16,4,8993,completed,5553111
16,4,8994,completed,5550319
16,4,8995,completed,5550860
16,4,8996,completed,5551527
16,4,8997,completed,5552403
16,4,8998,completed,5553444
16,4,8999,completed,5554236
16,4,9000,completed,5555277
16,4,9001,completed,5556319
16,4,9002,completed,5557403
16,4,9003,completed,5557819
16,4,9004,completed,5558652
16,4,9005,completed,5559235
16,4,9006,completed,5559819
16,4,9007,completed,5560361
16,4,9008,completed,5575278
16,4,9009,completed,6320651
16,4,9010,completed,6340942
16,4,9011,completed,6341983
16,4,9012,completed,6343192
16,4,9013,completed,6344776
16,4,9014,completed,6346400
16,4,9015,completed,6347692
16,4,9016,completed,6348651
16,4,9017,completed,6347275
16,4,9018,completed,6348317
16,4,9019,completed,6349275
16,4,9020,completed,6338192
16,4,9021,completed,6338775
16,4,9022,completed,6339525
16,4,9023,completed,6340067
16,4,9024,completed,6340859
16,4,9025,completed,5927693
16,4,9026,completed,5923568
16,4,9027,completed,5923860
16,4,9028,completed,5924277
16,4,9029,completed,5925068
16,4,9030,completed,5925902
16,4,9031,completed,5926651
16,4,9032,completed,5927276
16,4,9033,completed,5927902
16,4,9034,completed,5928610
16,4,9035,completed,5929318
16,4,9036,completed,5930068
16,4,9037,completed,5930652
16,4,9038,completed,5931319
16,4,9039,completed,5931860
16,4,9040,completed,5932485
16,4,9041,completed,5996443
16,4,9042,completed,6008610
16,4,9043,completed,6009735
16,4,9044,completed,6010943
16,4,9045,completed,6012443
16,4,9046,completed,6013943
16,4,9047,completed,6015276
16,4,9048,completed,6016609
16,4,9049,completed,6018110
16,4,9050,completed,6019568
16,4,9051,completed,6021151
16,4,9052,completed,6022693
16,4,9053,completed,6024026
16,4,9054,completed,6025568
16,4,9055,completed,6026942
16,4,9056,completed,6028276
16,4,9057,completed,5910110
16,4,9058,completed,5910943
16,4,9059,completed,5910777
16,4,9060,completed,5910777
16,4,9061,completed,5911069
16,4,9062,completed,5911194
16,4,9063,completed,5911360
16,4,9064,completed,5911652
16,4,9065,completed,5911985
16,4,9066,completed,5912319
16,4,9067,completed,5912777
16,4,9068,completed,5913110
16,4,9069,completed,5913443
16,4,9070,completed,5913818
16,4,9071,completed,5914110
16,4,9072,completed,5914277
16,4,9073,completed,5341986
16,4,9074,completed,5343111
16,4,9075,completed,5343236
16,4,9076,completed,5343528
16,4,9077,completed,5343861
16,4,9078,completed,5344403
16,4,9079,completed,5344944
16,4,9080,completed,5345445
16,4,9081,completed,5345945
16,4,9082,completed,5346528
16,4,9083,completed,5347153
16,4,9084,completed,5347736
16,4,9085,completed,5348278
16,4,9086,completed,5348945
16,4,9087,completed,5349403
16,4,9088,completed,5349736
16,4,9089,completed,6621525
16,4,9090,completed,6636358
16,4,9091,completed,6637899
16,4,9092,completed,6639816
16,4,9093,completed,6641608
16,4,9094,completed,6643858
16,4,9095,completed,6645483
16,4,9096,completed,6647025
16,4,9097,completed,6648733
16,4,9098,completed,6650358
16,4,9099,completed,6652192
16,4,9100,completed,6653858
16,4,9101,completed,6655400
16,4,9102,completed,6657108
16,4,9103,completed,6658650
16,4,9104,completed,6660275
16,4,9105,completed,5866443
16,4,9106,completed,5861651
16,4,9107,completed,5861735
16,4,9108,completed,5862110
16,4,9109,completed,5862693
16,4,9110,completed,5863235
16,4,9111,completed,5863777
16,4,9112,completed,5864401
16,4,9113,completed,5864943
16,4,9114,completed,5865443
16,4,9115,completed,5865859
16,4,9116,completed,5866193
16,4,9117,completed,5866485
16,4,9118,completed,5866860
16,4,9119,completed,5867151
16,4,9120,completed,5867527
16,4,9121,completed,5663902
16,4,9122,completed,5666819
16,4,9123,completed,5667152
16,4,9124,completed,5667360
16,4,9125,completed,5667861
16,4,9126,completed,5668361
16,4,9127,completed,5668777
16,4,9128,completed,5669278
16,4,9129,completed,5669861
16,4,9130,completed,5670360
16,4,9131,completed,5671069
16,4,9132,completed,5671652
16,4,9133,completed,5672194
16,4,9134,completed,5672819
16,4,9135,completed,5673402
16,4,9136,completed,5673819
16,4,9137,completed,6273650
16,4,9138,completed,6283692
16,4,9139,completed,6284400
16,4,9140,completed,6285275
16,4,9141,completed,6286401
16,4,9142,completed,6287859
16,4,9143,completed,6288609
16,4,9144,completed,6289442
16,4,9145,completed,6290067
16,4,9146,completed,6290817
16,4,9147,completed,6291817
16,4,9148,completed,6292776
16,4,9149,completed,6293567
16,4,9150,completed,6294234
16,4,9151,completed,6295067
16,4,9152,completed,6295901
16,4,9153,completed,5932568
16,4,9154,completed,5933610
16,4,9155,completed,5933693
16,4,9156,completed,5934609
16,4,9157,completed,5935360
16,4,9158,completed,5936568
16,4,9159,completed,5937151
16,4,9160,completed,5937735
16,4,9161,completed,5938359
16,4,9162,completed,5938818
16,4,9163,completed,5939610
16,4,9164,completed,5940234
16,4,9165,completed,5940901
16,4,9166,completed,5941735
16,4,9167,completed,5942234
16,4,9168,completed,5942652
16,4,9169,completed,5977985
16,4,9170,completed,5984401
16,4,9171,completed,5984943
16,4,9172,completed,5985568
16,4,9173,completed,5986401
16,4,9174,completed,5987359
16,4,9175,completed,5987985
16,4,9176,completed,5988693
16,4,9177,completed,5989318
16,4,9178,completed,5989860
16,4,9179,completed,5990735
16,4,9180,completed,5991360
16,4,9181,completed,5991943
16,4,9182,completed,5992526
16,4,9183,completed,5993109
16,4,9184,completed,5994027
16,4,9185,completed,6463775
16,4,9186,completed,6474525
16,4,9187,completed,6475067
16,4,9188,completed,6476525
16,4,9189,completed,6478067
16,4,9190,completed,6479650
16,4,9191,completed,6480608
16,4,9192,completed,6481525
16,4,9193,completed,6482442
16,4,9194,completed,6483400
16,4,9195,completed,6484525
16,4,9196,completed,6486067
16,4,9197,completed,6486942
16,4,9198,completed,6488483
16,4,9199,completed,6489234
16,4,9200,completed,6490066
16,4,9201,completed,5464611
16,4,9202,completed,5463986
16,4,9203,completed,5464486
16,4,9204,completed,5464736
16,4,9205,completed,5465652
16,4,9206,completed,5466320
16,4,9207,completed,5466861
16,4,9208,completed,5467236
16,4,9209,completed,5467694
16,4,9210,completed,5468111
16,4,9211,completed,5468569
16,4,9212,completed,5469069
16,4,9213,completed,5469403
16,4,9214,completed,5469903
16,4,9215,completed,5470445
16,4,9216,completed,5470944
16,4,9217,completed,5978693
16,4,9218,completed,5993693
16,4,9219,completed,5994776
16,4,9220,completed,5995943
16,4,9221,completed,5997692
16,4,9222,completed,5999067
16,4,9223,completed,5999943
16,4,9224,completed,6000526
16,4,9225,completed,6001193
16,4,9226,completed,6001776
16,4,9227,completed,6003109
16,4,9228,completed,6003943
16,4,9229,completed,6004568
16,4,9230,completed,6005443
16,4,9231,completed,6006152
16,4,9232,completed,6007068
16,4,9233,completed,6007235
16,4,9234,completed,6027318
16,4,9235,completed,6029152
16,4,9236,completed,6031068
16,4,9237,completed,6033484
16,4,9238,completed,6036026
16,4,9239,completed,6037735
16,4,9240,completed,6039276
16,4,9241,completed,6040943
16,4,9242,completed,6042402
16,4,9243,completed,6044027
16,4,9244,completed,6045901
16,4,9245,completed,6047693
16,4,9246,completed,6049735
16,4,9247,completed,6051068
16,4,9248,completed,6052527
16,4,9249,completed,5786860
16,4,9250,completed,5780652
16,4,9251,completed,5780110
16,4,9252,completed,5779985
16,4,9253,completed,5780611
16,4,9254,completed,5780818
16,4,9255,completed,5781111
16,4,9256,completed,5781152
16,4,9257,completed,5781068
16,4,9258,completed,5780985
16,4,9259,completed,5781152
16,4,9260,completed,5781277
16,4,9261,completed,5781068
16,4,9262,completed,5781152
16,4,9263,completed,5781069
16,4,9264,completed,5780860
16,4,9265,completed,5910068
16,4,9266,completed,5929984
16,4,9267,completed,5932110
16,4,9268,completed,5934068
16,4,9269,completed,5936610
16,4,9270,completed,5939776
16,4,9271,completed,5941985
16,4,9272,completed,5943901
16,4,9273,completed,5945901
16,4,9274,completed,5948443
16,4,9275,completed,5950860
16,4,9276,completed,5953068
16,4,9277,completed,5955360
16,4,9278,completed,5957610
16,4,9279,completed,5959484
16,4,9280,completed,5961485
16,4,9281,completed,6016984
16,4,9282,completed,6020651
16,4,9283,completed,6021526
16,4,9284,completed,6023110
16,4,9285,completed,6025193
16,4,9286,completed,6027568
16,4,9287,completed,6028943
16,4,9288,completed,6030151
16,4,9289,completed,6031401
16,4,9290,completed,6032943
16,4,9291,completed,6034402
16,4,9292,completed,6035860
16,4,9293,completed,6036984
16,4,9294,completed,6038276
16,4,9295,completed,6039152
16,4,9296,completed,6039402
16,4,9297,completed,5717152
16,4,9298,completed,5714777
16,4,9299,completed,5714777
16,4,9300,completed,5715027
16,4,9301,completed,5715319
16,4,9302,completed,5715902
16,4,9303,completed,5716194
16,4,9304,completed,5716485
16,4,9305,completed,5716777
16,4,9306,completed,5716902
16,4,9307,completed,5717235
16,4,9308,completed,5717652
16,4,9309,completed,5717902
16,4,9310,completed,5718319
16,4,9311,completed,5718443
16,4,9312,completed,5718819
16,4,9313,completed,6173068
16,4,9314,completed,6188984
16,4,9315,completed,6190650
16,4,9316,completed,6192317
16,4,9317,completed,6195526
16,4,9318,completed,6197610
16,4,9319,completed,6199109
16,4,9320,completed,6200776
16,4,9321,completed,6202443
16,4,9322,completed,6204109
16,4,9323,completed,6205901
16,4,9324,completed,6208109
16,4,9325,completed,6209734
16,4,9326,completed,6212568
16,4,9327,completed,6214276
16,4,9328,completed,6216818
16,4,9329,completed,5900651
16,4,9330,completed,5897318
16,4,9331,completed,5897610
16,4,9332,completed,5897943
16,4,9333,completed,5898777
16,4,9334,completed,5899485
16,4,9335,completed,5900193
16,4,9336,completed,5900777
16,4,9337,completed,5901402
16,4,9338,completed,5901902
16,4,9339,completed,5902652
16,4,9340,completed,5903318
16,4,9341,completed,5903860
16,4,9342,completed,5904569
16,4,9343,completed,5905110
16,4,9344,completed,5905568
16,4,9345,completed,6241401
16,4,9346,completed,6255776
16,4,9347,completed,6256818
16,4,9348,completed,6258401
16,4,9349,completed,6260275
16,4,9350,completed,6262484
16,4,9351,completed,6263776
16,4,9352,completed,6264859
16,4,9353,completed,6290317
16,4,9354,completed,6292150
16,4,9355,completed,6293817
16,4,9356,completed,6324609
16,4,9357,completed,6328192
16,4,9358,completed,6330192
16,4,9359,completed,6334567
16,4,9360,completed,6370734
16,4,9361,completed,5688610
16,4,9362,completed,5681694
16,4,9363,completed,5681693
16,4,9364,completed,5682027
16,4,9365,completed,5682610
16,4,9366,completed,5683527
16,4,9367,completed,5684152
16,4,9368,completed,5683277
16,4,9369,completed,5684110
16,4,9370,completed,5684943
16,4,9371,completed,5685902
16,4,9372,completed,5685569
16,4,9373,completed,5686443
16,4,9374,completed,5680361
16,4,9375,completed,5670861
16,4,9376,completed,5614736
16,4,9377,completed,5924152
16,4,9378,completed,5927943
16,4,9379,completed,5928610
16,4,9380,completed,5929402
16,4,9381,completed,5930694
16,4,9382,completed,5932110
16,4,9383,completed,5933026
16,4,9384,completed,5933985
16,4,9385,completed,5934902
16,4,9386,completed,5935819
16,4,9387,completed,5936860
16,4,9388,completed,5937902
16,4,9389,completed,5938776
16,4,9390,completed,5939859
16,4,9391,completed,5940735
16,4,9392,completed,5941818
16,4,9393,completed,6111443
16,4,9394,completed,6127651
16,4,9395,completed,6128651
16,4,9396,completed,6129901
16,4,9397,completed,6131151
16,4,9398,completed,6132776
16,4,9399,completed,6133901
16,4,9400,completed,6135068
16,4,9401,completed,6136276
16,4,9402,completed,6137235
16,4,9403,completed,6138734
16,4,9404,completed,6139276
16,4,9405,completed,6140318
16,4,9406,completed,6141193
16,4,9407,completed,6141734
16,4,9408,completed,6141359
16,4,9409,completed,5252028
16,4,9410,completed,5263486
16,4,9411,completed,5264653
16,4,9412,completed,5280028
16,4,9413,completed,5281944
16,4,9414,completed,5283653
16,4,9415,completed,5285278
16,4,9416,completed,5286986
16,4,9417,completed,5288569
16,4,9418,completed,5290111
16,4,9419,completed,5291819
16,4,9420,completed,5293487
16,4,9421,completed,5294986
16,4,9422,completed,5325528
16,4,9423,completed,5330111
16,4,9424,completed,5333237
16,4,9425,completed,6516108
16,4,9426,completed,6510650
16,4,9427,completed,6510567
16,4,9428,completed,6510275
16,4,9429,completed,6510192
16,4,9430,completed,6510275
16,4,9431,completed,6510150
16,4,9432,completed,6510150
16,4,9433,completed,6508567
16,4,9434,completed,6508984
16,4,9435,completed,6509608
16,4,9436,completed,6508441
16,4,9437,completed,6508900
16,4,9438,completed,6507483
16,4,9439,completed,6507983
16,4,9440,completed,6506025
16,4,9441,completed,5907526
16,4,9442,completed,5913818
16,4,9443,completed,5914984
16,4,9444,completed,5916235
16,4,9445,completed,5917776
16,4,9446,completed,5919151
16,4,9447,completed,5920443
16,4,9448,completed,5921693
16,4,9449,completed,5923110
16,4,9450,completed,5924360
16,4,9451,completed,5925734
16,4,9452,completed,5927110
16,4,9453,completed,5928485
16,4,9454,completed,5929818
16,4,9455,completed,5931068
16,4,9456,completed,5932193
16,4,9457,completed,5940151
16,4,9458,completed,5941984
16,4,9459,completed,5943110
16,4,9460,completed,5944068
16,4,9461,completed,5945152
16,4,9462,completed,5946318
16,4,9463,completed,5947527
16,4,9464,completed,5948568
16,4,9465,completed,5949651
16,4,9466,completed,5950776
16,4,9467,completed,5952027
16,4,9468,completed,5953277
16,4,9469,completed,5954360
16,4,9470,completed,5955402
16,4,9471,completed,5956193
16,4,9472,completed,5956651
16,4,9473,completed,6051026
16,4,9474,completed,6059776
16,4,9475,completed,6060526
16,4,9476,completed,6061484
16,4,9477,completed,6062693
16,4,9478,completed,6064151
16,4,9479,completed,6065026
16,4,9480,completed,6065818
16,4,9481,completed,6066484
16,4,9482,completed,6067567
16,4,9483,completed,6068901
16,4,9484,completed,6069901
16,4,9485,completed,6070485
16,4,9486,completed,6071860
16,4,9487,completed,6072443
16,4,9488,completed,6073193
16,4,9489,completed,5862151
16,4,9490,completed,5871027
16,4,9491,completed,5872194
16,4,9492,completed,5873485
16,4,9493,completed,5875193
16,4,9494,completed,5876860
16,4,9495,completed,5878235
16,4,9496,completed,5879776
16,4,9497,completed,5881110
16,4,9498,completed,5882652
16,4,9499,completed,5884110
16,4,9500,completed,5885568
16,4,9501,completed,5886568
16,4,9502,completed,5888276
16,4,9503,completed,5889152
16,4,9504,completed,5889985
16,4,9505,completed,5917068
16,4,9506,completed,5917902
16,4,9507,completed,5918319
16,4,9508,completed,5918694
16,4,9509,completed,5919110
16,4,9510,completed,5919610
16,4,9511,completed,5920235
16,4,9512,completed,5920735
16,4,9513,completed,5921443
16,4,9514,completed,5922027
16,4,9515,completed,5922777
16,4,9516,completed,5923402
16,4,9517,completed,5923652
16,4,9518,completed,5923943
16,4,9519,completed,5924110
16,4,9520,completed,5924319
16,4,9521,completed,6092109
16,4,9522,completed,6099568
16,4,9523,completed,6100193
16,4,9524,completed,6100901
16,4,9525,completed,6101735
16,4,9526,completed,6102943
16,4,9527,completed,6103860
16,4,9528,completed,6104485
16,4,9529,completed,6105109
16,4,9530,completed,6105985
16,4,9531,completed,6106860
16,4,9532,completed,6107568
16,4,9533,completed,6108234
16,4,9534,completed,6108984
16,4,9535,completed,6109568
16,4,9536,completed,6109942
16,4,9537,completed,5854694
16,4,9538,completed,5865402
16,4,9539,completed,5866735
16,4,9540,completed,5867985
16,4,9541,completed,5869985
16,4,9542,completed,5871651
16,4,9543,completed,5873110
16,4,9544,completed,5874235
16,4,9545,completed,5875527
16,4,9546,completed,5876819
16,4,9547,completed,5878110
16,4,9548,completed,5879693
16,4,9549,completed,5880902
16,4,9550,completed,5882526
16,4,9551,completed,5883901
16,4,9552,completed,5885360
16,4,9553,completed,5904693
16,4,9554,completed,5903401
16,4,9555,completed,5903734
16,4,9556,completed,5904652
16,4,9557,completed,5905443
16,4,9558,completed,5906318
16,4,9559,completed,5907151
16,4,9560,completed,5907901
16,4,9561,completed,5908651
16,4,9562,completed,5909485
16,4,9563,completed,5910401
16,4,9564,completed,5911276
16,4,9565,completed,5911984
16,4,9566,completed,5912943
16,4,9567,completed,5913609
16,4,9568,completed,5914068
16,4,9569,completed,5735902
16,4,9570,completed,5744902
16,4,9571,completed,5745777
16,4,9572,completed,5746777
16,4,9573,completed,5747944
16,4,9574,completed,5749611
16,4,9575,completed,5750402
16,4,9576,completed,5751485
16,4,9577,completed,5752652
16,4,9578,completed,5753527
16,4,9579,completed,5754985
16,4,9580,completed,5756277
16,4,9581,completed,5757443
16,4,9582,completed,5758777
16,4,9583,completed,5759777
16,4,9584,completed,5760902
16,4,9585,completed,6143651
16,4,9586,completed,6144526
16,4,9587,completed,6144776
16,4,9588,completed,6144984
16,4,9589,completed,6145651
16,4,9590,completed,6146275
16,4,9591,completed,6146651
16,4,9592,completed,6146942
16,4,9593,completed,6147275
16,4,9594,completed,6147609
16,4,9595,completed,6148067
16,4,9596,completed,6148651
16,4,9597,completed,6148943
16,4,9598,completed,6149317
16,4,9599,completed,6149610
16,4,9600,completed,6149734
16,4,9601,completed,5966568
16,4,9602,completed,5973026
16,4,9603,completed,5974026
16,4,9604,completed,5975401
16,4,9605,completed,5977193
16,4,9606,completed,5979068
16,4,9607,completed,5980527
16,4,9608,completed,5981984
16,4,9609,completed,5983568
16,4,9610,completed,5985068
16,4,9611,completed,5986943
16,4,9612,completed,5988526
16,4,9613,completed,5989985
16,4,9614,completed,5991651
16,4,9615,completed,5993193
16,4,9616,completed,5994902
16,4,9617,completed,6021609
16,4,9618,completed,6022401
16,4,9619,completed,6022984
16,4,9620,completed,6023943
16,4,9621,completed,6025192
16,4,9622,completed,6026360
16,4,9623,completed,6027568
16,4,9624,completed,6028651
16,4,9625,completed,6029734
16,4,9626,completed,6030818
16,4,9627,completed,6032026
16,4,9628,completed,6033443
16,4,9629,completed,6034442
16,4,9630,completed,6035568
16,4,9631,completed,6036609
16,4,9632,completed,6037609
16,4,9633,completed,5873943
16,4,9634,completed,5877527
16,4,9635,completed,5878444
16,4,9636,completed,5879235
16,4,9637,completed,5880402
16,4,9638,completed,5881360
16,4,9639,completed,5882360
16,4,9640,completed,5883318
16,4,9641,completed,5884402
16,4,9642,completed,5885402
16,4,9643,completed,5886568
16,4,9644,completed,5887277
16,4,9645,completed,5887235
16,4,9646,completed,5887944
16,4,9647,completed,5888527
16,4,9648,completed,5889318
16,4,9649,completed,5930152
16,4,9650,completed,5932110
16,4,9651,completed,5932777
16,4,9652,completed,5933569
16,4,9653,completed,5934693
16,4,9654,completed,5935652
16,4,9655,completed,5936735
16,4,9656,completed,5937860
16,4,9657,completed,5938985
16,4,9658,completed,5940110
16,4,9659,completed,5941277
16,4,9660,completed,5942610
16,4,9661,completed,5943693
16,4,9662,completed,5944818
16,4,9663,completed,5945943
16,4,9664,completed,5946735
16,4,9665,completed,5959318
16,4,9666,completed,5964485
16,4,9667,completed,5965193
16,4,9668,completed,5966276
16,4,9669,completed,5967609
16,4,9670,completed,5968943
16,4,9671,completed,5970068
16,4,9672,completed,5971151
16,4,9673,completed,5972276
16,4,9674,completed,5973443
16,4,9675,completed,5974735
16,4,9676,completed,5975860
16,4,9677,completed,5977110
16,4,9678,completed,5978235
16,4,9679,completed,5979401
16,4,9680,completed,5980485
16,4,9681,completed,5472486
16,4,9682,completed,5471486
16,4,9683,completed,5471194
16,4,9684,completed,5470861
16,4,9685,completed,5470944
16,4,9686,completed,5471028
16,4,9687,completed,5470820
16,4,9688,completed,5470903
16,4,9689,completed,5470819
16,4,9690,completed,5470777
16,4,9691,completed,5471028
16,4,9692,completed,5471028
16,4,9693,completed,5470861
16,4,9694,completed,5470861
16,4,9695,completed,5470903
16,4,9696,completed,5470777
16,4,9697,completed,6402442
16,4,9698,completed,6411775
16,4,9699,completed,6413192
16,4,9700,completed,6414567
16,4,9701,completed,6416067
16,4,9702,completed,6417692
16,4,9703,completed,6419275
16,4,9704,completed,6420901
16,4,9705,completed,6422525
16,4,9706,completed,6424151
16,4,9707,completed,6425900
16,4,9708,completed,6427567
16,4,9709,completed,6429233
16,4,9710,completed,6431025
16,4,9711,completed,6432609
16,4,9712,completed,6434275
16,4,9713,completed,6110109
16,4,9714,completed,6121609
16,4,9715,completed,6122276
16,4,9716,completed,6122901
16,4,9717,completed,6123859
16,4,9718,completed,6125109
16,4,9719,completed,6126151
16,4,9720,completed,6127026
16,4,9721,completed,6127485
16,4,9722,completed,6127817
16,4,9723,completed,6128317
16,4,9724,completed,6128860
16,4,9725,completed,6129151
16,4,9726,completed,6129651
16,4,9727,completed,6129901
16,4,9728,completed,6130317
16,4,9729,completed,5201779
16,4,9730,completed,5204445
16,4,9731,completed,5205237
16,4,9732,completed,5205903
16,4,9733,completed,5206861
16,4,9734,completed,5207987
16,4,9735,completed,5208862
16,4,9736,completed,5209695
16,4,9737,completed,5210487
16,4,9738,completed,5211237
16,4,9739,completed,5212070
16,4,9740,completed,5212862
16,4,9741,completed,5213445
16,4,9742,completed,5214070
16,4,9743,completed,5214612
16,4,9744,completed,5215153
16,4,9745,completed,6560941
16,4,9746,completed,6570900
16,4,9747,completed,6571775
16,4,9748,completed,6572900
16,4,9749,completed,6574400
16,4,9750,completed,6566274
16,4,9751,completed,6567067
16,4,9752,completed,6567900
16,4,9753,completed,6568691
16,4,9754,completed,6569399
16,4,9755,completed,6570400
16,4,9756,completed,6571483
16,4,9757,completed,6572317
16,4,9758,completed,6573316
16,4,9759,completed,6574441
16,4,9760,completed,6575566
16,4,9761,completed,5948068
16,4,9762,completed,5947485
16,4,9763,completed,5947735
16,4,9764,completed,5948151
16,4,9765,completed,5949068
16,4,9766,completed,5949901
16,4,9767,completed,5950359
16,4,9768,completed,5950818
16,4,9769,completed,5951318
16,4,9770,completed,5951943
16,4,9771,completed,5952610
16,4,9772,completed,5953027
16,4,9773,completed,5953318
16,4,9774,completed,5953777
16,4,9775,completed,5954152
16,4,9776,completed,5954610
16,4,9777,completed,5944943
16,4,9778,completed,5945943
16,4,9779,completed,5946735
16,4,9780,completed,5947526
16,4,9781,completed,5948818
16,4,9782,completed,5949818
16,4,9783,completed,5950818
16,4,9784,completed,5951818
16,4,9785,completed,5952901
16,4,9786,completed,5953901
16,4,9787,completed,5954985
16,4,9788,completed,5956068
16,4,9789,completed,5957276
16,4,9790,completed,5958859
16,4,9791,completed,5960110
16,4,9792,completed,5961152
16,4,9793,completed,5961943
16,4,9794,completed,5970568
16,4,9795,completed,5970777
16,4,9796,completed,5971943
16,4,9797,completed,5973276
16,4,9798,completed,5974485
16,4,9799,completed,5974943
16,4,9800,completed,5975360
16,4,9801,completed,5975568
16,4,9802,completed,5975859
16,4,9803,completed,5976693
16,4,9804,completed,5977693
16,4,9805,completed,5978068
16,4,9806,completed,5978943
16,4,9807,completed,5979693
16,4,9808,completed,5979818
16,4,9809,completed,5353195
16,4,9810,completed,5357444
16,4,9811,completed,5358194
16,4,9812,completed,5359319
16,4,9813,completed,5360236
16,4,9814,completed,5361028
16,4,9815,completed,5362027
16,4,9816,completed,5362819
16,4,9817,completed,5363695
16,4,9818,completed,5364486
16,4,9819,completed,5365486
16,4,9820,completed,5366736
16,4,9821,completed,5367653
16,4,9822,completed,5368944
16,4,9823,completed,5369777
16,4,9824,completed,5370611
16,4,9825,completed,6606358
16,4,9826,completed,6611691
16,4,9827,completed,6612441
16,4,9828,completed,6613649
16,4,9829,completed,6614817
16,4,9830,completed,6616650
16,4,9831,completed,6617483
16,4,9832,completed,6618691
16,4,9833,completed,6619608
16,4,9834,completed,6620649
16,4,9835,completed,6621775
16,4,9836,completed,6623067
16,4,9837,completed,6624067
16,4,9838,completed,6625066
16,4,9839,completed,6626066
16,4,9840,completed,6626983
16,4,9841,completed,5912818
16,4,9842,completed,5920901
16,4,9843,completed,5921360
16,4,9844,completed,5922151
16,4,9845,completed,5923110
16,4,9846,completed,5924485
16,4,9847,completed,5925277
16,4,9848,completed,5925485
16,4,9849,completed,5925860
16,4,9850,completed,5926234
16,4,9851,completed,5926943
16,4,9852,completed,5927485
16,4,9853,completed,5927693
16,4,9854,completed,5928359
16,4,9855,completed,5928526
16,4,9856,completed,5928484
16,4,9857,completed,5925818
16,4,9858,completed,5929943
16,4,9859,completed,5930860
16,4,9860,completed,5932694
16,4,9861,completed,5934527
16,4,9862,completed,5936443
16,4,9863,completed,5938068
16,4,9864,completed,5939609
16,4,9865,completed,5941234
16,4,9866,completed,5942859
16,4,9867,completed,5944651
16,4,9868,completed,5946443
16,4,9869,completed,5947902
16,4,9870,completed,5949610
16,4,9871,completed,5951152
16,4,9872,completed,5952527
16,4,9873,completed,5962360
16,4,9874,completed,5965276
16,4,9875,completed,5966193
16,4,9876,completed,5967109
16,4,9877,completed,5968151
16,4,9878,completed,5969276
16,4,9879,completed,5970359
16,4,9880,completed,5971234
16,4,9881,completed,5972360
16,4,9882,completed,5973443
16,4,9883,completed,5974693
16,4,9884,completed,5975901
16,4,9885,completed,5976902
16,4,9886,completed,5978152
16,4,9887,completed,5979151
16,4,9888,completed,5980235
16,4,9889,completed,5671527
16,4,9890,completed,5674152
16,4,9891,completed,5674444
16,4,9892,completed,5675110
16,4,9893,completed,5675944
16,4,9894,completed,5676860
16,4,9895,completed,5677485
16,4,9896,completed,5678111
16,4,9897,completed,5678902
16,4,9898,completed,5679693
16,4,9899,completed,5680610
16,4,9900,completed,5681360
16,4,9901,completed,5682027
16,4,9902,completed,5682860
16,4,9903,completed,5683610
16,4,9904,completed,5684402
16,4,9905,completed,6164067
16,4,9906,completed,6160026
16,4,9907,completed,6160193
16,4,9908,completed,6160484
16,4,9909,completed,6161068
16,4,9910,completed,6161692
16,4,9911,completed,6162276
16,4,9912,completed,6162901
16,4,9913,completed,6163526
16,4,9914,completed,6164193
16,4,9915,completed,6164859
16,4,9916,completed,6165484
16,4,9917,completed,6166026
16,4,9918,completed,6166734
16,4,9919,completed,6167275
16,4,9920,completed,6167775
16,4,9921,completed,5490653
16,4,9922,completed,5489694
16,4,9923,completed,5489527
16,4,9924,completed,5489527
16,4,9925,completed,5489944
16,4,9926,completed,5490486
16,4,9927,completed,5490903
16,4,9928,completed,5491277
16,4,9929,completed,5491569
16,4,9930,completed,5491944
16,4,9931,completed,5492403
16,4,9932,completed,5492777
16,4,9933,completed,5492861
16,4,9934,completed,5493278
16,4,9935,completed,5493569
16,4,9936,completed,5493736
16,4,9937,completed,6459109
16,4,9938,completed,6468650
16,4,9939,completed,6469608
16,4,9940,completed,6470442
16,4,9941,completed,6471359
16,4,9942,completed,6472442
16,4,9943,completed,6473192
16,4,9944,completed,6474067
16,4,9945,completed,6474983
16,4,9946,completed,6475858
16,4,9947,completed,6476817
16,4,9948,completed,6477734
16,4,9949,completed,6478608
16,4,9950,completed,6479525
16,4,9951,completed,6480358
16,4,9952,completed,6481275
16,4,9953,completed,6006610
16,4,9954,completed,6014443
16,4,9955,completed,6015693
16,4,9956,completed,6016860
16,4,9957,completed,6018318
16,4,9958,completed,6019651
16,4,9959,completed,6020943
16,4,9960,completed,6022401
16,4,9961,completed,6023443
16,4,9962,completed,6024860
16,4,9963,completed,6026401
16,4,9964,completed,6027985
16,4,9965,completed,6029359
16,4,9966,completed,6030901
16,4,9967,completed,6032318
16,4,9968,completed,6033693
16,4,9969,completed,5937943
16,4,9970,completed,5941943
16,4,9971,completed,5942693
16,4,9972,completed,5943610
16,4,9973,completed,5944818
16,4,9974,completed,5945943
16,4,9975,completed,5947110
16,4,9976,completed,5948235
16,4,9977,completed,5949443
16,4,9978,completed,5950568
16,4,9979,completed,5951735
16,4,9980,completed,5952985
16,4,9981,completed,5954193
16,4,9982,completed,5955526
16,4,9983,completed,5956610
16,4,9984,completed,5957776
16,4,9985,completed,6012942
16,4,9986,completed,6010943
16,4,9987,completed,6010568
16,4,9988,completed,6010901
16,4,9989,completed,6011193
16,4,9990,completed,6011693
16,4,9991,completed,6011902
16,4,9992,completed,6011943
16,4,9993,completed,6012318
16,4,9994,completed,6012443
16,4,9995,completed,6012610
16,4,9996,completed,6012943
16,4,9997,completed,6012943
16,4,9998,completed,6013026
16,4,9999,completed,6013068
16,4,10000,completed,6013110
