limit,round,id,result,latency_ns
16,1,1,completed,7109731
16,1,2,completed,7175481
16,1,3,completed,7182815
16,1,4,completed,7189482
16,1,5,completed,7196607
16,1,6,completed,7203356
16,1,7,completed,7211648
16,1,8,completed,7218564
16,1,9,completed,7228356
16,1,10,completed,7230231
16,1,11,completed,7236940
16,1,12,completed,7243148
16,1,13,completed,7249023
16,1,14,completed,7255314
16,1,15,completed,7261481
16,1,16,completed,7319398
16,1,17,completed,5790819
16,1,18,completed,5805735
16,1,19,completed,5804652
16,1,20,completed,5803860
16,1,21,completed,5801985
16,1,22,completed,5799735
16,1,23,completed,5797902
16,1,24,completed,5812777
16,1,25,completed,5808361
16,1,26,completed,5807360
16,1,27,completed,5805902
16,1,28,completed,5809277
16,1,29,completed,5808943
16,1,30,completed,5808735
16,1,31,completed,5770235
16,1,32,completed,5765611
16,1,33,completed,6119109
16,1,34,completed,6117568
16,1,35,completed,6112693
16,1,36,completed,6108235
16,1,37,completed,6104234
16,1,38,completed,6099734
16,1,39,completed,6095651
16,1,40,completed,6074693
16,1,41,completed,6069568
16,1,42,completed,6065567
16,1,43,completed,6061693
16,1,44,completed,6052401
16,1,45,completed,6047818
16,1,46,completed,6034610
16,1,47,completed,6027860
16,1,48,completed,6023568
16,1,49,completed,5883651
16,1,50,completed,5888526
16,1,51,completed,5889276
16,1,52,completed,5890151
16,1,53,completed,5890193
16,1,54,completed,5891360
16,1,55,completed,5870360
16,1,56,completed,5871526
16,1,57,completed,5872693
16,1,58,completed,5873693
16,1,59,completed,5872818
16,1,60,completed,5873360
16,1,61,completed,5873901
16,1,62,completed,5874526
16,1,63,completed,5875068
16,1,64,completed,5875651
16,1,65,completed,6101067
16,1,66,completed,6108151
16,1,67,completed,6109776
16,1,68,completed,6110568
16,1,69,completed,6111859
16,1,70,completed,6112693
16,1,71,completed,6148567
16,1,72,completed,6155735
16,1,73,completed,6156276
16,1,74,completed,6142567
16,1,75,completed,6143776
16,1,76,completed,6144776
16,1,77,completed,6145984
16,1,78,completed,6147318
16,1,79,completed,6148734
16,1,80,completed,6150318
16,1,81,completed,5886276
16,1,82,completed,5922277
16,1,83,completed,5924443
16,1,84,completed,5926152
16,1,85,completed,5927610
16,1,86,completed,5929193
16,1,87,completed,5856069
16,1,88,completed,5855944
16,1,89,completed,5857860
16,1,90,completed,5859610
16,1,91,completed,5861526
16,1,92,completed,5849943
16,1,93,completed,5851944
16,1,94,completed,5854527
16,1,95,completed,5855777
16,1,96,completed,5858526
16,1,97,completed,6075234
16,1,98,completed,6090318
16,1,99,completed,6091692
16,1,100,completed,6092651
16,1,101,completed,6093693
16,1,102,completed,6126859
16,1,103,completed,6173359
16,1,104,completed,6186401
16,1,105,completed,6187651
16,1,106,completed,6189235
16,1,107,completed,6190193
16,1,108,completed,6191651
16,1,109,completed,6192567
16,1,110,completed,6215359
16,1,111,completed,6217734
16,1,112,completed,6227984
16,1,113,completed,5282861
16,1,114,completed,5291487
16,1,115,completed,5292362
16,1,116,completed,5292736
16,1,117,completed,5292944
16,1,118,completed,5293361
16,1,119,completed,5252737
16,1,120,completed,5242820
16,1,121,completed,5242861
16,1,122,completed,5242612
16,1,123,completed,5242112
16,1,124,completed,5241945
16,1,125,completed,5242153
16,1,126,completed,5240820
16,1,127,completed,5220903
16,1,128,completed,5210529
16,1,129,completed,5833152
16,1,130,completed,5846485
16,1,131,completed,5847693
16,1,132,completed,5848443
16,1,133,completed,5849152
16,1,134,completed,5849818
16,1,135,completed,5850777
16,1,136,completed,5851485
16,1,137,completed,5852776
16,1,138,completed,5853319
16,1,139,completed,5853693
16,1,140,completed,5854027
16,1,141,completed,5855235
16,1,142,completed,5856485
16,1,143,completed,5856985
16,1,144,completed,5858069
16,1,145,completed,6570817
16,1,146,completed,6591150
16,1,147,completed,6592442
16,1,148,completed,6593358
16,1,149,completed,6593733
16,1,150,completed,6594525
16,1,151,completed,6595191
16,1,152,completed,6596192
16,1,153,completed,6596983
16,1,154,completed,6597441
16,1,155,completed,6598275
16,1,156,completed,6598899
16,1,157,completed,6600066
16,1,158,completed,6601192
16,1,159,completed,6602400
16,1,160,completed,6603900
16,1,161,completed,5780235
16,1,162,completed,5793568
16,1,163,completed,5794569
16,1,164,completed,5795527
16,1,165,completed,5796235
16,1,166,completed,5797736
16,1,167,completed,5798444
16,1,168,completed,5799277
16,1,169,completed,5800361
16,1,170,completed,5801152
16,1,171,completed,5801610
16,1,172,completed,5802069
16,1,173,completed,5802902
16,1,174,completed,5803693
16,1,175,completed,5804693
16,1,176,completed,5806027
16,1,177,completed,5917318
16,1,178,completed,5924734
16,1,179,completed,5925402
16,1,180,completed,5925610
16,1,181,completed,5926152
16,1,182,completed,5926318
16,1,183,completed,5926693
16,1,184,completed,5927485
16,1,185,completed,5928235
16,1,186,completed,5928818
16,1,187,completed,5929277
16,1,188,completed,5929652
16,1,189,completed,5929985
16,1,190,completed,5930860
16,1,191,completed,5931360
16,1,192,completed,5931985
16,1,193,completed,5987526
16,1,194,completed,6004651
16,1,195,completed,6006234
16,1,196,completed,6007484
16,1,197,completed,6008152
16,1,198,completed,6009401
16,1,199,completed,6010484
16,1,200,completed,6010985
16,1,201,completed,6012109
16,1,202,completed,6012568
16,1,203,completed,6013109
16,1,204,completed,6013610
16,1,205,completed,6014317
16,1,206,completed,6015026
16,1,207,completed,6016068
16,1,208,completed,6017526
16,1,209,completed,5900819
16,1,210,completed,5908610
16,1,211,completed,5909860
16,1,212,completed,5910568
16,1,213,completed,5910777
16,1,214,completed,5911194
16,1,215,completed,5911735
16,1,216,completed,5912860
16,1,217,completed,5913693
16,1,218,completed,5914068
16,1,219,completed,5914777
16,1,220,completed,5915151
16,1,221,completed,5915860
16,1,222,completed,5916693
16,1,223,completed,5967985
16,1,224,completed,5968984
16,1,225,completed,5920360
16,1,226,completed,5931318
16,1,227,completed,5931610
16,1,228,completed,5932569
16,1,229,completed,5933110
16,1,230,completed,5933735
16,1,231,completed,5934485
16,1,232,completed,5935068
16,1,233,completed,5936319
16,1,234,completed,5936860
16,1,235,completed,5937443
16,1,236,completed,5937944
16,1,237,completed,5939027
16,1,238,completed,5940318
16,1,239,completed,5940860
16,1,240,completed,5942110
16,1,241,completed,6028401
16,1,242,completed,6075443
16,1,243,completed,6080984
16,1,244,completed,6081984
16,1,245,completed,6083152
16,1,246,completed,6083609
16,1,247,completed,6084735
16,1,248,completed,6085652
16,1,249,completed,6086527
16,1,250,completed,6087484
16,1,251,completed,6088026
16,1,252,completed,6090277
16,1,253,completed,6103360
16,1,254,completed,6105317
16,1,255,completed,6109234
16,1,256,completed,6110109
16,1,257,completed,5925860
16,1,258,completed,5911109
16,1,259,completed,5910610
16,1,260,completed,5911526
16,1,261,completed,5903318
16,1,262,completed,5904318
16,1,263,completed,5905068
16,1,264,completed,5905902
16,1,265,completed,5906526
16,1,266,completed,5907068
16,1,267,completed,5906819
16,1,268,completed,5907651
16,1,269,completed,5908110
16,1,270,completed,5898902
16,1,271,completed,5899610
16,1,272,completed,5900527
16,1,273,completed,5992651
16,1,274,completed,6016277
16,1,275,completed,6017359
16,1,276,completed,6018526
16,1,277,completed,6019902
16,1,278,completed,6021526
16,1,279,completed,6022693
16,1,280,completed,6024360
16,1,281,completed,6025818
16,1,282,completed,6027359
16,1,283,completed,6028985
16,1,284,completed,6030485
16,1,285,completed,6060734
16,1,286,completed,6070484
16,1,287,completed,6071943
16,1,288,completed,6073484
16,1,289,completed,5939860
16,1,290,completed,5962443
16,1,291,completed,5962776
16,1,292,completed,5962902
16,1,293,completed,5963235
16,1,294,completed,5963068
16,1,295,completed,5964027
16,1,296,completed,5964360
16,1,297,completed,5964610
16,1,298,completed,5964735
16,1,299,completed,5964485
16,1,300,completed,5964693
16,1,301,completed,5947109
16,1,302,completed,5947485
16,1,303,completed,5947443
16,1,304,completed,5948234
16,1,305,completed,5919318
16,1,306,completed,5930526
16,1,307,completed,5931319
16,1,308,completed,5932360
16,1,309,completed,5934152
16,1,310,completed,5935360
16,1,311,completed,5936318
16,1,312,completed,5937818
16,1,313,completed,5938901
16,1,314,completed,5940277
16,1,315,completed,5942276
16,1,316,completed,5943360
16,1,317,completed,5944276
16,1,318,completed,5945443
16,1,319,completed,5957359
16,1,320,completed,5958485
16,1,321,completed,5889652
16,1,322,completed,5889443
16,1,323,completed,5889485
16,1,324,completed,5889819
16,1,325,completed,5890444
16,1,326,completed,5891027
16,1,327,completed,5891235
16,1,328,completed,5891735
16,1,329,completed,5887110
16,1,330,completed,5887818
16,1,331,completed,5888110
16,1,332,completed,5888651
16,1,333,completed,5888860
16,1,334,completed,5889568
16,1,335,completed,5890068
16,1,336,completed,5890027
16,1,337,completed,5948235
16,1,338,completed,5955610
16,1,339,completed,5956776
16,1,340,completed,5957818
16,1,341,completed,5958985
16,1,342,completed,5940401
16,1,343,completed,5937777
16,1,344,completed,5938444
16,1,345,completed,5938943
16,1,346,completed,5935694
16,1,347,completed,5936360
16,1,348,completed,5936651
16,1,349,completed,5937152
16,1,350,completed,5937901
16,1,351,completed,5939027
16,1,352,completed,5939527
16,1,353,completed,5999443
16,1,354,completed,6000068
16,1,355,completed,6000859
16,1,356,completed,6001318
16,1,357,completed,6002151
16,1,358,completed,6002817
16,1,359,completed,6003067
16,1,360,completed,6003776
16,1,361,completed,6004526
16,1,362,completed,6005484
16,1,363,completed,6006026
16,1,364,completed,6006651
16,1,365,completed,6007192
16,1,366,completed,6007859
16,1,367,completed,6008526
16,1,368,completed,6009401
16,1,369,completed,5741235
16,1,370,completed,5745819
16,1,371,completed,5746569
16,1,372,completed,5747361
16,1,373,completed,5748152
16,1,374,completed,5748527
16,1,375,completed,5748944
16,1,376,completed,5749944
16,1,377,completed,5750444
16,1,378,completed,5751402
16,1,379,completed,5752069
16,1,380,completed,5752485
16,1,381,completed,5752943
16,1,382,completed,5753652
16,1,383,completed,5754943
16,1,384,completed,5755569
16,1,385,completed,7488189
16,1,386,completed,7501772
16,1,387,completed,7503439
16,1,388,completed,7504398
16,1,389,completed,7505939
16,1,390,completed,7506564
16,1,391,completed,7508106
16,1,392,completed,7509897
16,1,393,completed,7511189
16,1,394,completed,7512272
16,1,395,completed,7512939
16,1,396,completed,7513772
16,1,397,completed,7515272
16,1,398,completed,7515981
16,1,399,completed,7517064
16,1,400,completed,7517897
16,1,401,completed,7387189
16,1,402,completed,7395314
16,1,403,completed,7396314
16,1,404,completed,7396731
16,1,405,completed,7397564
16,1,406,completed,7398023
16,1,407,completed,7398606
16,1,408,completed,7399148
16,1,409,completed,7399939
16,1,410,completed,7400981
16,1,411,completed,7401564
16,1,412,completed,7402606
16,1,413,completed,7404106
16,1,414,completed,7404690
16,1,415,completed,7405564
16,1,416,completed,7406398
16,1,417,completed,6067276
16,1,418,completed,6081943
16,1,419,completed,6083193
16,1,420,completed,6084026
16,1,421,completed,6085234
16,1,422,completed,6086026
16,1,423,completed,6086443
16,1,424,completed,6087068
16,1,425,completed,6088151
16,1,426,completed,6089151
16,1,427,completed,6089693
16,1,428,completed,6090692
16,1,429,completed,6092360
16,1,430,completed,6092901
16,1,431,completed,6093734
16,1,432,completed,6094568
16,1,433,completed,5920776
16,1,434,completed,5922068
16,1,435,completed,5922693
16,1,436,completed,5923402
16,1,437,completed,5924359
16,1,438,completed,5924860
16,1,439,completed,5925818
16,1,440,completed,5926859
16,1,441,completed,5928068
16,1,442,completed,5929110
16,1,443,completed,5929901
16,1,444,completed,5930693
16,1,445,completed,5950276
16,1,446,completed,5957568
16,1,447,completed,5958985
16,1,448,completed,5960318
16,1,449,completed,5919444
16,1,450,completed,5923818
16,1,451,completed,5924277
16,1,452,completed,5924318
16,1,453,completed,5924819
16,1,454,completed,5925193
16,1,455,completed,5925443
16,1,456,completed,5925610
16,1,457,completed,5925985
16,1,458,completed,5926277
16,1,459,completed,5926443
16,1,460,completed,5926694
16,1,461,completed,5915319
16,1,462,completed,5915527
16,1,463,completed,5915360
16,1,464,completed,5915944
16,1,465,completed,8751311
16,1,466,completed,8770269
16,1,467,completed,8771853
16,1,468,completed,8773227
16,1,469,completed,8774561
16,1,470,completed,8775561
16,1,471,completed,8776602
16,1,472,completed,8777561
16,1,473,completed,8779061
16,1,474,completed,8780311
16,1,475,completed,8781144
16,1,476,completed,8782436
16,1,477,completed,8784520
16,1,478,completed,8785228
16,1,479,completed,8786061
16,1,480,completed,8787020
16,1,481,completed,5961609
16,1,482,completed,5972985
16,1,483,completed,5973693
16,1,484,completed,5974318
16,1,485,completed,5974985
16,1,486,completed,5975776
16,1,487,completed,5976068
16,1,488,completed,5976610
16,1,489,completed,5977568
16,1,490,completed,5978734
16,1,491,completed,5979526
16,1,492,completed,5980318
16,1,493,completed,5981651
16,1,494,completed,5982193
16,1,495,completed,5982776
16,1,496,completed,5983277
16,1,497,completed,6242984
16,1,498,completed,6269734
16,1,499,completed,6271401
16,1,500,completed,6272067
16,1,501,completed,6273858
16,1,502,completed,6274775
16,1,503,completed,6275817
16,1,504,completed,6276483
16,1,505,completed,6277734
16,1,506,completed,6279234
16,1,507,completed,6280858
16,1,508,completed,6282234
16,1,509,completed,6283650
16,1,510,completed,6284442
16,1,511,completed,6285651
16,1,512,completed,6286734
16,1,513,completed,5719777
16,1,514,completed,5729652
16,1,515,completed,5730361
16,1,516,completed,5731110
16,1,517,completed,5732527
16,1,518,completed,5733319
16,1,519,completed,5734027
16,1,520,completed,5734818
16,1,521,completed,5736069
16,1,522,completed,5737069
16,1,523,completed,5737818
16,1,524,completed,5738611
16,1,525,completed,5740194
16,1,526,completed,5740402
16,1,527,completed,5741194
16,1,528,completed,5741318
16,1,529,completed,12031594
16,1,530,completed,12048011
16,1,531,completed,12048844
16,1,532,completed,12049594
16,1,533,completed,12050885
16,1,534,completed,12051802
16,1,535,completed,12052427
16,1,536,completed,12053136
16,1,537,completed,12055719
16,1,538,completed,12057011
16,1,539,completed,12057719
16,1,540,completed,12058802
16,1,541,completed,12059761
16,1,542,completed,12060553
16,1,543,completed,12061678
16,1,544,completed,12096677
16,1,545,completed,7071941
16,1,546,completed,7072982
16,1,547,completed,7073982
16,1,548,completed,7074649
16,1,549,completed,7075398
16,1,550,completed,7075232
16,1,551,completed,7076232
16,1,552,completed,7077940
16,1,553,completed,7079357
16,1,554,completed,7079940
16,1,555,completed,7081232
16,1,556,completed,7081524
16,1,557,completed,7082316
16,1,558,completed,7082940
16,1,559,completed,7083524
16,1,560,completed,6979232
16,1,561,completed,6504359
16,1,562,completed,6486567
16,1,563,completed,6479275
16,1,564,completed,6472733
16,1,565,completed,6465192
16,1,566,completed,6457192
16,1,567,completed,6448734
16,1,568,completed,6450233
16,1,569,completed,6452234
16,1,570,completed,6453733
16,1,571,completed,6455026
16,1,572,completed,6455901
16,1,573,completed,6457067
16,1,574,completed,6458192
16,1,575,completed,6459942
16,1,576,completed,6461442
16,1,577,completed,7815105
16,1,578,completed,7823813
16,1,579,completed,7824396
16,1,580,completed,7824979
16,1,581,completed,7827022
16,1,582,completed,7828188
16,1,583,completed,7828855
16,1,584,completed,7830313
16,1,585,completed,7832147
16,1,586,completed,7833813
16,1,587,completed,7834605
16,1,588,completed,7835397
16,1,589,completed,7836272
16,1,590,completed,7837063
16,1,591,completed,7838355
16,1,592,completed,7840272
16,1,593,completed,5387487
16,1,594,completed,5393986
16,1,595,completed,5394402
16,1,596,completed,5394736
16,1,597,completed,5394403
16,1,598,completed,5394403
16,1,599,completed,5395027
16,1,600,completed,5396320
16,1,601,completed,5397569
16,1,602,completed,5398569
16,1,603,completed,5399278
16,1,604,completed,5399861
16,1,605,completed,5400402
16,1,606,completed,5401111
16,1,607,completed,5401986
16,1,608,completed,5403028
16,1,609,completed,6561608
16,1,610,completed,6586233
16,1,611,completed,6587275
16,1,612,completed,6588191
16,1,613,completed,6589441
16,1,614,completed,6590108
16,1,615,completed,6590775
16,1,616,completed,6592858
16,1,617,completed,6594316
16,1,618,completed,6596192
16,1,619,completed,6596983
16,1,620,completed,6597816
16,1,621,completed,6598775
16,1,622,completed,6599358
16,1,623,completed,6600358
16,1,624,completed,6601733
16,1,625,completed,8955227
16,1,626,completed,8961186
16,1,627,completed,8962227
16,1,628,completed,8962893
16,1,629,completed,8964185
16,1,630,completed,8965102
16,1,631,completed,8965602
16,1,632,completed,8967060
16,1,633,completed,8968727
16,1,634,completed,8969852
16,1,635,completed,8970727
16,1,636,completed,8971643
16,1,637,completed,8972310
16,1,638,completed,8973102
16,1,639,completed,8974060
16,1,640,completed,8975144
16,1,641,completed,7274898
16,1,642,completed,7294523
16,1,643,completed,7295898
16,1,644,completed,7296689
16,1,645,completed,7297940
16,1,646,completed,7298815
16,1,647,completed,7299564
16,1,648,completed,7300648
16,1,649,completed,7302607
16,1,650,completed,7304106
16,1,651,completed,7304856
16,1,652,completed,7305731
16,1,653,completed,7306648
16,1,654,completed,7307565
16,1,655,completed,7308648
16,1,656,completed,7309481
16,1,657,completed,5940401
16,1,658,completed,5951776
16,1,659,completed,5952568
16,1,660,completed,5953110
16,1,661,completed,5954319
16,1,662,completed,5954985
16,1,663,completed,5955777
16,1,664,completed,5956985
16,1,665,completed,5957902
16,1,666,completed,5959109
16,1,667,completed,5959777
16,1,668,completed,5960526
16,1,669,completed,5961068
16,1,670,completed,5961943
16,1,671,completed,5962693
16,1,672,completed,5963527
16,1,673,completed,5983402
16,1,674,completed,5999151
16,1,675,completed,5999776
16,1,676,completed,6000360
16,1,677,completed,6001193
16,1,678,completed,6001651
16,1,679,completed,6001985
16,1,680,completed,6003151
16,1,681,completed,6004234
16,1,682,completed,6005235
16,1,683,completed,6005985
16,1,684,completed,6006526
16,1,685,completed,6007318
16,1,686,completed,6007943
16,1,687,completed,6008985
16,1,688,completed,6009818
16,1,689,completed,6047693
16,1,690,completed,6061901
16,1,691,completed,6063192
16,1,692,completed,6063984
16,1,693,completed,6064817
16,1,694,completed,6065568
16,1,695,completed,6066567
16,1,696,completed,6068151
16,1,697,completed,6069734
16,1,698,completed,6070276
16,1,699,completed,6071193
16,1,700,completed,6071901
16,1,701,completed,6072485
16,1,702,completed,6073109
16,1,703,completed,6074067
16,1,704,completed,6073859
16,1,705,completed,6052401
16,1,706,completed,6087901
16,1,707,completed,6088776
16,1,708,completed,6089568
16,1,709,completed,6099485
16,1,710,completed,6100360
16,1,711,completed,6101192
16,1,712,completed,6102818
16,1,713,completed,6104443
16,1,714,completed,6106068
16,1,715,completed,6106859
16,1,716,completed,6107609
16,1,717,completed,6108609
16,1,718,completed,6109193
16,1,719,completed,6110359
16,1,720,completed,6111693
16,1,721,completed,5733944
16,1,722,completed,5761944
16,1,723,completed,5763194
16,1,724,completed,5763818
16,1,725,completed,5764693
16,1,726,completed,5765444
16,1,727,completed,5765985
16,1,728,completed,5767568
16,1,729,completed,5769860
16,1,730,completed,5771735
16,1,731,completed,5772485
16,1,732,completed,5773360
16,1,733,completed,5774860
16,1,734,completed,5775569
16,1,735,completed,5776610
16,1,736,completed,5778151
16,1,737,completed,5883443
16,1,738,completed,5903735
16,1,739,completed,5904652
16,1,740,completed,5905443
16,1,741,completed,5906234
16,1,742,completed,5907026
16,1,743,completed,5907609
16,1,744,completed,5908985
16,1,745,completed,5910235
16,1,746,completed,5911401
16,1,747,completed,5911985
16,1,748,completed,5912693
16,1,749,completed,5913568
16,1,750,completed,5914735
16,1,751,completed,5915735
16,1,752,completed,5917110
16,1,753,completed,6041526
16,1,754,completed,6061860
16,1,755,completed,6062735
16,1,756,completed,6063568
16,1,757,completed,6064443
16,1,758,completed,6065360
16,1,759,completed,6066068
16,1,760,completed,6067402
16,1,761,completed,6068568
16,1,762,completed,6069734
16,1,763,completed,6070610
16,1,764,completed,6071443
16,1,765,completed,6072110
16,1,766,completed,6072859
16,1,767,completed,6074401
16,1,768,completed,6076151
16,1,769,completed,5855193
16,1,770,completed,5877568
16,1,771,completed,5878819
16,1,772,completed,5879527
16,1,773,completed,5880985
16,1,774,completed,5882026
16,1,775,completed,5882569
16,1,776,completed,5884402
16,1,777,completed,5886276
16,1,778,completed,5888152
16,1,779,completed,5889110
16,1,780,completed,5889818
16,1,781,completed,5890651
16,1,782,completed,5891610
16,1,783,completed,5892860
16,1,784,completed,5893735
16,1,785,completed,6932483
16,1,786,completed,6930482
16,1,787,completed,6931524
16,1,788,completed,6932358
16,1,789,completed,6933065
16,1,790,completed,6933774
16,1,791,completed,6934732
16,1,792,completed,6935899
16,1,793,completed,6936733
16,1,794,completed,6937691
16,1,795,completed,6938399
16,1,796,completed,6939524
16,1,797,completed,6940441
16,1,798,completed,6941149
16,1,799,completed,6942024
16,1,800,completed,6942941
16,1,801,completed,6092234
16,1,802,completed,6104485
16,1,803,completed,6105567
16,1,804,completed,6106776
16,1,805,completed,6107192
16,1,806,completed,6107901
16,1,807,completed,6108651
16,1,808,completed,6109859
16,1,809,completed,6110860
16,1,810,completed,6111818
16,1,811,completed,6112442
16,1,812,completed,6113192
16,1,813,completed,6114193
16,1,814,completed,6115193
16,1,815,completed,6115651
16,1,816,completed,6116818
16,1,817,completed,5977360
16,1,818,completed,5978277
16,1,819,completed,5978860
16,1,820,completed,5979151
16,1,821,completed,5979943
16,1,822,completed,5980610
16,1,823,completed,5981193
16,1,824,completed,5981859
16,1,825,completed,5982485
16,1,826,completed,5983068
16,1,827,completed,5983527
16,1,828,completed,5984234
16,1,829,completed,5984693
16,1,830,completed,5985735
16,1,831,completed,5986443
16,1,832,completed,5987110
16,1,833,completed,5865652
16,1,834,completed,5866109
16,1,835,completed,5866568
16,1,836,completed,5867193
16,1,837,completed,5868026
16,1,838,completed,5868818
16,1,839,completed,5869401
16,1,840,completed,5870235
16,1,841,completed,5870902
16,1,842,completed,5871526
16,1,843,completed,5871943
16,1,844,completed,5872735
16,1,845,completed,5873277
16,1,846,completed,5874068
16,1,847,completed,5874610
16,1,848,completed,5875859
16,1,849,completed,5891569
16,1,850,completed,5897068
16,1,851,completed,5897901
16,1,852,completed,5898735
16,1,853,completed,5899277
16,1,854,completed,5899693
16,1,855,completed,5900568
16,1,856,completed,5901110
16,1,857,completed,5902735
16,1,858,completed,5903818
16,1,859,completed,5904318
16,1,860,completed,5904777
16,1,861,completed,5905194
16,1,862,completed,5906068
16,1,863,completed,5907235
16,1,864,completed,5907944
16,1,865,completed,5961401
16,1,866,completed,5964109
16,1,867,completed,5964776
16,1,868,completed,5965693
16,1,869,completed,5966652
16,1,870,completed,5967568
16,1,871,completed,5968276
16,1,872,completed,5969527
16,1,873,completed,5970318
16,1,874,completed,5971609
16,1,875,completed,5972235
16,1,876,completed,5973151
16,1,877,completed,5974068
16,1,878,completed,5974693
16,1,879,completed,5975401
16,1,880,completed,5976152
16,1,881,completed,5875735
16,1,882,completed,5880193
16,1,883,completed,5881068
16,1,884,completed,5881735
16,1,885,completed,5882569
16,1,886,completed,5883443
16,1,887,completed,5884276
16,1,888,completed,5885526
16,1,889,completed,5886526
16,1,890,completed,5888027
16,1,891,completed,5888610
16,1,892,completed,5889359
16,1,893,completed,5890151
16,1,894,completed,5890860
16,1,895,completed,5891777
16,1,896,completed,5892776
16,1,897,completed,6219859
16,1,898,completed,6229359
16,1,899,completed,6230818
16,1,900,completed,6231984
16,1,901,completed,6233400
16,1,902,completed,6234275
16,1,903,completed,6245484
16,1,904,completed,6247151
16,1,905,completed,6248109
16,1,906,completed,6250317
16,1,907,completed,6251234
16,1,908,completed,6252526
16,1,909,completed,6253234
16,1,910,completed,6254234
16,1,911,completed,6255234
16,1,912,completed,6257317
16,1,913,completed,5869401
16,1,914,completed,5870360
16,1,915,completed,5870652
16,1,916,completed,5871443
16,1,917,completed,5872194
16,1,918,completed,5872651
16,1,919,completed,5872902
16,1,920,completed,5873776
16,1,921,completed,5874360
16,1,922,completed,5875485
16,1,923,completed,5903694
16,1,924,completed,5904401
16,1,925,completed,5904860
16,1,926,completed,5905360
16,1,927,completed,5905860
16,1,928,completed,5906610
16,1,929,completed,5926527
16,1,930,completed,5927359
16,1,931,completed,5927902
16,1,932,completed,5928276
16,1,933,completed,5928693
16,1,934,completed,5929026
16,1,935,completed,5929318
16,1,936,completed,5930193
16,1,937,completed,5931068
16,1,938,completed,5931901
16,1,939,completed,5932360
16,1,940,completed,5933110
16,1,941,completed,5933818
16,1,942,completed,5934360
16,1,943,completed,5934776
16,1,944,completed,5935402
16,1,945,completed,5997651
16,1,946,completed,6001860
16,1,947,completed,6003402
16,1,948,completed,6004901
16,1,949,completed,6006735
16,1,950,completed,6008443
16,1,951,completed,6010193
16,1,952,completed,6011776
16,1,953,completed,6014234
16,1,954,completed,6015943
16,1,955,completed,6017485
16,1,956,completed,6019235
16,1,957,completed,6021109
16,1,958,completed,6022693
16,1,959,completed,6024276
16,1,960,completed,6025943
16,1,961,completed,6055776
16,1,962,completed,6057985
16,1,963,completed,6058110
16,1,964,completed,6058193
16,1,965,completed,6058526
16,1,966,completed,6058818
16,1,967,completed,6058985
16,1,968,completed,6058985
16,1,969,completed,6059402
16,1,970,completed,6059526
16,1,971,completed,6059568
16,1,972,completed,6059651
16,1,973,completed,6059859
16,1,974,completed,6059902
16,1,975,completed,6059860
16,1,976,completed,6059818
16,1,977,completed,5940318
16,1,978,completed,5952859
16,1,979,completed,5955193
16,1,980,completed,5957235
16,1,981,completed,5959485
16,1,982,completed,5975526
16,1,983,completed,5977776
16,1,984,completed,5980443
16,1,985,completed,5982527
16,1,986,completed,5985360
16,1,987,completed,5987151
16,1,988,completed,5989485
16,1,989,completed,5991485
16,1,990,completed,5993734
16,1,991,completed,5995776
16,1,992,completed,5998026
16,1,993,completed,5996985
16,1,994,completed,6005068
16,1,995,completed,6006026
16,1,996,completed,6006610
16,1,997,completed,6007151
16,1,998,completed,6007485
16,1,999,completed,6007943
16,1,1000,completed,6009110
16,1,1001,completed,6010401
16,1,1002,completed,6011068
16,1,1003,completed,6011193
16,1,1004,completed,6011443
16,1,1005,completed,6011735
16,1,1006,completed,6012193
16,1,1007,completed,6012735
16,1,1008,completed,6013443
16,1,1009,completed,5836610
16,1,1010,completed,5836985
16,1,1011,completed,5838027
16,1,1012,completed,5839110
16,1,1013,completed,5839944
16,1,1014,completed,5840651
16,1,1015,completed,5841818
16,1,1016,completed,5842943
16,1,1017,completed,5844527
16,1,1018,completed,5845069
16,1,1019,completed,5845985
16,1,1020,completed,5846776
16,1,1021,completed,5847735
16,1,1022,completed,5848277
16,1,1023,completed,5848818
16,1,1024,completed,5849527
16,1,1025,completed,5618527
16,1,1026,completed,5623277
16,1,1027,completed,5624486
16,1,1028,completed,5625360
16,1,1029,completed,5626527
16,1,1030,completed,5627069
16,1,1031,completed,5628028
16,1,1032,completed,5628861
16,1,1033,completed,5630319
16,1,1034,completed,5631360
16,1,1035,completed,5631986
16,1,1036,completed,5632694
16,1,1037,completed,5633903
16,1,1038,completed,5634486
16,1,1039,completed,5634902
16,1,1040,completed,5635610
16,1,1041,completed,6350651
16,1,1042,completed,6360317
16,1,1043,completed,6361317
16,1,1044,completed,6362067
16,1,1045,completed,6363192
16,1,1046,completed,6364151
16,1,1047,completed,6365234
16,1,1048,completed,6366693
16,1,1049,completed,6367983
16,1,1050,completed,6380442
16,1,1051,completed,6381984
16,1,1052,completed,6383025
16,1,1053,completed,6378317
16,1,1054,completed,6379317
16,1,1055,completed,6380151
16,1,1056,completed,6381901
16,1,1057,completed,5572361
16,1,1058,completed,5581694
16,1,1059,completed,5582777
16,1,1060,completed,5585236
16,1,1061,completed,5586444
16,1,1062,completed,5587819
16,1,1063,completed,5589069
16,1,1064,completed,5590610
16,1,1065,completed,5592652
16,1,1066,completed,5594527
16,1,1067,completed,5595194
16,1,1068,completed,5596069
16,1,1069,completed,5597236
16,1,1070,completed,5598152
16,1,1071,completed,5598944
16,1,1072,completed,5600194
16,1,1073,completed,6365775
16,1,1074,completed,6370692
16,1,1075,completed,6372234
16,1,1076,completed,6373651
16,1,1077,completed,6374650
16,1,1078,completed,6375859
16,1,1079,completed,6377025
16,1,1080,completed,6378483
16,1,1081,completed,6379526
16,1,1082,completed,6381442
16,1,1083,completed,6382400
16,1,1084,completed,6383359
16,1,1085,completed,6384525
16,1,1086,completed,6385733
16,1,1087,completed,6386776
16,1,1088,completed,6388108
16,1,1089,completed,5824777
16,1,1090,completed,5824151
16,1,1091,completed,5825110
16,1,1092,completed,5825818
16,1,1093,completed,5826527
16,1,1094,completed,5826944
16,1,1095,completed,5827901
16,1,1096,completed,5828360
16,1,1097,completed,5830068
16,1,1098,completed,5830610
16,1,1099,completed,5831027
16,1,1100,completed,5831402
16,1,1101,completed,5831860
16,1,1102,completed,5832527
16,1,1103,completed,5833443
16,1,1104,completed,5834026
16,1,1105,completed,5980693
16,1,1106,completed,5982401
16,1,1107,completed,5982860
16,1,1108,completed,5983318
16,1,1109,completed,5983818
16,1,1110,completed,5984276
16,1,1111,completed,5984859
16,1,1112,completed,5985360
16,1,1113,completed,5986110
16,1,1114,completed,5986652
16,1,1115,completed,5987109
16,1,1116,completed,5987526
16,1,1117,completed,5987985
16,1,1118,completed,5988485
16,1,1119,completed,5989026
16,1,1120,completed,5989401
16,1,1121,completed,6006651
16,1,1122,completed,6025443
16,1,1123,completed,6026443
16,1,1124,completed,6027443
16,1,1125,completed,6028818
16,1,1126,completed,6030026
16,1,1127,completed,6030693
16,1,1128,completed,6032110
16,1,1129,completed,6033818
16,1,1130,completed,6035818
16,1,1131,completed,6036859
16,1,1132,completed,6037485
16,1,1133,completed,6038068
16,1,1134,completed,6038860
16,1,1135,completed,6040234
16,1,1136,completed,6041526
16,1,1137,completed,5951402
16,1,1138,completed,5945776
16,1,1139,completed,5946026
16,1,1140,completed,5946526
16,1,1141,completed,5947401
16,1,1142,completed,5948443
16,1,1143,completed,5948985
16,1,1144,completed,5949985
16,1,1145,completed,5951026
16,1,1146,completed,5952360
16,1,1147,completed,5953027
16,1,1148,completed,5953401
16,1,1149,completed,5953943
16,1,1150,completed,5954484
16,1,1151,completed,5955485
16,1,1152,completed,5955985
16,1,1153,completed,6069901
16,1,1154,completed,6080193
16,1,1155,completed,6081818
16,1,1156,completed,6083526
16,1,1157,completed,6085443
16,1,1158,completed,6087276
16,1,1159,completed,6089359
16,1,1160,completed,6090859
16,1,1161,completed,6092651
16,1,1162,completed,6094193
16,1,1163,completed,6096151
16,1,1164,completed,6097734
16,1,1165,completed,6099568
16,1,1166,completed,6101193
16,1,1167,completed,6103026
16,1,1168,completed,6104693
16,1,1169,completed,5862193
16,1,1170,completed,5866485
16,1,1171,completed,5866694
16,1,1172,completed,5867193
16,1,1173,completed,5867610
16,1,1174,completed,5867901
16,1,1175,completed,5868277
16,1,1176,completed,5868319
16,1,1177,completed,5869444
16,1,1178,completed,5869944
16,1,1179,completed,5869985
16,1,1180,completed,5869902
16,1,1181,completed,5870027
16,1,1182,completed,5870110
16,1,1183,completed,5870568
16,1,1184,completed,5882193
16,1,1185,completed,5904194
16,1,1186,completed,5907402
16,1,1187,completed,5908319
16,1,1188,completed,5909527
16,1,1189,completed,5910694
16,1,1190,completed,5911818
16,1,1191,completed,5912819
16,1,1192,completed,5913652
16,1,1193,completed,5915318
16,1,1194,completed,5916360
16,1,1195,completed,5917235
16,1,1196,completed,5917860
16,1,1197,completed,5918402
16,1,1198,completed,5919027
16,1,1199,completed,5920193
16,1,1200,completed,5921485
16,1,1201,completed,6036318
16,1,1202,completed,6054068
16,1,1203,completed,6055360
16,1,1204,completed,6056401
16,1,1205,completed,6057401
16,1,1206,completed,6058443
16,1,1207,completed,6059734
16,1,1208,completed,6060901
16,1,1209,completed,6062734
16,1,1210,completed,6063984
16,1,1211,completed,6065276
16,1,1212,completed,6065943
16,1,1213,completed,6066526
16,1,1214,completed,6067109
16,1,1215,completed,6068276
16,1,1216,completed,6069193
16,1,1217,completed,5395361
16,1,1218,completed,5408861
16,1,1219,completed,5411652
16,1,1220,completed,5412444
16,1,1221,completed,5413820
16,1,1222,completed,5414903
16,1,1223,completed,5415903
16,1,1224,completed,5416861
16,1,1225,completed,5418611
16,1,1226,completed,5419403
16,1,1227,completed,5420152
16,1,1228,completed,5420820
16,1,1229,completed,5421486
16,1,1230,completed,5422153
16,1,1231,completed,5423486
16,1,1232,completed,5424278
16,1,1233,completed,6408733
16,1,1234,completed,6380733
16,1,1235,completed,6380650
16,1,1236,completed,6381109
16,1,1237,completed,6381942
16,1,1238,completed,6382359
16,1,1239,completed,6382775
16,1,1240,completed,6383401
16,1,1241,completed,6384275
16,1,1242,completed,6384817
16,1,1243,completed,6385359
16,1,1244,completed,6386317
16,1,1245,completed,6386775
16,1,1246,completed,6387775
16,1,1247,completed,6388275
16,1,1248,completed,6388817
16,1,1249,completed,6025401
16,1,1250,completed,6036693
16,1,1251,completed,6038526
16,1,1252,completed,6040359
16,1,1253,completed,6042568
16,1,1254,completed,6043985
16,1,1255,completed,6045318
16,1,1256,completed,6047234
16,1,1257,completed,6050068
16,1,1258,completed,6052192
16,1,1259,completed,6053901
16,1,1260,completed,6055735
16,1,1261,completed,6057234
16,1,1262,completed,6059609
16,1,1263,completed,6061234
16,1,1264,completed,6063276
16,1,1265,completed,5977443
16,1,1266,completed,5976901
16,1,1267,completed,5977151
16,1,1268,completed,5977068
16,1,1269,completed,5976984
16,1,1270,completed,5976901
16,1,1271,completed,5977526
16,1,1272,completed,5977735
16,1,1273,completed,5978943
16,1,1274,completed,5978860
16,1,1275,completed,5979526
16,1,1276,completed,5979443
16,1,1277,completed,5979860
16,1,1278,completed,5980818
16,1,1279,completed,5982526
16,1,1280,completed,5983610
16,1,1281,completed,6016235
16,1,1282,completed,6014193
16,1,1283,completed,6014318
16,1,1284,completed,5998110
16,1,1285,completed,5998027
16,1,1286,completed,5998068
16,1,1287,completed,5997985
16,1,1288,completed,5997902
16,1,1289,completed,5998401
16,1,1290,completed,5998485
16,1,1291,completed,5998318
16,1,1292,completed,5998527
16,1,1293,completed,5998693
16,1,1294,completed,5998568
16,1,1295,completed,5998734
16,1,1296,completed,5998943
16,1,1297,completed,6004610
16,1,1298,completed,6010442
16,1,1299,completed,6012151
16,1,1300,completed,6013609
16,1,1301,completed,6015193
16,1,1302,completed,6016943
16,1,1303,completed,6018318
16,1,1304,completed,6020276
16,1,1305,completed,6022109
16,1,1306,completed,6023693
16,1,1307,completed,6025235
16,1,1308,completed,6026901
16,1,1309,completed,6028776
16,1,1310,completed,6030359
16,1,1311,completed,6032401
16,1,1312,completed,6034192
16,1,1313,completed,5639194
16,1,1314,completed,5638486
16,1,1315,completed,5638361
16,1,1316,completed,5638277
16,1,1317,completed,5638402
16,1,1318,completed,5638652
16,1,1319,completed,5638694
16,1,1320,completed,5638694
16,1,1321,completed,5639027
16,1,1322,completed,5639069
16,1,1323,completed,5639152
16,1,1324,completed,5639277
16,1,1325,completed,5639278
16,1,1326,completed,5639402
16,1,1327,completed,5639485
16,1,1328,completed,5639652
16,1,1329,completed,6132651
16,1,1330,completed,6133568
16,1,1331,completed,6134110
16,1,1332,completed,6134401
16,1,1333,completed,6133985
16,1,1334,completed,6134776
16,1,1335,completed,6135151
16,1,1336,completed,6135692
16,1,1337,completed,6136275
16,1,1338,completed,6136817
16,1,1339,completed,6137317
16,1,1340,completed,6137859
16,1,1341,completed,6138318
16,1,1342,completed,6138693
16,1,1343,completed,6139193
16,1,1344,completed,6139401
16,1,1345,completed,5628611
16,1,1346,completed,5643069
16,1,1347,completed,5645027
16,1,1348,completed,5647569
16,1,1349,completed,5649819
16,1,1350,completed,5651860
16,1,1351,completed,5653652
16,1,1352,completed,5656236
16,1,1353,completed,5658528
16,1,1354,completed,5660111
16,1,1355,completed,5662485
16,1,1356,completed,5664485
16,1,1357,completed,5666486
16,1,1358,completed,5668652
16,1,1359,completed,5670361
16,1,1360,completed,5672860
16,1,1361,completed,6294150
16,1,1362,completed,6291734
16,1,1363,completed,6291942
16,1,1364,completed,6291859
16,1,1365,completed,6292067
16,1,1366,completed,6292067
16,1,1367,completed,6291942
16,1,1368,completed,6292442
16,1,1369,completed,6293025
16,1,1370,completed,6293151
16,1,1371,completed,6293317
16,1,1372,completed,6293442
16,1,1373,completed,6294150
16,1,1374,completed,6294234
16,1,1375,completed,6294442
16,1,1376,completed,6294692
16,1,1377,completed,6108984
16,1,1378,completed,6117526
16,1,1379,completed,6118443
16,1,1380,completed,6119692
16,1,1381,completed,6120692
16,1,1382,completed,6122110
16,1,1383,completed,6123192
16,1,1384,completed,6124068
16,1,1385,completed,6125067
16,1,1386,completed,6125776
16,1,1387,completed,6127109
16,1,1388,completed,6127943
16,1,1389,completed,6128985
16,1,1390,completed,6129901
16,1,1391,completed,6130735
16,1,1392,completed,6131984
16,1,1393,completed,5859860
16,1,1394,completed,5865735
16,1,1395,completed,5867027
16,1,1396,completed,5868027
16,1,1397,completed,5869610
16,1,1398,completed,5871152
16,1,1399,completed,5872319
16,1,1400,completed,5873110
16,1,1401,completed,5874068
16,1,1402,completed,5874777
16,1,1403,completed,5876026
16,1,1404,completed,5876818
16,1,1405,completed,5877652
16,1,1406,completed,5878777
16,1,1407,completed,5879694
16,1,1408,completed,5880652
16,1,1409,completed,5942235
16,1,1410,completed,5941901
16,1,1411,completed,5942235
16,1,1412,completed,5942735
16,1,1413,completed,5943401
16,1,1414,completed,5943860
16,1,1415,completed,5944319
16,1,1416,completed,5944860
16,1,1417,completed,5945568
16,1,1418,completed,5946069
16,1,1419,completed,5946485
16,1,1420,completed,5946860
16,1,1421,completed,5947276
16,1,1422,completed,5948069
16,1,1423,completed,5948610
16,1,1424,completed,5948902
16,1,1425,completed,6080609
16,1,1426,completed,6084943
16,1,1427,completed,6085568
16,1,1428,completed,6086276
16,1,1429,completed,6087276
16,1,1430,completed,6087942
16,1,1431,completed,6088651
16,1,1432,completed,6089567
16,1,1433,completed,6090651
16,1,1434,completed,6091818
16,1,1435,completed,6093067
16,1,1436,completed,6093776
16,1,1437,completed,6094484
16,1,1438,completed,6095067
16,1,1439,completed,6095943
16,1,1440,completed,6097068
16,1,1441,completed,5916943
16,1,1442,completed,5924484
16,1,1443,completed,5926068
16,1,1444,completed,5927776
16,1,1445,completed,5929985
16,1,1446,completed,5931943
16,1,1447,completed,5933859
16,1,1448,completed,5936151
16,1,1449,completed,5937985
16,1,1450,completed,5940943
16,1,1451,completed,5958735
16,1,1452,completed,5960235
16,1,1453,completed,5961818
16,1,1454,completed,5963484
16,1,1455,completed,5965485
16,1,1456,completed,5967610
16,1,1457,completed,5889526
16,1,1458,completed,5892277
16,1,1459,completed,5892359
16,1,1460,completed,5892443
16,1,1461,completed,5892818
16,1,1462,completed,5892985
16,1,1463,completed,5893359
16,1,1464,completed,5894151
16,1,1465,completed,5894693
16,1,1466,completed,5895652
16,1,1467,completed,5896235
16,1,1468,completed,5896485
16,1,1469,completed,5896652
16,1,1470,completed,5896735
16,1,1471,completed,5897319
16,1,1472,completed,5898151
16,1,1473,completed,6078276
16,1,1474,completed,6087651
16,1,1475,completed,6088984
16,1,1476,completed,6091151
16,1,1477,completed,6093484
16,1,1478,completed,6095443
16,1,1479,completed,6097235
16,1,1480,completed,6099359
16,1,1481,completed,6101693
16,1,1482,completed,6104985
16,1,1483,completed,6107276
16,1,1484,completed,6108943
16,1,1485,completed,6110401
16,1,1486,completed,6111943
16,1,1487,completed,6113943
16,1,1488,completed,6116109
16,1,1489,completed,5840568
16,1,1490,completed,5842193
16,1,1491,completed,5842318
16,1,1492,completed,5842193
16,1,1493,completed,5842860
16,1,1494,completed,5842777
16,1,1495,completed,5842943
16,1,1496,completed,5843735
16,1,1497,completed,5844193
16,1,1498,completed,5845152
16,1,1499,completed,5845860
16,1,1500,completed,5845902
16,1,1501,completed,5845985
16,1,1502,completed,5845944
16,1,1503,completed,5846902
16,1,1504,completed,5847402
16,1,1505,completed,5944985
16,1,1506,completed,5946443
16,1,1507,completed,5947985
16,1,1508,completed,5949610
16,1,1509,completed,5951110
16,1,1510,completed,5953109
16,1,1511,completed,5954360
16,1,1512,completed,5956359
16,1,1513,completed,5958068
16,1,1514,completed,5959610
16,1,1515,completed,5961068
16,1,1516,completed,5962818
16,1,1517,completed,5964276
16,1,1518,completed,5965818
16,1,1519,completed,5967360
16,1,1520,completed,5968859
16,1,1521,completed,5968318
16,1,1522,completed,5970568
16,1,1523,completed,5971110
16,1,1524,completed,5971318
16,1,1525,completed,5971652
16,1,1526,completed,5972068
16,1,1527,completed,5972235
16,1,1528,completed,5972818
16,1,1529,completed,5973401
16,1,1530,completed,5974610
16,1,1531,completed,5975068
16,1,1532,completed,5975277
16,1,1533,completed,5975902
16,1,1534,completed,5976193
16,1,1535,completed,5976443
16,1,1536,completed,5976527
16,1,1537,completed,5708611
16,1,1538,completed,5709693
16,1,1539,completed,5710069
16,1,1540,completed,5710402
16,1,1541,completed,5710902
16,1,1542,completed,5711361
16,1,1543,completed,5711610
16,1,1544,completed,5712235
16,1,1545,completed,5712694
16,1,1546,completed,5713111
16,1,1547,completed,5713444
16,1,1548,completed,5713693
16,1,1549,completed,5713861
16,1,1550,completed,5714277
16,1,1551,completed,5714735
16,1,1552,completed,5715193
16,1,1553,completed,6167109
16,1,1554,completed,6169400
16,1,1555,completed,6170068
16,1,1556,completed,6170609
16,1,1557,completed,6171150
16,1,1558,completed,6172151
16,1,1559,completed,6173026
16,1,1560,completed,6173984
16,1,1561,completed,6175151
16,1,1562,completed,6176068
16,1,1563,completed,6176818
16,1,1564,completed,6177484
16,1,1565,completed,6178359
16,1,1566,completed,6179067
16,1,1567,completed,6179818
16,1,1568,completed,6180609
16,1,1569,completed,5991651
16,1,1570,completed,5994485
16,1,1571,completed,5995360
16,1,1572,completed,5996109
16,1,1573,completed,5997193
16,1,1574,completed,5997818
16,1,1575,completed,5998526
16,1,1576,completed,5999318
16,1,1577,completed,6000110
16,1,1578,completed,6001026
16,1,1579,completed,6001527
16,1,1580,completed,6002026
16,1,1581,completed,6002693
16,1,1582,completed,6003318
16,1,1583,completed,6003943
16,1,1584,completed,6004943
16,1,1585,completed,6007193
16,1,1586,completed,6011277
16,1,1587,completed,6012777
16,1,1588,completed,6013984
16,1,1589,completed,6015484
16,1,1590,completed,6017401
16,1,1591,completed,6018985
16,1,1592,completed,6020442
16,1,1593,completed,6022651
16,1,1594,completed,6024109
16,1,1595,completed,6025984
16,1,1596,completed,6027651
16,1,1597,completed,6029109
16,1,1598,completed,6030609
16,1,1599,completed,6031901
16,1,1600,completed,6033567
16,1,1601,completed,5954735
16,1,1602,completed,5957276
16,1,1603,completed,5958318
16,1,1604,completed,5959401
16,1,1605,completed,5960901
16,1,1606,completed,5962151
16,1,1607,completed,5963277
16,1,1608,completed,5964360
16,1,1609,completed,5965776
16,1,1610,completed,5966818
16,1,1611,completed,5968110
16,1,1612,completed,5969234
16,1,1613,completed,5970193
16,1,1614,completed,5971193
16,1,1615,completed,5972443
16,1,1616,completed,5973735
16,1,1617,completed,5915902
16,1,1618,completed,5918860
16,1,1619,completed,5919401
16,1,1620,completed,5919860
16,1,1621,completed,5907568
16,1,1622,completed,5907693
16,1,1623,completed,5908152
16,1,1624,completed,5908818
16,1,1625,completed,5909485
16,1,1626,completed,5910443
16,1,1627,completed,5911110
16,1,1628,completed,5911360
16,1,1629,completed,5912110
16,1,1630,completed,5912485
16,1,1631,completed,5913401
16,1,1632,completed,5913818
16,1,1633,completed,5477778
16,1,1634,completed,5481445
16,1,1635,completed,5482361
16,1,1636,completed,5483903
16,1,1637,completed,5485153
16,1,1638,completed,5486361
16,1,1639,completed,5487320
16,1,1640,completed,5488611
16,1,1641,completed,5490028
16,1,1642,completed,5491319
16,1,1643,completed,5493611
16,1,1644,completed,5494694
16,1,1645,completed,5495903
16,1,1646,completed,5497153
16,1,1647,completed,5498444
16,1,1648,completed,5499569
16,1,1649,completed,6422567
16,1,1650,completed,6418026
16,1,1651,completed,6418650
16,1,1652,completed,6419650
16,1,1653,completed,6420651
16,1,1654,completed,6421942
16,1,1655,completed,6423026
16,1,1656,completed,6424401
16,1,1657,completed,6425942
16,1,1658,completed,6427108
16,1,1659,completed,6428483
16,1,1660,completed,6429858
16,1,1661,completed,6431025
16,1,1662,completed,6432150
16,1,1663,completed,6433358
16,1,1664,completed,6433484
16,1,1665,completed,6097443
16,1,1666,completed,6119026
16,1,1667,completed,6120359
16,1,1668,completed,6121484
16,1,1669,completed,6122609
16,1,1670,completed,6123734
16,1,1671,completed,6124818
16,1,1672,completed,6125943
16,1,1673,completed,6127734
16,1,1674,completed,6128735
16,1,1675,completed,6129901
16,1,1676,completed,6131109
16,1,1677,completed,6132360
16,1,1678,completed,6133443
16,1,1679,completed,6134651
16,1,1680,completed,6135901
16,1,1681,completed,5923901
16,1,1682,completed,5926443
16,1,1683,completed,5927152
16,1,1684,completed,5927860
16,1,1685,completed,5928485
16,1,1686,completed,5941318
16,1,1687,completed,5941651
16,1,1688,completed,5942651
16,1,1689,completed,5943609
16,1,1690,completed,5944110
16,1,1691,completed,5944818
16,1,1692,completed,5945485
16,1,1693,completed,5945943
16,1,1694,completed,5946443
16,1,1695,completed,5947026
16,1,1696,completed,5947859
16,1,1697,completed,6125526
16,1,1698,completed,6136692
16,1,1699,completed,6138360
16,1,1700,completed,6139984
16,1,1701,completed,6141526
16,1,1702,completed,6143110
16,1,1703,completed,6144235
16,1,1704,completed,6146193
16,1,1705,completed,6148442
16,1,1706,completed,6149985
16,1,1707,completed,6152026
16,1,1708,completed,6153692
16,1,1709,completed,6154943
16,1,1710,completed,6196109
16,1,1711,completed,6198025
16,1,1712,completed,6200484
16,1,1713,completed,5762277
16,1,1714,completed,5762277
16,1,1715,completed,5763193
16,1,1716,completed,5763777
16,1,1717,completed,5764443
16,1,1718,completed,5765277
16,1,1719,completed,5765736
16,1,1720,completed,5766860
16,1,1721,completed,5767694
16,1,1722,completed,5768236
16,1,1723,completed,5769235
16,1,1724,completed,5769944
16,1,1725,completed,5770402
16,1,1726,completed,5770818
16,1,1727,completed,5771318
16,1,1728,completed,5772027
16,1,1729,completed,5885110
16,1,1730,completed,5892735
16,1,1731,completed,5894318
16,1,1732,completed,5895818
16,1,1733,completed,5897651
16,1,1734,completed,5899027
16,1,1735,completed,5900818
16,1,1736,completed,5902735
16,1,1737,completed,5904651
16,1,1738,completed,5907360
16,1,1739,completed,5908902
16,1,1740,completed,5910443
16,1,1741,completed,5911901
16,1,1742,completed,5913568
16,1,1743,completed,5915360
16,1,1744,completed,5917318
16,1,1745,completed,5960360
16,1,1746,completed,5962318
16,1,1747,completed,5962651
16,1,1748,completed,5962734
16,1,1749,completed,5963109
16,1,1750,completed,5963360
16,1,1751,completed,5963735
16,1,1752,completed,5964443
16,1,1753,completed,5965109
16,1,1754,completed,5965902
16,1,1755,completed,5966276
16,1,1756,completed,5976860
16,1,1757,completed,5977318
16,1,1758,completed,5977734
16,1,1759,completed,5978609
16,1,1760,completed,5979068
16,1,1761,completed,5916193
16,1,1762,completed,5922443
16,1,1763,completed,5923027
16,1,1764,completed,5923485
16,1,1765,completed,5923693
16,1,1766,completed,5923943
16,1,1767,completed,5924193
16,1,1768,completed,5924860
16,1,1769,completed,5925151
16,1,1770,completed,5926359
16,1,1771,completed,5926985
16,1,1772,completed,5927151
16,1,1773,completed,5927360
16,1,1774,completed,5927526
16,1,1775,completed,5928068
16,1,1776,completed,5928277
16,1,1777,completed,6011901
16,1,1778,completed,6017693
16,1,1779,completed,6018109
16,1,1780,completed,6018860
16,1,1781,completed,6018985
16,1,1782,completed,6019943
16,1,1783,completed,6020860
16,1,1784,completed,6021401
16,1,1785,completed,6032652
16,1,1786,completed,6034151
16,1,1787,completed,6034859
16,1,1788,completed,6035276
16,1,1789,completed,6036068
16,1,1790,completed,6037277
16,1,1791,completed,6038401
16,1,1792,completed,6038984
16,1,1793,completed,5903776
16,1,1794,completed,5909026
16,1,1795,completed,5910318
16,1,1796,completed,5911610
16,1,1797,completed,5912776
16,1,1798,completed,5913860
16,1,1799,completed,5914943
16,1,1800,completed,5915819
16,1,1801,completed,5917110
16,1,1802,completed,5918193
16,1,1803,completed,5919235
16,1,1804,completed,5919985
16,1,1805,completed,5920860
16,1,1806,completed,5922193
16,1,1807,completed,5923110
16,1,1808,completed,5924360
16,1,1809,completed,5932693
16,1,1810,completed,5935193
16,1,1811,completed,5935985
16,1,1812,completed,5936943
16,1,1813,completed,5937818
16,1,1814,completed,5939110
16,1,1815,completed,5940568
16,1,1816,completed,5941734
16,1,1817,completed,5943443
16,1,1818,completed,5944526
16,1,1819,completed,5945568
16,1,1820,completed,5946401
16,1,1821,completed,5947318
16,1,1822,completed,5948485
16,1,1823,completed,5949526
16,1,1824,completed,5950776
16,1,1825,completed,5981943
16,1,1826,completed,5988068
16,1,1827,completed,5988776
16,1,1828,completed,5989984
16,1,1829,completed,5990526
16,1,1830,completed,5991485
16,1,1831,completed,5992318
16,1,1832,completed,5992901
16,1,1833,completed,5994443
16,1,1834,completed,5995610
16,1,1835,completed,5996193
16,1,1836,completed,5996860
16,1,1837,completed,5997276
16,1,1838,completed,5998359
16,1,1839,completed,5999443
16,1,1840,completed,6000360
16,1,1841,completed,5959693
16,1,1842,completed,5961693
16,1,1843,completed,5963109
16,1,1844,completed,5964776
16,1,1845,completed,5966277
16,1,1846,completed,5967859
16,1,1847,completed,5969526
16,1,1848,completed,5971027
16,1,1849,completed,5973151
16,1,1850,completed,5974776
16,1,1851,completed,5976277
16,1,1852,completed,5977734
16,1,1853,completed,5979235
16,1,1854,completed,5981193
16,1,1855,completed,5982776
16,1,1856,completed,5984068
16,1,1857,completed,5943526
16,1,1858,completed,5945360
16,1,1859,completed,5946151
16,1,1860,completed,5947526
16,1,1861,completed,5948484
16,1,1862,completed,5949568
16,1,1863,completed,5950651
16,1,1864,completed,5951568
16,1,1865,completed,5953276
16,1,1866,completed,5954235
16,1,1867,completed,5955318
16,1,1868,completed,5956277
16,1,1869,completed,5957276
16,1,1870,completed,5958402
16,1,1871,completed,5959443
16,1,1872,completed,5960485
16,1,1873,completed,5946652
16,1,1874,completed,5949818
16,1,1875,completed,5950401
16,1,1876,completed,5950777
16,1,1877,completed,5951235
16,1,1878,completed,5951901
16,1,1879,completed,5952193
16,1,1880,completed,5952818
16,1,1881,completed,5953693
16,1,1882,completed,5954402
16,1,1883,completed,5954902
16,1,1884,completed,5955359
16,1,1885,completed,5955901
16,1,1886,completed,5956568
16,1,1887,completed,5957277
16,1,1888,completed,5957860
16,1,1889,completed,5574111
16,1,1890,completed,5579153
16,1,1891,completed,5579944
16,1,1892,completed,5580819
16,1,1893,completed,5581777
16,1,1894,completed,5582527
16,1,1895,completed,5583652
16,1,1896,completed,5584569
16,1,1897,completed,5585819
16,1,1898,completed,5587319
16,1,1899,completed,5588235
16,1,1900,completed,5588986
16,1,1901,completed,5589819
16,1,1902,completed,5590569
16,1,1903,completed,5591569
16,1,1904,completed,5592236
16,1,1905,completed,6321609
16,1,1906,completed,6322775
16,1,1907,completed,6323567
16,1,1908,completed,6324484
16,1,1909,completed,6325358
16,1,1910,completed,6326151
16,1,1911,completed,6327067
16,1,1912,completed,6327901
16,1,1913,completed,6328942
16,1,1914,completed,6329818
16,1,1915,completed,6330734
16,1,1916,completed,6331525
16,1,1917,completed,6332400
16,1,1918,completed,6333151
16,1,1919,completed,6333859
16,1,1920,completed,6334984
16,1,1921,completed,6026193
16,1,1922,completed,6032484
16,1,1923,completed,6034026
16,1,1924,completed,6035235
16,1,1925,completed,6036651
16,1,1926,completed,6037776
16,1,1927,completed,6039276
16,1,1928,completed,6041026
16,1,1929,completed,6042860
16,1,1930,completed,6044568
16,1,1931,completed,6045859
16,1,1932,completed,6047151
16,1,1933,completed,6048526
16,1,1934,completed,6049776
16,1,1935,completed,6051151
16,1,1936,completed,6052735
16,1,1937,completed,5601736
16,1,1938,completed,5601944
16,1,1939,completed,5602278
16,1,1940,completed,5602569
16,1,1941,completed,5603152
16,1,1942,completed,5603361
16,1,1943,completed,5603777
16,1,1944,completed,5604360
16,1,1945,completed,5605069
16,1,1946,completed,5605777
16,1,1947,completed,5606361
16,1,1948,completed,5606860
16,1,1949,completed,5607569
16,1,1950,completed,5608027
16,1,1951,completed,5608485
16,1,1952,completed,5609069
16,1,1953,completed,6213776
16,1,1954,completed,6213359
16,1,1955,completed,6213234
16,1,1956,completed,6213359
16,1,1957,completed,6213317
16,1,1958,completed,6213400
16,1,1959,completed,6213317
16,1,1960,completed,6213442
16,1,1961,completed,6213609
16,1,1962,completed,6213692
16,1,1963,completed,6213859
16,1,1964,completed,6213943
16,1,1965,completed,6214026
16,1,1966,completed,6214151
16,1,1967,completed,6214275
16,1,1968,completed,6214442
16,1,1969,completed,6079609
16,1,1970,completed,6086985
16,1,1971,completed,6088693
16,1,1972,completed,6090526
16,1,1973,completed,6091776
16,1,1974,completed,6093360
16,1,1975,completed,6094943
16,1,1976,completed,6096693
16,1,1977,completed,6098609
16,1,1978,completed,6100776
16,1,1979,completed,6102609
16,1,1980,completed,6104235
16,1,1981,completed,6106026
16,1,1982,completed,6107609
16,1,1983,completed,6109235
16,1,1984,completed,6110818
16,1,1985,completed,5945526
16,1,1986,completed,5947943
16,1,1987,completed,5948651
16,1,1988,completed,5949151
16,1,1989,completed,5949652
16,1,1990,completed,5950068
16,1,1991,completed,5950443
16,1,1992,completed,5950860
16,1,1993,completed,5951401
16,1,1994,completed,5952068
16,1,1995,completed,5952485
16,1,1996,completed,5952776
16,1,1997,completed,5953277
16,1,1998,completed,5953568
16,1,1999,completed,5953859
16,1,2000,completed,5954235
16,1,2001,completed,6025359
16,1,2002,completed,6032777
16,1,2003,completed,6033860
16,1,2004,completed,6034401
16,1,2005,completed,6035526
16,1,2006,completed,6036109
16,1,2007,completed,6036692
16,1,2008,completed,6038068
16,1,2009,completed,6040026
16,1,2010,completed,6041193
16,1,2011,completed,6042318
16,1,2012,completed,6043443
16,1,2013,completed,6045026
16,1,2014,completed,6045943
16,1,2015,completed,6046693
16,1,2016,completed,6047442
16,1,2017,completed,5920485
16,1,2018,completed,5928485
16,1,2019,completed,5929401
16,1,2020,completed,5930277
16,1,2021,completed,5931610
16,1,2022,completed,5932402
16,1,2023,completed,5933151
16,1,2024,completed,5934902
16,1,2025,completed,5936485
16,1,2026,completed,5938069
16,1,2027,completed,5939276
16,1,2028,completed,5940402
16,1,2029,completed,5941860
16,1,2030,completed,5942693
16,1,2031,completed,5943485
16,1,2032,completed,5927276
16,1,2033,completed,5998527
16,1,2034,completed,6002943
16,1,2035,completed,6003902
16,1,2036,completed,6004901
16,1,2037,completed,6005568
16,1,2038,completed,6005985
16,1,2039,completed,6006693
16,1,2040,completed,6007443
16,1,2041,completed,6009193
16,1,2042,completed,6009734
16,1,2043,completed,6022651
16,1,2044,completed,6023277
16,1,2045,completed,6024026
16,1,2046,completed,6024276
16,1,2047,completed,6024609
16,1,2048,completed,6024693
16,1,2049,completed,6073235
16,1,2050,completed,6083110
16,1,2051,completed,6085442
16,1,2052,completed,6087568
16,1,2053,completed,6089818
16,1,2054,completed,6091610
16,1,2055,completed,6093192
16,1,2056,completed,6095276
16,1,2057,completed,6098151
16,1,2058,completed,6100776
16,1,2059,completed,6102693
16,1,2060,completed,6104484
16,1,2061,completed,6107026
16,1,2062,completed,6108818
16,1,2063,completed,6110151
16,1,2064,completed,6111526
16,1,2065,completed,7728897
16,1,2066,completed,7745689
16,1,2067,completed,7746605
16,1,2068,completed,7747646
16,1,2069,completed,7748689
16,1,2070,completed,7749939
16,1,2071,completed,7750980
16,1,2072,completed,7752105
16,1,2073,completed,7753688
16,1,2074,completed,7754313
16,1,2075,completed,7755147
16,1,2076,completed,7756564
16,1,2077,completed,7757480
16,1,2078,completed,7759064
16,1,2079,completed,7759605
16,1,2080,completed,7760188
16,1,2081,completed,6008276
16,1,2082,completed,6025817
16,1,2083,completed,6027109
16,1,2084,completed,6028609
16,1,2085,completed,6030193
16,1,2086,completed,6031443
16,1,2087,completed,6033151
16,1,2088,completed,6034818
16,1,2089,completed,6036484
16,1,2090,completed,6037776
16,1,2091,completed,6088151
16,1,2092,completed,6099484
16,1,2093,completed,6100776
16,1,2094,completed,6102484
16,1,2095,completed,6103734
16,1,2096,completed,6104859
16,1,2097,completed,5792361
16,1,2098,completed,5798527
16,1,2099,completed,5798318
16,1,2100,completed,5798444
16,1,2101,completed,5798860
16,1,2102,completed,5799110
16,1,2103,completed,5799193
16,1,2104,completed,5799360
16,1,2105,completed,5799777
16,1,2106,completed,5792276
16,1,2107,completed,5755194
16,1,2108,completed,5747902
16,1,2109,completed,5747735
16,1,2110,completed,5747860
16,1,2111,completed,5747693
16,1,2112,completed,5747193
16,1,2113,completed,5820860
16,1,2114,completed,5826277
16,1,2115,completed,5827235
16,1,2116,completed,5828610
16,1,2117,completed,5829610
16,1,2118,completed,5830735
16,1,2119,completed,5831610
16,1,2120,completed,5832735
16,1,2121,completed,5833985
16,1,2122,completed,5834901
16,1,2123,completed,5835819
16,1,2124,completed,5836819
16,1,2125,completed,5837735
16,1,2126,completed,5838818
16,1,2127,completed,5839651
16,1,2128,completed,5840777
16,1,2129,completed,6179943
16,1,2130,completed,6192692
16,1,2131,completed,6193859
16,1,2132,completed,6194817
16,1,2133,completed,6195692
16,1,2134,completed,6196859
16,1,2135,completed,6198150
16,1,2136,completed,6199318
16,1,2137,completed,6200651
16,1,2138,completed,6201609
16,1,2139,completed,6214734
16,1,2140,completed,6215942
16,1,2141,completed,6216692
16,1,2142,completed,6217651
16,1,2143,completed,6217817
16,1,2144,completed,6218276
16,1,2145,completed,5539527
16,1,2146,completed,5539860
16,1,2147,completed,5540319
16,1,2148,completed,5540819
16,1,2149,completed,5541028
16,1,2150,completed,5541611
16,1,2151,completed,5541944
16,1,2152,completed,5542944
16,1,2153,completed,5543777
16,1,2154,completed,5544735
16,1,2155,completed,5545819
16,1,2156,completed,5546652
16,1,2157,completed,5547694
16,1,2158,completed,5548194
16,1,2159,completed,5548902
16,1,2160,completed,5549778
16,1,2161,completed,6251275
16,1,2162,completed,6253484
16,1,2163,completed,6254276
16,1,2164,completed,6255234
16,1,2165,completed,6256150
16,1,2166,completed,6257067
16,1,2167,completed,6258068
16,1,2168,completed,6259025
16,1,2169,completed,6260401
16,1,2170,completed,6261359
16,1,2171,completed,6262401
16,1,2172,completed,6263442
16,1,2173,completed,6264317
16,1,2174,completed,6265443
16,1,2175,completed,6266400
16,1,2176,completed,6267442
16,1,2177,completed,6132609
16,1,2178,completed,6137359
16,1,2179,completed,6138526
16,1,2180,completed,6140025
16,1,2181,completed,6141525
16,1,2182,completed,6143068
16,1,2183,completed,6145567
16,1,2184,completed,6146984
16,1,2185,completed,6148526
16,1,2186,completed,6149776
16,1,2187,completed,6151067
16,1,2188,completed,6152234
16,1,2189,completed,6153401
16,1,2190,completed,6154692
16,1,2191,completed,6155609
16,1,2192,completed,6156860
16,1,2193,completed,5817527
16,1,2194,completed,5819776
16,1,2195,completed,5820526
16,1,2196,completed,5821569
16,1,2197,completed,5822402
16,1,2198,completed,5823235
16,1,2199,completed,5824152
16,1,2200,completed,5825485
16,1,2201,completed,5826610
16,1,2202,completed,5827526
16,1,2203,completed,5828527
16,1,2204,completed,5829651
16,1,2205,completed,5830694
16,1,2206,completed,5831860
16,1,2207,completed,5832818
16,1,2208,completed,5833735
16,1,2209,completed,6557567
16,1,2210,completed,6568775
16,1,2211,completed,6569233
16,1,2212,completed,6569983
16,1,2213,completed,6570858
16,1,2214,completed,6572233
16,1,2215,completed,6573358
16,1,2216,completed,6573983
16,1,2217,completed,6575149
16,1,2218,completed,6575608
16,1,2219,completed,6575942
16,1,2220,completed,6576733
16,1,2221,completed,6577524
16,1,2222,completed,6578233
16,1,2223,completed,6578858
16,1,2224,completed,6579483
16,1,2225,completed,5316195
16,1,2226,completed,5334528
16,1,2227,completed,5336278
16,1,2228,completed,5337987
16,1,2229,completed,5339486
16,1,2230,completed,5341528
16,1,2231,completed,5343695
16,1,2232,completed,5345528
16,1,2233,completed,5347737
16,1,2234,completed,5349112
16,1,2235,completed,5350486
16,1,2236,completed,5352570
16,1,2237,completed,5354111
16,1,2238,completed,5356444
16,1,2239,completed,5357611
16,1,2240,completed,5358570
16,1,2241,completed,5709527
16,1,2242,completed,5692818
16,1,2243,completed,5693318
16,1,2244,completed,5694152
16,1,2245,completed,5695152
16,1,2246,completed,5695902
16,1,2247,completed,5696819
16,1,2248,completed,5697527
16,1,2249,completed,5698694
16,1,2250,completed,5699236
16,1,2251,completed,5699693
16,1,2252,completed,5700443
16,1,2253,completed,5701027
16,1,2254,completed,5701902
16,1,2255,completed,5702610
16,1,2256,completed,5703319
16,1,2257,completed,6873774
16,1,2258,completed,6870232
16,1,2259,completed,6871358
16,1,2260,completed,6872274
16,1,2261,completed,6874524
16,1,2262,completed,6875815
16,1,2263,completed,6877232
16,1,2264,completed,6878732
16,1,2265,completed,6880065
16,1,2266,completed,6881524
16,1,2267,completed,6882816
16,1,2268,completed,6884191
16,1,2269,completed,6886024
16,1,2270,completed,6887482
16,1,2271,completed,6912274
16,1,2272,completed,6913316
16,1,2273,completed,6129610
16,1,2274,completed,6131692
16,1,2275,completed,6131901
16,1,2276,completed,6132068
16,1,2277,completed,6132193
16,1,2278,completed,6132860
16,1,2279,completed,6133109
16,1,2280,completed,6133401
16,1,2281,completed,6133651
16,1,2282,completed,6133943
16,1,2283,completed,6134234
16,1,2284,completed,6134485
16,1,2285,completed,6134859
16,1,2286,completed,6135026
16,1,2287,completed,6135484
16,1,2288,completed,6135651
16,1,2289,completed,5860360
16,1,2290,completed,5864902
16,1,2291,completed,5865652
16,1,2292,completed,5866819
16,1,2293,completed,5867485
16,1,2294,completed,5868485
16,1,2295,completed,5869401
16,1,2296,completed,5870193
16,1,2297,completed,5870944
16,1,2298,completed,5871777
16,1,2299,completed,5872485
16,1,2300,completed,5873277
16,1,2301,completed,5874193
16,1,2302,completed,5875026
16,1,2303,completed,5876194
16,1,2304,completed,5876777
16,1,2305,completed,6047442
16,1,2306,completed,6060359
16,1,2307,completed,6061859
16,1,2308,completed,6063526
16,1,2309,completed,6065193
16,1,2310,completed,6067317
16,1,2311,completed,6069068
16,1,2312,completed,6070651
16,1,2313,completed,6071901
16,1,2314,completed,6073359
16,1,2315,completed,6074359
16,1,2316,completed,6075317
16,1,2317,completed,6076985
16,1,2318,completed,6078318
16,1,2319,completed,6079693
16,1,2320,completed,6080651
16,1,2321,completed,5820485
16,1,2322,completed,5830652
16,1,2323,completed,5836860
16,1,2324,completed,5841318
16,1,2325,completed,5846735
16,1,2326,completed,5851527
16,1,2327,completed,5855401
16,1,2328,completed,5859277
16,1,2329,completed,5862860
16,1,2330,completed,5867026
16,1,2331,completed,5872319
16,1,2332,completed,5877402
16,1,2333,completed,5881818
16,1,2334,completed,5885443
16,1,2335,completed,5889360
16,1,2336,completed,5892443
16,1,2337,completed,5945568
16,1,2338,completed,5945484
16,1,2339,completed,5942110
16,1,2340,completed,5938152
16,1,2341,completed,5934943
16,1,2342,completed,5931568
16,1,2343,completed,5928610
16,1,2344,completed,5925734
16,1,2345,completed,5922776
16,1,2346,completed,5918860
16,1,2347,completed,5914568
16,1,2348,completed,5910777
16,1,2349,completed,5907485
16,1,2350,completed,5904652
16,1,2351,completed,5902110
16,1,2352,completed,5899860
16,1,2353,completed,5642861
16,1,2354,completed,5651611
16,1,2355,completed,5653444
16,1,2356,completed,5654985
16,1,2357,completed,5656819
16,1,2358,completed,5658902
16,1,2359,completed,5660944
16,1,2360,completed,5662985
16,1,2361,completed,5665027
16,1,2362,completed,5666319
16,1,2363,completed,5667985
16,1,2364,completed,5670318
16,1,2365,completed,5671736
16,1,2366,completed,5673152
16,1,2367,completed,5674986
16,1,2368,completed,5676568
16,1,2369,completed,6317943
16,1,2370,completed,6320901
16,1,2371,completed,6322443
16,1,2372,completed,6323775
16,1,2373,completed,6325234
16,1,2374,completed,6326400
16,1,2375,completed,6327942
16,1,2376,completed,6329109
16,1,2377,completed,6330817
16,1,2378,completed,6331651
16,1,2379,completed,6332984
16,1,2380,completed,6334151
16,1,2381,completed,6335234
16,1,2382,completed,6336192
16,1,2383,completed,6337733
16,1,2384,completed,6338651
16,1,2385,completed,5943735
16,1,2386,completed,5945527
16,1,2387,completed,5946318
16,1,2388,completed,5946734
16,1,2389,completed,5947401
16,1,2390,completed,5948151
16,1,2391,completed,5949068
16,1,2392,completed,5949776
16,1,2393,completed,5950401
16,1,2394,completed,5950902
16,1,2395,completed,5951360
16,1,2396,completed,5952026
16,1,2397,completed,5952527
16,1,2398,completed,5952943
16,1,2399,completed,5953527
16,1,2400,completed,5954193
16,1,2401,completed,6004276
16,1,2402,completed,6007902
16,1,2403,completed,6008068
16,1,2404,completed,6008360
16,1,2405,completed,6008652
16,1,2406,completed,6009193
16,1,2407,completed,6009485
16,1,2408,completed,6010151
16,1,2409,completed,6011193
16,1,2410,completed,6011360
16,1,2411,completed,6011484
16,1,2412,completed,6012193
16,1,2413,completed,6012818
16,1,2414,completed,6012943
16,1,2415,completed,6013401
16,1,2416,completed,6013734
16,1,2417,completed,5960360
16,1,2418,completed,5959193
16,1,2419,completed,5959860
16,1,2420,completed,5959859
16,1,2421,completed,5960193
16,1,2422,completed,5960693
16,1,2423,completed,5961443
16,1,2424,completed,5961818
16,1,2425,completed,5962401
16,1,2426,completed,5962943
16,1,2427,completed,5963568
16,1,2428,completed,5964109
16,1,2429,completed,5964484
16,1,2430,completed,5964901
16,1,2431,completed,5965360
16,1,2432,completed,5965651
16,1,2433,completed,5569527
16,1,2434,completed,5573028
16,1,2435,completed,5573944
16,1,2436,completed,5575111
16,1,2437,completed,5576319
16,1,2438,completed,5577527
16,1,2439,completed,5578610
16,1,2440,completed,5579777
16,1,2441,completed,5580777
16,1,2442,completed,5581861
16,1,2443,completed,5583069
16,1,2444,completed,5584194
16,1,2445,completed,5585277
16,1,2446,completed,5586277
16,1,2447,completed,5587319
16,1,2448,completed,5588360
16,1,2449,completed,6324692
16,1,2450,completed,6324150
16,1,2451,completed,6325400
16,1,2452,completed,6326609
16,1,2453,completed,6328109
16,1,2454,completed,6329775
16,1,2455,completed,6330942
16,1,2456,completed,6332525
16,1,2457,completed,6333817
16,1,2458,completed,6335317
16,1,2459,completed,6336692
16,1,2460,completed,6338109
16,1,2461,completed,6339526
16,1,2462,completed,6340983
16,1,2463,completed,6342442
16,1,2464,completed,6343859
16,1,2465,completed,5958901
16,1,2466,completed,5960068
16,1,2467,completed,5960484
16,1,2468,completed,5961026
16,1,2469,completed,5961734
16,1,2470,completed,5962776
16,1,2471,completed,5963110
16,1,2472,completed,5963693
16,1,2473,completed,5964234
16,1,2474,completed,5964651
16,1,2475,completed,5965193
16,1,2476,completed,5965735
16,1,2477,completed,5966193
16,1,2478,completed,5966693
16,1,2479,completed,5967193
16,1,2480,completed,5967735
16,1,2481,completed,5993776
16,1,2482,completed,5999693
16,1,2483,completed,6000485
16,1,2484,completed,6001443
16,1,2485,completed,6002109
16,1,2486,completed,6003401
16,1,2487,completed,6004443
16,1,2488,completed,6005401
16,1,2489,completed,6006152
16,1,2490,completed,6007443
16,1,2491,completed,6008484
16,1,2492,completed,6009235
16,1,2493,completed,6010526
16,1,2494,completed,6011276
16,1,2495,completed,6012193
16,1,2496,completed,6012901
16,1,2497,completed,5955818
16,1,2498,completed,5958943
16,1,2499,completed,5959360
16,1,2500,completed,5960110
16,1,2501,completed,5960818
16,1,2502,completed,5961735
16,1,2503,completed,5962318
16,1,2504,completed,5962985
16,1,2505,completed,5963568
16,1,2506,completed,5964359
16,1,2507,completed,5964985
16,1,2508,completed,5965485
16,1,2509,completed,5966068
16,1,2510,completed,5966652
16,1,2511,completed,5967151
16,1,2512,completed,5967777
16,1,2513,completed,5960401
16,1,2514,completed,5962485
16,1,2515,completed,5963693
16,1,2516,completed,5964859
16,1,2517,completed,5966068
16,1,2518,completed,5967734
16,1,2519,completed,5968902
16,1,2520,completed,5970318
16,1,2521,completed,5971693
16,1,2522,completed,5973068
16,1,2523,completed,5974610
16,1,2524,completed,5975985
16,1,2525,completed,5977443
16,1,2526,completed,5978776
16,1,2527,completed,5980151
16,1,2528,completed,5981276
16,1,2529,completed,5939026
16,1,2530,completed,5938526
16,1,2531,completed,5938235
16,1,2532,completed,5937944
16,1,2533,completed,5937610
16,1,2534,completed,5937485
16,1,2535,completed,5937110
16,1,2536,completed,5927318
16,1,2537,completed,5927152
16,1,2538,completed,5926902
16,1,2539,completed,5926693
16,1,2540,completed,5926526
16,1,2541,completed,5926360
16,1,2542,completed,5926193
16,1,2543,completed,5926027
16,1,2544,completed,5925860
16,1,2545,completed,5611444
16,1,2546,completed,5615236
16,1,2547,completed,5615694
16,1,2548,completed,5616152
16,1,2549,completed,5617694
16,1,2550,completed,5618069
16,1,2551,completed,5618569
16,1,2552,completed,5619069
16,1,2553,completed,5619569
16,1,2554,completed,5619985
16,1,2555,completed,5620444
16,1,2556,completed,5620944
16,1,2557,completed,5621361
16,1,2558,completed,5621777
16,1,2559,completed,5622236
16,1,2560,completed,5621861
16,1,2561,completed,6521650
16,1,2562,completed,6528942
16,1,2563,completed,6530233
16,1,2564,completed,6531442
16,1,2565,completed,6532817
16,1,2566,completed,6534483
16,1,2567,completed,6536067
16,1,2568,completed,6537358
16,1,2569,completed,6538859
16,1,2570,completed,6539816
16,1,2571,completed,6540733
16,1,2572,completed,6541858
16,1,2573,completed,6543025
16,1,2574,completed,6543941
16,1,2575,completed,6545317
16,1,2576,completed,6546442
16,1,2577,completed,5946943
16,1,2578,completed,5958693
16,1,2579,completed,5959527
16,1,2580,completed,5959985
16,1,2581,completed,5960818
16,1,2582,completed,5962443
16,1,2583,completed,5963277
16,1,2584,completed,5964359
16,1,2585,completed,5965068
16,1,2586,completed,5965860
16,1,2587,completed,5966568
16,1,2588,completed,5967235
16,1,2589,completed,5967943
16,1,2590,completed,5968693
16,1,2591,completed,5969151
16,1,2592,completed,5970235
16,1,2593,completed,5330736
16,1,2594,completed,5334653
16,1,2595,completed,5335445
16,1,2596,completed,5336320
16,1,2597,completed,5337403
16,1,2598,completed,5338736
16,1,2599,completed,5339861
16,1,2600,completed,5340986
16,1,2601,completed,5341528
16,1,2602,completed,5342569
16,1,2603,completed,5343153
16,1,2604,completed,5343819
16,1,2605,completed,5344319
16,1,2606,completed,5344986
16,1,2607,completed,5345736
16,1,2608,completed,5346695
16,1,2609,completed,6481400
16,1,2610,completed,6486567
16,1,2611,completed,6487192
16,1,2612,completed,6487816
16,1,2613,completed,6488400
16,1,2614,completed,6489441
16,1,2615,completed,6489941
16,1,2616,completed,6490525
16,1,2617,completed,6491192
16,1,2618,completed,6492108
16,1,2619,completed,6493192
16,1,2620,completed,6494066
16,1,2621,completed,6494650
16,1,2622,completed,6495234
16,1,2623,completed,6495567
16,1,2624,completed,6496108
16,1,2625,completed,6041943
16,1,2626,completed,6066360
16,1,2627,completed,6068567
16,1,2628,completed,6070693
16,1,2629,completed,6073026
16,1,2630,completed,6075401
16,1,2631,completed,6077276
16,1,2632,completed,6079276
16,1,2633,completed,6081526
16,1,2634,completed,6083651
16,1,2635,completed,6085984
16,1,2636,completed,6088192
16,1,2637,completed,6090151
16,1,2638,completed,6092068
16,1,2639,completed,6093651
16,1,2640,completed,6095442
16,1,2641,completed,5326528
16,1,2642,completed,5328945
16,1,2643,completed,5329737
16,1,2644,completed,5330611
16,1,2645,completed,5331861
16,1,2646,completed,5333028
16,1,2647,completed,5333695
16,1,2648,completed,5334528
16,1,2649,completed,5335403
16,1,2650,completed,5336736
16,1,2651,completed,5337445
16,1,2652,completed,5338403
16,1,2653,completed,5339111
16,1,2654,completed,5339736
16,1,2655,completed,5340195
16,1,2656,completed,5341152
16,1,2657,completed,6383359
16,1,2658,completed,6385192
16,1,2659,completed,6385942
16,1,2660,completed,6387275
16,1,2661,completed,6388776
16,1,2662,completed,6390109
16,1,2663,completed,6390859
16,1,2664,completed,6392025
16,1,2665,completed,6393442
16,1,2666,completed,6394483
16,1,2667,completed,6395567
16,1,2668,completed,6396525
16,1,2669,completed,6397651
16,1,2670,completed,6398734
16,1,2671,completed,6399567
16,1,2672,completed,6400484
16,1,2673,completed,5995360
16,1,2674,completed,6000276
16,1,2675,completed,6000568
16,1,2676,completed,6001235
16,1,2677,completed,6002401
16,1,2678,completed,6003235
16,1,2679,completed,6003651
16,1,2680,completed,6004359
16,1,2681,completed,6004860
16,1,2682,completed,6005443
16,1,2683,completed,6005984
16,1,2684,completed,6006568
16,1,2685,completed,6006817
16,1,2686,completed,6007068
16,1,2687,completed,6007359
16,1,2688,completed,6007818
16,1,2689,completed,5966735
16,1,2690,completed,5968734
16,1,2691,completed,5970277
16,1,2692,completed,5971276
16,1,2693,completed,5972484
16,1,2694,completed,5973527
16,1,2695,completed,5974610
16,1,2696,completed,5976235
16,1,2697,completed,5977235
16,1,2698,completed,5978693
16,1,2699,completed,5979693
16,1,2700,completed,5980984
16,1,2701,completed,5981943
16,1,2702,completed,5983235
16,1,2703,completed,5984526
16,1,2704,completed,5985652
16,1,2705,completed,5808152
16,1,2706,completed,5815485
16,1,2707,completed,5816527
16,1,2708,completed,5817485
16,1,2709,completed,5821569
16,1,2710,completed,5822902
16,1,2711,completed,5824818
16,1,2712,completed,5825610
16,1,2713,completed,5826860
16,1,2714,completed,5827735
16,1,2715,completed,5828819
16,1,2716,completed,5829610
16,1,2717,completed,5830901
16,1,2718,completed,5831902
16,1,2719,completed,5832776
16,1,2720,completed,5833818
16,1,2721,completed,5799111
16,1,2722,completed,5803235
16,1,2723,completed,5803652
16,1,2724,completed,5804569
16,1,2725,completed,5805360
16,1,2726,completed,5806152
16,1,2727,completed,5807111
16,1,2728,completed,5807694
16,1,2729,completed,5808193
16,1,2730,completed,5808777
16,1,2731,completed,5809735
16,1,2732,completed,5810235
16,1,2733,completed,5810569
16,1,2734,completed,5811193
16,1,2735,completed,5812110
16,1,2736,completed,5812819
16,1,2737,completed,5857652
16,1,2738,completed,5862443
16,1,2739,completed,5863777
16,1,2740,completed,5864735
16,1,2741,completed,5866027
16,1,2742,completed,5867110
16,1,2743,completed,5868985
16,1,2744,completed,5870402
16,1,2745,completed,5871568
16,1,2746,completed,5872568
16,1,2747,completed,5873902
16,1,2748,completed,5874860
16,1,2749,completed,5876027
16,1,2750,completed,5876944
16,1,2751,completed,5877985
16,1,2752,completed,5878985
16,1,2753,completed,6537442
16,1,2754,completed,6545525
16,1,2755,completed,6546900
16,1,2756,completed,6548275
16,1,2757,completed,6549525
16,1,2758,completed,6551025
16,1,2759,completed,6553150
16,1,2760,completed,6554442
16,1,2761,completed,6555942
16,1,2762,completed,6556650
16,1,2763,completed,6557692
16,1,2764,completed,6558608
16,1,2765,completed,6559567
16,1,2766,completed,6559941
16,1,2767,completed,6560608
16,1,2768,completed,6561358
16,1,2769,completed,5795944
16,1,2770,completed,5796569
16,1,2771,completed,5797819
16,1,2772,completed,5799361
16,1,2773,completed,5800860
16,1,2774,completed,5802777
16,1,2775,completed,5804194
16,1,2776,completed,5805818
16,1,2777,completed,5807360
16,1,2778,completed,5808736
16,1,2779,completed,5810277
16,1,2780,completed,5811610
16,1,2781,completed,5813027
16,1,2782,completed,5814361
16,1,2783,completed,5815777
16,1,2784,completed,5817111
16,1,2785,completed,5924401
16,1,2786,completed,5925527
16,1,2787,completed,5926526
16,1,2788,completed,5927568
16,1,2789,completed,5928568
16,1,2790,completed,5929818
16,1,2791,completed,5930610
16,1,2792,completed,5931652
16,1,2793,completed,5932735
16,1,2794,completed,5933651
16,1,2795,completed,5934735
16,1,2796,completed,5935610
16,1,2797,completed,5936610
16,1,2798,completed,5937568
16,1,2799,completed,5938777
16,1,2800,completed,5939777
16,1,2801,completed,5856526
16,1,2802,completed,5862985
16,1,2803,completed,5864235
16,1,2804,completed,5865194
16,1,2805,completed,5866151
16,1,2806,completed,5867485
16,1,2807,completed,5868818
16,1,2808,completed,5869985
16,1,2809,completed,5871194
16,1,2810,completed,5872235
16,1,2811,completed,5873443
16,1,2812,completed,5874402
16,1,2813,completed,5875568
16,1,2814,completed,5876526
16,1,2815,completed,5877859
16,1,2816,completed,5878776
16,1,2817,completed,6026651
16,1,2818,completed,6027902
16,1,2819,completed,6028360
16,1,2820,completed,6028943
16,1,2821,completed,6029527
16,1,2822,completed,6030193
16,1,2823,completed,6030859
16,1,2824,completed,6031443
16,1,2825,completed,6031984
16,1,2826,completed,6032485
16,1,2827,completed,6033110
16,1,2828,completed,6033568
16,1,2829,completed,6034068
16,1,2830,completed,6034526
16,1,2831,completed,6035027
16,1,2832,completed,6035234
16,1,2833,completed,6007902
16,1,2834,completed,6012026
16,1,2835,completed,6012693
16,1,2836,completed,6013360
16,1,2837,completed,6014068
16,1,2838,completed,6015109
16,1,2839,completed,6016109
16,1,2840,completed,6017068
16,1,2841,completed,6018068
16,1,2842,completed,6018860
16,1,2843,completed,6019818
16,1,2844,completed,6020526
16,1,2845,completed,6021359
16,1,2846,completed,6022068
16,1,2847,completed,6022901
16,1,2848,completed,6024110
16,1,2849,completed,5954652
16,1,2850,completed,5957193
16,1,2851,completed,5957902
16,1,2852,completed,5958568
16,1,2853,completed,5958943
16,1,2854,completed,5959985
16,1,2855,completed,5960818
16,1,2856,completed,5961401
16,1,2857,completed,5962068
16,1,2858,completed,5962651
16,1,2859,completed,5963235
16,1,2860,completed,5963776
16,1,2861,completed,5964318
16,1,2862,completed,5964777
16,1,2863,completed,5965276
16,1,2864,completed,5965735
16,1,2865,completed,5978609
16,1,2866,completed,5981235
16,1,2867,completed,5982068
16,1,2868,completed,5982818
16,1,2869,completed,5984151
16,1,2870,completed,5985110
16,1,2871,completed,5986193
16,1,2872,completed,5987359
16,1,2873,completed,5988485
16,1,2874,completed,5989527
16,1,2875,completed,5990401
16,1,2876,completed,5991318
16,1,2877,completed,5992235
16,1,2878,completed,5993360
16,1,2879,completed,5994401
16,1,2880,completed,5995193
16,1,2881,completed,6124151
16,1,2882,completed,6132026
16,1,2883,completed,6132984
16,1,2884,completed,6133776
16,1,2885,completed,6135193
16,1,2886,completed,6136817
16,1,2887,completed,6138151
16,1,2888,completed,6139484
16,1,2889,completed,6140817
16,1,2890,completed,6142068
16,1,2891,completed,6142901
16,1,2892,completed,6143859
16,1,2893,completed,6144693
16,1,2894,completed,6145651
16,1,2895,completed,6146693
16,1,2896,completed,6147735
16,1,2897,completed,5917651
16,1,2898,completed,5921568
16,1,2899,completed,5922985
16,1,2900,completed,5924026
16,1,2901,completed,5924776
16,1,2902,completed,5925693
16,1,2903,completed,5926735
16,1,2904,completed,5927360
16,1,2905,completed,5928068
16,1,2906,completed,5928568
16,1,2907,completed,5929151
16,1,2908,completed,5929943
16,1,2909,completed,5930735
16,1,2910,completed,5931651
16,1,2911,completed,5932443
16,1,2912,completed,5933235
16,1,2913,completed,5996776
16,1,2914,completed,6003734
16,1,2915,completed,6005026
16,1,2916,completed,6006234
16,1,2917,completed,6007443
16,1,2918,completed,6008943
16,1,2919,completed,6010235
16,1,2920,completed,6011360
16,1,2921,completed,6012443
16,1,2922,completed,6013527
16,1,2923,completed,6014652
16,1,2924,completed,6016193
16,1,2925,completed,6017318
16,1,2926,completed,6018318
16,1,2927,completed,6019693
16,1,2928,completed,6020651
16,1,2929,completed,5912360
16,1,2930,completed,5920568
16,1,2931,completed,5921610
16,1,2932,completed,5922902
16,1,2933,completed,5924402
16,1,2934,completed,5925901
16,1,2935,completed,5927652
16,1,2936,completed,5929068
16,1,2937,completed,5930527
16,1,2938,completed,5931485
16,1,2939,completed,5932276
16,1,2940,completed,5932860
16,1,2941,completed,5933985
16,1,2942,completed,5934985
16,1,2943,completed,5936069
16,1,2944,completed,5936985
16,1,2945,completed,6182776
16,1,2946,completed,6194568
16,1,2947,completed,6195359
16,1,2948,completed,6196567
16,1,2949,completed,6220317
16,1,2950,completed,6222109
16,1,2951,completed,6224400
16,1,2952,completed,6225943
16,1,2953,completed,6227901
16,1,2954,completed,6228901
16,1,2955,completed,6230317
16,1,2956,completed,6231109
16,1,2957,completed,6233442
16,1,2958,completed,6234442
16,1,2959,completed,6235276
16,1,2960,completed,6236692
16,1,2961,completed,5651318
16,1,2962,completed,5669568
16,1,2963,completed,5671527
16,1,2964,completed,5673485
16,1,2965,completed,5675944
16,1,2966,completed,5678110
16,1,2967,completed,5679985
16,1,2968,completed,5682235
16,1,2969,completed,5684485
16,1,2970,completed,5686193
16,1,2971,completed,5688111
16,1,2972,completed,5689611
16,1,2973,completed,5691819
16,1,2974,completed,5693361
16,1,2975,completed,5695360
16,1,2976,completed,5697194
16,1,2977,completed,5898068
16,1,2978,completed,5903359
16,1,2979,completed,5903776
16,1,2980,completed,5904401
16,1,2981,completed,5905193
16,1,2982,completed,5906360
16,1,2983,completed,5906693
16,1,2984,completed,5907568
16,1,2985,completed,5908235
16,1,2986,completed,5908651
16,1,2987,completed,5909193
16,1,2988,completed,5909527
16,1,2989,completed,5909943
16,1,2990,completed,5910027
16,1,2991,completed,5910735
16,1,2992,completed,5911360
16,1,2993,completed,6051818
16,1,2994,completed,6031818
16,1,2995,completed,6032901
16,1,2996,completed,6034276
16,1,2997,completed,6035985
16,1,2998,completed,6037359
16,1,2999,completed,6039484
16,1,3000,completed,6041068
16,1,3001,completed,6042567
16,1,3002,completed,6043568
16,1,3003,completed,6044818
16,1,3004,completed,6045901
16,1,3005,completed,6047276
16,1,3006,completed,6048359
16,1,3007,completed,6049901
16,1,3008,completed,6051109
16,1,3009,completed,5876901
16,1,3010,completed,5881443
16,1,3011,completed,5882902
16,1,3012,completed,5884193
16,1,3013,completed,5886194
16,1,3014,completed,5888527
16,1,3015,completed,5890110
16,1,3016,completed,5906444
16,1,3017,completed,5908193
16,1,3018,completed,5909651
16,1,3019,completed,5911152
16,1,3020,completed,5912318
16,1,3021,completed,5913860
16,1,3022,completed,5915193
16,1,3023,completed,5917068
16,1,3024,completed,5918485
16,1,3025,completed,5905735
16,1,3026,completed,5909485
16,1,3027,completed,5910860
16,1,3028,completed,5911944
16,1,3029,completed,5913193
16,1,3030,completed,5914443
16,1,3031,completed,5915527
16,1,3032,completed,5916402
16,1,3033,completed,5917694
16,1,3034,completed,5918401
16,1,3035,completed,5919194
16,1,3036,completed,5919860
16,1,3037,completed,5920901
16,1,3038,completed,5921652
16,1,3039,completed,5922693
16,1,3040,completed,5923443
16,1,3041,completed,5923068
16,1,3042,completed,5911193
16,1,3043,completed,5911693
16,1,3044,completed,5912568
16,1,3045,completed,5913360
16,1,3046,completed,5914568
16,1,3047,completed,5915235
16,1,3048,completed,5916110
16,1,3049,completed,5917277
16,1,3050,completed,5918152
16,1,3051,completed,5918777
16,1,3052,completed,5919443
16,1,3053,completed,5920318
16,1,3054,completed,5920943
16,1,3055,completed,5921735
16,1,3056,completed,5922402
16,1,3057,completed,6034735
16,1,3058,completed,6048151
16,1,3059,completed,6049026
16,1,3060,completed,6049651
16,1,3061,completed,6050151
16,1,3062,completed,6051276
16,1,3063,completed,6052359
16,1,3064,completed,6053317
16,1,3065,completed,6054151
16,1,3066,completed,6054859
16,1,3067,completed,6055609
16,1,3068,completed,6056151
16,1,3069,completed,6056693
16,1,3070,completed,6057442
16,1,3071,completed,6058068
16,1,3072,completed,6058776
16,1,3073,completed,5868401
16,1,3074,completed,5872943
16,1,3075,completed,5873735
16,1,3076,completed,5874527
16,1,3077,completed,5875443
16,1,3078,completed,5876401
16,1,3079,completed,5877235
16,1,3080,completed,5877735
16,1,3081,completed,5878318
16,1,3082,completed,5878776
16,1,3083,completed,5879277
16,1,3084,completed,5879735
16,1,3085,completed,5879944
16,1,3086,completed,5880527
16,1,3087,completed,5880860
16,1,3088,completed,5881527
16,1,3089,completed,6008027
16,1,3090,completed,6016360
16,1,3091,completed,6018318
16,1,3092,completed,6020109
16,1,3093,completed,6021901
16,1,3094,completed,6024610
16,1,3095,completed,6026442
16,1,3096,completed,6028526
16,1,3097,completed,6030818
16,1,3098,completed,6032526
16,1,3099,completed,6034485
16,1,3100,completed,6036234
16,1,3101,completed,6037734
16,1,3102,completed,6039359
16,1,3103,completed,6040943
16,1,3104,completed,6042943
16,1,3105,completed,5889318
16,1,3106,completed,5889735
16,1,3107,completed,5890360
16,1,3108,completed,5891235
16,1,3109,completed,5891735
16,1,3110,completed,5892818
16,1,3111,completed,5893235
16,1,3112,completed,5893901
16,1,3113,completed,5894610
16,1,3114,completed,5895110
16,1,3115,completed,5895819
16,1,3116,completed,5896360
16,1,3117,completed,5896901
16,1,3118,completed,5897360
16,1,3119,completed,5897943
16,1,3120,completed,5898568
16,1,3121,completed,5990318
16,1,3122,completed,5995859
16,1,3123,completed,5997276
16,1,3124,completed,5998692
16,1,3125,completed,5999901
16,1,3126,completed,6002068
16,1,3127,completed,6003568
16,1,3128,completed,6004984
16,1,3129,completed,6006651
16,1,3130,completed,6007901
16,1,3131,completed,6009360
16,1,3132,completed,6010818
16,1,3133,completed,6012110
16,1,3134,completed,6013401
16,1,3135,completed,6014651
16,1,3136,completed,6016026
16,1,3137,completed,5357861
16,1,3138,completed,5365986
16,1,3139,completed,5367195
16,1,3140,completed,5367819
16,1,3141,completed,5371737
16,1,3142,completed,5373486
16,1,3143,completed,5428903
16,1,3144,completed,5447236
16,1,3145,completed,5448944
16,1,3146,completed,5449986
16,1,3147,completed,5451069
16,1,3148,completed,5451611
16,1,3149,completed,5471153
16,1,3150,completed,5478611
16,1,3151,completed,5466444
16,1,3152,completed,5467570
16,1,3153,completed,6612274
16,1,3154,completed,6634025
16,1,3155,completed,6665941
16,1,3156,completed,6957315
16,1,3157,completed,6967857
16,1,3158,completed,6969607
16,1,3159,completed,6919857
16,1,3160,completed,6920274
16,1,3161,completed,6912358
16,1,3162,completed,6914024
16,1,3163,completed,6915024
16,1,3164,completed,6915899
16,1,3165,completed,6881732
16,1,3166,completed,6876274
16,1,3167,completed,6877232
16,1,3168,completed,6878941
16,1,3169,completed,7399398
16,1,3170,completed,7137982
16,1,3171,completed,7134565
16,1,3172,completed,7061898
16,1,3173,completed,7062107
16,1,3174,completed,7063648
16,1,3175,completed,7064732
16,1,3176,completed,7065815
16,1,3177,completed,7066899
16,1,3178,completed,7068606
16,1,3179,completed,7069774
16,1,3180,completed,7071065
16,1,3181,completed,7071940
16,1,3182,completed,7073398
16,1,3183,completed,7074731
16,1,3184,completed,7075606
16,1,3185,completed,6196485
16,1,3186,completed,6198568
16,1,3187,completed,6199318
16,1,3188,completed,6200192
16,1,3189,completed,6200651
16,1,3190,completed,6201775
16,1,3191,completed,6202401
16,1,3192,completed,6203484
16,1,3193,completed,6204067
16,1,3194,completed,6205068
16,1,3195,completed,6206109
16,1,3196,completed,6206568
16,1,3197,completed,6207484
16,1,3198,completed,6208359
16,1,3199,completed,6209067
16,1,3200,completed,6209526
16,1,3201,completed,6065318
16,1,3202,completed,6074026
16,1,3203,completed,6075402
16,1,3204,completed,6076527
16,1,3205,completed,6077860
16,1,3206,completed,6079485
16,1,3207,completed,6080568
16,1,3208,completed,6081943
16,1,3209,completed,6083026
16,1,3210,completed,6084110
16,1,3211,completed,6085568
16,1,3212,completed,6086360
16,1,3213,completed,6087276
16,1,3214,completed,6088610
16,1,3215,completed,6089776
16,1,3216,completed,6090693
16,1,3217,completed,5912777
16,1,3218,completed,5915069
16,1,3219,completed,5916068
16,1,3220,completed,5917027
16,1,3221,completed,5918027
16,1,3222,completed,5919110
16,1,3223,completed,5919985
16,1,3224,completed,5921235
16,1,3225,completed,5922277
16,1,3226,completed,5923693
16,1,3227,completed,5924860
16,1,3228,completed,5925902
16,1,3229,completed,5927235
16,1,3230,completed,5928610
16,1,3231,completed,5929943
16,1,3232,completed,5930943
16,1,3233,completed,6043901
16,1,3234,completed,6055651
16,1,3235,completed,6056817
16,1,3236,completed,6057860
16,1,3237,completed,6058567
16,1,3238,completed,6060235
16,1,3239,completed,6061152
16,1,3240,completed,6062901
16,1,3241,completed,6063818
16,1,3242,completed,6065235
16,1,3243,completed,6066401
16,1,3244,completed,6067151
16,1,3245,completed,6068193
16,1,3246,completed,6069402
16,1,3247,completed,6070235
16,1,3248,completed,6071068
16,1,3249,completed,5294111
16,1,3250,completed,5295070
16,1,3251,completed,5320820
16,1,3252,completed,5321737
16,1,3253,completed,5322736
16,1,3254,completed,5323487
16,1,3255,completed,5323736
16,1,3256,completed,5324487
16,1,3257,completed,5325195
16,1,3258,completed,5326070
16,1,3259,completed,5327403
16,1,3260,completed,5328528
16,1,3261,completed,5329403
16,1,3262,completed,5330528
16,1,3263,completed,5331569
16,1,3264,completed,5332112
16,1,3265,completed,6452108
16,1,3266,completed,6454692
16,1,3267,completed,6455775
16,1,3268,completed,6456567
16,1,3269,completed,6457275
16,1,3270,completed,6457900
16,1,3271,completed,6458442
16,1,3272,completed,6459191
16,1,3273,completed,6459775
16,1,3274,completed,6460609
16,1,3275,completed,6461733
16,1,3276,completed,6462567
16,1,3277,completed,6463108
16,1,3278,completed,6463983
16,1,3279,completed,6465025
16,1,3280,completed,6465526
16,1,3281,completed,6108360
16,1,3282,completed,6120776
16,1,3283,completed,6122859
16,1,3284,completed,6124984
16,1,3285,completed,6126942
16,1,3286,completed,6128943
16,1,3287,completed,6130901
16,1,3288,completed,6133068
16,1,3289,completed,6134734
16,1,3290,completed,6137276
16,1,3291,completed,6139359
16,1,3292,completed,6141318
16,1,3293,completed,6143150
16,1,3294,completed,6145401
16,1,3295,completed,6147317
16,1,3296,completed,6148942
16,1,3297,completed,5411945
16,1,3298,completed,5414986
16,1,3299,completed,5416362
16,1,3300,completed,5417570
16,1,3301,completed,5418820
16,1,3302,completed,5419778
16,1,3303,completed,5420611
16,1,3304,completed,5421778
16,1,3305,completed,5422778
16,1,3306,completed,5424028
16,1,3307,completed,5425819
16,1,3308,completed,5426861
16,1,3309,completed,5427945
16,1,3310,completed,5429069
16,1,3311,completed,5430611
16,1,3312,completed,5431736
16,1,3313,completed,6342900
16,1,3314,completed,6345192
16,1,3315,completed,6345650
16,1,3316,completed,6345859
16,1,3317,completed,6345817
16,1,3318,completed,6345734
16,1,3319,completed,6345984
16,1,3320,completed,6346068
16,1,3321,completed,6346026
16,1,3322,completed,6346150
16,1,3323,completed,6346484
16,1,3324,completed,6347109
16,1,3325,completed,6347067
16,1,3326,completed,6347359
16,1,3327,completed,6348109
16,1,3328,completed,6348192
16,1,3329,completed,5988776
16,1,3330,completed,5996735
16,1,3331,completed,5997693
16,1,3332,completed,5998985
16,1,3333,completed,5999777
16,1,3334,completed,6000943
16,1,3335,completed,6002152
16,1,3336,completed,6003277
16,1,3337,completed,6004902
16,1,3338,completed,6006443
16,1,3339,completed,6007026
16,1,3340,completed,6008109
16,1,3341,completed,6008943
16,1,3342,completed,6009734
16,1,3343,completed,6010651
16,1,3344,completed,6011484
16,1,3345,completed,5968651
16,1,3346,completed,5970902
16,1,3347,completed,5972235
16,1,3348,completed,5972818
16,1,3349,completed,5972860
16,1,3350,completed,5973526
16,1,3351,completed,5973651
16,1,3352,completed,5974193
16,1,3353,completed,5974443
16,1,3354,completed,5975193
16,1,3355,completed,5975777
16,1,3356,completed,5976318
16,1,3357,completed,5976943
16,1,3358,completed,5977818
16,1,3359,completed,5978151
16,1,3360,completed,5978485
16,1,3361,completed,5927110
16,1,3362,completed,5930068
16,1,3363,completed,5930651
16,1,3364,completed,5931027
16,1,3365,completed,5931485
16,1,3366,completed,5932235
16,1,3367,completed,5932609
16,1,3368,completed,5933401
16,1,3369,completed,5934193
16,1,3370,completed,5935276
16,1,3371,completed,5935985
16,1,3372,completed,5936777
16,1,3373,completed,5937609
16,1,3374,completed,5938443
16,1,3375,completed,5938901
16,1,3376,completed,5939485
16,1,3377,completed,5981734
16,1,3378,completed,5991027
16,1,3379,completed,5992485
16,1,3380,completed,5993818
16,1,3381,completed,5995276
16,1,3382,completed,5996110
16,1,3383,completed,5996902
16,1,3384,completed,5998360
16,1,3385,completed,5999901
16,1,3386,completed,6001818
16,1,3387,completed,6003859
16,1,3388,completed,6005027
16,1,3389,completed,6006277
16,1,3390,completed,6007776
16,1,3391,completed,6008776
16,1,3392,completed,6009943
16,1,3393,completed,5928693
16,1,3394,completed,5928110
16,1,3395,completed,5928402
16,1,3396,completed,5929610
16,1,3397,completed,5930776
16,1,3398,completed,5931235
16,1,3399,completed,5931734
16,1,3400,completed,5932984
16,1,3401,completed,5933985
16,1,3402,completed,5934860
16,1,3403,completed,5935860
16,1,3404,completed,5936484
16,1,3405,completed,5937109
16,1,3406,completed,5937693
16,1,3407,completed,5938193
16,1,3408,completed,5938943
16,1,3409,completed,6046276
16,1,3410,completed,6051860
16,1,3411,completed,6052609
16,1,3412,completed,6053692
16,1,3413,completed,6054526
16,1,3414,completed,6054567
16,1,3415,completed,6054651
16,1,3416,completed,6055735
16,1,3417,completed,6057151
16,1,3418,completed,6058318
16,1,3419,completed,6059776
16,1,3420,completed,6060442
16,1,3421,completed,6061192
16,1,3422,completed,6062234
16,1,3423,completed,6063401
16,1,3424,completed,6064318
16,1,3425,completed,5958860
16,1,3426,completed,5970818
16,1,3427,completed,5972777
16,1,3428,completed,5974235
16,1,3429,completed,5976068
16,1,3430,completed,5976776
16,1,3431,completed,5977943
16,1,3432,completed,5979527
16,1,3433,completed,5981443
16,1,3434,completed,5983401
16,1,3435,completed,5985484
16,1,3436,completed,5986651
16,1,3437,completed,5987777
16,1,3438,completed,5989360
16,1,3439,completed,5990443
16,1,3440,completed,5991651
16,1,3441,completed,5906194
16,1,3442,completed,5910194
16,1,3443,completed,5910901
16,1,3444,completed,5912235
16,1,3445,completed,5913110
16,1,3446,completed,5914277
16,1,3447,completed,5915277
16,1,3448,completed,5916318
16,1,3449,completed,5916985
16,1,3450,completed,5917984
16,1,3451,completed,5919693
16,1,3452,completed,5920818
16,1,3453,completed,5921651
16,1,3454,completed,5922318
16,1,3455,completed,5923360
16,1,3456,completed,5923776
16,1,3457,completed,5898194
16,1,3458,completed,5903277
16,1,3459,completed,5912360
16,1,3460,completed,5914735
16,1,3461,completed,5917152
16,1,3462,completed,5919026
16,1,3463,completed,5921443
16,1,3464,completed,5923319
16,1,3465,completed,5925568
16,1,3466,completed,5928360
16,1,3467,completed,5931776
16,1,3468,completed,5933943
16,1,3469,completed,5936068
16,1,3470,completed,5938527
16,1,3471,completed,5940402
16,1,3472,completed,5942735
16,1,3473,completed,6083776
16,1,3474,completed,6091359
16,1,3475,completed,6091777
16,1,3476,completed,6091526
16,1,3477,completed,6092276
16,1,3478,completed,6092610
16,1,3479,completed,6093276
16,1,3480,completed,6093443
16,1,3481,completed,6093818
16,1,3482,completed,6094568
16,1,3483,completed,6096401
16,1,3484,completed,6096568
16,1,3485,completed,6096568
16,1,3486,completed,6097610
16,1,3487,completed,6098026
16,1,3488,completed,6098318
16,1,3489,completed,5913402
16,1,3490,completed,5917276
16,1,3491,completed,5918485
16,1,3492,completed,5919693
16,1,3493,completed,5920902
16,1,3494,completed,5921652
16,1,3495,completed,5922819
16,1,3496,completed,5923652
16,1,3497,completed,5925027
16,1,3498,completed,5926777
16,1,3499,completed,5928485
16,1,3500,completed,5929069
16,1,3501,completed,5929944
16,1,3502,completed,5931360
16,1,3503,completed,5932277
16,1,3504,completed,5933360
16,1,3505,completed,5932318
16,1,3506,completed,5940193
16,1,3507,completed,5942443
16,1,3508,completed,5944693
16,1,3509,completed,5947110
16,1,3510,completed,5948902
16,1,3511,completed,5951484
16,1,3512,completed,5953276
16,1,3513,completed,5955485
16,1,3514,completed,5958277
16,1,3515,completed,5961402
16,1,3516,completed,5963318
16,1,3517,completed,5965193
16,1,3518,completed,5967568
16,1,3519,completed,5969485
16,1,3520,completed,5971401
16,1,3521,completed,5905568
16,1,3522,completed,5907193
16,1,3523,completed,5908026
16,1,3524,completed,5909610
16,1,3525,completed,5911026
16,1,3526,completed,5912068
16,1,3527,completed,5913443
16,1,3528,completed,5914443
16,1,3529,completed,5915735
16,1,3530,completed,5917026
16,1,3531,completed,5918443
16,1,3532,completed,5919610
16,1,3533,completed,5920609
16,1,3534,completed,5921985
16,1,3535,completed,5923234
16,1,3536,completed,5924527
16,1,3537,completed,5959026
16,1,3538,completed,5963484
16,1,3539,completed,5964526
16,1,3540,completed,5965652
16,1,3541,completed,5966776
16,1,3542,completed,5967943
16,1,3543,completed,5969110
16,1,3544,completed,5970276
16,1,3545,completed,5971527
16,1,3546,completed,5973151
16,1,3547,completed,5974318
16,1,3548,completed,5975651
16,1,3549,completed,5977151
16,1,3550,completed,5978235
16,1,3551,completed,5979193
16,1,3552,completed,5980193
16,1,3553,completed,6008860
16,1,3554,completed,6015901
16,1,3555,completed,6017401
16,1,3556,completed,6019068
16,1,3557,completed,6020401
16,1,3558,completed,6021359
16,1,3559,completed,6023193
16,1,3560,completed,6024401
16,1,3561,completed,6025651
16,1,3562,completed,6027068
16,1,3563,completed,6028609
16,1,3564,completed,6029942
16,1,3565,completed,6031360
16,1,3566,completed,6032401
16,1,3567,completed,6033401
16,1,3568,completed,6035026
16,1,3569,completed,5494653
16,1,3570,completed,5494944
16,1,3571,completed,5495153
16,1,3572,completed,5495444
16,1,3573,completed,5495778
16,1,3574,completed,5495861
16,1,3575,completed,5496153
16,1,3576,completed,5496402
16,1,3577,completed,5496528
16,1,3578,completed,5496777
16,1,3579,completed,5496945
16,1,3580,completed,5497278
16,1,3581,completed,5497861
16,1,3582,completed,5497861
16,1,3583,completed,5497861
16,1,3584,completed,5497653
16,1,3585,completed,6430734
16,1,3586,completed,6439442
16,1,3587,completed,6441608
16,1,3588,completed,6443900
16,1,3589,completed,6445900
16,1,3590,completed,6447483
16,1,3591,completed,6449358
16,1,3592,completed,6450858
16,1,3593,completed,6452608
16,1,3594,completed,6455150
16,1,3595,completed,6456775
16,1,3596,completed,6458400
16,1,3597,completed,6460234
16,1,3598,completed,6461859
16,1,3599,completed,6463108
16,1,3600,completed,6465400
16,1,3601,completed,5868819
16,1,3602,completed,5869860
16,1,3603,completed,5870610
16,1,3604,completed,5871318
16,1,3605,completed,5871568
16,1,3606,completed,5871818
16,1,3607,completed,5872277
16,1,3608,completed,5872735
16,1,3609,completed,5873235
16,1,3610,completed,5874235
16,1,3611,completed,5874693
16,1,3612,completed,5875110
16,1,3613,completed,5876194
16,1,3614,completed,5876401
16,1,3615,completed,5877193
16,1,3616,completed,5877652
16,1,3617,completed,5490652
16,1,3618,completed,5504486
16,1,3619,completed,5510278
16,1,3620,completed,5514195
16,1,3621,completed,5514777
16,1,3622,completed,5515111
16,1,3623,completed,5515861
16,1,3624,completed,5532402
16,1,3625,completed,5537820
16,1,3626,completed,5538528
16,1,3627,completed,5538861
16,1,3628,completed,5539152
16,1,3629,completed,5539736
16,1,3630,completed,5539986
16,1,3631,completed,5540778
16,1,3632,completed,5540820
16,1,3633,completed,6633650
16,1,3634,completed,6661858
16,1,3635,completed,6652858
16,1,3636,completed,6652275
16,1,3637,completed,6653691
16,1,3638,completed,6646483
16,1,3639,completed,6647900
16,1,3640,completed,6634941
16,1,3641,completed,6624608
16,1,3642,completed,6626941
16,1,3643,completed,6628233
16,1,3644,completed,6721232
16,1,3645,completed,6724607
16,1,3646,completed,6726774
16,1,3647,completed,6729274
16,1,3648,completed,6763191
16,1,3649,completed,5762361
16,1,3650,completed,5777860
16,1,3651,completed,5778151
16,1,3652,completed,5778694
16,1,3653,completed,5778943
16,1,3654,completed,5778610
16,1,3655,completed,5779318
16,1,3656,completed,5780819
16,1,3657,completed,5780985
16,1,3658,completed,5781902
16,1,3659,completed,5782318
16,1,3660,completed,5780651
16,1,3661,completed,5781318
16,1,3662,completed,5782277
16,1,3663,completed,5782235
16,1,3664,completed,5782818
16,1,3665,completed,5991943
16,1,3666,completed,6033193
16,1,3667,completed,6034026
16,1,3668,completed,6034568
16,1,3669,completed,6035485
16,1,3670,completed,6035610
16,1,3671,completed,6036652
16,1,3672,completed,6038235
16,1,3673,completed,6039026
16,1,3674,completed,6040401
16,1,3675,completed,6041568
16,1,3676,completed,6042443
16,1,3677,completed,6042776
16,1,3678,completed,6043318
16,1,3679,completed,6044110
16,1,3680,completed,6044610
16,1,3681,completed,7076065
16,1,3682,completed,7099398
16,1,3683,completed,7100273
16,1,3684,completed,7101190
16,1,3685,completed,7101773
16,1,3686,completed,7103107
16,1,3687,completed,7104481
16,1,3688,completed,7105274
16,1,3689,completed,7106190
16,1,3690,completed,7107481
16,1,3691,completed,7108357
16,1,3692,completed,7109273
16,1,3693,completed,7110106
16,1,3694,completed,7111815
16,1,3695,completed,7112607
16,1,3696,completed,7113981
16,1,3697,completed,7741522
16,1,3698,completed,7740855
16,1,3699,completed,7741855
16,1,3700,completed,7742480
16,1,3701,completed,7744147
16,1,3702,completed,7744272
16,1,3703,completed,7745272
16,1,3704,completed,7746438
16,1,3705,completed,7747730
16,1,3706,completed,7748563
16,1,3707,completed,7749606
16,1,3708,completed,7750522
16,1,3709,completed,7751147
16,1,3710,completed,7751772
16,1,3711,completed,7752188
16,1,3712,completed,7753147
16,1,3713,completed,7121190
16,1,3714,completed,7240940
16,1,3715,completed,7250273
16,1,3716,completed,7259065
16,1,3717,completed,7306940
16,1,3718,completed,7316148
16,1,3719,completed,7325273
16,1,3720,completed,7341648
16,1,3721,completed,7351357
16,1,3722,completed,7362273
16,1,3723,completed,7372398
16,1,3724,completed,7379940
16,1,3725,completed,7388731
16,1,3726,completed,7396106
16,1,3727,completed,7403731
16,1,3728,completed,7411689
16,1,3729,completed,5584236
16,1,3730,completed,5573277
16,1,3731,completed,5565486
16,1,3732,completed,5557486
16,1,3733,completed,5510944
16,1,3734,completed,5502820
16,1,3735,completed,5487611
16,1,3736,completed,5479236
16,1,3737,completed,5469778
16,1,3738,completed,5461070
16,1,3739,completed,5453194
16,1,3740,completed,5446695
16,1,3741,completed,5439445
16,1,3742,completed,5432778
16,1,3743,completed,5425861
16,1,3744,completed,5419361
16,1,3745,completed,5918110
16,1,3746,completed,5919902
16,1,3747,completed,5920693
16,1,3748,completed,5921109
16,1,3749,completed,5922068
16,1,3750,completed,5922693
16,1,3751,completed,5923610
16,1,3752,completed,5924277
16,1,3753,completed,5924651
16,1,3754,completed,5925318
16,1,3755,completed,5926276
16,1,3756,completed,5926610
16,1,3757,completed,5927776
16,1,3758,completed,5928151
16,1,3759,completed,5928735
16,1,3760,completed,5929818
16,1,3761,completed,6035443
16,1,3762,completed,6045276
16,1,3763,completed,6046109
16,1,3764,completed,6047276
16,1,3765,completed,6049193
16,1,3766,completed,6050443
16,1,3767,completed,6051318
16,1,3768,completed,6052651
16,1,3769,completed,6053526
16,1,3770,completed,6054817
16,1,3771,completed,6056068
16,1,3772,completed,6057318
16,1,3773,completed,6058651
16,1,3774,completed,6059526
16,1,3775,completed,6061109
16,1,3776,completed,6062610
16,1,3777,completed,5914360
16,1,3778,completed,5919193
16,1,3779,completed,5920610
16,1,3780,completed,5922235
16,1,3781,completed,5924818
16,1,3782,completed,5926402
16,1,3783,completed,5928193
16,1,3784,completed,5930110
16,1,3785,completed,5932610
16,1,3786,completed,5934568
16,1,3787,completed,5936069
16,1,3788,completed,5938110
16,1,3789,completed,5939568
16,1,3790,completed,5941110
16,1,3791,completed,5942984
16,1,3792,completed,5944484
16,1,3793,completed,5824527
16,1,3794,completed,5827444
16,1,3795,completed,5827819
16,1,3796,completed,5833069
16,1,3797,completed,5833527
16,1,3798,completed,5833652
16,1,3799,completed,5834818
16,1,3800,completed,5835526
16,1,3801,completed,5836402
16,1,3802,completed,5837693
16,1,3803,completed,5838610
16,1,3804,completed,5839735
16,1,3805,completed,5839860
16,1,3806,completed,5839818
16,1,3807,completed,5840235
16,1,3808,completed,5840735
16,1,3809,completed,6030693
16,1,3810,completed,6040651
16,1,3811,completed,6041818
16,1,3812,completed,6043234
16,1,3813,completed,6045693
16,1,3814,completed,6046026
16,1,3815,completed,6046984
16,1,3816,completed,6047860
16,1,3817,completed,6049026
16,1,3818,completed,6050109
16,1,3819,completed,6050818
16,1,3820,completed,6051318
16,1,3821,completed,6052360
16,1,3822,completed,6053235
16,1,3823,completed,6054068
16,1,3824,completed,6054526
16,1,3825,completed,5999359
16,1,3826,completed,6004984
16,1,3827,completed,6005568
16,1,3828,completed,6006943
16,1,3829,completed,6009110
16,1,3830,completed,6010401
16,1,3831,completed,6011192
16,1,3832,completed,6012485
16,1,3833,completed,6012859
16,1,3834,completed,6013984
16,1,3835,completed,6015610
16,1,3836,completed,6016026
16,1,3837,completed,6017442
16,1,3838,completed,6018026
16,1,3839,completed,6018776
16,1,3840,completed,6019901
16,1,3841,completed,5543236
16,1,3842,completed,5552694
16,1,3843,completed,5553152
16,1,3844,completed,5554194
16,1,3845,completed,5554986
16,1,3846,completed,5556069
16,1,3847,completed,5556944
16,1,3848,completed,5558027
16,1,3849,completed,5558819
16,1,3850,completed,5559944
16,1,3851,completed,5561027
16,1,3852,completed,5561528
16,1,3853,completed,5562610
16,1,3854,completed,5563236
16,1,3855,completed,5563861
16,1,3856,completed,5592611
16,1,3857,completed,7059232
16,1,3858,completed,7069940
16,1,3859,completed,7070815
16,1,3860,completed,7071274
16,1,3861,completed,7071566
16,1,3862,completed,7072357
16,1,3863,completed,7073482
16,1,3864,completed,7075399
16,1,3865,completed,7076607
16,1,3866,completed,7077524
16,1,3867,completed,7079065
16,1,3868,completed,7080148
16,1,3869,completed,7081773
16,1,3870,completed,7082732
16,1,3871,completed,7083732
16,1,3872,completed,7057065
16,1,3873,completed,6298775
16,1,3874,completed,6311483
16,1,3875,completed,6311942
16,1,3876,completed,6312358
16,1,3877,completed,6312483
16,1,3878,completed,6313150
16,1,3879,completed,6314483
16,1,3880,completed,6315817
16,1,3881,completed,6316692
16,1,3882,completed,6317942
16,1,3883,completed,6319026
16,1,3884,completed,6319650
16,1,3885,completed,6321026
16,1,3886,completed,6321442
16,1,3887,completed,6322442
16,1,3888,completed,6322900
16,1,3889,completed,6125735
16,1,3890,completed,6165234
16,1,3891,completed,6167067
16,1,3892,completed,6168442
16,1,3893,completed,6169817
16,1,3894,completed,6171276
16,1,3895,completed,6173484
16,1,3896,completed,6175609
16,1,3897,completed,6178192
16,1,3898,completed,6180234
16,1,3899,completed,6182443
16,1,3900,completed,6184651
16,1,3901,completed,6187151
16,1,3902,completed,6188359
16,1,3903,completed,6190317
16,1,3904,completed,6192609
16,1,3905,completed,5740110
16,1,3906,completed,5739152
16,1,3907,completed,5739569
16,1,3908,completed,5739735
16,1,3909,completed,5740110
16,1,3910,completed,5740485
16,1,3911,completed,5741526
16,1,3912,completed,5742110
16,1,3913,completed,5742944
16,1,3914,completed,5743277
16,1,3915,completed,5744235
16,1,3916,completed,5744735
16,1,3917,completed,5744651
16,1,3918,completed,5744693
16,1,3919,completed,5745027
16,1,3920,completed,5746485
16,1,3921,completed,5866443
16,1,3922,completed,5872276
16,1,3923,completed,5872818
16,1,3924,completed,5873443
16,1,3925,completed,5873610
16,1,3926,completed,5874360
16,1,3927,completed,5875360
16,1,3928,completed,5876360
16,1,3929,completed,5877235
16,1,3930,completed,5878235
16,1,3931,completed,5878152
16,1,3932,completed,5878693
16,1,3933,completed,5879819
16,1,3934,completed,5878360
16,1,3935,completed,5879026
16,1,3936,completed,5880194
16,1,3937,completed,6596192
16,1,3938,completed,6597566
16,1,3939,completed,6599775
16,1,3940,completed,6601067
16,1,3941,completed,6603233
16,1,3942,completed,6604900
16,1,3943,completed,6606275
16,1,3944,completed,6608400
16,1,3945,completed,6610608
16,1,3946,completed,6612650
16,1,3947,completed,6614233
16,1,3948,completed,6616233
16,1,3949,completed,6617941
16,1,3950,completed,6619483
16,1,3951,completed,6621566
16,1,3952,completed,6623399
16,1,3953,completed,6607150
16,1,3954,completed,6608066
16,1,3955,completed,6608316
16,1,3956,completed,6608108
16,1,3957,completed,6608525
16,1,3958,completed,6608649
16,1,3959,completed,6608608
16,1,3960,completed,6608858
16,1,3961,completed,6609692
16,1,3962,completed,6610149
16,1,3963,completed,6610191
16,1,3964,completed,6610608
16,1,3965,completed,6610608
16,1,3966,completed,6610525
16,1,3967,completed,6610608
16,1,3968,completed,6610650
16,1,3969,completed,6025984
16,1,3970,completed,6037359
16,1,3971,completed,6039526
16,1,3972,completed,6041568
16,1,3973,completed,6043943
16,1,3974,completed,6046068
16,1,3975,completed,6047401
16,1,3976,completed,6049484
16,1,3977,completed,6051860
16,1,3978,completed,6054651
16,1,3979,completed,6056026
16,1,3980,completed,6058026
16,1,3981,completed,6059401
16,1,3982,completed,6060942
16,1,3983,completed,6062943
16,1,3984,completed,6065318
16,1,3985,completed,7758021
16,1,3986,completed,7784230
16,1,3987,completed,7785813
16,1,3988,completed,7786480
16,1,3989,completed,7788521
16,1,3990,completed,7789897
16,1,3991,completed,7791188
16,1,3992,completed,7792855
16,1,3993,completed,7794022
16,1,3994,completed,7795814
16,1,3995,completed,7797064
16,1,3996,completed,7798730
16,1,3997,completed,7800814
16,1,3998,completed,7802480
16,1,3999,completed,7803980
16,1,4000,completed,7805688
16,1,4001,completed,5933401
16,1,4002,completed,5928652
16,1,4003,completed,5928526
16,1,4004,completed,5927943
16,1,4005,completed,5928110
16,1,4006,completed,5927902
16,1,4007,completed,5927735
16,1,4008,completed,5927694
16,1,4009,completed,5927485
16,1,4010,completed,5927527
16,1,4011,completed,5927527
16,1,4012,completed,5927902
16,1,4013,completed,5927944
16,1,4014,completed,5928235
16,1,4015,completed,5928360
16,1,4016,completed,5928444
16,1,4017,completed,5991735
16,1,4018,completed,6037401
16,1,4019,completed,6039401
16,1,4020,completed,6040401
16,1,4021,completed,6042942
16,1,4022,completed,6044568
16,1,4023,completed,6046443
16,1,4024,completed,6048567
16,1,4025,completed,6050110
16,1,4026,completed,6052234
16,1,4027,completed,6053901
16,1,4028,completed,6056818
16,1,4029,completed,6059109
16,1,4030,completed,6061360
16,1,4031,completed,6094985
16,1,4032,completed,6118068
16,1,4033,completed,5988985
16,1,4034,completed,6006193
16,1,4035,completed,6007485
16,1,4036,completed,6007276
16,1,4037,completed,6008818
16,1,4038,completed,6009068
16,1,4039,completed,6009610
16,1,4040,completed,6010360
16,1,4041,completed,6010526
16,1,4042,completed,6009818
16,1,4043,completed,6010276
16,1,4044,completed,6011693
16,1,4045,completed,6013360
16,1,4046,completed,6014401
16,1,4047,completed,6014817
16,1,4048,completed,6007360
16,1,4049,completed,5869485
16,1,4050,completed,5896277
16,1,4051,completed,5897277
16,1,4052,completed,5897277
16,1,4053,completed,5898652
16,1,4054,completed,5899651
16,1,4055,completed,5900360
16,1,4056,completed,5901860
16,1,4057,completed,5902485
16,1,4058,completed,5903485
16,1,4059,completed,5904401
16,1,4060,completed,5905694
16,1,4061,completed,5907526
16,1,4062,completed,5909277
16,1,4063,completed,5910360
16,1,4064,completed,5895777
16,1,4065,completed,5982610
16,1,4066,completed,6011693
16,1,4067,completed,6013817
16,1,4068,completed,6014943
16,1,4069,completed,6017401
16,1,4070,completed,6019360
16,1,4071,completed,6021818
16,1,4072,completed,6024026
16,1,4073,completed,6025693
16,1,4074,completed,6028234
16,1,4075,completed,6029984
16,1,4076,completed,6032484
16,1,4077,completed,6035401
16,1,4078,completed,6037568
16,1,4079,completed,6039193
16,1,4080,completed,6001402
16,1,4081,completed,5837276
16,1,4082,completed,5856235
16,1,4083,completed,5857110
16,1,4084,completed,5857068
16,1,4085,completed,5858277
16,1,4086,completed,5858652
16,1,4087,completed,5859110
16,1,4088,completed,5859902
16,1,4089,completed,5860277
16,1,4090,completed,5861110
16,1,4091,completed,5861735
16,1,4092,completed,5862235
16,1,4093,completed,5863068
16,1,4094,completed,5863944
16,1,4095,completed,5864110
16,1,4096,completed,5865151
16,1,4097,completed,5976068
16,1,4098,completed,5996359
16,1,4099,completed,5998277
16,1,4100,completed,5999568
16,1,4101,completed,6002318
16,1,4102,completed,6004276
16,1,4103,completed,6006193
16,1,4104,completed,6008401
16,1,4105,completed,6009984
16,1,4106,completed,6011860
16,1,4107,completed,6013485
16,1,4108,completed,6015484
16,1,4109,completed,6017652
16,1,4110,completed,6019818
16,1,4111,completed,6021610
16,1,4112,completed,6023609
16,1,4113,completed,5559986
16,1,4114,completed,5572986
16,1,4115,completed,5573903
16,1,4116,completed,5573985
16,1,4117,completed,5574527
16,1,4118,completed,5574527
16,1,4119,completed,5574819
16,1,4120,completed,5575236
16,1,4121,completed,5575569
16,1,4122,completed,5576069
16,1,4123,completed,5576444
16,1,4124,completed,5577110
16,1,4125,completed,5577611
16,1,4126,completed,5577569
16,1,4127,completed,5577528
16,1,4128,completed,5577819
16,1,4129,completed,6210067
16,1,4130,completed,6228275
16,1,4131,completed,6229651
16,1,4132,completed,6230650
16,1,4133,completed,6232484
16,1,4134,completed,6233942
16,1,4135,completed,6235650
16,1,4136,completed,6237859
16,1,4137,completed,6239275
16,1,4138,completed,6241068
16,1,4139,completed,6242525
16,1,4140,completed,6244443
16,1,4141,completed,6259900
16,1,4142,completed,6261984
16,1,4143,completed,6263400
16,1,4144,completed,6265234
16,1,4145,completed,5902943
16,1,4146,completed,5904985
16,1,4147,completed,5905068
16,1,4148,completed,5904735
16,1,4149,completed,5905360
16,1,4150,completed,5905444
16,1,4151,completed,5905944
16,1,4152,completed,5906652
16,1,4153,completed,5906819
16,1,4154,completed,5921235
16,1,4155,completed,5921610
16,1,4156,completed,5922193
16,1,4157,completed,5922693
16,1,4158,completed,5949901
16,1,4159,completed,5951443
16,1,4160,completed,6014151
16,1,4161,completed,5972859
16,1,4162,completed,6009860
16,1,4163,completed,6011818
16,1,4164,completed,6013359
16,1,4165,completed,6015734
16,1,4166,completed,6016276
16,1,4167,completed,6017901
16,1,4168,completed,6019901
16,1,4169,completed,6021693
16,1,4170,completed,6024067
16,1,4171,completed,6025942
16,1,4172,completed,5975693
16,1,4173,completed,5977818
16,1,4174,completed,5980027
16,1,4175,completed,5981526
16,1,4176,completed,5964943
16,1,4177,completed,5884485
16,1,4178,completed,5882193
16,1,4179,completed,5882110
16,1,4180,completed,5881485
16,1,4181,completed,5882069
16,1,4182,completed,5882027
16,1,4183,completed,5882026
16,1,4184,completed,5882235
16,1,4185,completed,5882152
16,1,4186,completed,5882360
16,1,4187,completed,5882985
16,1,4188,completed,5883902
16,1,4189,completed,5884818
16,1,4190,completed,5885526
16,1,4191,completed,5885068
16,1,4192,completed,5886318
16,1,4193,completed,6090943
16,1,4194,completed,6112151
16,1,4195,completed,6113776
16,1,4196,completed,6114776
16,1,4197,completed,6117193
16,1,4198,completed,6118734
16,1,4199,completed,6120067
16,1,4200,completed,6121901
16,1,4201,completed,6123692
16,1,4202,completed,6125859
16,1,4203,completed,6127526
16,1,4204,completed,6129651
16,1,4205,completed,6131610
16,1,4206,completed,6134026
16,1,4207,completed,6135735
16,1,4208,completed,6138484
16,1,4209,completed,5802068
16,1,4210,completed,5809276
16,1,4211,completed,5810402
16,1,4212,completed,5823568
16,1,4213,completed,5825151
16,1,4214,completed,5826110
16,1,4215,completed,5827402
16,1,4216,completed,5828818
16,1,4217,completed,5829818
16,1,4218,completed,5831277
16,1,4219,completed,5832443
16,1,4220,completed,5834527
16,1,4221,completed,5835985
16,1,4222,completed,5885777
16,1,4223,completed,5895360
16,1,4224,completed,5896735
16,1,4225,completed,5908568
16,1,4226,completed,5907568
16,1,4227,completed,5907068
16,1,4228,completed,5906193
16,1,4229,completed,5906151
16,1,4230,completed,5905401
16,1,4231,completed,5904984
16,1,4232,completed,5904818
16,1,4233,completed,5904193
16,1,4234,completed,5903735
16,1,4235,completed,5896277
16,1,4236,completed,5896318
16,1,4237,completed,5895776
16,1,4238,completed,5870860
16,1,4239,completed,5862401
16,1,4240,completed,5862068
16,1,4241,completed,5995068
16,1,4242,completed,6033318
16,1,4243,completed,6035401
16,1,4244,completed,6036443
16,1,4245,completed,6039318
16,1,4246,completed,6041193
16,1,4247,completed,6043151
16,1,4248,completed,6045359
16,1,4249,completed,6047026
16,1,4250,completed,6049277
16,1,4251,completed,6051027
16,1,4252,completed,6053402
16,1,4253,completed,6055735
16,1,4254,completed,6058026
16,1,4255,completed,6059776
16,1,4256,completed,6062234
16,1,4257,completed,5306861
16,1,4258,completed,5299153
16,1,4259,completed,5298486
16,1,4260,completed,5297695
16,1,4261,completed,5297528
16,1,4262,completed,5296903
16,1,4263,completed,5296320
16,1,4264,completed,5296112
16,1,4265,completed,5295695
16,1,4266,completed,5295487
16,1,4267,completed,5287653
16,1,4268,completed,5287570
16,1,4269,completed,5287362
16,1,4270,completed,5287778
16,1,4271,completed,5287361
16,1,4272,completed,5287028
16,1,4273,completed,5970943
16,1,4274,completed,5974026
16,1,4275,completed,5974485
16,1,4276,completed,5974693
16,1,4277,completed,5975735
16,1,4278,completed,5976568
16,1,4279,completed,5977401
16,1,4280,completed,5978318
16,1,4281,completed,5978860
16,1,4282,completed,5979943
16,1,4283,completed,5980651
16,1,4284,completed,5981651
16,1,4285,completed,5982568
16,1,4286,completed,5983734
16,1,4287,completed,5984360
16,1,4288,completed,5985151
16,1,4289,completed,6450276
16,1,4290,completed,6463859
16,1,4291,completed,6465275
16,1,4292,completed,6465775
16,1,4293,completed,6467483
16,1,4294,completed,6468442
16,1,4295,completed,6469775
16,1,4296,completed,6470983
16,1,4297,completed,6472108
16,1,4298,completed,6473650
16,1,4299,completed,6474484
16,1,4300,completed,6475942
16,1,4301,completed,6477358
16,1,4302,completed,6478525
16,1,4303,completed,6479525
16,1,4304,completed,6480900
16,1,4305,completed,5969902
16,1,4306,completed,5976402
16,1,4307,completed,5977193
16,1,4308,completed,5977443
16,1,4309,completed,5978401
16,1,4310,completed,5978777
16,1,4311,completed,5979318
16,1,4312,completed,5980234
16,1,4313,completed,5980818
16,1,4314,completed,5981734
16,1,4315,completed,5982610
16,1,4316,completed,5983859
16,1,4317,completed,5985068
16,1,4318,completed,5986443
16,1,4319,completed,6013568
16,1,4320,completed,6014735
16,1,4321,completed,6012860
16,1,4322,completed,6036776
16,1,4323,completed,6037859
16,1,4324,completed,6038026
16,1,4325,completed,6039735
16,1,4326,completed,6040443
16,1,4327,completed,6041109
16,1,4328,completed,6042317
16,1,4329,completed,6042943
16,1,4330,completed,6044110
16,1,4331,completed,6044776
16,1,4332,completed,6045984
16,1,4333,completed,6047401
16,1,4334,completed,6048651
16,1,4335,completed,6049318
16,1,4336,completed,6050818
16,1,4337,completed,5864527
16,1,4338,completed,5875569
16,1,4339,completed,5876526
16,1,4340,completed,5876735
16,1,4341,completed,5877860
16,1,4342,completed,5878360
16,1,4343,completed,5879318
16,1,4344,completed,5880110
16,1,4345,completed,5880735
16,1,4346,completed,5881901
16,1,4347,completed,5882693
16,1,4348,completed,5883902
16,1,4349,completed,5884652
16,1,4350,completed,5885694
16,1,4351,completed,5886151
16,1,4352,completed,5887151
16,1,4353,completed,5996318
16,1,4354,completed,6004318
16,1,4355,completed,6005276
16,1,4356,completed,6005443
16,1,4357,completed,6006568
16,1,4358,completed,6007234
16,1,4359,completed,6008026
16,1,4360,completed,6008818
16,1,4361,completed,6009401
16,1,4362,completed,6010693
16,1,4363,completed,6011276
16,1,4364,completed,6012318
16,1,4365,completed,6013526
16,1,4366,completed,6014610
16,1,4367,completed,6015067
16,1,4368,completed,6022067
16,1,4369,completed,6038651
16,1,4370,completed,6057193
16,1,4371,completed,6058901
16,1,4372,completed,6059776
16,1,4373,completed,6061901
16,1,4374,completed,6063443
16,1,4375,completed,6064818
16,1,4376,completed,6066610
16,1,4377,completed,6068026
16,1,4378,completed,6069859
16,1,4379,completed,6071318
16,1,4380,completed,6073359
16,1,4381,completed,6075526
16,1,4382,completed,6077235
16,1,4383,completed,6072443
16,1,4384,completed,6074443
16,1,4385,completed,5820777
16,1,4386,completed,5832110
16,1,4387,completed,5833860
16,1,4388,completed,5835152
16,1,4389,completed,5837568
16,1,4390,completed,5839360
16,1,4391,completed,5841068
16,1,4392,completed,5842985
16,1,4393,completed,5844526
16,1,4394,completed,5846568
16,1,4395,completed,5848193
16,1,4396,completed,5863776
16,1,4397,completed,5866235
16,1,4398,completed,5868235
16,1,4399,completed,5869818
16,1,4400,completed,5900610
16,1,4401,completed,5915151
16,1,4402,completed,5918110
16,1,4403,completed,5917485
16,1,4404,completed,5916693
16,1,4405,completed,5916901
16,1,4406,completed,5916234
16,1,4407,completed,5915985
16,1,4408,completed,5915818
16,1,4409,completed,5913276
16,1,4410,completed,5913693
16,1,4411,completed,5912527
16,1,4412,completed,5913193
16,1,4413,completed,5906109
16,1,4414,completed,5906359
16,1,4415,completed,5905818
16,1,4416,completed,5905610
16,1,4417,completed,5994485
16,1,4418,completed,6035651
16,1,4419,completed,6037068
16,1,4420,completed,6038651
16,1,4421,completed,6041193
16,1,4422,completed,6043235
16,1,4423,completed,6045442
16,1,4424,completed,6047901
16,1,4425,completed,6049526
16,1,4426,completed,6051734
16,1,4427,completed,6053443
16,1,4428,completed,6055943
16,1,4429,completed,6058359
16,1,4430,completed,6060693
16,1,4431,completed,6062401
16,1,4432,completed,6064651
16,1,4433,completed,5893527
16,1,4434,completed,5917985
16,1,4435,completed,5919694
16,1,4436,completed,5920319
16,1,4437,completed,5922902
16,1,4438,completed,5924609
16,1,4439,completed,5926068
16,1,4440,completed,5927860
16,1,4441,completed,5928943
16,1,4442,completed,5930734
16,1,4443,completed,5932026
16,1,4444,completed,5933693
16,1,4445,completed,5935818
16,1,4446,completed,5937484
16,1,4447,completed,5937943
16,1,4448,completed,5938735
16,1,4449,completed,5849943
16,1,4450,completed,5853818
16,1,4451,completed,5854235
16,1,4452,completed,5854152
16,1,4453,completed,5854943
16,1,4454,completed,5855277
16,1,4455,completed,5855610
16,1,4456,completed,5856527
16,1,4457,completed,5856818
16,1,4458,completed,5857693
16,1,4459,completed,5857943
16,1,4460,completed,5858735
16,1,4461,completed,5858276
16,1,4462,completed,5859151
16,1,4463,completed,5859693
16,1,4464,completed,5860652
16,1,4465,completed,6037359
16,1,4466,completed,6075318
16,1,4467,completed,6077693
16,1,4468,completed,6079109
16,1,4469,completed,6081442
16,1,4470,completed,6083318
16,1,4471,completed,6085485
16,1,4472,completed,6088026
16,1,4473,completed,6089817
16,1,4474,completed,6092110
16,1,4475,completed,6093943
16,1,4476,completed,6096276
16,1,4477,completed,6098443
16,1,4478,completed,6100818
16,1,4479,completed,6102692
16,1,4480,completed,6105026
16,1,4481,completed,5834068
16,1,4482,completed,5836318
16,1,4483,completed,5836651
16,1,4484,completed,5836402
16,1,4485,completed,5837360
16,1,4486,completed,5837985
16,1,4487,completed,5838360
16,1,4488,completed,5839235
16,1,4489,completed,5839276
16,1,4490,completed,5839819
16,1,4491,completed,5840152
16,1,4492,completed,5840944
16,1,4493,completed,5841444
16,1,4494,completed,5842110
16,1,4495,completed,5842485
16,1,4496,completed,5843277
16,1,4497,completed,6184067
16,1,4498,completed,6202943
16,1,4499,completed,6204692
16,1,4500,completed,6206026
16,1,4501,completed,6207859
16,1,4502,completed,6209400
16,1,4503,completed,6211068
16,1,4504,completed,6242275
16,1,4505,completed,6244318
16,1,4506,completed,6246484
16,1,4507,completed,6248192
16,1,4508,completed,6250234
16,1,4509,completed,6283942
16,1,4510,completed,6288526
16,1,4511,completed,6303108
16,1,4512,completed,6305484
16,1,4513,completed,5694819
16,1,4514,completed,5695777
16,1,4515,completed,5695569
16,1,4516,completed,5695152
16,1,4517,completed,5695277
16,1,4518,completed,5695318
16,1,4519,completed,5695152
16,1,4520,completed,5695361
16,1,4521,completed,5695194
16,1,4522,completed,5695652
16,1,4523,completed,5693860
16,1,4524,completed,5694777
16,1,4525,completed,5695610
16,1,4526,completed,5652277
16,1,4527,completed,5651444
16,1,4528,completed,5651902
16,1,4529,completed,5933485
16,1,4530,completed,5943651
16,1,4531,completed,5944610
16,1,4532,completed,5944610
16,1,4533,completed,5946110
16,1,4534,completed,5946819
16,1,4535,completed,5947651
16,1,4536,completed,5948610
16,1,4537,completed,5949276
16,1,4538,completed,5950277
16,1,4539,completed,5951068
16,1,4540,completed,5952109
16,1,4541,completed,5953651
16,1,4542,completed,5954901
16,1,4543,completed,5955276
16,1,4544,completed,5956318
16,1,4545,completed,5954402
16,1,4546,completed,5964860
16,1,4547,completed,5965901
16,1,4548,completed,5966068
16,1,4549,completed,5967860
16,1,4550,completed,5968359
16,1,4551,completed,5969360
16,1,4552,completed,5970485
16,1,4553,completed,5971109
16,1,4554,completed,5972193
16,1,4555,completed,5973068
16,1,4556,completed,5974193
16,1,4557,completed,5975318
16,1,4558,completed,5976318
16,1,4559,completed,5977152
16,1,4560,completed,5978609
16,1,4561,completed,5931818
16,1,4562,completed,5942235
16,1,4563,completed,5943734
16,1,4564,completed,5944859
16,1,4565,completed,5946860
16,1,4566,completed,5948235
16,1,4567,completed,5949777
16,1,4568,completed,5951776
16,1,4569,completed,5953360
16,1,4570,completed,5955402
16,1,4571,completed,5957235
16,1,4572,completed,5959401
16,1,4573,completed,5961526
16,1,4574,completed,5963735
16,1,4575,completed,5965318
16,1,4576,completed,5967026
16,1,4577,completed,5398903
16,1,4578,completed,5403486
16,1,4579,completed,5403111
16,1,4580,completed,5402694
16,1,4581,completed,5403236
16,1,4582,completed,5403694
16,1,4583,completed,5403777
16,1,4584,completed,5403861
16,1,4585,completed,5403778
16,1,4586,completed,5404319
16,1,4587,completed,5404403
16,1,4588,completed,5405111
16,1,4589,completed,5405361
16,1,4590,completed,5405986
16,1,4591,completed,5405986
16,1,4592,completed,5406069
16,1,4593,completed,6166276
16,1,4594,completed,6199692
16,1,4595,completed,6202026
16,1,4596,completed,6203525
16,1,4597,completed,6206067
16,1,4598,completed,6207817
16,1,4599,completed,6210026
16,1,4600,completed,6212401
16,1,4601,completed,6214234
16,1,4602,completed,6216651
16,1,4603,completed,6218692
16,1,4604,completed,6221234
16,1,4605,completed,6224400
16,1,4606,completed,6227109
16,1,4607,completed,6229568
16,1,4608,completed,6232193
16,1,4609,completed,6399608
16,1,4610,completed,6406067
16,1,4611,completed,6406692
16,1,4612,completed,6406817
16,1,4613,completed,6408650
16,1,4614,completed,6409276
16,1,4615,completed,6409901
16,1,4616,completed,6411067
16,1,4617,completed,6411359
16,1,4618,completed,6412608
16,1,4619,completed,6413067
16,1,4620,completed,6413817
16,1,4621,completed,6415025
16,1,4622,completed,6415650
16,1,4623,completed,6415942
16,1,4624,completed,6416775
16,1,4625,completed,5810652
16,1,4626,completed,5854069
16,1,4627,completed,5856027
16,1,4628,completed,5856277
16,1,4629,completed,5857901
16,1,4630,completed,5858527
16,1,4631,completed,5859318
16,1,4632,completed,5860318
16,1,4633,completed,5860860
16,1,4634,completed,5862068
16,1,4635,completed,5861944
16,1,4636,completed,5863402
16,1,4637,completed,5863860
16,1,4638,completed,5865068
16,1,4639,completed,5866068
16,1,4640,completed,5867277
16,1,4641,completed,5913943
16,1,4642,completed,5946359
16,1,4643,completed,5948235
16,1,4644,completed,5949318
16,1,4645,completed,5951568
16,1,4646,completed,5953068
16,1,4647,completed,5955027
16,1,4648,completed,5957359
16,1,4649,completed,5958985
16,1,4650,completed,5958818
16,1,4651,completed,5960484
16,1,4652,completed,5963068
16,1,4653,completed,5965443
16,1,4654,completed,6012026
16,1,4655,completed,6025818
16,1,4656,completed,6027693
16,1,4657,completed,5847568
16,1,4658,completed,5843985
16,1,4659,completed,5843651
16,1,4660,completed,5842985
16,1,4661,completed,5842526
16,1,4662,completed,5842068
16,1,4663,completed,5841693
16,1,4664,completed,5841276
16,1,4665,completed,5840694
16,1,4666,completed,5840568
16,1,4667,completed,5840277
16,1,4668,completed,5840652
16,1,4669,completed,5840819
16,1,4670,completed,5816026
16,1,4671,completed,5814943
16,1,4672,completed,5815068
16,1,4673,completed,5846693
16,1,4674,completed,5854110
16,1,4675,completed,5854651
16,1,4676,completed,5854985
16,1,4677,completed,5856277
16,1,4678,completed,5856985
16,1,4679,completed,5857902
16,1,4680,completed,5858777
16,1,4681,completed,5859568
16,1,4682,completed,5860694
16,1,4683,completed,5861318
16,1,4684,completed,5862277
16,1,4685,completed,5863569
16,1,4686,completed,5864568
16,1,4687,completed,5865235
16,1,4688,completed,5866276
16,1,4689,completed,6103609
16,1,4690,completed,6118610
16,1,4691,completed,6119818
16,1,4692,completed,6120151
16,1,4693,completed,6121568
16,1,4694,completed,6122151
16,1,4695,completed,6122859
16,1,4696,completed,6124443
16,1,4697,completed,6125318
16,1,4698,completed,6126651
16,1,4699,completed,6127443
16,1,4700,completed,6128776
16,1,4701,completed,6129609
16,1,4702,completed,6131235
16,1,4703,completed,6132068
16,1,4704,completed,6132901
16,1,4705,completed,6024318
16,1,4706,completed,6039152
16,1,4707,completed,6039901
16,1,4708,completed,6040360
16,1,4709,completed,6039943
16,1,4710,completed,6040818
16,1,4711,completed,6041026
16,1,4712,completed,6040318
16,1,4713,completed,6040902
16,1,4714,completed,6041277
16,1,4715,completed,6041734
16,1,4716,completed,6035568
16,1,4717,completed,6036443
16,1,4718,completed,6037193
16,1,4719,completed,6037610
16,1,4720,completed,6038442
16,1,4721,completed,5888027
16,1,4722,completed,5907151
16,1,4723,completed,5921610
16,1,4724,completed,5923027
16,1,4725,completed,5925902
16,1,4726,completed,5927902
16,1,4727,completed,5929693
16,1,4728,completed,5932068
16,1,4729,completed,5933694
16,1,4730,completed,5935944
16,1,4731,completed,5937735
16,1,4732,completed,5940027
16,1,4733,completed,5942693
16,1,4734,completed,5944985
16,1,4735,completed,5946693
16,1,4736,completed,5948943
16,1,4737,completed,5970068
16,1,4738,completed,5975318
16,1,4739,completed,5976401
16,1,4740,completed,5976693
16,1,4741,completed,5978443
16,1,4742,completed,5979110
16,1,4743,completed,5980068
16,1,4744,completed,5981234
16,1,4745,completed,5981318
16,1,4746,completed,5983068
16,1,4747,completed,5984484
16,1,4748,completed,5986402
16,1,4749,completed,5987026
16,1,4750,completed,5988777
16,1,4751,completed,5988401
16,1,4752,completed,5990276
16,1,4753,completed,5840527
16,1,4754,completed,5842819
16,1,4755,completed,5842985
16,1,4756,completed,5842610
16,1,4757,completed,5842985
16,1,4758,completed,5842860
16,1,4759,completed,5842777
16,1,4760,completed,5843068
16,1,4761,completed,5842985
16,1,4762,completed,5843444
16,1,4763,completed,5843652
16,1,4764,completed,5844235
16,1,4765,completed,5844735
16,1,4766,completed,5845193
16,1,4767,completed,5845068
16,1,4768,completed,5845860
16,1,4769,completed,5995151
16,1,4770,completed,6020984
16,1,4771,completed,6022026
16,1,4772,completed,6022234
16,1,4773,completed,6023776
16,1,4774,completed,6024609
16,1,4775,completed,6025693
16,1,4776,completed,6027317
16,1,4777,completed,6028151
16,1,4778,completed,6029484
16,1,4779,completed,6030359
16,1,4780,completed,6031901
16,1,4781,completed,6033526
16,1,4782,completed,6034942
16,1,4783,completed,6035860
16,1,4784,completed,6037193
16,1,4785,completed,5466653
16,1,4786,completed,5476653
16,1,4787,completed,5478236
16,1,4788,completed,5479445
16,1,4789,completed,5481153
16,1,4790,completed,5482653
16,1,4791,completed,5484236
16,1,4792,completed,5485944
16,1,4793,completed,5487402
16,1,4794,completed,5488861
16,1,4795,completed,5490361
16,1,4796,completed,5492778
16,1,4797,completed,5495028
16,1,4798,completed,5497236
16,1,4799,completed,5498569
16,1,4800,completed,5496319
16,1,4801,completed,5871819
16,1,4802,completed,5872818
16,1,4803,completed,5872776
16,1,4804,completed,5872568
16,1,4805,completed,5873026
16,1,4806,completed,5873193
16,1,4807,completed,5873401
16,1,4808,completed,5873527
16,1,4809,completed,5873610
16,1,4810,completed,5874151
16,1,4811,completed,5874484
16,1,4812,completed,5874776
16,1,4813,completed,5874735
16,1,4814,completed,5874652
16,1,4815,completed,5874110
16,1,4816,completed,5873985
16,1,4817,completed,5946235
16,1,4818,completed,5969276
16,1,4819,completed,5971276
16,1,4820,completed,5972443
16,1,4821,completed,5975151
16,1,4822,completed,5977026
16,1,4823,completed,5978776
16,1,4824,completed,5980985
16,1,4825,completed,5982651
16,1,4826,completed,5985318
16,1,4827,completed,5987026
16,1,4828,completed,5989485
16,1,4829,completed,5992068
16,1,4830,completed,5994318
16,1,4831,completed,5996110
16,1,4832,completed,5998984
16,1,4833,completed,6395233
16,1,4834,completed,6398442
16,1,4835,completed,6399483
16,1,4836,completed,6400151
16,1,4837,completed,6401608
16,1,4838,completed,6402650
16,1,4839,completed,6403651
16,1,4840,completed,6405192
16,1,4841,completed,6406192
16,1,4842,completed,6407609
16,1,4843,completed,6408900
16,1,4844,completed,6410567
16,1,4845,completed,6412275
16,1,4846,completed,6413734
16,1,4847,completed,6414650
16,1,4848,completed,6416108
16,1,4849,completed,5949818
16,1,4850,completed,5948235
16,1,4851,completed,5948110
16,1,4852,completed,5947610
16,1,4853,completed,5947902
16,1,4854,completed,5947818
16,1,4855,completed,5948068
16,1,4856,completed,5948527
16,1,4857,completed,5948610
16,1,4858,completed,5949151
16,1,4859,completed,5949443
16,1,4860,completed,5950151
16,1,4861,completed,5950776
16,1,4862,completed,5951318
16,1,4863,completed,5951401
16,1,4864,completed,5951818
16,1,4865,completed,6067234
16,1,4866,completed,6077234
16,1,4867,completed,6077901
16,1,4868,completed,6078527
16,1,4869,completed,6079568
16,1,4870,completed,6080193
16,1,4871,completed,6081068
16,1,4872,completed,6082026
16,1,4873,completed,6082651
16,1,4874,completed,6083901
16,1,4875,completed,6084526
16,1,4876,completed,6085860
16,1,4877,completed,6087068
16,1,4878,completed,6088067
16,1,4879,completed,6088818
16,1,4880,completed,6089735
16,1,4881,completed,5855693
16,1,4882,completed,5865277
16,1,4883,completed,5866652
16,1,4884,completed,5867485
16,1,4885,completed,5868860
16,1,4886,completed,5870360
16,1,4887,completed,5871943
16,1,4888,completed,5873652
16,1,4889,completed,5875318
16,1,4890,completed,5877443
16,1,4891,completed,5878985
16,1,4892,completed,5881193
16,1,4893,completed,5883068
16,1,4894,completed,5884860
16,1,4895,completed,5886402
16,1,4896,completed,5888151
16,1,4897,completed,5986984
16,1,4898,completed,6003277
16,1,4899,completed,6004152
16,1,4900,completed,6004735
16,1,4901,completed,6006026
16,1,4902,completed,6007026
16,1,4903,completed,6007901
16,1,4904,completed,6009318
16,1,4905,completed,6010234
16,1,4906,completed,6011735
16,1,4907,completed,6012943
16,1,4908,completed,6014526
16,1,4909,completed,6016026
16,1,4910,completed,6017360
16,1,4911,completed,6043734
16,1,4912,completed,6066568
16,1,4913,completed,5911819
16,1,4914,completed,5913068
16,1,4915,completed,5913026
16,1,4916,completed,5912568
16,1,4917,completed,5912610
16,1,4918,completed,5912277
16,1,4919,completed,5912277
16,1,4920,completed,5912110
16,1,4921,completed,5909777
16,1,4922,completed,5910443
16,1,4923,completed,5910819
16,1,4924,completed,5911694
16,1,4925,completed,5902360
16,1,4926,completed,5902485
16,1,4927,completed,5902235
16,1,4928,completed,5896652
16,1,4929,completed,5944402
16,1,4930,completed,5947026
16,1,4931,completed,5947526
16,1,4932,completed,5947651
16,1,4933,completed,5948651
16,1,4934,completed,5949026
16,1,4935,completed,5949485
16,1,4936,completed,5949860
16,1,4937,completed,5948943
16,1,4938,completed,5949693
16,1,4939,completed,5949526
16,1,4940,completed,5950609
16,1,4941,completed,5951110
16,1,4942,completed,5952109
16,1,4943,completed,5952443
16,1,4944,completed,5953277
16,1,4945,completed,5966652
16,1,4946,completed,5982734
16,1,4947,completed,5983651
16,1,4948,completed,5984026
16,1,4949,completed,5985859
16,1,4950,completed,5986693
16,1,4951,completed,5987318
16,1,4952,completed,5988318
16,1,4953,completed,5989027
16,1,4954,completed,5990026
16,1,4955,completed,5990818
16,1,4956,completed,5992109
16,1,4957,completed,5993776
16,1,4958,completed,6001526
16,1,4959,completed,6002359
16,1,4960,completed,6003567
16,1,4961,completed,5354028
16,1,4962,completed,5363319
16,1,4963,completed,5364944
16,1,4964,completed,5366195
16,1,4965,completed,5367903
16,1,4966,completed,5369528
16,1,4967,completed,5370945
16,1,4968,completed,5372903
16,1,4969,completed,5374528
16,1,4970,completed,5376403
16,1,4971,completed,5378028
16,1,4972,completed,5380153
16,1,4973,completed,5381945
16,1,4974,completed,5383903
16,1,4975,completed,5385194
16,1,4976,completed,5386695
16,1,4977,completed,6320317
16,1,4978,completed,6321942
16,1,4979,completed,6321942
16,1,4980,completed,6321650
16,1,4981,completed,6322067
16,1,4982,completed,6322275
16,1,4983,completed,6322650
16,1,4984,completed,6323067
16,1,4985,completed,6323150
16,1,4986,completed,6323817
16,1,4987,completed,6324150
16,1,4988,completed,6325192
16,1,4989,completed,6325692
16,1,4990,completed,6326276
16,1,4991,completed,6326651
16,1,4992,completed,6327067
16,1,4993,completed,6163442
16,1,4994,completed,6186567
16,1,4995,completed,6188734
16,1,4996,completed,6202859
16,1,4997,completed,6205484
16,1,4998,completed,6207359
16,1,4999,completed,6209276
16,1,5000,completed,6211443
16,1,5001,completed,6213067
16,1,5002,completed,6215234
16,1,5003,completed,6217193
16,1,5004,completed,6219442
16,1,5005,completed,6221818
16,1,5006,completed,6224067
16,1,5007,completed,6225818
16,1,5008,completed,6274192
16,1,5009,completed,5901318
16,1,5010,completed,5904902
16,1,5011,completed,5905526
16,1,5012,completed,5905652
16,1,5013,completed,5906652
16,1,5014,completed,5907235
16,1,5015,completed,5907943
16,1,5016,completed,5908818
16,1,5017,completed,5902485
16,1,5018,completed,5903776
16,1,5019,completed,5953860
16,1,5020,completed,5955818
16,1,5021,completed,5957943
16,1,5022,completed,5959609
16,1,5023,completed,5960818
16,1,5024,completed,5960985
16,1,5025,completed,5932860
16,1,5026,completed,5948444
16,1,5027,completed,5949027
16,1,5028,completed,5948818
16,1,5029,completed,5949985
16,1,5030,completed,5950527
16,1,5031,completed,5951026
16,1,5032,completed,5952027
16,1,5033,completed,5952235
16,1,5034,completed,5953068
16,1,5035,completed,5953319
16,1,5036,completed,5953985
16,1,5037,completed,5954277
16,1,5038,completed,5955276
16,1,5039,completed,5955194
16,1,5040,completed,5955485
16,1,5041,completed,5895985
16,1,5042,completed,5910443
16,1,5043,completed,5911526
16,1,5044,completed,5911568
16,1,5045,completed,5912944
16,1,5046,completed,5913777
16,1,5047,completed,5914776
16,1,5048,completed,5915860
16,1,5049,completed,5916360
16,1,5050,completed,5917693
16,1,5051,completed,5925693
16,1,5052,completed,5927235
16,1,5053,completed,5929069
16,1,5054,completed,5930360
16,1,5055,completed,5931068
16,1,5056,completed,5932235
16,1,5057,completed,5950151
16,1,5058,completed,5966235
16,1,5059,completed,5967735
16,1,5060,completed,5968318
16,1,5061,completed,5969818
16,1,5062,completed,5970943
16,1,5063,completed,5971776
16,1,5064,completed,5972984
16,1,5065,completed,5973818
16,1,5066,completed,5975234
16,1,5067,completed,5976109
16,1,5068,completed,5977401
16,1,5069,completed,5978568
16,1,5070,completed,5979818
16,1,5071,completed,5980526
16,1,5072,completed,5981484
16,1,5073,completed,5860901
16,1,5074,completed,5872110
16,1,5075,completed,5873443
16,1,5076,completed,5874610
16,1,5077,completed,5876860
16,1,5078,completed,5878610
16,1,5079,completed,5880193
16,1,5080,completed,5882193
16,1,5081,completed,5883860
16,1,5082,completed,5886110
16,1,5083,completed,5887776
16,1,5084,completed,5889860
16,1,5085,completed,5892110
16,1,5086,completed,5893985
16,1,5087,completed,5895694
16,1,5088,completed,5897527
16,1,5089,completed,5939651
16,1,5090,completed,5948943
16,1,5091,completed,5949693
16,1,5092,completed,5950401
16,1,5093,completed,5952276
16,1,5094,completed,5953443
16,1,5095,completed,5954485
16,1,5096,completed,5955610
16,1,5097,completed,5956693
16,1,5098,completed,5958110
16,1,5099,completed,5959235
16,1,5100,completed,5960943
16,1,5101,completed,5962527
16,1,5102,completed,5963901
16,1,5103,completed,5964901
16,1,5104,completed,5981026
16,1,5105,completed,5913484
16,1,5106,completed,5925860
16,1,5107,completed,5926568
16,1,5108,completed,5926694
16,1,5109,completed,5912360
16,1,5110,completed,5912194
16,1,5111,completed,5912277
16,1,5112,completed,5912652
16,1,5113,completed,5912485
16,1,5114,completed,5912777
16,1,5115,completed,5912860
16,1,5116,completed,5913568
16,1,5117,completed,5914027
16,1,5118,completed,5915027
16,1,5119,completed,5915193
16,1,5120,completed,5915860
16,1,5121,completed,5979401
16,1,5122,completed,5985693
16,1,5123,completed,5986860
16,1,5124,completed,5987068
16,1,5125,completed,5988276
16,1,5126,completed,5989026
16,1,5127,completed,5989859
16,1,5128,completed,5990984
16,1,5129,completed,5991776
16,1,5130,completed,5993110
16,1,5131,completed,5993693
16,1,5132,completed,5994984
16,1,5133,completed,5996235
16,1,5134,completed,6007735
16,1,5135,completed,6008359
16,1,5136,completed,6009359
16,1,5137,completed,5899110
16,1,5138,completed,5908360
16,1,5139,completed,5909069
16,1,5140,completed,5909318
16,1,5141,completed,5910235
16,1,5142,completed,5910610
16,1,5143,completed,5911443
16,1,5144,completed,5912193
16,1,5145,completed,5912777
16,1,5146,completed,5913943
16,1,5147,completed,5914693
16,1,5148,completed,5915694
16,1,5149,completed,5917193
16,1,5150,completed,5918569
16,1,5151,completed,5919027
16,1,5152,completed,5919694
16,1,5153,completed,5952568
16,1,5154,completed,5962735
16,1,5155,completed,5964194
16,1,5156,completed,5965235
16,1,5157,completed,5966902
16,1,5158,completed,5968277
16,1,5159,completed,5969402
16,1,5160,completed,5970776
16,1,5161,completed,5972026
16,1,5162,completed,5973651
16,1,5163,completed,5974943
16,1,5164,completed,5976401
16,1,5165,completed,5977985
16,1,5166,completed,5979443
16,1,5167,completed,5980776
16,1,5168,completed,5982401
16,1,5169,completed,5909402
16,1,5170,completed,5909277
16,1,5171,completed,5909860
16,1,5172,completed,5910443
16,1,5173,completed,5911152
16,1,5174,completed,5912027
16,1,5175,completed,5912902
16,1,5176,completed,5913776
16,1,5177,completed,5914610
16,1,5178,completed,5915610
16,1,5179,completed,5916485
16,1,5180,completed,5917443
16,1,5181,completed,5918443
16,1,5182,completed,5919360
16,1,5183,completed,5920235
16,1,5184,completed,5955985
16,1,5185,completed,5993109
16,1,5186,completed,5996068
16,1,5187,completed,5996443
16,1,5188,completed,5996693
16,1,5189,completed,5998026
16,1,5190,completed,5998651
16,1,5191,completed,5999151
16,1,5192,completed,5999859
16,1,5193,completed,6000401
16,1,5194,completed,6001318
16,1,5195,completed,6001901
16,1,5196,completed,6002526
16,1,5197,completed,6003234
16,1,5198,completed,6004110
16,1,5199,completed,6004693
16,1,5200,completed,5981401
16,1,5201,completed,5945444
16,1,5202,completed,5945277
16,1,5203,completed,5946193
16,1,5204,completed,5947068
16,1,5205,completed,5948318
16,1,5206,completed,5949568
16,1,5207,completed,5950735
16,1,5208,completed,5952068
16,1,5209,completed,5953151
16,1,5210,completed,5954276
16,1,5211,completed,5955193
16,1,5212,completed,5956235
16,1,5213,completed,5957235
16,1,5214,completed,5958402
16,1,5215,completed,5959235
16,1,5216,completed,5959818
16,1,5217,completed,6022360
16,1,5218,completed,6029610
16,1,5219,completed,6030527
16,1,5220,completed,6031234
16,1,5221,completed,6032110
16,1,5222,completed,6033110
16,1,5223,completed,6034027
16,1,5224,completed,6046610
16,1,5225,completed,6047735
16,1,5226,completed,6049110
16,1,5227,completed,6050318
16,1,5228,completed,6121318
16,1,5229,completed,6135151
16,1,5230,completed,6136026
16,1,5231,completed,6136235
16,1,5232,completed,6136942
16,1,5233,completed,5891026
16,1,5234,completed,5899734
16,1,5235,completed,5900360
16,1,5236,completed,5900526
16,1,5237,completed,5900985
16,1,5238,completed,5901235
16,1,5239,completed,5901776
16,1,5240,completed,5902444
16,1,5241,completed,5902860
16,1,5242,completed,5903569
16,1,5243,completed,5904194
16,1,5244,completed,5815735
16,1,5245,completed,5814443
16,1,5246,completed,5815693
16,1,5247,completed,5816651
16,1,5248,completed,5817360
16,1,5249,completed,5896152
16,1,5250,completed,5903276
16,1,5251,completed,5903943
16,1,5252,completed,5904526
16,1,5253,completed,5905359
16,1,5254,completed,5905693
16,1,5255,completed,5906151
16,1,5256,completed,5906777
16,1,5257,completed,5907235
16,1,5258,completed,5907859
16,1,5259,completed,5908485
16,1,5260,completed,5909068
16,1,5261,completed,5909609
16,1,5262,completed,5909526
16,1,5263,completed,5909651
16,1,5264,completed,5910193
16,1,5265,completed,5960443
16,1,5266,completed,5960401
16,1,5267,completed,5960401
16,1,5268,completed,5960193
16,1,5269,completed,5960318
16,1,5270,completed,5960277
16,1,5271,completed,5960526
16,1,5272,completed,5960818
16,1,5273,completed,5960943
16,1,5274,completed,5961276
16,1,5275,completed,5961276
16,1,5276,completed,5961401
16,1,5277,completed,5961276
16,1,5278,completed,5961235
16,1,5279,completed,5961068
16,1,5280,completed,5961068
16,1,5281,completed,6961983
16,1,5282,completed,6963024
16,1,5283,completed,6963940
16,1,5284,completed,6964858
16,1,5285,completed,6965733
16,1,5286,completed,6967233
16,1,5287,completed,6968524
16,1,5288,completed,6969691
16,1,5289,completed,6971149
16,1,5290,completed,6972316
16,1,5291,completed,6973357
16,1,5292,completed,6974899
16,1,5293,completed,6976357
16,1,5294,completed,6978024
16,1,5295,completed,6979607
16,1,5296,completed,6980774
16,1,5297,completed,6167526
16,1,5298,completed,6174609
16,1,5299,completed,6176068
16,1,5300,completed,6177276
16,1,5301,completed,6178526
16,1,5302,completed,6181068
16,1,5303,completed,6182609
16,1,5304,completed,6183651
16,1,5305,completed,6184943
16,1,5306,completed,6186442
16,1,5307,completed,6187193
16,1,5308,completed,6188734
16,1,5309,completed,6190526
16,1,5310,completed,6191859
16,1,5311,completed,6193067
16,1,5312,completed,6193984
16,1,5313,completed,5796069
16,1,5314,completed,5797777
16,1,5315,completed,5798110
16,1,5316,completed,5798694
16,1,5317,completed,5799151
16,1,5318,completed,5799610
16,1,5319,completed,5800193
16,1,5320,completed,5800401
16,1,5321,completed,5800777
16,1,5322,completed,5801069
16,1,5323,completed,5801235
16,1,5324,completed,5801901
16,1,5325,completed,5802194
16,1,5326,completed,5802818
16,1,5327,completed,5803151
16,1,5328,completed,5803402
16,1,5329,completed,5889526
16,1,5330,completed,5893735
16,1,5331,completed,5895318
16,1,5332,completed,5896943
16,1,5333,completed,5898360
16,1,5334,completed,5899818
16,1,5335,completed,5900902
16,1,5336,completed,5902068
16,1,5337,completed,5903485
16,1,5338,completed,5904610
16,1,5339,completed,5905944
16,1,5340,completed,5907277
16,1,5341,completed,5908485
16,1,5342,completed,5909735
16,1,5343,completed,5910818
16,1,5344,completed,5912068
16,1,5345,completed,5976443
16,1,5346,completed,5978568
16,1,5347,completed,5979610
16,1,5348,completed,5980818
16,1,5349,completed,5982193
16,1,5350,completed,5983735
16,1,5351,completed,5984984
16,1,5352,completed,5986277
16,1,5353,completed,5987610
16,1,5354,completed,5988901
16,1,5355,completed,5990152
16,1,5356,completed,5991526
16,1,5357,completed,5993109
16,1,5358,completed,5994318
16,1,5359,completed,5995609
16,1,5360,completed,5996901
16,1,5361,completed,6048860
16,1,5362,completed,6056360
16,1,5363,completed,6057610
16,1,5364,completed,6058568
16,1,5365,completed,6059776
16,1,5366,completed,6060818
16,1,5367,completed,6062193
16,1,5368,completed,6063443
16,1,5369,completed,6064526
16,1,5370,completed,6065901
16,1,5371,completed,6067109
16,1,5372,completed,6068567
16,1,5373,completed,6070026
16,1,5374,completed,6071193
16,1,5375,completed,6072193
16,1,5376,completed,6073359
16,1,5377,completed,5964235
16,1,5378,completed,5966651
16,1,5379,completed,5967276
16,1,5380,completed,5967693
16,1,5381,completed,5968318
16,1,5382,completed,5969027
16,1,5383,completed,5969318
16,1,5384,completed,5969901
16,1,5385,completed,5970526
16,1,5386,completed,5971193
16,1,5387,completed,5971860
16,1,5388,completed,5972609
16,1,5389,completed,5973276
16,1,5390,completed,5974068
16,1,5391,completed,5974568
16,1,5392,completed,5975276
16,1,5393,completed,5968610
16,1,5394,completed,5979943
16,1,5395,completed,5981693
16,1,5396,completed,5983359
16,1,5397,completed,5984901
16,1,5398,completed,5987360
16,1,5399,completed,5989318
16,1,5400,completed,5991026
16,1,5401,completed,5992777
16,1,5402,completed,5994776
16,1,5403,completed,5996734
16,1,5404,completed,5998902
16,1,5405,completed,6001068
16,1,5406,completed,6003026
16,1,5407,completed,6004234
16,1,5408,completed,6006276
16,1,5409,completed,5861026
16,1,5410,completed,5871276
16,1,5411,completed,5875818
16,1,5412,completed,5880277
16,1,5413,completed,5886609
16,1,5414,completed,5891443
16,1,5415,completed,5895902
16,1,5416,completed,5900068
16,1,5417,completed,5904402
16,1,5418,completed,5908735
16,1,5419,completed,5913568
16,1,5420,completed,5917610
16,1,5421,completed,5922526
16,1,5422,completed,5926860
16,1,5423,completed,5930860
16,1,5424,completed,5934860
16,1,5425,completed,5695152
16,1,5426,completed,5690902
16,1,5427,completed,5686236
16,1,5428,completed,5679944
16,1,5429,completed,5674903
16,1,5430,completed,5670236
16,1,5431,completed,5665569
16,1,5432,completed,5661235
16,1,5433,completed,5656777
16,1,5434,completed,5652194
16,1,5435,completed,5647278
16,1,5436,completed,5642485
16,1,5437,completed,5638027
16,1,5438,completed,5633610
16,1,5439,completed,5629486
16,1,5440,completed,5625444
16,1,5441,completed,6284817
16,1,5442,completed,6291025
16,1,5443,completed,6292358
16,1,5444,completed,6293359
16,1,5445,completed,6295234
16,1,5446,completed,6296901
16,1,5447,completed,6298400
16,1,5448,completed,6299400
16,1,5449,completed,6300609
16,1,5450,completed,6301567
16,1,5451,completed,6302608
16,1,5452,completed,6303734
16,1,5453,completed,6304817
16,1,5454,completed,6305858
16,1,5455,completed,6307151
16,1,5456,completed,6308025
16,1,5457,completed,5934735
16,1,5458,completed,5936152
16,1,5459,completed,5936984
16,1,5460,completed,5937734
16,1,5461,completed,5938735
16,1,5462,completed,5940026
16,1,5463,completed,5940776
16,1,5464,completed,5941610
16,1,5465,completed,5942484
16,1,5466,completed,5943401
16,1,5467,completed,5944276
16,1,5468,completed,5945277
16,1,5469,completed,5946151
16,1,5470,completed,5947152
16,1,5471,completed,5947818
16,1,5472,completed,5948818
16,1,5473,completed,6002068
16,1,5474,completed,6008568
16,1,5475,completed,6009610
16,1,5476,completed,6010818
16,1,5477,completed,6011943
16,1,5478,completed,6013526
16,1,5479,completed,6014568
16,1,5480,completed,6015860
16,1,5481,completed,6016610
16,1,5482,completed,6017818
16,1,5483,completed,6018652
16,1,5484,completed,6019943
16,1,5485,completed,6020985
16,1,5486,completed,6021985
16,1,5487,completed,6022818
16,1,5488,completed,6023776
16,1,5489,completed,5946151
16,1,5490,completed,5949193
16,1,5491,completed,5950193
16,1,5492,completed,5950818
16,1,5493,completed,5951693
16,1,5494,completed,5952860
16,1,5495,completed,5953735
16,1,5496,completed,5954360
16,1,5497,completed,5954901
16,1,5498,completed,5955568
16,1,5499,completed,5956318
16,1,5500,completed,5956985
16,1,5501,completed,5957526
16,1,5502,completed,5958277
16,1,5503,completed,5958735
16,1,5504,completed,5959693
16,1,5505,completed,6013026
16,1,5506,completed,6016401
16,1,5507,completed,6017735
16,1,5508,completed,6018735
16,1,5509,completed,6019776
16,1,5510,completed,6021027
16,1,5511,completed,6022151
16,1,5512,completed,6023109
16,1,5513,completed,6024068
16,1,5514,completed,6025110
16,1,5515,completed,6025985
16,1,5516,completed,6027109
16,1,5517,completed,6028109
16,1,5518,completed,6029068
16,1,5519,completed,6029943
16,1,5520,completed,6030901
16,1,5521,completed,6014110
16,1,5522,completed,6034943
16,1,5523,completed,6036401
16,1,5524,completed,6037485
16,1,5525,completed,6038735
16,1,5526,completed,6040568
16,1,5527,completed,6041901
16,1,5528,completed,6043402
16,1,5529,completed,6044360
16,1,5530,completed,6045818
16,1,5531,completed,6046818
16,1,5532,completed,6048526
16,1,5533,completed,6049735
16,1,5534,completed,6051151
16,1,5535,completed,6051902
16,1,5536,completed,6053318
16,1,5537,completed,5973026
16,1,5538,completed,5967818
16,1,5539,completed,5969568
16,1,5540,completed,5971234
16,1,5541,completed,5973277
16,1,5542,completed,5975276
16,1,5543,completed,5977693
16,1,5544,completed,5979443
16,1,5545,completed,5981193
16,1,5546,completed,5983027
16,1,5547,completed,5984277
16,1,5548,completed,5986068
16,1,5549,completed,5987652
16,1,5550,completed,5989276
16,1,5551,completed,5991026
16,1,5552,completed,5993068
16,1,5553,completed,5875818
16,1,5554,completed,5877235
16,1,5555,completed,5878027
16,1,5556,completed,5879151
16,1,5557,completed,5879569
16,1,5558,completed,5880443
16,1,5559,completed,5881068
16,1,5560,completed,5881610
16,1,5561,completed,5882568
16,1,5562,completed,5889277
16,1,5563,completed,5889652
16,1,5564,completed,5890485
16,1,5565,completed,5891027
16,1,5566,completed,5891860
16,1,5567,completed,5902485
16,1,5568,completed,5903402
16,1,5569,completed,6012276
16,1,5570,completed,5880235
16,1,5571,completed,5866151
16,1,5572,completed,5854819
16,1,5573,completed,5815818
16,1,5574,completed,5802318
16,1,5575,completed,5803527
16,1,5576,completed,5805027
16,1,5577,completed,5806818
16,1,5578,completed,5808069
16,1,5579,completed,5809901
16,1,5580,completed,5811985
16,1,5581,completed,5813860
16,1,5582,completed,5815360
16,1,5583,completed,5816777
16,1,5584,completed,5819068
16,1,5585,completed,5922902
16,1,5586,completed,5926901
16,1,5587,completed,5928193
16,1,5588,completed,5929651
16,1,5589,completed,5931443
16,1,5590,completed,5934068
16,1,5591,completed,5935443
16,1,5592,completed,5936901
16,1,5593,completed,5938235
16,1,5594,completed,5940110
16,1,5595,completed,5941485
16,1,5596,completed,5942985
16,1,5597,completed,5944443
16,1,5598,completed,5946068
16,1,5599,completed,5947151
16,1,5600,completed,5948610
16,1,5601,completed,5870152
16,1,5602,completed,5875068
16,1,5603,completed,5876360
16,1,5604,completed,5877651
16,1,5605,completed,5878943
16,1,5606,completed,5880319
16,1,5607,completed,5881652
16,1,5608,completed,5882818
16,1,5609,completed,5884068
16,1,5610,completed,5885360
16,1,5611,completed,5886443
16,1,5612,completed,5888068
16,1,5613,completed,5889068
16,1,5614,completed,5890194
16,1,5615,completed,5891527
16,1,5616,completed,5892652
16,1,5617,completed,6084776
16,1,5618,completed,6089984
16,1,5619,completed,6091484
16,1,5620,completed,6092359
16,1,5621,completed,6093943
16,1,5622,completed,6095443
16,1,5623,completed,6082651
16,1,5624,completed,6083609
16,1,5625,completed,6084735
16,1,5626,completed,6086152
16,1,5627,completed,6087402
16,1,5628,completed,6088610
16,1,5629,completed,6089776
16,1,5630,completed,6091318
16,1,5631,completed,6092235
16,1,5632,completed,6093735
16,1,5633,completed,5804402
16,1,5634,completed,5803944
16,1,5635,completed,5804527
16,1,5636,completed,5804402
16,1,5637,completed,5804652
16,1,5638,completed,5805235
16,1,5639,completed,5805485
16,1,5640,completed,5805360
16,1,5641,completed,5805319
16,1,5642,completed,5805485
16,1,5643,completed,5805611
16,1,5644,completed,5805777
16,1,5645,completed,5805777
16,1,5646,completed,5805777
16,1,5647,completed,5805735
16,1,5648,completed,5806110
16,1,5649,completed,5966610
16,1,5650,completed,5967360
16,1,5651,completed,5967818
16,1,5652,completed,5968360
16,1,5653,completed,5968777
16,1,5654,completed,5969818
16,1,5655,completed,5970443
16,1,5656,completed,5970860
16,1,5657,completed,5971652
16,1,5658,completed,5972443
16,1,5659,completed,5973068
16,1,5660,completed,5973901
16,1,5661,completed,5974443
16,1,5662,completed,5975235
16,1,5663,completed,5975651
16,1,5664,completed,5976943
16,1,5665,completed,5959318
16,1,5666,completed,5960901
16,1,5667,completed,5961735
16,1,5668,completed,5962485
16,1,5669,completed,5963443
16,1,5670,completed,5964151
16,1,5671,completed,5964818
16,1,5672,completed,5965901
16,1,5673,completed,5966777
16,1,5674,completed,5967693
16,1,5675,completed,5968568
16,1,5676,completed,5969526
16,1,5677,completed,5970527
16,1,5678,completed,5971359
16,1,5679,completed,5972235
16,1,5680,completed,5973027
16,1,5681,completed,5940902
16,1,5682,completed,5944151
16,1,5683,completed,5944901
16,1,5684,completed,5945693
16,1,5685,completed,5946652
16,1,5686,completed,5947693
16,1,5687,completed,5948568
16,1,5688,completed,5949609
16,1,5689,completed,5950527
16,1,5690,completed,5951526
16,1,5691,completed,5952443
16,1,5692,completed,5953443
16,1,5693,completed,5954360
16,1,5694,completed,5955443
16,1,5695,completed,5956235
16,1,5696,completed,5957152
16,1,5697,completed,6020360
16,1,5698,completed,6028401
16,1,5699,completed,6029568
16,1,5700,completed,6031026
16,1,5701,completed,6032401
16,1,5702,completed,6033693
16,1,5703,completed,6034401
16,1,5704,completed,6035692
16,1,5705,completed,6036651
16,1,5706,completed,6037734
16,1,5707,completed,6038693
16,1,5708,completed,6039943
16,1,5709,completed,6041151
16,1,5710,completed,6041984
16,1,5711,completed,6043026
16,1,5712,completed,6044110
16,1,5713,completed,5950484
16,1,5714,completed,5952568
16,1,5715,completed,5953110
16,1,5716,completed,5953610
16,1,5717,completed,5954443
16,1,5718,completed,5955068
16,1,5719,completed,5955443
16,1,5720,completed,5956318
16,1,5721,completed,5957068
16,1,5722,completed,5957776
16,1,5723,completed,5958735
16,1,5724,completed,5959401
16,1,5725,completed,5960276
16,1,5726,completed,5961401
16,1,5727,completed,5961985
16,1,5728,completed,5962901
16,1,5729,completed,5939069
16,1,5730,completed,5940902
16,1,5731,completed,5941610
16,1,5732,completed,5942651
16,1,5733,completed,5943526
16,1,5734,completed,5944818
16,1,5735,completed,5945776
16,1,5736,completed,5947151
16,1,5737,completed,5948235
16,1,5738,completed,5949401
16,1,5739,completed,5950610
16,1,5740,completed,5951776
16,1,5741,completed,5952902
16,1,5742,completed,5954068
16,1,5743,completed,5955151
16,1,5744,completed,5955984
16,1,5745,completed,5903151
16,1,5746,completed,5907151
16,1,5747,completed,5908610
16,1,5748,completed,5909985
16,1,5749,completed,5911319
16,1,5750,completed,5912777
16,1,5751,completed,5914026
16,1,5752,completed,5915360
16,1,5753,completed,5916735
16,1,5754,completed,5918068
16,1,5755,completed,5919319
16,1,5756,completed,5920693
16,1,5757,completed,5922276
16,1,5758,completed,5923652
16,1,5759,completed,5924985
16,1,5760,completed,5926151
16,1,5761,completed,6021984
16,1,5762,completed,6026901
16,1,5763,completed,6027943
16,1,5764,completed,6029067
16,1,5765,completed,6030193
16,1,5766,completed,6031401
16,1,5767,completed,6032318
16,1,5768,completed,6033484
16,1,5769,completed,6034526
16,1,5770,completed,6036234
16,1,5771,completed,6037193
16,1,5772,completed,6038360
16,1,5773,completed,6039402
16,1,5774,completed,6040568
16,1,5775,completed,6041610
16,1,5776,completed,6042860
16,1,5777,completed,5606694
16,1,5778,completed,5609486
16,1,5779,completed,5609778
16,1,5780,completed,5610236
16,1,5781,completed,5610694
16,1,5782,completed,5611403
16,1,5783,completed,5611652
16,1,5784,completed,5612236
16,1,5785,completed,5612861
16,1,5786,completed,5613403
16,1,5787,completed,5613986
16,1,5788,completed,5614569
16,1,5789,completed,5615152
16,1,5790,completed,5615736
16,1,5791,completed,5616319
16,1,5792,completed,5617027
16,1,5793,completed,6303817
16,1,5794,completed,6311359
16,1,5795,completed,6312734
16,1,5796,completed,6314525
16,1,5797,completed,6316067
16,1,5798,completed,6317775
16,1,5799,completed,6318775
16,1,5800,completed,6320276
16,1,5801,completed,6321859
16,1,5802,completed,6323275
16,1,5803,completed,6324984
16,1,5804,completed,6326650
16,1,5805,completed,6328525
16,1,5806,completed,6329817
16,1,5807,completed,6331233
16,1,5808,completed,6332817
16,1,5809,completed,5891776
16,1,5810,completed,5897818
16,1,5811,completed,5898652
16,1,5812,completed,5899151
16,1,5813,completed,5899985
16,1,5814,completed,5900860
16,1,5815,completed,5901485
16,1,5816,completed,5902568
16,1,5817,completed,5903860
16,1,5818,completed,5904693
16,1,5819,completed,5905526
16,1,5820,completed,5906277
16,1,5821,completed,5907443
16,1,5822,completed,5908276
16,1,5823,completed,5909193
16,1,5824,completed,5910027
16,1,5825,completed,5697111
16,1,5826,completed,5699527
16,1,5827,completed,5700569
16,1,5828,completed,5701360
16,1,5829,completed,5702319
16,1,5830,completed,5703610
16,1,5831,completed,5704235
16,1,5832,completed,5705152
16,1,5833,completed,5705985
16,1,5834,completed,5706777
16,1,5835,completed,5707777
16,1,5836,completed,5708652
16,1,5837,completed,5709735
16,1,5838,completed,5710777
16,1,5839,completed,5711486
16,1,5840,completed,5712277
16,1,5841,completed,6276109
16,1,5842,completed,6280359
16,1,5843,completed,6280984
16,1,5844,completed,6281776
16,1,5845,completed,6282734
16,1,5846,completed,6283734
16,1,5847,completed,6283900
16,1,5848,completed,6284818
16,1,5849,completed,6285317
16,1,5850,completed,6285818
16,1,5851,completed,6286359
16,1,5852,completed,6287192
16,1,5853,completed,6287567
16,1,5854,completed,6288275
16,1,5855,completed,6288651
16,1,5856,completed,6289109
16,1,5857,completed,6013276
16,1,5858,completed,6018693
16,1,5859,completed,6019984
16,1,5860,completed,6021734
16,1,5861,completed,6023276
16,1,5862,completed,6024859
16,1,5863,completed,6025609
16,1,5864,completed,6027151
16,1,5865,completed,6028276
16,1,5866,completed,6029567
16,1,5867,completed,6030984
16,1,5868,completed,6032443
16,1,5869,completed,6034235
16,1,5870,completed,6035610
16,1,5871,completed,6037109
16,1,5872,completed,6038192
16,1,5873,completed,5961401
16,1,5874,completed,5965693
16,1,5875,completed,5966609
16,1,5876,completed,5967485
16,1,5877,completed,5968651
16,1,5878,completed,5970068
16,1,5879,completed,5970776
16,1,5880,completed,5972068
16,1,5881,completed,5973152
16,1,5882,completed,5974193
16,1,5883,completed,5975276
16,1,5884,completed,5976568
16,1,5885,completed,5978026
16,1,5886,completed,5978901
16,1,5887,completed,5979777
16,1,5888,completed,5980860
16,1,5889,completed,5995359
16,1,5890,completed,6004985
16,1,5891,completed,6005652
16,1,5892,completed,6006401
16,1,5893,completed,6007151
16,1,5894,completed,6020777
16,1,5895,completed,6022651
16,1,5896,completed,6023110
16,1,5897,completed,6023985
16,1,5898,completed,6025068
16,1,5899,completed,6026109
16,1,5900,completed,6026651
16,1,5901,completed,6027776
16,1,5902,completed,6028443
16,1,5903,completed,6029277
16,1,5904,completed,6029568
16,1,5905,completed,5945694
16,1,5906,completed,5952443
16,1,5907,completed,5966527
16,1,5908,completed,5967985
16,1,5909,completed,5969443
16,1,5910,completed,5971276
16,1,5911,completed,5973526
16,1,5912,completed,5974609
16,1,5913,completed,5976443
16,1,5914,completed,5978068
16,1,5915,completed,5979651
16,1,5916,completed,5981193
16,1,5917,completed,5983443
16,1,5918,completed,5985026
16,1,5919,completed,5986609
16,1,5920,completed,5987859
16,1,5921,completed,5913527
16,1,5922,completed,5916360
16,1,5923,completed,5916985
16,1,5924,completed,5917776
16,1,5925,completed,5918443
16,1,5926,completed,5919818
16,1,5927,completed,5920735
16,1,5928,completed,5921360
16,1,5929,completed,5922319
16,1,5930,completed,5923485
16,1,5931,completed,5924318
16,1,5932,completed,5925152
16,1,5933,completed,5926568
16,1,5934,completed,5927360
16,1,5935,completed,5928193
16,1,5936,completed,5928776
16,1,5937,completed,5924610
16,1,5938,completed,5931193
16,1,5939,completed,5932735
16,1,5940,completed,5934360
16,1,5941,completed,5936110
16,1,5942,completed,5938026
16,1,5943,completed,5940402
16,1,5944,completed,5941735
16,1,5945,completed,5943735
16,1,5946,completed,5945735
16,1,5947,completed,5947444
16,1,5948,completed,5948902
16,1,5949,completed,5951193
16,1,5950,completed,5952943
16,1,5951,completed,5954610
16,1,5952,completed,5955985
16,1,5953,completed,5937193
16,1,5954,completed,5941194
16,1,5955,completed,5941485
16,1,5956,completed,5926735
16,1,5957,completed,5927235
16,1,5958,completed,5927860
16,1,5959,completed,5928360
16,1,5960,completed,5928902
16,1,5961,completed,5929444
16,1,5962,completed,5929776
16,1,5963,completed,5930444
16,1,5964,completed,5930735
16,1,5965,completed,5931069
16,1,5966,completed,5931402
16,1,5967,completed,5932235
16,1,5968,completed,5932651
16,1,5969,completed,6095567
16,1,5970,completed,6107984
16,1,5971,completed,6110026
16,1,5972,completed,6112151
16,1,5973,completed,6114068
16,1,5974,completed,6116401
16,1,5975,completed,6118359
16,1,5976,completed,6120276
16,1,5977,completed,6122151
16,1,5978,completed,6124192
16,1,5979,completed,6126359
16,1,5980,completed,6128401
16,1,5981,completed,6130401
16,1,5982,completed,6132650
16,1,5983,completed,6134734
16,1,5984,completed,6136318
16,1,5985,completed,5831069
16,1,5986,completed,5833402
16,1,5987,completed,5834318
16,1,5988,completed,5835151
16,1,5989,completed,5836110
16,1,5990,completed,5837735
16,1,5991,completed,5838527
16,1,5992,completed,5839776
16,1,5993,completed,5840860
16,1,5994,completed,5842110
16,1,5995,completed,5843110
16,1,5996,completed,5844151
16,1,5997,completed,5845860
16,1,5998,completed,5847277
16,1,5999,completed,5847985
16,1,6000,completed,5848694
16,1,6001,completed,6049026
16,1,6002,completed,6056276
16,1,6003,completed,6056818
16,1,6004,completed,6057651
16,1,6005,completed,6058360
16,1,6006,completed,6059609
16,1,6007,completed,6060568
16,1,6008,completed,6061776
16,1,6009,completed,6062776
16,1,6010,completed,6063901
16,1,6011,completed,6064609
16,1,6012,completed,6065276
16,1,6013,completed,6066360
16,1,6014,completed,6067526
16,1,6015,completed,6068068
16,1,6016,completed,6069193
16,1,6017,completed,5872027
16,1,6018,completed,5900026
16,1,6019,completed,5902151
16,1,6020,completed,5904402
16,1,6021,completed,5906776
16,1,6022,completed,5909401
16,1,6023,completed,5911444
16,1,6024,completed,5913777
16,1,6025,completed,5916318
16,1,6026,completed,5918360
16,1,6027,completed,5920568
16,1,6028,completed,5922277
16,1,6029,completed,5924526
16,1,6030,completed,5926693
16,1,6031,completed,5927985
16,1,6032,completed,5929610
16,1,6033,completed,5857818
16,1,6034,completed,5858527
16,1,6035,completed,5858902
16,1,6036,completed,5859360
16,1,6037,completed,5859901
16,1,6038,completed,5860652
16,1,6039,completed,5860943
16,1,6040,completed,5861735
16,1,6041,completed,5862110
16,1,6042,completed,5862485
16,1,6043,completed,5863152
16,1,6044,completed,5863444
16,1,6045,completed,5864402
16,1,6046,completed,5864943
16,1,6047,completed,5865276
16,1,6048,completed,5865610
16,1,6049,completed,5975026
16,1,6050,completed,5980318
16,1,6051,completed,5981359
16,1,6052,completed,5982318
16,1,6053,completed,5983068
16,1,6054,completed,5984234
16,1,6055,completed,5984902
16,1,6056,completed,5985901
16,1,6057,completed,5986818
16,1,6058,completed,5987943
16,1,6059,completed,5989110
16,1,6060,completed,5989985
16,1,6061,completed,5990943
16,1,6062,completed,5992068
16,1,6063,completed,5992652
16,1,6064,completed,5992735
16,1,6065,completed,5985484
16,1,6066,completed,5991651
16,1,6067,completed,5992901
16,1,6068,completed,5994026
16,1,6069,completed,5995318
16,1,6070,completed,5997151
16,1,6071,completed,5998443
16,1,6072,completed,5999735
16,1,6073,completed,6000985
16,1,6074,completed,6001860
16,1,6075,completed,6003152
16,1,6076,completed,6003901
16,1,6077,completed,6004735
16,1,6078,completed,6005776
16,1,6079,completed,6027776
16,1,6080,completed,6029026
16,1,6081,completed,5934944
16,1,6082,completed,5949985
16,1,6083,completed,5956651
16,1,6084,completed,5981276
16,1,6085,completed,5987943
16,1,6086,completed,5994859
16,1,6087,completed,6000443
16,1,6088,completed,6006276
16,1,6089,completed,6012110
16,1,6090,completed,6017526
16,1,6091,completed,6023026
16,1,6092,completed,6028568
16,1,6093,completed,6034443
16,1,6094,completed,6039943
16,1,6095,completed,6045360
16,1,6096,completed,6050693
16,1,6097,completed,5955277
16,1,6098,completed,5970068
16,1,6099,completed,5949527
16,1,6100,completed,5941610
16,1,6101,completed,5935776
16,1,6102,completed,5931777
16,1,6103,completed,5927277
16,1,6104,completed,5922318
16,1,6105,completed,5917526
16,1,6106,completed,5913110
16,1,6107,completed,5908735
16,1,6108,completed,5903860
16,1,6109,completed,5899110
16,1,6110,completed,5894902
16,1,6111,completed,5889985
16,1,6112,completed,5885193
16,1,6113,completed,5651360
16,1,6114,completed,5624069
16,1,6115,completed,5624486
16,1,6116,completed,5625444
16,1,6117,completed,5626485
16,1,6118,completed,5628444
16,1,6119,completed,5629902
16,1,6120,completed,5617069
16,1,6121,completed,5617777
16,1,6122,completed,5618444
16,1,6123,completed,5619069
16,1,6124,completed,5619736
16,1,6125,completed,5620860
16,1,6126,completed,5621735
16,1,6127,completed,5622361
16,1,6128,completed,5575694
16,1,6129,completed,6349067
16,1,6130,completed,6360817
16,1,6131,completed,6361692
16,1,6132,completed,6362150
16,1,6133,completed,6363192
16,1,6134,completed,6364192
16,1,6135,completed,6365025
16,1,6136,completed,6365859
16,1,6137,completed,6366692
16,1,6138,completed,6367526
16,1,6139,completed,6368775
16,1,6140,completed,6369733
16,1,6141,completed,6370942
16,1,6142,completed,6371651
16,1,6143,completed,6372401
16,1,6144,completed,6373067
16,1,6145,completed,5996860
16,1,6146,completed,6004068
16,1,6147,completed,6006110
16,1,6148,completed,6008026
16,1,6149,completed,6009943
16,1,6150,completed,6012443
16,1,6151,completed,6014402
16,1,6152,completed,6016484
16,1,6153,completed,6018360
16,1,6154,completed,6020277
16,1,6155,completed,6022485
16,1,6156,completed,6024235
16,1,6157,completed,6025901
16,1,6158,completed,6027485
16,1,6159,completed,6029484
16,1,6160,completed,6030985
16,1,6161,completed,5823944
16,1,6162,completed,5824443
16,1,6163,completed,5825443
16,1,6164,completed,5826194
16,1,6165,completed,5827652
16,1,6166,completed,5828986
16,1,6167,completed,5829985
16,1,6168,completed,5831360
16,1,6169,completed,5832318
16,1,6170,completed,5833402
16,1,6171,completed,5834568
16,1,6172,completed,5835610
16,1,6173,completed,5836694
16,1,6174,completed,5837860
16,1,6175,completed,5839110
16,1,6176,completed,5840360
16,1,6177,completed,5953443
16,1,6178,completed,5957693
16,1,6179,completed,5957901
16,1,6180,completed,5957943
16,1,6181,completed,5958610
16,1,6182,completed,5959359
16,1,6183,completed,5959693
16,1,6184,completed,5960235
16,1,6185,completed,5960693
16,1,6186,completed,5961068
16,1,6187,completed,5961568
16,1,6188,completed,5961818
16,1,6189,completed,5961901
16,1,6190,completed,5961943
16,1,6191,completed,5962068
16,1,6192,completed,5962276
16,1,6193,completed,5927819
16,1,6194,completed,5928860
16,1,6195,completed,5929485
16,1,6196,completed,5929735
16,1,6197,completed,5930443
16,1,6198,completed,5938776
16,1,6199,completed,5939443
16,1,6200,completed,5939860
16,1,6201,completed,5940318
16,1,6202,completed,5941360
16,1,6203,completed,5941818
16,1,6204,completed,5942735
16,1,6205,completed,5943360
16,1,6206,completed,5944068
16,1,6207,completed,5944819
16,1,6208,completed,5945527
16,1,6209,completed,5865110
16,1,6210,completed,5868193
16,1,6211,completed,5869151
16,1,6212,completed,5870152
16,1,6213,completed,5871235
16,1,6214,completed,5872110
16,1,6215,completed,5872985
16,1,6216,completed,5873985
16,1,6217,completed,5874693
16,1,6218,completed,5875485
16,1,6219,completed,5876110
16,1,6220,completed,5877318
16,1,6221,completed,5878069
16,1,6222,completed,5878901
16,1,6223,completed,5879693
16,1,6224,completed,5880526
16,1,6225,completed,6090693
16,1,6226,completed,6093859
16,1,6227,completed,6094484
16,1,6228,completed,6094901
16,1,6229,completed,6095567
16,1,6230,completed,6096317
16,1,6231,completed,6096776
16,1,6232,completed,6097401
16,1,6233,completed,6097985
16,1,6234,completed,6098651
16,1,6235,completed,6099068
16,1,6236,completed,6099901
16,1,6237,completed,6100734
16,1,6238,completed,6101401
16,1,6239,completed,6101901
16,1,6240,completed,6102567
16,1,6241,completed,6004651
16,1,6242,completed,6012526
16,1,6243,completed,6013984
16,1,6244,completed,6015068
16,1,6245,completed,6016526
16,1,6246,completed,6018109
16,1,6247,completed,6018735
16,1,6248,completed,6019610
16,1,6249,completed,6020235
16,1,6250,completed,6020943
16,1,6251,completed,6021651
16,1,6252,completed,6022818
16,1,6253,completed,6023568
16,1,6254,completed,6024027
16,1,6255,completed,6024860
16,1,6256,completed,6025777
16,1,6257,completed,5915318
16,1,6258,completed,5915568
16,1,6259,completed,5916527
16,1,6260,completed,5917235
16,1,6261,completed,5917943
16,1,6262,completed,5919027
16,1,6263,completed,5920151
16,1,6264,completed,5921068
16,1,6265,completed,5921735
16,1,6266,completed,5922735
16,1,6267,completed,5923402
16,1,6268,completed,5924818
16,1,6269,completed,5925735
16,1,6270,completed,5926527
16,1,6271,completed,5927401
16,1,6272,completed,5927943
16,1,6273,completed,6037777
16,1,6274,completed,6041985
16,1,6275,completed,6043068
16,1,6276,completed,6043693
16,1,6277,completed,6044485
16,1,6278,completed,6045735
16,1,6279,completed,6046401
16,1,6280,completed,6047027
16,1,6281,completed,6047484
16,1,6282,completed,6048193
16,1,6283,completed,6048443
16,1,6284,completed,6049276
16,1,6285,completed,6049985
16,1,6286,completed,6050652
16,1,6287,completed,6051234
16,1,6288,completed,6052193
16,1,6289,completed,5914819
16,1,6290,completed,5918193
16,1,6291,completed,5919027
16,1,6292,completed,5919944
16,1,6293,completed,5921235
16,1,6294,completed,5922360
16,1,6295,completed,5923151
16,1,6296,completed,5924860
16,1,6297,completed,5925652
16,1,6298,completed,5926610
16,1,6299,completed,5927694
16,1,6300,completed,5929026
16,1,6301,completed,5930235
16,1,6302,completed,5931193
16,1,6303,completed,5932485
16,1,6304,completed,5933610
16,1,6305,completed,5622361
16,1,6306,completed,5623693
16,1,6307,completed,5623944
16,1,6308,completed,5624402
16,1,6309,completed,5624860
16,1,6310,completed,5625568
16,1,6311,completed,5625818
16,1,6312,completed,5626277
16,1,6313,completed,5626652
16,1,6314,completed,5627194
16,1,6315,completed,5627527
16,1,6316,completed,5627902
16,1,6317,completed,5628319
16,1,6318,completed,5628943
16,1,6319,completed,5629485
16,1,6320,completed,5629902
16,1,6321,completed,6280317
16,1,6322,completed,6287734
16,1,6323,completed,6288651
16,1,6324,completed,6289317
16,1,6325,completed,6290400
16,1,6326,completed,6292025
16,1,6327,completed,6292901
16,1,6328,completed,6294109
16,1,6329,completed,6294692
16,1,6330,completed,6295859
16,1,6331,completed,6296525
16,1,6332,completed,6297317
16,1,6333,completed,6297859
16,1,6334,completed,6299318
16,1,6335,completed,6300234
16,1,6336,completed,6301317
16,1,6337,completed,6090109
16,1,6338,completed,6092568
16,1,6339,completed,6094276
16,1,6340,completed,6096110
16,1,6341,completed,6098401
16,1,6342,completed,6100359
16,1,6343,completed,6101943
16,1,6344,completed,6117526
16,1,6345,completed,6119109
16,1,6346,completed,6120859
16,1,6347,completed,6122568
16,1,6348,completed,6124193
16,1,6349,completed,6125859
16,1,6350,completed,6128026
16,1,6351,completed,6129609
16,1,6352,completed,6131651
16,1,6353,completed,5975860
16,1,6354,completed,5977110
16,1,6355,completed,5977110
16,1,6356,completed,5976985
16,1,6357,completed,5977152
16,1,6358,completed,5977694
16,1,6359,completed,5977527
16,1,6360,completed,5977610
16,1,6361,completed,5977610
16,1,6362,completed,5977735
16,1,6363,completed,5978068
16,1,6364,completed,5978068
16,1,6365,completed,5978318
16,1,6366,completed,5978484
16,1,6367,completed,6029818
16,1,6368,completed,6030276
16,1,6369,completed,5816902
16,1,6370,completed,5832610
16,1,6371,completed,5840777
16,1,6372,completed,5847651
16,1,6373,completed,5856401
16,1,6374,completed,5864026
16,1,6375,completed,5870568
16,1,6376,completed,5877693
16,1,6377,completed,5884360
16,1,6378,completed,5891027
16,1,6379,completed,5908985
16,1,6380,completed,5915776
16,1,6381,completed,5922735
16,1,6382,completed,5929818
16,1,6383,completed,5936484
16,1,6384,completed,5943484
16,1,6385,completed,6003068
16,1,6386,completed,5999652
16,1,6387,completed,5994151
16,1,6388,completed,5988901
16,1,6389,completed,5981818
16,1,6390,completed,5976860
16,1,6391,completed,5971735
16,1,6392,completed,5966652
16,1,6393,completed,5961568
16,1,6394,completed,5946984
16,1,6395,completed,5940277
16,1,6396,completed,5935360
16,1,6397,completed,5930068
16,1,6398,completed,5924860
16,1,6399,completed,5919860
16,1,6400,completed,5914652
16,1,6401,completed,5888610
16,1,6402,completed,5888651
16,1,6403,completed,5888693
16,1,6404,completed,5888527
16,1,6405,completed,5888568
16,1,6406,completed,5888651
16,1,6407,completed,5888485
16,1,6408,completed,5888484
16,1,6409,completed,5888277
16,1,6410,completed,5888276
16,1,6411,completed,5888318
16,1,6412,completed,5888235
16,1,6413,completed,5888318
16,1,6414,completed,5888443
16,1,6415,completed,5888443
16,1,6416,completed,5888443
16,1,6417,completed,5750985
16,1,6418,completed,5754736
16,1,6419,completed,5755819
16,1,6420,completed,5756861
16,1,6421,completed,5758193
16,1,6422,completed,5759485
16,1,6423,completed,5760652
16,1,6424,completed,5761902
16,1,6425,completed,5763152
16,1,6426,completed,5764652
16,1,6427,completed,5765735
16,1,6428,completed,5767194
16,1,6429,completed,5768361
16,1,6430,completed,5769693
16,1,6431,completed,5770777
16,1,6432,completed,5772027
16,1,6433,completed,6193859
16,1,6434,completed,6196442
16,1,6435,completed,6196692
16,1,6436,completed,6197275
16,1,6437,completed,6197484
16,1,6438,completed,6198193
16,1,6439,completed,6198526
16,1,6440,completed,6198817
16,1,6441,completed,6199109
16,1,6442,completed,6199442
16,1,6443,completed,6199650
16,1,6444,completed,6200026
16,1,6445,completed,6200276
16,1,6446,completed,6200650
16,1,6447,completed,6200943
16,1,6448,completed,6201318
16,1,6449,completed,6183193
16,1,6450,completed,6188943
16,1,6451,completed,6189567
16,1,6452,completed,6190276
16,1,6453,completed,6190734
16,1,6454,completed,6191526
16,1,6455,completed,6192526
16,1,6456,completed,6193401
16,1,6457,completed,6194275
16,1,6458,completed,6195234
16,1,6459,completed,6195568
16,1,6460,completed,6196151
16,1,6461,completed,6196734
16,1,6462,completed,6197484
16,1,6463,completed,6198317
16,1,6464,completed,6198776
16,1,6465,completed,5818069
16,1,6466,completed,5822652
16,1,6467,completed,5823277
16,1,6468,completed,5824194
16,1,6469,completed,5825194
16,1,6470,completed,5826152
16,1,6471,completed,5826985
16,1,6472,completed,5828110
16,1,6473,completed,5829360
16,1,6474,completed,5830193
16,1,6475,completed,5830860
16,1,6476,completed,5831901
16,1,6477,completed,5832651
16,1,6478,completed,5833818
16,1,6479,completed,5834568
16,1,6480,completed,5835443
16,1,6481,completed,5995109
16,1,6482,completed,5998109
16,1,6483,completed,5998568
16,1,6484,completed,5999276
16,1,6485,completed,5999818
16,1,6486,completed,6000693
16,1,6487,completed,6001568
16,1,6488,completed,6002151
16,1,6489,completed,6002735
16,1,6490,completed,6003610
16,1,6491,completed,6004443
16,1,6492,completed,6005110
16,1,6493,completed,6005527
16,1,6494,completed,6006234
16,1,6495,completed,6006777
16,1,6496,completed,6007235
16,1,6497,completed,6116651
16,1,6498,completed,6124526
16,1,6499,completed,6125651
16,1,6500,completed,6127026
16,1,6501,completed,6128318
16,1,6502,completed,6130234
16,1,6503,completed,6131235
16,1,6504,completed,6132568
16,1,6505,completed,6133318
16,1,6506,completed,6134735
16,1,6507,completed,6135693
16,1,6508,completed,6136151
16,1,6509,completed,6137901
16,1,6510,completed,6138859
16,1,6511,completed,6140442
16,1,6512,completed,6141401
16,1,6513,completed,5226070
16,1,6514,completed,5225695
16,1,6515,completed,5226195
16,1,6516,completed,5227029
16,1,6517,completed,5227986
16,1,6518,completed,5229070
16,1,6519,completed,5229944
16,1,6520,completed,5230653
16,1,6521,completed,5231487
16,1,6522,completed,5232653
16,1,6523,completed,5233611
16,1,6524,completed,5234694
16,1,6525,completed,5235611
16,1,6526,completed,5236528
16,1,6527,completed,5237320
16,1,6528,completed,5238153
16,1,6529,completed,6620941
16,1,6530,completed,6621150
16,1,6531,completed,6621816
16,1,6532,completed,6622399
16,1,6533,completed,6623191
16,1,6534,completed,6623983
16,1,6535,completed,6624858
16,1,6536,completed,6625358
16,1,6537,completed,6625900
16,1,6538,completed,6626650
16,1,6539,completed,6627150
16,1,6540,completed,6627649
16,1,6541,completed,6628108
16,1,6542,completed,6628692
16,1,6543,completed,6629275
16,1,6544,completed,6629691
16,1,6545,completed,5820361
16,1,6546,completed,5830485
16,1,6547,completed,5832068
16,1,6548,completed,5833610
16,1,6549,completed,5835401
16,1,6550,completed,5837318
16,1,6551,completed,5838985
16,1,6552,completed,5840735
16,1,6553,completed,5842068
16,1,6554,completed,5843360
16,1,6555,completed,5845319
16,1,6556,completed,5846902
16,1,6557,completed,5848693
16,1,6558,completed,5850485
16,1,6559,completed,5851568
16,1,6560,completed,5853277
16,1,6561,completed,6012610
16,1,6562,completed,6014443
16,1,6563,completed,6016360
16,1,6564,completed,6017943
16,1,6565,completed,6019693
16,1,6566,completed,6021359
16,1,6567,completed,6022568
16,1,6568,completed,6024027
16,1,6569,completed,6025360
16,1,6570,completed,6027151
16,1,6571,completed,6028651
16,1,6572,completed,6029985
16,1,6573,completed,6031693
16,1,6574,completed,6033276
16,1,6575,completed,6034776
16,1,6576,completed,6036610
16,1,6577,completed,5913985
16,1,6578,completed,5916776
16,1,6579,completed,5917943
16,1,6580,completed,5918943
16,1,6581,completed,5920068
16,1,6582,completed,5921902
16,1,6583,completed,5922985
16,1,6584,completed,5923902
16,1,6585,completed,5926026
16,1,6586,completed,5927069
16,1,6587,completed,5928277
16,1,6588,completed,5929318
16,1,6589,completed,5930443
16,1,6590,completed,5932360
16,1,6591,completed,5933735
16,1,6592,completed,5921319
16,1,6593,completed,5982276
16,1,6594,completed,5985401
16,1,6595,completed,5986776
16,1,6596,completed,5987985
16,1,6597,completed,5989151
16,1,6598,completed,5990735
16,1,6599,completed,5991901
16,1,6600,completed,5992860
16,1,6601,completed,5994151
16,1,6602,completed,5995359
16,1,6603,completed,5996402
16,1,6604,completed,5997443
16,1,6605,completed,5998693
16,1,6606,completed,5999901
16,1,6607,completed,6000984
16,1,6608,completed,6002276
16,1,6609,completed,5925026
16,1,6610,completed,5926276
16,1,6611,completed,5926527
16,1,6612,completed,5926735
16,1,6613,completed,5926568
16,1,6614,completed,5926694
16,1,6615,completed,5926485
16,1,6616,completed,5926318
16,1,6617,completed,5926568
16,1,6618,completed,5926652
16,1,6619,completed,5926651
16,1,6620,completed,5926735
16,1,6621,completed,5926735
16,1,6622,completed,5926694
16,1,6623,completed,5926693
16,1,6624,completed,5926693
16,1,6625,completed,5984568
16,1,6626,completed,5987943
16,1,6627,completed,5988777
16,1,6628,completed,5989609
16,1,6629,completed,5990484
16,1,6630,completed,5991651
16,1,6631,completed,5992652
16,1,6632,completed,5993568
16,1,6633,completed,5994568
16,1,6634,completed,5995318
16,1,6635,completed,5996318
16,1,6636,completed,5997276
16,1,6637,completed,5998360
16,1,6638,completed,5999443
16,1,6639,completed,6000359
16,1,6640,completed,6001193
16,1,6641,completed,6142609
16,1,6642,completed,6145610
16,1,6643,completed,6146526
16,1,6644,completed,6147068
16,1,6645,completed,6147818
16,1,6646,completed,6148359
16,1,6647,completed,6149317
16,1,6648,completed,6150359
16,1,6649,completed,6151110
16,1,6650,completed,6151526
16,1,6651,completed,6152276
16,1,6652,completed,6152859
16,1,6653,completed,6153526
16,1,6654,completed,6154151
16,1,6655,completed,6155068
16,1,6656,completed,6155776
16,1,6657,completed,5812485
16,1,6658,completed,5817152
16,1,6659,completed,5817735
16,1,6660,completed,5818318
16,1,6661,completed,5819360
16,1,6662,completed,5820277
16,1,6663,completed,5821152
16,1,6664,completed,5822110
16,1,6665,completed,5822652
16,1,6666,completed,5823901
16,1,6667,completed,5824735
16,1,6668,completed,5825776
16,1,6669,completed,5826819
16,1,6670,completed,5827610
16,1,6671,completed,5828694
16,1,6672,completed,5829569
16,1,6673,completed,6026651
16,1,6674,completed,6030777
16,1,6675,completed,6031568
16,1,6676,completed,6032359
16,1,6677,completed,6041651
16,1,6678,completed,6043151
16,1,6679,completed,6044026
16,1,6680,completed,6044818
16,1,6681,completed,6046193
16,1,6682,completed,6047443
16,1,6683,completed,6048401
16,1,6684,completed,6049193
16,1,6685,completed,6050401
16,1,6686,completed,6051693
16,1,6687,completed,6052484
16,1,6688,completed,6053277
16,1,6689,completed,5873110
16,1,6690,completed,5878026
16,1,6691,completed,5879110
16,1,6692,completed,5879944
16,1,6693,completed,5881026
16,1,6694,completed,5882027
16,1,6695,completed,5882527
16,1,6696,completed,5883152
16,1,6697,completed,5884235
16,1,6698,completed,5884901
16,1,6699,completed,5885735
16,1,6700,completed,5886568
16,1,6701,completed,5887402
16,1,6702,completed,5888235
16,1,6703,completed,5888860
16,1,6704,completed,5889985
16,1,6705,completed,5963443
16,1,6706,completed,5966068
16,1,6707,completed,5966776
16,1,6708,completed,5967693
16,1,6709,completed,5968776
16,1,6710,completed,5969818
16,1,6711,completed,5970693
16,1,6712,completed,5971818
16,1,6713,completed,5973110
16,1,6714,completed,5973901
16,1,6715,completed,5975068
16,1,6716,completed,5975943
16,1,6717,completed,5976693
16,1,6718,completed,5977902
16,1,6719,completed,5978651
16,1,6720,completed,5979443
16,1,6721,completed,6086109
16,1,6722,completed,6096734
16,1,6723,completed,6097692
16,1,6724,completed,6098651
16,1,6725,completed,6099859
16,1,6726,completed,6101193
16,1,6727,completed,6102109
16,1,6728,completed,6102859
16,1,6729,completed,6103818
16,1,6730,completed,6104693
16,1,6731,completed,6105568
16,1,6732,completed,6106234
16,1,6733,completed,6107151
16,1,6734,completed,6108110
16,1,6735,completed,6108609
16,1,6736,completed,6109610
16,1,6737,completed,5951735
16,1,6738,completed,5962401
16,1,6739,completed,5963610
16,1,6740,completed,5964901
16,1,6741,completed,5965901
16,1,6742,completed,5967902
16,1,6743,completed,5969026
16,1,6744,completed,5970110
16,1,6745,completed,5971943
16,1,6746,completed,5972860
16,1,6747,completed,5973943
16,1,6748,completed,5974693
16,1,6749,completed,5976026
16,1,6750,completed,5976860
16,1,6751,completed,5977485
16,1,6752,completed,5978526
16,1,6753,completed,5851985
16,1,6754,completed,5857776
16,1,6755,completed,5858735
16,1,6756,completed,5860026
16,1,6757,completed,5861110
16,1,6758,completed,5862401
16,1,6759,completed,5863194
16,1,6760,completed,5863943
16,1,6761,completed,5865193
16,1,6762,completed,5866443
16,1,6763,completed,5867402
16,1,6764,completed,5868068
16,1,6765,completed,5868985
16,1,6766,completed,5869735
16,1,6767,completed,5870235
16,1,6768,completed,5871277
16,1,6769,completed,6102651
16,1,6770,completed,6114109
16,1,6771,completed,6116276
16,1,6772,completed,6118234
16,1,6773,completed,6120026
16,1,6774,completed,6122860
16,1,6775,completed,6124984
16,1,6776,completed,6126734
16,1,6777,completed,6128943
16,1,6778,completed,6130734
16,1,6779,completed,6132568
16,1,6780,completed,6133984
16,1,6781,completed,6135984
16,1,6782,completed,6137818
16,1,6783,completed,6139067
16,1,6784,completed,6140692
16,1,6785,completed,5859652
16,1,6786,completed,5882526
16,1,6787,completed,5884527
16,1,6788,completed,5886652
16,1,6789,completed,5888568
16,1,6790,completed,5891152
16,1,6791,completed,5892985
16,1,6792,completed,5894610
16,1,6793,completed,5896485
16,1,6794,completed,5898485
16,1,6795,completed,5899902
16,1,6796,completed,5901027
16,1,6797,completed,5902776
16,1,6798,completed,5904318
16,1,6799,completed,5906068
16,1,6800,completed,5907610
16,1,6801,completed,5927652
16,1,6802,completed,5943860
16,1,6803,completed,5949318
16,1,6804,completed,5953776
16,1,6805,completed,5957902
16,1,6806,completed,5962818
16,1,6807,completed,5966985
16,1,6808,completed,5970860
16,1,6809,completed,5974818
16,1,6810,completed,5979443
16,1,6811,completed,5983693
16,1,6812,completed,5987110
16,1,6813,completed,5990651
16,1,6814,completed,5994110
16,1,6815,completed,5997818
16,1,6816,completed,6001984
16,1,6817,completed,6068317
16,1,6818,completed,6070984
16,1,6819,completed,6066735
16,1,6820,completed,6063359
16,1,6821,completed,6060526
16,1,6822,completed,6057610
16,1,6823,completed,6054943
16,1,6824,completed,6051984
16,1,6825,completed,6048026
16,1,6826,completed,6045068
16,1,6827,completed,6042652
16,1,6828,completed,6040652
16,1,6829,completed,6038027
16,1,6830,completed,6035652
16,1,6831,completed,6032860
16,1,6832,completed,6030110
16,1,6833,completed,5784526
16,1,6834,completed,5784027
16,1,6835,completed,5784651
16,1,6836,completed,5785276
16,1,6837,completed,5785776
16,1,6838,completed,5786527
16,1,6839,completed,5787110
16,1,6840,completed,5788110
16,1,6841,completed,5788568
16,1,6842,completed,5789152
16,1,6843,completed,5789777
16,1,6844,completed,5790318
16,1,6845,completed,5790943
16,1,6846,completed,5791526
16,1,6847,completed,5792110
16,1,6848,completed,5792485
16,1,6849,completed,5676944
16,1,6850,completed,5684152
16,1,6851,completed,5684736
16,1,6852,completed,5685277
16,1,6853,completed,5685819
16,1,6854,completed,5687068
16,1,6855,completed,5687944
16,1,6856,completed,5689152
16,1,6857,completed,5690069
16,1,6858,completed,5691277
16,1,6859,completed,5692527
16,1,6860,completed,5693235
16,1,6861,completed,5694235
16,1,6862,completed,5694569
16,1,6863,completed,5695610
16,1,6864,completed,5696319
16,1,6865,completed,6225067
16,1,6866,completed,6230443
16,1,6867,completed,6231609
16,1,6868,completed,6232775
16,1,6869,completed,6234068
16,1,6870,completed,6236275
16,1,6871,completed,6238026
16,1,6872,completed,6239401
16,1,6873,completed,6240525
16,1,6874,completed,6242193
16,1,6875,completed,6242775
16,1,6876,completed,6243942
16,1,6877,completed,6245400
16,1,6878,completed,6246984
16,1,6879,completed,6248151
16,1,6880,completed,6249401
16,1,6881,completed,5981984
16,1,6882,completed,5984193
16,1,6883,completed,5985193
16,1,6884,completed,5986193
16,1,6885,completed,5987651
16,1,6886,completed,5988776
16,1,6887,completed,5989652
16,1,6888,completed,5990652
16,1,6889,completed,5991568
16,1,6890,completed,5992651
16,1,6891,completed,5993276
16,1,6892,completed,5994152
16,1,6893,completed,5994901
16,1,6894,completed,5996068
16,1,6895,completed,5997068
16,1,6896,completed,5997776
16,1,6897,completed,5675068
16,1,6898,completed,5676277
16,1,6899,completed,5676568
16,1,6900,completed,5676944
16,1,6901,completed,5677444
16,1,6902,completed,5678027
16,1,6903,completed,5678652
16,1,6904,completed,5679152
16,1,6905,completed,5679652
16,1,6906,completed,5679985
16,1,6907,completed,5680568
16,1,6908,completed,5680986
16,1,6909,completed,5681527
16,1,6910,completed,5681985
16,1,6911,completed,5682402
16,1,6912,completed,5682902
16,1,6913,completed,6275150
16,1,6914,completed,6282984
16,1,6915,completed,6283817
16,1,6916,completed,6284859
16,1,6917,completed,6286275
16,1,6918,completed,6287900
16,1,6919,completed,6288818
16,1,6920,completed,6289776
16,1,6921,completed,6290859
16,1,6922,completed,6291484
16,1,6923,completed,6292609
16,1,6924,completed,6293483
16,1,6925,completed,6294858
16,1,6926,completed,6295817
16,1,6927,completed,6296484
16,1,6928,completed,6297108
16,1,6929,completed,5952818
16,1,6930,completed,5953819
16,1,6931,completed,5954360
16,1,6932,completed,5955235
16,1,6933,completed,5955818
16,1,6934,completed,5956735
16,1,6935,completed,5957152
16,1,6936,completed,5957943
16,1,6937,completed,5958693
16,1,6938,completed,5964985
16,1,6939,completed,5965735
16,1,6940,completed,5966401
16,1,6941,completed,5967193
16,1,6942,completed,5968193
16,1,6943,completed,5969193
16,1,6944,completed,5970193
16,1,6945,completed,6069402
16,1,6946,completed,6079985
16,1,6947,completed,6080860
16,1,6948,completed,6081193
16,1,6949,completed,6081734
16,1,6950,completed,6083110
16,1,6951,completed,6083943
16,1,6952,completed,6085151
16,1,6953,completed,6085985
16,1,6954,completed,6086693
16,1,6955,completed,6087276
16,1,6956,completed,6088234
16,1,6957,completed,6088818
16,1,6958,completed,6089360
16,1,6959,completed,6090193
16,1,6960,completed,6091568
16,1,6961,completed,5414987
16,1,6962,completed,5420362
16,1,6963,completed,5421278
16,1,6964,completed,5422153
16,1,6965,completed,5423070
16,1,6966,completed,5424611
16,1,6967,completed,5425069
16,1,6968,completed,5426028
16,1,6969,completed,5427028
16,1,6970,completed,5427861
16,1,6971,completed,5428653
16,1,6972,completed,5429653
16,1,6973,completed,5430736
16,1,6974,completed,5431987
16,1,6975,completed,5432736
16,1,6976,completed,5433528
16,1,6977,completed,6133984
16,1,6978,completed,6135860
16,1,6979,completed,6136234
16,1,6980,completed,6136859
16,1,6981,completed,6137901
16,1,6982,completed,6139026
16,1,6983,completed,6139860
16,1,6984,completed,6140609
16,1,6985,completed,6141567
16,1,6986,completed,6142359
16,1,6987,completed,6142984
16,1,6988,completed,6143401
16,1,6989,completed,6143901
16,1,6990,completed,6144817
16,1,6991,completed,6145442
16,1,6992,completed,6146609
16,1,6993,completed,7047690
16,1,6994,completed,7056732
16,1,6995,completed,7057565
16,1,6996,completed,7058398
16,1,6997,completed,7059315
16,1,6998,completed,7060232
16,1,6999,completed,7061773
16,1,7000,completed,7062690
16,1,7001,completed,7063690
16,1,7002,completed,7064816
16,1,7003,completed,7066149
16,1,7004,completed,7066857
16,1,7005,completed,7067607
16,1,7006,completed,7068315
16,1,7007,completed,7069482
16,1,7008,completed,7069898
16,1,7009,completed,5983193
16,1,7010,completed,5988276
16,1,7011,completed,5989527
16,1,7012,completed,5990526
16,1,7013,completed,5991693
16,1,7014,completed,5993235
16,1,7015,completed,5994109
16,1,7016,completed,5995026
16,1,7017,completed,5996152
16,1,7018,completed,5997276
16,1,7019,completed,5997818
16,1,7020,completed,5998443
16,1,7021,completed,5999443
16,1,7022,completed,6000735
16,1,7023,completed,6001901
16,1,7024,completed,6002651
16,1,7025,completed,5862985
16,1,7026,completed,5864985
16,1,7027,completed,5865485
16,1,7028,completed,5866194
16,1,7029,completed,5866944
16,1,7030,completed,5867860
16,1,7031,completed,5869026
16,1,7032,completed,5869819
16,1,7033,completed,5870402
16,1,7034,completed,5871110
16,1,7035,completed,5872277
16,1,7036,completed,5873443
16,1,7037,completed,5874318
16,1,7038,completed,5874860
16,1,7039,completed,5875443
16,1,7040,completed,5876027
16,1,7041,completed,6026734
16,1,7042,completed,6032401
16,1,7043,completed,6033902
16,1,7044,completed,6034610
16,1,7045,completed,6036360
16,1,7046,completed,6038068
16,1,7047,completed,6039443
16,1,7048,completed,6040776
16,1,7049,completed,6041902
16,1,7050,completed,6043485
16,1,7051,completed,6044859
16,1,7052,completed,6046318
16,1,7053,completed,6047193
16,1,7054,completed,6048484
16,1,7055,completed,6049860
16,1,7056,completed,6051235
16,1,7057,completed,5914901
16,1,7058,completed,5913485
16,1,7059,completed,5913652
16,1,7060,completed,5913777
16,1,7061,completed,5914318
16,1,7062,completed,5915110
16,1,7063,completed,5915235
16,1,7064,completed,5915610
16,1,7065,completed,5915943
16,1,7066,completed,5916777
16,1,7067,completed,5917319
16,1,7068,completed,5917610
16,1,7069,completed,5917985
16,1,7070,completed,5927901
16,1,7071,completed,5928485
16,1,7072,completed,5928735
16,1,7073,completed,5649277
16,1,7074,completed,5663902
16,1,7075,completed,5665360
16,1,7076,completed,5666652
16,1,7077,completed,5668527
16,1,7078,completed,5669985
16,1,7079,completed,5671444
16,1,7080,completed,5673152
16,1,7081,completed,5675860
16,1,7082,completed,5678235
16,1,7083,completed,5679902
16,1,7084,completed,5682902
16,1,7085,completed,5684277
16,1,7086,completed,5685693
16,1,7087,completed,5687277
16,1,7088,completed,5688443
16,1,7089,completed,6321109
16,1,7090,completed,6323233
16,1,7091,completed,6325067
16,1,7092,completed,6326359
16,1,7093,completed,6328026
16,1,7094,completed,6329817
16,1,7095,completed,6331275
16,1,7096,completed,6332776
16,1,7097,completed,6334734
16,1,7098,completed,6336150
16,1,7099,completed,6337733
16,1,7100,completed,6339359
16,1,7101,completed,6340817
16,1,7102,completed,6341650
16,1,7103,completed,6342776
16,1,7104,completed,6344359
16,1,7105,completed,5562235
16,1,7106,completed,5560694
16,1,7107,completed,5561819
16,1,7108,completed,5562944
16,1,7109,completed,5564360
16,1,7110,completed,5565694
16,1,7111,completed,5566902
16,1,7112,completed,5567944
16,1,7113,completed,5569653
16,1,7114,completed,5570819
16,1,7115,completed,5572319
16,1,7116,completed,5573402
16,1,7117,completed,5574319
16,1,7118,completed,5575153
16,1,7119,completed,5575944
16,1,7120,completed,5576986
16,1,7121,completed,6078860
16,1,7122,completed,6080942
16,1,7123,completed,6082193
16,1,7124,completed,6083193
16,1,7125,completed,6084442
16,1,7126,completed,6085484
16,1,7127,completed,6086484
16,1,7128,completed,6087693
16,1,7129,completed,6089151
16,1,7130,completed,6090359
16,1,7131,completed,6091401
16,1,7132,completed,6092693
16,1,7133,completed,6093984
16,1,7134,completed,6095318
16,1,7135,completed,6096692
16,1,7136,completed,6097817
16,1,7137,completed,5922152
16,1,7138,completed,5919527
16,1,7139,completed,5919860
16,1,7140,completed,5920027
16,1,7141,completed,5920568
16,1,7142,completed,5920943
16,1,7143,completed,5921484
16,1,7144,completed,5922234
16,1,7145,completed,5922818
16,1,7146,completed,5923151
16,1,7147,completed,5923318
16,1,7148,completed,5923776
16,1,7149,completed,5924234
16,1,7150,completed,5924484
16,1,7151,completed,5924859
16,1,7152,completed,5944943
16,1,7153,completed,5984027
16,1,7154,completed,5991360
16,1,7155,completed,5992359
16,1,7156,completed,5992902
16,1,7157,completed,5993984
16,1,7158,completed,5994652
16,1,7159,completed,5995943
16,1,7160,completed,5996985
16,1,7161,completed,5998193
16,1,7162,completed,5999109
16,1,7163,completed,5999860
16,1,7164,completed,6000901
16,1,7165,completed,6001943
16,1,7166,completed,6002859
16,1,7167,completed,6040193
16,1,7168,completed,6053526
16,1,7169,completed,5994693
16,1,7170,completed,6000735
16,1,7171,completed,6002526
16,1,7172,completed,6003651
16,1,7173,completed,6005735
16,1,7174,completed,6007110
16,1,7175,completed,6008735
16,1,7176,completed,6010110
16,1,7177,completed,6011985
16,1,7178,completed,6013193
16,1,7179,completed,6014152
16,1,7180,completed,6015693
16,1,7181,completed,6016985
16,1,7182,completed,6018027
16,1,7183,completed,5973152
16,1,7184,completed,6015610
16,1,7185,completed,5927651
16,1,7186,completed,5925360
16,1,7187,completed,5925277
16,1,7188,completed,5925110
16,1,7189,completed,5925568
16,1,7190,completed,5925735
16,1,7191,completed,5926277
16,1,7192,completed,5926610
16,1,7193,completed,5927402
16,1,7194,completed,5927651
16,1,7195,completed,5927735
16,1,7196,completed,5928193
16,1,7197,completed,5928526
16,1,7198,completed,5928652
16,1,7199,completed,5928860
16,1,7200,completed,5891860
16,1,7201,completed,5962652
16,1,7202,completed,5967360
16,1,7203,completed,5968235
16,1,7204,completed,5968985
16,1,7205,completed,5970027
16,1,7206,completed,5970860
16,1,7207,completed,5972027
16,1,7208,completed,5973027
16,1,7209,completed,5973360
16,1,7210,completed,5974735
16,1,7211,completed,5975985
16,1,7212,completed,5977735
16,1,7213,completed,5979402
16,1,7214,completed,5980818
16,1,7215,completed,5981652
16,1,7216,completed,6017360
16,1,7217,completed,5957651
16,1,7218,completed,5957068
16,1,7219,completed,5956610
16,1,7220,completed,5956276
16,1,7221,completed,5956276
16,1,7222,completed,5955943
16,1,7223,completed,5955902
16,1,7224,completed,5955818
16,1,7225,completed,5955860
16,1,7226,completed,5955693
16,1,7227,completed,5955527
16,1,7228,completed,5955443
16,1,7229,completed,5955402
16,1,7230,completed,5955235
16,1,7231,completed,5955068
16,1,7232,completed,5953068
16,1,7233,completed,5953985
16,1,7234,completed,5959652
16,1,7235,completed,5960527
16,1,7236,completed,5961735
16,1,7237,completed,5962985
16,1,7238,completed,5963568
16,1,7239,completed,5964485
16,1,7240,completed,5965319
16,1,7241,completed,5966277
16,1,7242,completed,5964027
16,1,7243,completed,5964693
16,1,7244,completed,5965735
16,1,7245,completed,5966651
16,1,7246,completed,5967484
16,1,7247,completed,5968360
16,1,7248,completed,6009193
16,1,7249,completed,5753402
16,1,7250,completed,5753569
16,1,7251,completed,5753569
16,1,7252,completed,5753860
16,1,7253,completed,5754443
16,1,7254,completed,5754735
16,1,7255,completed,5755443
16,1,7256,completed,5755943
16,1,7257,completed,5756777
16,1,7258,completed,5757402
16,1,7259,completed,5757777
16,1,7260,completed,5758318
16,1,7261,completed,5758985
16,1,7262,completed,5759402
16,1,7263,completed,5759902
16,1,7264,completed,5739611
16,1,7265,completed,5906985
16,1,7266,completed,5906818
16,1,7267,completed,5907193
16,1,7268,completed,5907735
16,1,7269,completed,5908318
16,1,7270,completed,5908776
16,1,7271,completed,5909485
16,1,7272,completed,5910068
16,1,7273,completed,5910693
16,1,7274,completed,5911068
16,1,7275,completed,5911068
16,1,7276,completed,5911485
16,1,7277,completed,5911943
16,1,7278,completed,5910984
16,1,7279,completed,5932276
16,1,7280,completed,5934818
16,1,7281,completed,6202109
16,1,7282,completed,6197443
16,1,7283,completed,6197609
16,1,7284,completed,6197609
16,1,7285,completed,6197568
16,1,7286,completed,6197484
16,1,7287,completed,6197860
16,1,7288,completed,6197984
16,1,7289,completed,6198234
16,1,7290,completed,6198401
16,1,7291,completed,6198484
16,1,7292,completed,6198776
16,1,7293,completed,6198151
16,1,7294,completed,6198401
16,1,7295,completed,6212442
16,1,7296,completed,6206150
16,1,7297,completed,5983693
16,1,7298,completed,5988068
16,1,7299,completed,5989109
16,1,7300,completed,5990068
16,1,7301,completed,5990943
16,1,7302,completed,5991902
16,1,7303,completed,5992902
16,1,7304,completed,5993818
16,1,7305,completed,5994943
16,1,7306,completed,5995985
16,1,7307,completed,5996818
16,1,7308,completed,5997818
16,1,7309,completed,5998859
16,1,7310,completed,5999776
16,1,7311,completed,5988402
16,1,7312,completed,6013860
16,1,7313,completed,6035318
16,1,7314,completed,6039693
16,1,7315,completed,6040235
16,1,7316,completed,6040110
16,1,7317,completed,6040485
16,1,7318,completed,6041152
16,1,7319,completed,6042235
16,1,7320,completed,6042776
16,1,7321,completed,6043401
16,1,7322,completed,6043818
16,1,7323,completed,6044026
16,1,7324,completed,6044652
16,1,7325,completed,6045152
16,1,7326,completed,6045527
16,1,7327,completed,6083985
16,1,7328,completed,6096235
16,1,7329,completed,5959360
16,1,7330,completed,5962318
16,1,7331,completed,5963193
16,1,7332,completed,5964026
16,1,7333,completed,5964401
16,1,7334,completed,5965193
16,1,7335,completed,5965902
16,1,7336,completed,5966777
16,1,7337,completed,5967735
16,1,7338,completed,5968652
16,1,7339,completed,5969068
16,1,7340,completed,5969902
16,1,7341,completed,5970819
16,1,7342,completed,5971319
16,1,7343,completed,5952693
16,1,7344,completed,5954151
16,1,7345,completed,5978776
16,1,7346,completed,5985277
16,1,7347,completed,5986027
16,1,7348,completed,5986985
16,1,7349,completed,5988277
16,1,7350,completed,5988651
16,1,7351,completed,5989776
16,1,7352,completed,5989860
16,1,7353,completed,5991568
16,1,7354,completed,5992568
16,1,7355,completed,5992652
16,1,7356,completed,5993527
16,1,7357,completed,6017610
16,1,7358,completed,6023651
16,1,7359,completed,6000235
16,1,7360,completed,6000527
16,1,7361,completed,6076485
16,1,7362,completed,6080151
16,1,7363,completed,6081442
16,1,7364,completed,6082859
16,1,7365,completed,6084859
16,1,7366,completed,6086276
16,1,7367,completed,6087859
16,1,7368,completed,6089443
16,1,7369,completed,6091317
16,1,7370,completed,6092818
16,1,7371,completed,6094026
16,1,7372,completed,6095776
16,1,7373,completed,6080401
16,1,7374,completed,6081818
16,1,7375,completed,6083443
16,1,7376,completed,6085151
16,1,7377,completed,5834860
16,1,7378,completed,5832360
16,1,7379,completed,5832985
16,1,7380,completed,5833443
16,1,7381,completed,5834110
16,1,7382,completed,5834568
16,1,7383,completed,5834985
16,1,7384,completed,5835652
16,1,7385,completed,5836693
16,1,7386,completed,5837110
16,1,7387,completed,5837277
16,1,7388,completed,5860818
16,1,7389,completed,5866985
16,1,7390,completed,5867485
16,1,7391,completed,5867860
16,1,7392,completed,5868652
16,1,7393,completed,6153318
16,1,7394,completed,6164151
16,1,7395,completed,6165692
16,1,7396,completed,6167609
16,1,7397,completed,6169776
16,1,7398,completed,6171110
16,1,7399,completed,6173026
16,1,7400,completed,6174818
16,1,7401,completed,6177610
16,1,7402,completed,6179818
16,1,7403,completed,6180734
16,1,7404,completed,6165693
16,1,7405,completed,6166943
16,1,7406,completed,6168484
16,1,7407,completed,6196067
16,1,7408,completed,6199025
16,1,7409,completed,5410069
16,1,7410,completed,5413820
16,1,7411,completed,5415028
16,1,7412,completed,5416028
16,1,7413,completed,5417778
16,1,7414,completed,5418736
16,1,7415,completed,5419945
16,1,7416,completed,5421445
16,1,7417,completed,5423403
16,1,7418,completed,5424445
16,1,7419,completed,5424861
16,1,7420,completed,5426153
16,1,7421,completed,5455903
16,1,7422,completed,5462986
16,1,7423,completed,5462486
16,1,7424,completed,5451902
16,1,7425,completed,6284817
16,1,7426,completed,6283567
16,1,7427,completed,6284776
16,1,7428,completed,6285943
16,1,7429,completed,6287192
16,1,7430,completed,6288234
16,1,7431,completed,6289526
16,1,7432,completed,6290568
16,1,7433,completed,6292234
16,1,7434,completed,6293401
16,1,7435,completed,6293984
16,1,7436,completed,6295192
16,1,7437,completed,6282234
16,1,7438,completed,6283484
16,1,7439,completed,6284734
16,1,7440,completed,6312359
16,1,7441,completed,5909568
16,1,7442,completed,5911859
16,1,7443,completed,5912484
16,1,7444,completed,5913193
16,1,7445,completed,5914276
16,1,7446,completed,5914776
16,1,7447,completed,5915860
16,1,7448,completed,5916359
16,1,7449,completed,5917859
16,1,7450,completed,5918609
16,1,7451,completed,5908193
16,1,7452,completed,5908609
16,1,7453,completed,5944359
16,1,7454,completed,5954068
16,1,7455,completed,5948109
16,1,7456,completed,5949110
16,1,7457,completed,6020610
16,1,7458,completed,6022401
16,1,7459,completed,6023609
16,1,7460,completed,6024776
16,1,7461,completed,6026151
16,1,7462,completed,6027026
16,1,7463,completed,6028151
16,1,7464,completed,6029401
16,1,7465,completed,6031110
16,1,7466,completed,6032318
16,1,7467,completed,6033193
16,1,7468,completed,6034318
16,1,7469,completed,6000985
16,1,7470,completed,6028734
16,1,7471,completed,6032359
16,1,7472,completed,6042943
16,1,7473,completed,5944027
16,1,7474,completed,5940193
16,1,7475,completed,5940276
16,1,7476,completed,5940193
16,1,7477,completed,5940401
16,1,7478,completed,5940485
16,1,7479,completed,5940651
16,1,7480,completed,5940735
16,1,7481,completed,5941151
16,1,7482,completed,5941319
16,1,7483,completed,5941277
16,1,7484,completed,5941443
16,1,7485,completed,5941569
16,1,7486,completed,5939943
16,1,7487,completed,5888110
16,1,7488,completed,5868860
16,1,7489,completed,5973943
16,1,7490,completed,5987943
16,1,7491,completed,5980193
16,1,7492,completed,5981235
16,1,7493,completed,5982901
16,1,7494,completed,5983859
16,1,7495,completed,5984818
16,1,7496,completed,5985776
16,1,7497,completed,5987568
16,1,7498,completed,5988693
16,1,7499,completed,5989318
16,1,7500,completed,5990568
16,1,7501,completed,5991901
16,1,7502,completed,5992901
16,1,7503,completed,6052984
16,1,7504,completed,6064318
16,1,7505,completed,5944485
16,1,7506,completed,5939527
16,1,7507,completed,5939527
16,1,7508,completed,5939777
16,1,7509,completed,5940026
16,1,7510,completed,5940235
16,1,7511,completed,5940402
16,1,7512,completed,5940777
16,1,7513,completed,5941193
16,1,7514,completed,5941360
16,1,7515,completed,5941319
16,1,7516,completed,5941818
16,1,7517,completed,5942026
16,1,7518,completed,5941943
16,1,7519,completed,5880110
16,1,7520,completed,5892818
16,1,7521,completed,5605694
16,1,7522,completed,5615944
16,1,7523,completed,5617319
16,1,7524,completed,5619194
16,1,7525,completed,5621444
16,1,7526,completed,5622944
16,1,7527,completed,5625110
16,1,7528,completed,5626819
16,1,7529,completed,5629611
16,1,7530,completed,5631278
16,1,7531,completed,5632153
16,1,7532,completed,5634028
16,1,7533,completed,5635403
16,1,7534,completed,5674153
16,1,7535,completed,5685986
16,1,7536,completed,5688194
16,1,7537,completed,6288026
16,1,7538,completed,6286901
16,1,7539,completed,6287609
16,1,7540,completed,6288484
16,1,7541,completed,6289109
16,1,7542,completed,6289526
16,1,7543,completed,6290526
16,1,7544,completed,6291358
16,1,7545,completed,6292442
16,1,7546,completed,6293067
16,1,7547,completed,6293484
16,1,7548,completed,6294484
16,1,7549,completed,6295234
16,1,7550,completed,6272192
16,1,7551,completed,6272942
16,1,7552,completed,6274026
16,1,7553,completed,5906360
16,1,7554,completed,5895860
16,1,7555,completed,5894944
16,1,7556,completed,5894276
16,1,7557,completed,5893526
16,1,7558,completed,5892902
16,1,7559,completed,5892318
16,1,7560,completed,5891735
16,1,7561,completed,5891360
16,1,7562,completed,5890735
16,1,7563,completed,5890026
16,1,7564,completed,5889402
16,1,7565,completed,5888818
16,1,7566,completed,5888152
16,1,7567,completed,5887527
16,1,7568,completed,5886985
16,1,7569,completed,5976109
16,1,7570,completed,5984443
16,1,7571,completed,5986110
16,1,7572,completed,5987735
16,1,7573,completed,5989651
16,1,7574,completed,5991276
16,1,7575,completed,5992943
16,1,7576,completed,5994943
16,1,7577,completed,5997276
16,1,7578,completed,5999235
16,1,7579,completed,6001027
16,1,7580,completed,6002943
16,1,7581,completed,6004984
16,1,7582,completed,6006735
16,1,7583,completed,6008652
16,1,7584,completed,6046692
16,1,7585,completed,5721653
16,1,7586,completed,5720652
16,1,7587,completed,5720569
16,1,7588,completed,5720443
16,1,7589,completed,5720568
16,1,7590,completed,5720610
16,1,7591,completed,5720694
16,1,7592,completed,5720860
16,1,7593,completed,5721277
16,1,7594,completed,5747985
16,1,7595,completed,5756235
16,1,7596,completed,5756527
16,1,7597,completed,5756777
16,1,7598,completed,5756902
16,1,7599,completed,5757152
16,1,7600,completed,5755569
16,1,7601,completed,6249775
16,1,7602,completed,6252234
16,1,7603,completed,6252776
16,1,7604,completed,6247693
16,1,7605,completed,6248151
16,1,7606,completed,6248359
16,1,7607,completed,6248984
16,1,7608,completed,6249525
16,1,7609,completed,6250192
16,1,7610,completed,6228234
16,1,7611,completed,6227859
16,1,7612,completed,6228609
16,1,7613,completed,6229318
16,1,7614,completed,6229359
16,1,7615,completed,6229817
16,1,7616,completed,6275984
16,1,7617,completed,5961235
16,1,7618,completed,5967318
16,1,7619,completed,5967943
16,1,7620,completed,5956527
16,1,7621,completed,5957152
16,1,7622,completed,5957318
16,1,7623,completed,5957818
16,1,7624,completed,5954318
16,1,7625,completed,5955443
16,1,7626,completed,5955568
16,1,7627,completed,5955526
16,1,7628,completed,5956026
16,1,7629,completed,5956568
16,1,7630,completed,5956943
16,1,7631,completed,5957360
16,1,7632,completed,5913277
16,1,7633,completed,6000026
16,1,7634,completed,6006318
16,1,7635,completed,6007735
16,1,7636,completed,6008776
16,1,7637,completed,6010235
16,1,7638,completed,6011693
16,1,7639,completed,6013193
16,1,7640,completed,6014443
16,1,7641,completed,6015943
16,1,7642,completed,6017193
16,1,7643,completed,6018277
16,1,7644,completed,6019818
16,1,7645,completed,6021193
16,1,7646,completed,6022402
16,1,7647,completed,6023027
16,1,7648,completed,6058567
16,1,7649,completed,5960068
16,1,7650,completed,5957527
16,1,7651,completed,5957568
16,1,7652,completed,5957235
16,1,7653,completed,5957235
16,1,7654,completed,5957193
16,1,7655,completed,5957235
16,1,7656,completed,5957194
16,1,7657,completed,5957860
16,1,7658,completed,5958277
16,1,7659,completed,5958276
16,1,7660,completed,5958819
16,1,7661,completed,5958818
16,1,7662,completed,5956818
16,1,7663,completed,5957151
16,1,7664,completed,5984276
16,1,7665,completed,5980652
16,1,7666,completed,5982276
16,1,7667,completed,5983068
16,1,7668,completed,5983609
16,1,7669,completed,5984484
16,1,7670,completed,5984610
16,1,7671,completed,5984818
16,1,7672,completed,5985152
16,1,7673,completed,5986027
16,1,7674,completed,5986235
16,1,7675,completed,5986277
16,1,7676,completed,5987318
16,1,7677,completed,6005777
16,1,7678,completed,6010402
16,1,7679,completed,6009318
16,1,7680,completed,6010193
16,1,7681,completed,5953027
16,1,7682,completed,5956734
16,1,7683,completed,5958235
16,1,7684,completed,5959401
16,1,7685,completed,5960568
16,1,7686,completed,5961568
16,1,7687,completed,5962776
16,1,7688,completed,5964027
16,1,7689,completed,5965234
16,1,7690,completed,5966235
16,1,7691,completed,5966901
16,1,7692,completed,5968151
16,1,7693,completed,5986735
16,1,7694,completed,5998193
16,1,7695,completed,5999359
16,1,7696,completed,6000527
16,1,7697,completed,6044109
16,1,7698,completed,6050901
16,1,7699,completed,6051818
16,1,7700,completed,6053109
16,1,7701,completed,6054901
16,1,7702,completed,6055985
16,1,7703,completed,6057402
16,1,7704,completed,6058484
16,1,7705,completed,6060526
16,1,7706,completed,6061693
16,1,7707,completed,6062235
16,1,7708,completed,6094192
16,1,7709,completed,6078193
16,1,7710,completed,6079276
16,1,7711,completed,6072401
16,1,7712,completed,6073567
16,1,7713,completed,5316820
16,1,7714,completed,5310820
16,1,7715,completed,5311403
16,1,7716,completed,5311862
16,1,7717,completed,5312403
16,1,7718,completed,5312736
16,1,7719,completed,5313778
16,1,7720,completed,5314236
16,1,7721,completed,5314986
16,1,7722,completed,5315319
16,1,7723,completed,5315445
16,1,7724,completed,5289987
16,1,7725,completed,5290570
16,1,7726,completed,5331653
16,1,7727,completed,5342153
16,1,7728,completed,5342820
16,1,7729,completed,6013901
16,1,7730,completed,6001609
16,1,7731,completed,6001651
16,1,7732,completed,6001776
16,1,7733,completed,6002068
16,1,7734,completed,6002109
16,1,7735,completed,6002193
16,1,7736,completed,6002193
16,1,7737,completed,6002443
16,1,7738,completed,6002526
16,1,7739,completed,6002484
16,1,7740,completed,6002568
16,1,7741,completed,6002693
16,1,7742,completed,5973276
16,1,7743,completed,5973276
16,1,7744,completed,5973193
16,1,7745,completed,6466442
16,1,7746,completed,6478275
16,1,7747,completed,6480192
16,1,7748,completed,6478484
16,1,7749,completed,6480233
16,1,7750,completed,6481775
16,1,7751,completed,6483359
16,1,7752,completed,6484983
16,1,7753,completed,6486734
16,1,7754,completed,6488567
16,1,7755,completed,6489900
16,1,7756,completed,6489316
16,1,7757,completed,6491150
16,1,7758,completed,6492567
16,1,7759,completed,6494150
16,1,7760,completed,6495733
16,1,7761,completed,5965735
16,1,7762,completed,5966526
16,1,7763,completed,5967276
16,1,7764,completed,5968152
16,1,7765,completed,5969693
16,1,7766,completed,5970859
16,1,7767,completed,5972110
16,1,7768,completed,5973235
16,1,7769,completed,5974859
16,1,7770,completed,5976027
16,1,7771,completed,5976943
16,1,7772,completed,5978359
16,1,7773,completed,5979485
16,1,7774,completed,5980610
16,1,7775,completed,5981776
16,1,7776,completed,6004026
16,1,7777,completed,5824152
16,1,7778,completed,5824152
16,1,7779,completed,5824318
16,1,7780,completed,5824318
16,1,7781,completed,5824527
16,1,7782,completed,5824485
16,1,7783,completed,5824651
16,1,7784,completed,5823360
16,1,7785,completed,5824235
16,1,7786,completed,5825110
16,1,7787,completed,5825693
16,1,7788,completed,5826569
16,1,7789,completed,5827276
16,1,7790,completed,5827360
16,1,7791,completed,5818360
16,1,7792,completed,5843610
16,1,7793,completed,6132984
16,1,7794,completed,6130817
16,1,7795,completed,6130818
16,1,7796,completed,6130942
16,1,7797,completed,6131360
16,1,7798,completed,6131901
16,1,7799,completed,6132568
16,1,7800,completed,6132818
16,1,7801,completed,6133610
16,1,7802,completed,6134110
16,1,7803,completed,6134318
16,1,7804,completed,6135068
16,1,7805,completed,6135401
16,1,7806,completed,6134734
16,1,7807,completed,6135318
16,1,7808,completed,6172193
16,1,7809,completed,5904319
16,1,7810,completed,5906985
16,1,7811,completed,5907526
16,1,7812,completed,5908068
16,1,7813,completed,5908985
16,1,7814,completed,5909693
16,1,7815,completed,5910485
16,1,7816,completed,5911193
16,1,7817,completed,5912068
16,1,7818,completed,5912818
16,1,7819,completed,5913402
16,1,7820,completed,5914235
16,1,7821,completed,5914985
16,1,7822,completed,5915568
16,1,7823,completed,5916194
16,1,7824,completed,5875068
16,1,7825,completed,5971652
16,1,7826,completed,5972360
16,1,7827,completed,5972985
16,1,7828,completed,5973735
16,1,7829,completed,5974818
16,1,7830,completed,5975859
16,1,7831,completed,5976901
16,1,7832,completed,5977901
16,1,7833,completed,5979193
16,1,7834,completed,5980276
16,1,7835,completed,5981068
16,1,7836,completed,5982235
16,1,7837,completed,5983318
16,1,7838,completed,5984277
16,1,7839,completed,5985318
16,1,7840,completed,6010109
16,1,7841,completed,6027359
16,1,7842,completed,6023151
16,1,7843,completed,6023026
16,1,7844,completed,6022776
16,1,7845,completed,6022610
16,1,7846,completed,6022318
16,1,7847,completed,6022359
16,1,7848,completed,6020818
16,1,7849,completed,6021276
16,1,7850,completed,6021651
16,1,7851,completed,6021901
16,1,7852,completed,6022402
16,1,7853,completed,6022652
16,1,7854,completed,6015860
16,1,7855,completed,6015860
16,1,7856,completed,6039401
16,1,7857,completed,5839610
16,1,7858,completed,5843193
16,1,7859,completed,5844527
16,1,7860,completed,5845527
16,1,7861,completed,5846901
16,1,7862,completed,5848194
16,1,7863,completed,5849443
16,1,7864,completed,5850735
16,1,7865,completed,5852318
16,1,7866,completed,5853610
16,1,7867,completed,5854735
16,1,7868,completed,5856193
16,1,7869,completed,5857569
16,1,7870,completed,5858818
16,1,7871,completed,5860151
16,1,7872,completed,5866360
16,1,7873,completed,6021610
16,1,7874,completed,6020276
16,1,7875,completed,6020193
16,1,7876,completed,6020318
16,1,7877,completed,6020526
16,1,7878,completed,6020610
16,1,7879,completed,6020776
16,1,7880,completed,6020859
16,1,7881,completed,6021110
16,1,7882,completed,6021193
16,1,7883,completed,6021151
16,1,7884,completed,6021276
16,1,7885,completed,6021485
16,1,7886,completed,6021484
16,1,7887,completed,6021609
16,1,7888,completed,6003443
16,1,7889,completed,5993151
16,1,7890,completed,6004568
16,1,7891,completed,5999234
16,1,7892,completed,6000068
16,1,7893,completed,6001443
16,1,7894,completed,6002485
16,1,7895,completed,6004027
16,1,7896,completed,6005193
16,1,7897,completed,6006651
16,1,7898,completed,6007318
16,1,7899,completed,6008485
16,1,7900,completed,6009985
16,1,7901,completed,6051235
16,1,7902,completed,6061652
16,1,7903,completed,6063735
16,1,7904,completed,6065109
16,1,7905,completed,5917735
16,1,7906,completed,5912068
16,1,7907,completed,5911610
16,1,7908,completed,5910901
16,1,7909,completed,5910401
16,1,7910,completed,5909859
16,1,7911,completed,5909443
16,1,7912,completed,5909152
16,1,7913,completed,5908901
16,1,7914,completed,5908568
16,1,7915,completed,5907985
16,1,7916,completed,5907609
16,1,7917,completed,5858818
16,1,7918,completed,5856402
16,1,7919,completed,5870985
16,1,7920,completed,5877776
16,1,7921,completed,6045276
16,1,7922,completed,6058360
16,1,7923,completed,6060902
16,1,7924,completed,6062484
16,1,7925,completed,6065484
16,1,7926,completed,6066902
16,1,7927,completed,6068985
16,1,7928,completed,6070609
16,1,7929,completed,6073526
16,1,7930,completed,6075235
16,1,7931,completed,6076359
16,1,7932,completed,6078443
16,1,7933,completed,6080567
16,1,7934,completed,6082109
16,1,7935,completed,6133442
16,1,7936,completed,6140234
16,1,7937,completed,5925068
16,1,7938,completed,5922151
16,1,7939,completed,5923069
16,1,7940,completed,5923819
16,1,7941,completed,5925193
16,1,7942,completed,5925860
16,1,7943,completed,5926860
16,1,7944,completed,5927693
16,1,7945,completed,5928985
16,1,7946,completed,5929735
16,1,7947,completed,5930194
16,1,7948,completed,5931152
16,1,7949,completed,5932027
16,1,7950,completed,5932735
16,1,7951,completed,5869818
16,1,7952,completed,5910277
16,1,7953,completed,5930860
16,1,7954,completed,5930152
16,1,7955,completed,5930526
16,1,7956,completed,5930902
16,1,7957,completed,5931985
16,1,7958,completed,5932526
16,1,7959,completed,5933277
16,1,7960,completed,5933902
16,1,7961,completed,5935068
16,1,7962,completed,5935610
16,1,7963,completed,5936027
16,1,7964,completed,5936901
16,1,7965,completed,5937527
16,1,7966,completed,5938027
16,1,7967,completed,5938485
16,1,7968,completed,5914526
16,1,7969,completed,5695694
16,1,7970,completed,5696318
16,1,7971,completed,5696319
16,1,7972,completed,5696402
16,1,7973,completed,5696861
16,1,7974,completed,5697027
16,1,7975,completed,5697527
16,1,7976,completed,5697903
16,1,7977,completed,5698527
16,1,7978,completed,5698944
16,1,7979,completed,5699194
16,1,7980,completed,5699652
16,1,7981,completed,5700194
16,1,7982,completed,5700569
16,1,7983,completed,5699235
16,1,7984,completed,5723360
16,1,7985,completed,6190984
16,1,7986,completed,6189901
16,1,7987,completed,6190234
16,1,7988,completed,6190401
16,1,7989,completed,6190901
16,1,7990,completed,6190942
16,1,7991,completed,6191484
16,1,7992,completed,6191860
16,1,7993,completed,6191609
16,1,7994,completed,6192359
16,1,7995,completed,6193068
16,1,7996,completed,6194026
16,1,7997,completed,6194943
16,1,7998,completed,6195651
16,1,7999,completed,6196359
16,1,8000,completed,6187526
16,1,8001,completed,5707068
16,1,8002,completed,5718318
16,1,8003,completed,5718777
16,1,8004,completed,5719694
16,1,8005,completed,5720985
16,1,8006,completed,5722027
16,1,8007,completed,5723194
16,1,8008,completed,5724110
16,1,8009,completed,5725069
16,1,8010,completed,5726111
16,1,8011,completed,5726110
16,1,8012,completed,5727402
16,1,8013,completed,5728319
16,1,8014,completed,5721902
16,1,8015,completed,5752277
16,1,8016,completed,5755402
16,1,8017,completed,5925443
16,1,8018,completed,5928360
16,1,8019,completed,5928985
16,1,8020,completed,5929110
16,1,8021,completed,5929360
16,1,8022,completed,5929651
16,1,8023,completed,5930235
16,1,8024,completed,5930693
16,1,8025,completed,5931193
16,1,8026,completed,5931526
16,1,8027,completed,5931693
16,1,8028,completed,5932235
16,1,8029,completed,5932568
16,1,8030,completed,5931402
16,1,8031,completed,5932027
16,1,8032,completed,5937651
16,1,8033,completed,6256734
16,1,8034,completed,6259526
16,1,8035,completed,6260400
16,1,8036,completed,6260942
16,1,8037,completed,6261900
16,1,8038,completed,6262525
16,1,8039,completed,6263442
16,1,8040,completed,6264400
16,1,8041,completed,6265692
16,1,8042,completed,6266609
16,1,8043,completed,6267275
16,1,8044,completed,6268275
16,1,8045,completed,6269233
16,1,8046,completed,6269984
16,1,8047,completed,6318150
16,1,8048,completed,6298359
16,1,8049,completed,5996818
16,1,8050,completed,5997818
16,1,8051,completed,5998110
16,1,8052,completed,5998860
16,1,8053,completed,5999860
16,1,8054,completed,6000360
16,1,8055,completed,6001485
16,1,8056,completed,6002193
16,1,8057,completed,6003235
16,1,8058,completed,6004110
16,1,8059,completed,6005318
16,1,8060,completed,6006984
16,1,8061,completed,6008401
16,1,8062,completed,6009027
16,1,8063,completed,5985860
16,1,8064,completed,5979068
16,1,8065,completed,5919735
16,1,8066,completed,5918026
16,1,8067,completed,5918235
16,1,8068,completed,5918735
16,1,8069,completed,5919193
16,1,8070,completed,5919568
16,1,8071,completed,5920151
16,1,8072,completed,5920818
16,1,8073,completed,5921318
16,1,8074,completed,5921610
16,1,8075,completed,5922234
16,1,8076,completed,5923151
16,1,8077,completed,5923901
16,1,8078,completed,5923234
16,1,8079,completed,5924068
16,1,8080,completed,5913943
16,1,8081,completed,6007693
16,1,8082,completed,6014026
16,1,8083,completed,6014734
16,1,8084,completed,6015568
16,1,8085,completed,6016651
16,1,8086,completed,6017901
16,1,8087,completed,6019109
16,1,8088,completed,6020068
16,1,8089,completed,6020068
16,1,8090,completed,6021276
16,1,8091,completed,6022818
16,1,8092,completed,6024360
16,1,8093,completed,6025776
16,1,8094,completed,6027026
16,1,8095,completed,6028276
16,1,8096,completed,6028693
16,1,8097,completed,5914610
16,1,8098,completed,5910526
16,1,8099,completed,5910734
16,1,8100,completed,5911359
16,1,8101,completed,5912109
16,1,8102,completed,5912610
16,1,8103,completed,5912902
16,1,8104,completed,5913318
16,1,8105,completed,5913819
16,1,8106,completed,5914193
16,1,8107,completed,5914943
16,1,8108,completed,5915652
16,1,8109,completed,5916652
16,1,8110,completed,5917360
16,1,8111,completed,5918235
16,1,8112,completed,5918569
16,1,8113,completed,5920818
16,1,8114,completed,5918901
16,1,8115,completed,5918609
16,1,8116,completed,5918985
16,1,8117,completed,5919151
16,1,8118,completed,5919068
16,1,8119,completed,5919359
16,1,8120,completed,5919485
16,1,8121,completed,5919568
16,1,8122,completed,5919985
16,1,8123,completed,5920485
16,1,8124,completed,5921026
16,1,8125,completed,5921984
16,1,8126,completed,5922110
16,1,8127,completed,5936485
16,1,8128,completed,5937152
16,1,8129,completed,5577236
16,1,8130,completed,5579027
16,1,8131,completed,5579861
16,1,8132,completed,5581111
16,1,8133,completed,5582236
16,1,8134,completed,5583486
16,1,8135,completed,5607735
16,1,8136,completed,5617110
16,1,8137,completed,5618360
16,1,8138,completed,5619402
16,1,8139,completed,5620736
16,1,8140,completed,5621986
16,1,8141,completed,5623153
16,1,8142,completed,5624111
16,1,8143,completed,5624694
16,1,8144,completed,5618027
16,1,8145,completed,6437525
16,1,8146,completed,6447109
16,1,8147,completed,6448067
16,1,8148,completed,6449359
16,1,8149,completed,6450692
16,1,8150,completed,6452026
16,1,8151,completed,6414942
16,1,8152,completed,6407608
16,1,8153,completed,6408400
16,1,8154,completed,6409775
16,1,8155,completed,6411525
16,1,8156,completed,6413275
16,1,8157,completed,6415400
16,1,8158,completed,6453816
16,1,8159,completed,6464858
16,1,8160,completed,6466025
16,1,8161,completed,5756027
16,1,8162,completed,5756235
16,1,8163,completed,5756652
16,1,8164,completed,5757319
16,1,8165,completed,5757902
16,1,8166,completed,5758444
16,1,8167,completed,5759152
16,1,8168,completed,5759777
16,1,8169,completed,5760694
16,1,8170,completed,5761360
16,1,8171,completed,5762152
16,1,8172,completed,5763069
16,1,8173,completed,5763860
16,1,8174,completed,5733027
16,1,8175,completed,5726236
16,1,8176,completed,5748235
16,1,8177,completed,6140776
16,1,8178,completed,6141693
16,1,8179,completed,6142068
16,1,8180,completed,6142526
16,1,8181,completed,6143151
16,1,8182,completed,6143901
16,1,8183,completed,6144567
16,1,8184,completed,6145109
16,1,8185,completed,6143942
16,1,8186,completed,6144984
16,1,8187,completed,6146192
16,1,8188,completed,6147484
16,1,8189,completed,6148526
16,1,8190,completed,6149526
16,1,8191,completed,6149859
16,1,8192,completed,6150692
16,1,8193,completed,5990818
16,1,8194,completed,5998234
16,1,8195,completed,5998693
16,1,8196,completed,5999568
16,1,8197,completed,6000318
16,1,8198,completed,5994818
16,1,8199,completed,5995609
16,1,8200,completed,5996276
16,1,8201,completed,5996818
16,1,8202,completed,5997610
16,1,8203,completed,5998693
16,1,8204,completed,5999609
16,1,8205,completed,5991109
16,1,8206,completed,5991901
16,1,8207,completed,6026193
16,1,8208,completed,6038693
16,1,8209,completed,5937734
16,1,8210,completed,5938985
16,1,8211,completed,5939276
16,1,8212,completed,5939901
16,1,8213,completed,5940818
16,1,8214,completed,5941443
16,1,8215,completed,5942068
16,1,8216,completed,5942568
16,1,8217,completed,5943276
16,1,8218,completed,5943902
16,1,8219,completed,5944610
16,1,8220,completed,5945401
16,1,8221,completed,5946068
16,1,8222,completed,5946651
16,1,8223,completed,5916027
16,1,8224,completed,5916360
16,1,8225,completed,5957609
16,1,8226,completed,5967109
16,1,8227,completed,5956693
16,1,8228,completed,5957360
16,1,8229,completed,5957818
16,1,8230,completed,5958485
16,1,8231,completed,5959152
16,1,8232,completed,5959735
16,1,8233,completed,5960401
16,1,8234,completed,5961027
16,1,8235,completed,5961693
16,1,8236,completed,5962527
16,1,8237,completed,5963068
16,1,8238,completed,5963735
16,1,8239,completed,5964484
16,1,8240,completed,5965277
16,1,8241,completed,5944318
16,1,8242,completed,5941026
16,1,8243,completed,5940443
16,1,8244,completed,5940318
16,1,8245,completed,5940068
16,1,8246,completed,5939901
16,1,8247,completed,5939859
16,1,8248,completed,5939652
16,1,8249,completed,5939735
16,1,8250,completed,5939609
16,1,8251,completed,5939735
16,1,8252,completed,5939776
16,1,8253,completed,5939734
16,1,8254,completed,5939527
16,1,8255,completed,5939360
16,1,8256,completed,5931193
16,1,8257,completed,6004276
16,1,8258,completed,6006401
16,1,8259,completed,6007526
16,1,8260,completed,6008360
16,1,8261,completed,6009443
16,1,8262,completed,6010526
16,1,8263,completed,6011526
16,1,8264,completed,6012526
16,1,8265,completed,6013568
16,1,8266,completed,6014610
16,1,8267,completed,6015943
16,1,8268,completed,6016193
16,1,8269,completed,6017151
16,1,8270,completed,6018026
16,1,8271,completed,6018818
16,1,8272,completed,6046526
16,1,8273,completed,5951276
16,1,8274,completed,5956318
16,1,8275,completed,5956402
16,1,8276,completed,5957026
16,1,8277,completed,5957569
16,1,8278,completed,5957985
16,1,8279,completed,5959027
16,1,8280,completed,5959401
16,1,8281,completed,5960069
16,1,8282,completed,5960485
16,1,8283,completed,5961360
16,1,8284,completed,5962235
16,1,8285,completed,5962984
16,1,8286,completed,5963484
16,1,8287,completed,6005693
16,1,8288,completed,6008027
16,1,8289,completed,5912902
16,1,8290,completed,5919651
16,1,8291,completed,5920943
16,1,8292,completed,5922860
16,1,8293,completed,5924776
16,1,8294,completed,5926360
16,1,8295,completed,5928026
16,1,8296,completed,5929526
16,1,8297,completed,5931610
16,1,8298,completed,5933234
16,1,8299,completed,5935318
16,1,8300,completed,5937193
16,1,8301,completed,5939110
16,1,8302,completed,5940610
16,1,8303,completed,5942277
16,1,8304,completed,5981276
16,1,8305,completed,5876443
16,1,8306,completed,5868527
16,1,8307,completed,5867527
16,1,8308,completed,5866735
16,1,8309,completed,5866027
16,1,8310,completed,5865360
16,1,8311,completed,5864902
16,1,8312,completed,5864318
16,1,8313,completed,5863860
16,1,8314,completed,5863277
16,1,8315,completed,5863026
16,1,8316,completed,5862485
16,1,8317,completed,5862068
16,1,8318,completed,5861485
16,1,8319,completed,5861152
16,1,8320,completed,5857902
16,1,8321,completed,6162068
16,1,8322,completed,6166442
16,1,8323,completed,6167151
16,1,8324,completed,6168484
16,1,8325,completed,6169984
16,1,8326,completed,6170776
16,1,8327,completed,6172151
16,1,8328,completed,6173109
16,1,8329,completed,6174150
16,1,8330,completed,6174942
16,1,8331,completed,6176442
16,1,8332,completed,6177943
16,1,8333,completed,6179234
16,1,8334,completed,6179942
16,1,8335,completed,6180942
16,1,8336,completed,6214984
16,1,8337,completed,5791652
16,1,8338,completed,5788944
16,1,8339,completed,5788652
16,1,8340,completed,5788819
16,1,8341,completed,5789235
16,1,8342,completed,5789235
16,1,8343,completed,5789361
16,1,8344,completed,5789527
16,1,8345,completed,5789902
16,1,8346,completed,5790360
16,1,8347,completed,5791110
16,1,8348,completed,5791652
16,1,8349,completed,5792318
16,1,8350,completed,5792444
16,1,8351,completed,5792818
16,1,8352,completed,5762152
16,1,8353,completed,6004276
16,1,8354,completed,6005693
16,1,8355,completed,6005776
16,1,8356,completed,6006027
16,1,8357,completed,6006526
16,1,8358,completed,6006818
16,1,8359,completed,6007527
16,1,8360,completed,6008068
16,1,8361,completed,6008651
16,1,8362,completed,6009151
16,1,8363,completed,6010152
16,1,8364,completed,6010776
16,1,8365,completed,6011443
16,1,8366,completed,6028443
16,1,8367,completed,6032943
16,1,8368,completed,6033443
16,1,8369,completed,6001735
16,1,8370,completed,6025276
16,1,8371,completed,6026276
16,1,8372,completed,6028568
16,1,8373,completed,6030401
16,1,8374,completed,6031943
16,1,8375,completed,6034026
16,1,8376,completed,6035609
16,1,8377,completed,6037568
16,1,8378,completed,6039193
16,1,8379,completed,6041693
16,1,8380,completed,6043901
16,1,8381,completed,6046818
16,1,8382,completed,6071401
16,1,8383,completed,6080860
16,1,8384,completed,6082568
16,1,8385,completed,5641319
16,1,8386,completed,5635528
16,1,8387,completed,5635402
16,1,8388,completed,5636194
16,1,8389,completed,5636860
16,1,8390,completed,5637360
16,1,8391,completed,5637985
16,1,8392,completed,5638569
16,1,8393,completed,5639319
16,1,8394,completed,5639819
16,1,8395,completed,5640778
16,1,8396,completed,5641903
16,1,8397,completed,5642402
16,1,8398,completed,5592735
16,1,8399,completed,5616444
16,1,8400,completed,5626403
16,1,8401,completed,6207526
16,1,8402,completed,6209526
16,1,8403,completed,6210026
16,1,8404,completed,6210859
16,1,8405,completed,6211942
16,1,8406,completed,6212943
16,1,8407,completed,6213984
16,1,8408,completed,6214984
16,1,8409,completed,6216026
16,1,8410,completed,6217109
16,1,8411,completed,6218317
16,1,8412,completed,6219651
16,1,8413,completed,6220776
16,1,8414,completed,6221775
16,1,8415,completed,6199484
16,1,8416,completed,6194317
16,1,8417,completed,5974818
16,1,8418,completed,5973026
16,1,8419,completed,5973152
16,1,8420,completed,5973609
16,1,8421,completed,5974318
16,1,8422,completed,5974776
16,1,8423,completed,5964901
16,1,8424,completed,5965193
16,1,8425,completed,5965485
16,1,8426,completed,5965776
16,1,8427,completed,5966152
16,1,8428,completed,5966193
16,1,8429,completed,5966318
16,1,8430,completed,5966110
16,1,8431,completed,5956526
16,1,8432,completed,5990109
16,1,8433,completed,5942485
16,1,8434,completed,5945901
16,1,8435,completed,5946318
16,1,8436,completed,5946943
16,1,8437,completed,5947859
16,1,8438,completed,5948693
16,1,8439,completed,5949485
16,1,8440,completed,5950276
16,1,8441,completed,5951068
16,1,8442,completed,5951776
16,1,8443,completed,5952651
16,1,8444,completed,5953652
16,1,8445,completed,5954401
16,1,8446,completed,5955151
16,1,8447,completed,5955943
16,1,8448,completed,5945943
16,1,8449,completed,6025984
16,1,8450,completed,6031817
16,1,8451,completed,6032318
16,1,8452,completed,6033318
16,1,8453,completed,6034109
16,1,8454,completed,6034817
16,1,8455,completed,6035901
16,1,8456,completed,6036568
16,1,8457,completed,6037985
16,1,8458,completed,6038609
16,1,8459,completed,6039692
16,1,8460,completed,6040818
16,1,8461,completed,6042235
16,1,8462,completed,6042776
16,1,8463,completed,6072359
16,1,8464,completed,6062068
16,1,8465,completed,5907194
16,1,8466,completed,5904735
16,1,8467,completed,5904776
16,1,8468,completed,5905235
16,1,8469,completed,5905735
16,1,8470,completed,5905944
16,1,8471,completed,5906360
16,1,8472,completed,5906651
16,1,8473,completed,5907194
16,1,8474,completed,5907860
16,1,8475,completed,5908694
16,1,8476,completed,5909194
16,1,8477,completed,5909569
16,1,8478,completed,5909860
16,1,8479,completed,5904651
16,1,8480,completed,5933193
16,1,8481,completed,5979860
16,1,8482,completed,5985776
16,1,8483,completed,5986235
16,1,8484,completed,5986984
16,1,8485,completed,5988277
16,1,8486,completed,5989110
16,1,8487,completed,5990026
16,1,8488,completed,5990735
16,1,8489,completed,5991776
16,1,8490,completed,5992651
16,1,8491,completed,5993777
16,1,8492,completed,5994610
16,1,8493,completed,5995359
16,1,8494,completed,5996027
16,1,8495,completed,5996985
16,1,8496,completed,5988568
16,1,8497,completed,5973401
16,1,8498,completed,5980777
16,1,8499,completed,5981026
16,1,8500,completed,5982235
16,1,8501,completed,5983401
16,1,8502,completed,5984110
16,1,8503,completed,5985277
16,1,8504,completed,5986026
16,1,8505,completed,5987234
16,1,8506,completed,5988318
16,1,8507,completed,5989610
16,1,8508,completed,5990943
16,1,8509,completed,5992193
16,1,8510,completed,6008652
16,1,8511,completed,6009235
16,1,8512,completed,6010901
16,1,8513,completed,5921818
16,1,8514,completed,5924026
16,1,8515,completed,5925193
16,1,8516,completed,5927234
16,1,8517,completed,5928777
16,1,8518,completed,5930401
16,1,8519,completed,5932068
16,1,8520,completed,5933401
16,1,8521,completed,5935110
16,1,8522,completed,5936401
16,1,8523,completed,5938109
16,1,8524,completed,5939776
16,1,8525,completed,5941277
16,1,8526,completed,5942693
16,1,8527,completed,5944235
16,1,8528,completed,5945943
16,1,8529,completed,5316236
16,1,8530,completed,5321153
16,1,8531,completed,5320819
16,1,8532,completed,5310069
16,1,8533,completed,5309903
16,1,8534,completed,5309528
16,1,8535,completed,5309194
16,1,8536,completed,5308987
16,1,8537,completed,5308945
16,1,8538,completed,5308903
16,1,8539,completed,5308944
16,1,8540,completed,5308986
16,1,8541,completed,5308986
16,1,8542,completed,5308820
16,1,8543,completed,5308695
16,1,8544,completed,5308528
16,1,8545,completed,6572483
16,1,8546,completed,6575691
16,1,8547,completed,6575775
16,1,8548,completed,6576608
16,1,8549,completed,6577733
16,1,8550,completed,6578733
16,1,8551,completed,6579275
16,1,8552,completed,6579691
16,1,8553,completed,6580649
16,1,8554,completed,6581317
16,1,8555,completed,6582316
16,1,8556,completed,6583149
16,1,8557,completed,6584025
16,1,8558,completed,6584525
16,1,8559,completed,6607024
16,1,8560,completed,6612650
16,1,8561,completed,5800943
16,1,8562,completed,5806819
16,1,8563,completed,5807776
16,1,8564,completed,5809401
16,1,8565,completed,5810735
16,1,8566,completed,5811943
16,1,8567,completed,5813360
16,1,8568,completed,5814568
16,1,8569,completed,5816485
16,1,8570,completed,5817735
16,1,8571,completed,5819610
16,1,8572,completed,5821235
16,1,8573,completed,5812527
16,1,8574,completed,5813777
16,1,8575,completed,5810110
16,1,8576,completed,5858568
16,1,8577,completed,6129234
16,1,8578,completed,6123276
16,1,8579,completed,6122735
16,1,8580,completed,6122609
16,1,8581,completed,6122651
16,1,8582,completed,6122401
16,1,8583,completed,6122193
16,1,8584,completed,6121859
16,1,8585,completed,6121776
16,1,8586,completed,6121568
16,1,8587,completed,6121818
16,1,8588,completed,6121651
16,1,8589,completed,6121485
16,1,8590,completed,6121235
16,1,8591,completed,6120984
16,1,8592,completed,6096734
16,1,8593,completed,5990902
16,1,8594,completed,6000860
16,1,8595,completed,6001109
16,1,8596,completed,6002193
16,1,8597,completed,6003401
16,1,8598,completed,6004443
16,1,8599,completed,6005568
16,1,8600,completed,6006359
16,1,8601,completed,6007818
16,1,8602,completed,6033651
16,1,8603,completed,6041693
16,1,8604,completed,6043317
16,1,8605,completed,6044651
16,1,8606,completed,6045109
16,1,8607,completed,6046234
16,1,8608,completed,6022860
16,1,8609,completed,5593027
16,1,8610,completed,5591194
16,1,8611,completed,5590986
16,1,8612,completed,5591486
16,1,8613,completed,5591902
16,1,8614,completed,5592319
16,1,8615,completed,5592861
16,1,8616,completed,5593194
16,1,8617,completed,5593902
16,1,8618,completed,5556027
16,1,8619,completed,5553777
16,1,8620,completed,5554528
16,1,8621,completed,5555777
16,1,8622,completed,5556319
16,1,8623,completed,5557528
16,1,8624,completed,5583694
16,1,8625,completed,6362900
16,1,8626,completed,6371650
16,1,8627,completed,6371692
16,1,8628,completed,6373567
16,1,8629,completed,6374817
16,1,8630,completed,6375567
16,1,8631,completed,6376608
16,1,8632,completed,6377609
16,1,8633,completed,6378942
16,1,8634,completed,6379692
16,1,8635,completed,6381317
16,1,8636,completed,6382484
16,1,8637,completed,6425608
16,1,8638,completed,6434400
16,1,8639,completed,6435650
16,1,8640,completed,6411401
16,1,8641,completed,6027443
16,1,8642,completed,6028277
16,1,8643,completed,6028859
16,1,8644,completed,6030110
16,1,8645,completed,6031193
16,1,8646,completed,6031902
16,1,8647,completed,6032943
16,1,8648,completed,6033818
16,1,8649,completed,6034610
16,1,8650,completed,6035318
16,1,8651,completed,6024818
16,1,8652,completed,6026693
16,1,8653,completed,5999609
16,1,8654,completed,6000026
16,1,8655,completed,6023901
16,1,8656,completed,6030734
16,1,8657,completed,5258903
16,1,8658,completed,5259112
16,1,8659,completed,5258945
16,1,8660,completed,5258945
16,1,8661,completed,5259028
16,1,8662,completed,5259070
16,1,8663,completed,5259320
16,1,8664,completed,5259529
16,1,8665,completed,5259862
16,1,8666,completed,5260153
16,1,8667,completed,5260654
16,1,8668,completed,5261112
16,1,8669,completed,5261986
16,1,8670,completed,5262237
16,1,8671,completed,5243612
16,1,8672,completed,5243778
16,1,8673,completed,6611816
16,1,8674,completed,6623691
16,1,8675,completed,6623858
16,1,8676,completed,6624691
16,1,8677,completed,6616442
16,1,8678,completed,6617108
16,1,8679,completed,6617775
16,1,8680,completed,6617858
16,1,8681,completed,6618733
16,1,8682,completed,6619191
16,1,8683,completed,6620025
16,1,8684,completed,6621149
16,1,8685,completed,6622191
16,1,8686,completed,6622817
16,1,8687,completed,6623233
16,1,8688,completed,6651942
16,1,8689,completed,6215109
16,1,8690,completed,6217318
16,1,8691,completed,6217359
16,1,8692,completed,6218442
16,1,8693,completed,6219275
16,1,8694,completed,6219901
16,1,8695,completed,6221026
16,1,8696,completed,6221776
16,1,8697,completed,6222859
16,1,8698,completed,6223734
16,1,8699,completed,6224943
16,1,8700,completed,6226193
16,1,8701,completed,6227650
16,1,8702,completed,6247609
16,1,8703,completed,6250609
16,1,8704,completed,6228234
16,1,8705,completed,5723736
16,1,8706,completed,5724986
16,1,8707,completed,5725069
16,1,8708,completed,5725527
16,1,8709,completed,5726319
16,1,8710,completed,5726943
16,1,8711,completed,5727652
16,1,8712,completed,5728027
16,1,8713,completed,5728569
16,1,8714,completed,5729027
16,1,8715,completed,5729985
16,1,8716,completed,5731027
16,1,8717,completed,5731777
16,1,8718,completed,5759360
16,1,8719,completed,5752194
16,1,8720,completed,5751902
16,1,8721,completed,5779610
16,1,8722,completed,5783610
16,1,8723,completed,5783902
16,1,8724,completed,5785027
16,1,8725,completed,5786401
16,1,8726,completed,5787360
16,1,8727,completed,5788485
16,1,8728,completed,5789152
16,1,8729,completed,5790360
16,1,8730,completed,5791652
16,1,8731,completed,5792943
16,1,8732,completed,5825235
16,1,8733,completed,5834277
16,1,8734,completed,5804694
16,1,8735,completed,5800444
16,1,8736,completed,5801402
16,1,8737,completed,6090651
16,1,8738,completed,6090567
16,1,8739,completed,6090318
16,1,8740,completed,6090984
16,1,8741,completed,6091818
16,1,8742,completed,6092151
16,1,8743,completed,6092818
16,1,8744,completed,6093192
16,1,8745,completed,6093984
16,1,8746,completed,6094401
16,1,8747,completed,6095568
16,1,8748,completed,6063942
16,1,8749,completed,6059068
16,1,8750,completed,6059526
16,1,8751,completed,6059942
16,1,8752,completed,6086317
16,1,8753,completed,5668860
16,1,8754,completed,5678568
16,1,8755,completed,5678527
16,1,8756,completed,5679694
16,1,8757,completed,5680944
16,1,8758,completed,5681902
16,1,8759,completed,5682527
16,1,8760,completed,5683194
16,1,8761,completed,5683819
16,1,8762,completed,5684527
16,1,8763,completed,5686819
16,1,8764,completed,5688110
16,1,8765,completed,5689818
16,1,8766,completed,5722319
16,1,8767,completed,5731610
16,1,8768,completed,5714110
16,1,8769,completed,6290901
16,1,8770,completed,6293984
16,1,8771,completed,6294150
16,1,8772,completed,6294859
16,1,8773,completed,6296193
16,1,8774,completed,6296942
16,1,8775,completed,6297817
16,1,8776,completed,6298484
16,1,8777,completed,6299526
16,1,8778,completed,6300484
16,1,8779,completed,6301693
16,1,8780,completed,6303317
16,1,8781,completed,6304776
16,1,8782,completed,6271692
16,1,8783,completed,6267275
16,1,8784,completed,6290025
16,1,8785,completed,5735444
16,1,8786,completed,5732860
16,1,8787,completed,5732652
16,1,8788,completed,5732485
16,1,8789,completed,5733027
16,1,8790,completed,5733527
16,1,8791,completed,5733944
16,1,8792,completed,5734194
16,1,8793,completed,5734777
16,1,8794,completed,5735277
16,1,8795,completed,5736236
16,1,8796,completed,5736902
16,1,8797,completed,5737611
16,1,8798,completed,5736527
16,1,8799,completed,5737235
16,1,8800,completed,5737819
16,1,8801,completed,6147401
16,1,8802,completed,6147860
16,1,8803,completed,6147985
16,1,8804,completed,6148485
16,1,8805,completed,6149026
16,1,8806,completed,6149401
16,1,8807,completed,6149734
16,1,8808,completed,6150359
16,1,8809,completed,6151068
16,1,8810,completed,6151610
16,1,8811,completed,6152485
16,1,8812,completed,6153235
16,1,8813,completed,6153984
16,1,8814,completed,6154443
16,1,8815,completed,6166651
16,1,8816,completed,6180651
16,1,8817,completed,5995652
16,1,8818,completed,5997276
16,1,8819,completed,5997651
16,1,8820,completed,5998235
16,1,8821,completed,5999152
16,1,8822,completed,5999609
16,1,8823,completed,5999609
16,1,8824,completed,6000276
16,1,8825,completed,6001318
16,1,8826,completed,6002151
16,1,8827,completed,5998818
16,1,8828,completed,5999818
16,1,8829,completed,6000485
16,1,8830,completed,6001026
16,1,8831,completed,6043151
16,1,8832,completed,6027943
16,1,8833,completed,5968652
16,1,8834,completed,5968485
16,1,8835,completed,5968568
16,1,8836,completed,5968735
16,1,8837,completed,5969152
16,1,8838,completed,5969277
16,1,8839,completed,5969693
16,1,8840,completed,5969944
16,1,8841,completed,5970235
16,1,8842,completed,5970527
16,1,8843,completed,5971068
16,1,8844,completed,5971526
16,1,8845,completed,5972110
16,1,8846,completed,5972193
16,1,8847,completed,5926777
16,1,8848,completed,5936985
16,1,8849,completed,6048943
16,1,8850,completed,6061693
16,1,8851,completed,6063110
16,1,8852,completed,6065151
16,1,8853,completed,6067443
16,1,8854,completed,6069402
16,1,8855,completed,6070985
16,1,8856,completed,6072568
16,1,8857,completed,6074651
16,1,8858,completed,6076235
16,1,8859,completed,6078609
16,1,8860,completed,6080859
16,1,8861,completed,6082985
16,1,8862,completed,6083735
16,1,8863,completed,6134109
16,1,8864,completed,6151109
16,1,8865,completed,5956193
16,1,8866,completed,5958776
16,1,8867,completed,5959110
16,1,8868,completed,5960443
16,1,8869,completed,5961568
16,1,8870,completed,5962110
16,1,8871,completed,5962860
16,1,8872,completed,5963902
16,1,8873,completed,5964860
16,1,8874,completed,5965776
16,1,8875,completed,5967110
16,1,8876,completed,5968276
16,1,8877,completed,5969401
16,1,8878,completed,5969860
16,1,8879,completed,5953651
16,1,8880,completed,5952443
16,1,8881,completed,5872526
16,1,8882,completed,5865276
16,1,8883,completed,5864526
16,1,8884,completed,5864110
16,1,8885,completed,5863985
16,1,8886,completed,5863569
16,1,8887,completed,5863151
16,1,8888,completed,5862902
16,1,8889,completed,5862526
16,1,8890,completed,5862068
16,1,8891,completed,5861943
16,1,8892,completed,5862402
16,1,8893,completed,5861985
16,1,8894,completed,5861568
16,1,8895,completed,5853693
16,1,8896,completed,5850026
16,1,8897,completed,5578069
16,1,8898,completed,5583402
16,1,8899,completed,5583652
16,1,8900,completed,5584319
16,1,8901,completed,5585402
16,1,8902,completed,5586028
16,1,8903,completed,5586944
16,1,8904,completed,5587527
16,1,8905,completed,5588528
16,1,8906,completed,5589111
16,1,8907,completed,5590235
16,1,8908,completed,5591444
16,1,8909,completed,5619361
16,1,8910,completed,5626360
16,1,8911,completed,5600028
16,1,8912,completed,5594694
16,1,8913,completed,6334859
16,1,8914,completed,6333484
16,1,8915,completed,6333608
16,1,8916,completed,6334025
16,1,8917,completed,6334650
16,1,8918,completed,6335192
16,1,8919,completed,6335609
16,1,8920,completed,6336067
16,1,8921,completed,6336817
16,1,8922,completed,6337317
16,1,8923,completed,6338109
16,1,8924,completed,6338776
16,1,8925,completed,6312942
16,1,8926,completed,6307775
16,1,8927,completed,6327442
16,1,8928,completed,6329025
16,1,8929,completed,6015068
16,1,8930,completed,6015818
16,1,8931,completed,6015818
16,1,8932,completed,6016318
16,1,8933,completed,6017110
16,1,8934,completed,6017568
16,1,8935,completed,6018068
16,1,8936,completed,6018360
16,1,8937,completed,6018943
16,1,8938,completed,6019485
16,1,8939,completed,6019984
16,1,8940,completed,6020568
16,1,8941,completed,6021568
16,1,8942,completed,6045443
16,1,8943,completed,6051609
16,1,8944,completed,6040317
16,1,8945,completed,5942360
16,1,8946,completed,5944443
16,1,8947,completed,5944360
16,1,8948,completed,5944985
16,1,8949,completed,5945526
16,1,8950,completed,5945734
16,1,8951,completed,5946318
16,1,8952,completed,5946693
16,1,8953,completed,5947402
16,1,8954,completed,5947859
16,1,8955,completed,5948401
16,1,8956,completed,5949318
16,1,8957,completed,5971610
16,1,8958,completed,5951610
16,1,8959,completed,5950318
16,1,8960,completed,5950569
16,1,8961,completed,5806735
16,1,8962,completed,5813443
16,1,8963,completed,5814610
16,1,8964,completed,5816402
16,1,8965,completed,5817860
16,1,8966,completed,5819318
16,1,8967,completed,5820985
16,1,8968,completed,5822277
16,1,8969,completed,5824027
16,1,8970,completed,5825527
16,1,8971,completed,5827360
16,1,8972,completed,5829360
16,1,8973,completed,5808318
16,1,8974,completed,5804193
16,1,8975,completed,5805818
16,1,8976,completed,5854110
16,1,8977,completed,6149192
16,1,8978,completed,6142568
16,1,8979,completed,6141567
16,1,8980,completed,6140859
16,1,8981,completed,6140776
16,1,8982,completed,6140401
16,1,8983,completed,6140109
16,1,8984,completed,6139651
16,1,8985,completed,6139442
16,1,8986,completed,6139110
16,1,8987,completed,6139109
16,1,8988,completed,6138817
16,1,8989,completed,6138692
16,1,8990,completed,6138235
16,1,8991,completed,6137859
16,1,8992,completed,6083901
16,1,8993,completed,6039151
16,1,8994,completed,6041610
16,1,8995,completed,6042152
16,1,8996,completed,6043235
16,1,8997,completed,6044485
16,1,8998,completed,6045526
16,1,8999,completed,6046526
16,1,9000,completed,6047401
16,1,9001,completed,6048276
16,1,9002,completed,6049234
16,1,9003,completed,6050609
16,1,9004,completed,6051818
16,1,9005,completed,6053443
16,1,9006,completed,6054235
16,1,9007,completed,6055235
16,1,9008,completed,6087360
16,1,9009,completed,5843568
16,1,9010,completed,5843610
16,1,9011,completed,5843610
16,1,9012,completed,5843777
16,1,9013,completed,5844194
16,1,9014,completed,5844318
16,1,9015,completed,5844735
16,1,9016,completed,5844985
16,1,9017,completed,5845526
16,1,9018,completed,5845777
16,1,9019,completed,5846485
16,1,9020,completed,5847193
16,1,9021,completed,5847735
16,1,9022,completed,5847985
16,1,9023,completed,5865610
16,1,9024,completed,5830693
16,1,9025,completed,6004068
16,1,9026,completed,6008859
16,1,9027,completed,6009026
16,1,9028,completed,6009568
16,1,9029,completed,6010568
16,1,9030,completed,6011110
16,1,9031,completed,6011818
16,1,9032,completed,6012360
16,1,9033,completed,6013234
16,1,9034,completed,6013859
16,1,9035,completed,6014818
16,1,9036,completed,6016192
16,1,9037,completed,6017151
16,1,9038,completed,6034484
16,1,9039,completed,6040318
16,1,9040,completed,6037859
16,1,9041,completed,6160359
16,1,9042,completed,6163401
16,1,9043,completed,6163610
16,1,9044,completed,6164276
16,1,9045,completed,6165235
16,1,9046,completed,6166026
16,1,9047,completed,6166859
16,1,9048,completed,6167443
16,1,9049,completed,6168193
16,1,9050,completed,6168734
16,1,9051,completed,6169818
16,1,9052,completed,6171068
16,1,9053,completed,6171818
16,1,9054,completed,6158526
16,1,9055,completed,6158943
16,1,9056,completed,6172734
16,1,9057,completed,5842068
16,1,9058,completed,5842901
16,1,9059,completed,5842860
16,1,9060,completed,5845943
16,1,9061,completed,5846610
16,1,9062,completed,5846902
16,1,9063,completed,5847277
16,1,9064,completed,5846443
16,1,9065,completed,5847151
16,1,9066,completed,5847694
16,1,9067,completed,5848527
16,1,9068,completed,5849110
16,1,9069,completed,5849069
16,1,9070,completed,5848985
16,1,9071,completed,5849610
16,1,9072,completed,5850152
16,1,9073,completed,5991693
16,1,9074,completed,5997610
16,1,9075,completed,5997818
16,1,9076,completed,5999110
16,1,9077,completed,6000026
16,1,9078,completed,6000610
16,1,9079,completed,6001567
16,1,9080,completed,6002276
16,1,9081,completed,6003192
16,1,9082,completed,6003901
16,1,9083,completed,6005234
16,1,9084,completed,6006359
16,1,9085,completed,6007443
16,1,9086,completed,6008068
16,1,9087,completed,6034693
16,1,9088,completed,6041276
16,1,9089,completed,5493819
16,1,9090,completed,5492945
16,1,9091,completed,5493153
16,1,9092,completed,5494153
16,1,9093,completed,5495028
16,1,9094,completed,5495611
16,1,9095,completed,5496402
16,1,9096,completed,5496861
16,1,9097,completed,5497611
16,1,9098,completed,5498111
16,1,9099,completed,5498777
16,1,9100,completed,5499444
16,1,9101,completed,5500278
16,1,9102,completed,5500777
16,1,9103,completed,5474902
16,1,9104,completed,5498403
16,1,9105,completed,6377692
16,1,9106,completed,6377484
16,1,9107,completed,6377567
16,1,9108,completed,6377900
16,1,9109,completed,6378817
16,1,9110,completed,6379275
16,1,9111,completed,6379817
16,1,9112,completed,6380192
16,1,9113,completed,6380901
16,1,9114,completed,6381484
16,1,9115,completed,6382484
16,1,9116,completed,6383234
16,1,9117,completed,6383817
16,1,9118,completed,6401400
16,1,9119,completed,6402900
16,1,9120,completed,6379192
16,1,9121,completed,5622152
16,1,9122,completed,5633236
16,1,9123,completed,5634277
16,1,9124,completed,5636068
16,1,9125,completed,5637694
16,1,9126,completed,5639360
16,1,9127,completed,5641152
16,1,9128,completed,5642610
16,1,9129,completed,5644610
16,1,9130,completed,5646235
16,1,9131,completed,5647943
16,1,9132,completed,5650194
16,1,9133,completed,5652110
16,1,9134,completed,5708569
16,1,9135,completed,5714569
16,1,9136,completed,5716819
16,1,9137,completed,6000693
16,1,9138,completed,5991651
16,1,9139,completed,5990734
16,1,9140,completed,5990152
16,1,9141,completed,5989651
16,1,9142,completed,5994068
16,1,9143,completed,5994026
16,1,9144,completed,5993610
16,1,9145,completed,5984568
16,1,9146,completed,5984777
16,1,9147,completed,5985110
16,1,9148,completed,5985485
16,1,9149,completed,5985776
16,1,9150,completed,5937027
16,1,9151,completed,5924235
16,1,9152,completed,5924068
16,1,9153,completed,6299400
16,1,9154,completed,6306359
16,1,9155,completed,6306900
16,1,9156,completed,6307609
16,1,9157,completed,6308692
16,1,9158,completed,6302817
16,1,9159,completed,6303484
16,1,9160,completed,6303317
16,1,9161,completed,6304026
16,1,9162,completed,6304567
16,1,9163,completed,6305484
16,1,9164,completed,6306192
16,1,9165,completed,6307234
16,1,9166,completed,6307526
16,1,9167,completed,6308400
16,1,9168,completed,6308692
16,1,9169,completed,6002318
16,1,9170,completed,6005443
16,1,9171,completed,6005568
16,1,9172,completed,6006735
16,1,9173,completed,6007902
16,1,9174,completed,6008526
16,1,9175,completed,6009109
16,1,9176,completed,6009818
16,1,9177,completed,6010818
16,1,9178,completed,6011484
16,1,9179,completed,6012776
16,1,9180,completed,6013610
16,1,9181,completed,6015109
16,1,9182,completed,6044401
16,1,9183,completed,6052526
16,1,9184,completed,6053318
16,1,9185,completed,5916318
16,1,9186,completed,5913860
16,1,9187,completed,5913735
16,1,9188,completed,5914401
16,1,9189,completed,5914943
16,1,9190,completed,5915110
16,1,9191,completed,5915360
16,1,9192,completed,5915651
16,1,9193,completed,5916193
16,1,9194,completed,5916526
16,1,9195,completed,5917110
16,1,9196,completed,5917651
16,1,9197,completed,5918276
16,1,9198,completed,5889110
16,1,9199,completed,5883152
16,1,9200,completed,5883485
16,1,9201,completed,5550069
16,1,9202,completed,5549027
16,1,9203,completed,5549277
16,1,9204,completed,5549819
16,1,9205,completed,5550569
16,1,9206,completed,5551194
16,1,9207,completed,5551902
16,1,9208,completed,5552569
16,1,9209,completed,5553402
16,1,9210,completed,5553986
16,1,9211,completed,5554903
16,1,9212,completed,5555944
16,1,9213,completed,5556944
16,1,9214,completed,5557444
16,1,9215,completed,5582694
16,1,9216,completed,5590777
16,1,9217,completed,6360359
16,1,9218,completed,6362651
16,1,9219,completed,6363025
16,1,9220,completed,6363609
16,1,9221,completed,6364608
16,1,9222,completed,6365108
16,1,9223,completed,6365734
16,1,9224,completed,6366234
16,1,9225,completed,6367192
16,1,9226,completed,6367734
16,1,9227,completed,6368317
16,1,9228,completed,6369234
16,1,9229,completed,6370067
16,1,9230,completed,6370567
16,1,9231,completed,6373733
16,1,9232,completed,6373484
16,1,9233,completed,6004568
16,1,9234,completed,6004151
16,1,9235,completed,6004110
16,1,9236,completed,6004360
16,1,9237,completed,6005068
16,1,9238,completed,6005527
16,1,9239,completed,6006068
16,1,9240,completed,6006526
16,1,9241,completed,6006985
16,1,9242,completed,6007443
16,1,9243,completed,6007985
16,1,9244,completed,6008735
16,1,9245,completed,6009484
16,1,9246,completed,6009860
16,1,9247,completed,5976402
16,1,9248,completed,5989443
16,1,9249,completed,6037776
16,1,9250,completed,6052442
16,1,9251,completed,6053651
16,1,9252,completed,6055776
16,1,9253,completed,6058151
16,1,9254,completed,6059901
16,1,9255,completed,6061942
16,1,9256,completed,6063485
16,1,9257,completed,6065568
16,1,9258,completed,6067317
16,1,9259,completed,6069359
16,1,9260,completed,6071984
16,1,9261,completed,6074276
16,1,9262,completed,6112942
16,1,9263,completed,6124610
16,1,9264,completed,6116484
16,1,9265,completed,5900318
16,1,9266,completed,5894985
16,1,9267,completed,5894276
16,1,9268,completed,5893985
16,1,9269,completed,5893819
16,1,9270,completed,5893443
16,1,9271,completed,5893402
16,1,9272,completed,5893068
16,1,9273,completed,5893152
16,1,9274,completed,5892777
16,1,9275,completed,5892693
16,1,9276,completed,5892860
16,1,9277,completed,5892693
16,1,9278,completed,5861360
16,1,9279,completed,5853526
16,1,9280,completed,5874944
16,1,9281,completed,5960235
16,1,9282,completed,5960651
16,1,9283,completed,5961026
16,1,9284,completed,5961360
16,1,9285,completed,5962110
16,1,9286,completed,5962568
16,1,9287,completed,5963276
16,1,9288,completed,5963568
16,1,9289,completed,5964360
16,1,9290,completed,5964777
16,1,9291,completed,5965609
16,1,9292,completed,5966193
16,1,9293,completed,5966943
16,1,9294,completed,5967360
16,1,9295,completed,5967901
16,1,9296,completed,5941860
16,1,9297,completed,6016693
16,1,9298,completed,6031777
16,1,9299,completed,6025110
16,1,9300,completed,6026777
16,1,9301,completed,6028068
16,1,9302,completed,6029652
16,1,9303,completed,6031318
16,1,9304,completed,6032902
16,1,9305,completed,6034985
16,1,9306,completed,6036776
16,1,9307,completed,6037985
16,1,9308,completed,6039901
16,1,9309,completed,6041860
16,1,9310,completed,6043609
16,1,9311,completed,6079943
16,1,9312,completed,6078610
16,1,9313,completed,5947235
16,1,9314,completed,5946193
16,1,9315,completed,5946235
16,1,9316,completed,5947318
16,1,9317,completed,5948234
16,1,9318,completed,5948735
16,1,9319,completed,5949402
16,1,9320,completed,5950026
16,1,9321,completed,5950943
16,1,9322,completed,5951651
16,1,9323,completed,5952693
16,1,9324,completed,5953776
16,1,9325,completed,5953818
16,1,9326,completed,5954734
16,1,9327,completed,5956068
16,1,9328,completed,5979735
16,1,9329,completed,5985568
16,1,9330,completed,5987818
16,1,9331,completed,5988443
16,1,9332,completed,5988985
16,1,9333,completed,5989652
16,1,9334,completed,5990235
16,1,9335,completed,5990901
16,1,9336,completed,5991485
16,1,9337,completed,5983276
16,1,9338,completed,5984026
16,1,9339,completed,5985027
16,1,9340,completed,5986026
16,1,9341,completed,5986859
16,1,9342,completed,5987402
16,1,9343,completed,5988151
16,1,9344,completed,5949860
16,1,9345,completed,5902235
16,1,9346,completed,5911943
16,1,9347,completed,5912985
16,1,9348,completed,5902443
16,1,9349,completed,5903318
16,1,9350,completed,5903776
16,1,9351,completed,5904652
16,1,9352,completed,5905277
16,1,9353,completed,5905985
16,1,9354,completed,5906610
16,1,9355,completed,5907360
16,1,9356,completed,5908402
16,1,9357,completed,5909235
16,1,9358,completed,5909860
16,1,9359,completed,5910610
16,1,9360,completed,5946318
16,1,9361,completed,5959110
16,1,9362,completed,5960818
16,1,9363,completed,5960985
16,1,9364,completed,5961568
16,1,9365,completed,5962151
16,1,9366,completed,5962609
16,1,9367,completed,5963151
16,1,9368,completed,5963777
16,1,9369,completed,5964693
16,1,9370,completed,5965318
16,1,9371,completed,5966277
16,1,9372,completed,5967151
16,1,9373,completed,5968110
16,1,9374,completed,5968735
16,1,9375,completed,5969443
16,1,9376,completed,6006734
16,1,9377,completed,5946234
16,1,9378,completed,5934735
16,1,9379,completed,5934276
16,1,9380,completed,5934568
16,1,9381,completed,5934735
16,1,9382,completed,5935069
16,1,9383,completed,5935235
16,1,9384,completed,5935402
16,1,9385,completed,5935818
16,1,9386,completed,5936068
16,1,9387,completed,5936401
16,1,9388,completed,5936902
16,1,9389,completed,5937193
16,1,9390,completed,5937276
16,1,9391,completed,5937527
16,1,9392,completed,5881777
16,1,9393,completed,6051859
16,1,9394,completed,6065192
16,1,9395,completed,6056526
16,1,9396,completed,6057609
16,1,9397,completed,6058568
16,1,9398,completed,6059568
16,1,9399,completed,6060859
16,1,9400,completed,6061859
16,1,9401,completed,6063401
16,1,9402,completed,6064734
16,1,9403,completed,6066401
16,1,9404,completed,6067818
16,1,9405,completed,6069401
16,1,9406,completed,6070360
16,1,9407,completed,6071610
16,1,9408,completed,6133151
16,1,9409,completed,5476736
16,1,9410,completed,5473694
16,1,9411,completed,5473694
16,1,9412,completed,5473903
16,1,9413,completed,5474319
16,1,9414,completed,5474444
16,1,9415,completed,5474653
16,1,9416,completed,5474694
16,1,9417,completed,5475069
16,1,9418,completed,5475235
16,1,9419,completed,5475653
16,1,9420,completed,5475986
16,1,9421,completed,5476195
16,1,9422,completed,5476319
16,1,9423,completed,5476111
16,1,9424,completed,5438736
16,1,9425,completed,5757861
16,1,9426,completed,5758277
16,1,9427,completed,5758152
16,1,9428,completed,5758402
16,1,9429,completed,5758777
16,1,9430,completed,5759069
16,1,9431,completed,5759486
16,1,9432,completed,5759735
16,1,9433,completed,5760235
16,1,9434,completed,5760652
16,1,9435,completed,5761277
16,1,9436,completed,5761735
16,1,9437,completed,5762277
16,1,9438,completed,5762569
16,1,9439,completed,5763027
16,1,9440,completed,5772985
16,1,9441,completed,6502900
16,1,9442,completed,6503233
16,1,9443,completed,6503567
16,1,9444,completed,6504067
16,1,9445,completed,6505109
16,1,9446,completed,6505525
16,1,9447,completed,6506150
16,1,9448,completed,6506525
16,1,9449,completed,6507525
16,1,9450,completed,6508108
16,1,9451,completed,6509233
16,1,9452,completed,6509984
16,1,9453,completed,6510733
16,1,9454,completed,6511233
16,1,9455,completed,6550275
16,1,9456,completed,6556525
16,1,9457,completed,6036484
16,1,9458,completed,6039485
16,1,9459,completed,6040443
16,1,9460,completed,6041526
16,1,9461,completed,6042609
16,1,9462,completed,6043651
16,1,9463,completed,6044860
16,1,9464,completed,6046109
16,1,9465,completed,6047484
16,1,9466,completed,6048693
16,1,9467,completed,6050193
16,1,9468,completed,6051567
16,1,9469,completed,6052860
16,1,9470,completed,6053985
16,1,9471,completed,6015276
16,1,9472,completed,6041610
16,1,9473,completed,5954193
16,1,9474,completed,5953985
16,1,9475,completed,5953818
16,1,9476,completed,5953985
16,1,9477,completed,5953901
16,1,9478,completed,5953902
16,1,9479,completed,5953860
16,1,9480,completed,5953734
16,1,9481,completed,5953693
16,1,9482,completed,5953568
16,1,9483,completed,5953526
16,1,9484,completed,5953693
16,1,9485,completed,5953693
16,1,9486,completed,5953568
16,1,9487,completed,5952026
16,1,9488,completed,5952484
16,1,9489,completed,5796485
16,1,9490,completed,5802069
16,1,9491,completed,5803194
16,1,9492,completed,5804694
16,1,9493,completed,5806360
16,1,9494,completed,5807735
16,1,9495,completed,5809194
16,1,9496,completed,5810860
16,1,9497,completed,5812776
16,1,9498,completed,5814277
16,1,9499,completed,5816151
16,1,9500,completed,5817985
16,1,9501,completed,5819818
16,1,9502,completed,5821277
16,1,9503,completed,5822901
16,1,9504,completed,5825152
16,1,9505,completed,6053943
16,1,9506,completed,6054692
16,1,9507,completed,6055067
16,1,9508,completed,6055735
16,1,9509,completed,6056318
16,1,9510,completed,6057026
16,1,9511,completed,6057651
16,1,9512,completed,6058276
16,1,9513,completed,6059067
16,1,9514,completed,6059692
16,1,9515,completed,6060734
16,1,9516,completed,6061735
16,1,9517,completed,6062693
16,1,9518,completed,6063360
16,1,9519,completed,6064152
16,1,9520,completed,6090943
16,1,9521,completed,6062234
16,1,9522,completed,6071318
16,1,9523,completed,6072276
16,1,9524,completed,6074235
16,1,9525,completed,6075943
16,1,9526,completed,6077609
16,1,9527,completed,6079609
16,1,9528,completed,6081026
16,1,9529,completed,6082984
16,1,9530,completed,6084942
16,1,9531,completed,6086692
16,1,9532,completed,6088984
16,1,9533,completed,6129234
16,1,9534,completed,6142692
16,1,9535,completed,6143067
16,1,9536,completed,6144609
16,1,9537,completed,5878110
16,1,9538,completed,5876610
16,1,9539,completed,5877235
16,1,9540,completed,5878360
16,1,9541,completed,5879110
16,1,9542,completed,5880068
16,1,9543,completed,5880985
16,1,9544,completed,5881818
16,1,9545,completed,5882860
16,1,9546,completed,5883443
16,1,9547,completed,5884318
16,1,9548,completed,5885360
16,1,9549,completed,5863277
16,1,9550,completed,5864068
16,1,9551,completed,5900818
16,1,9552,completed,5911444
16,1,9553,completed,5936110
16,1,9554,completed,5936444
16,1,9555,completed,5936569
16,1,9556,completed,5937235
16,1,9557,completed,5938027
16,1,9558,completed,5938860
16,1,9559,completed,5939485
16,1,9560,completed,5940027
16,1,9561,completed,5940693
16,1,9562,completed,5941277
16,1,9563,completed,5942193
16,1,9564,completed,5943193
16,1,9565,completed,5943818
16,1,9566,completed,5944360
16,1,9567,completed,5913860
16,1,9568,completed,5940734
16,1,9569,completed,6122359
16,1,9570,completed,6124318
16,1,9571,completed,6124651
16,1,9572,completed,6125568
16,1,9573,completed,6126443
16,1,9574,completed,6127151
16,1,9575,completed,6127943
16,1,9576,completed,6128609
16,1,9577,completed,6129442
16,1,9578,completed,6130151
16,1,9579,completed,6131026
16,1,9580,completed,6132109
16,1,9581,completed,6132901
16,1,9582,completed,6133484
16,1,9583,completed,6134192
16,1,9584,completed,6102776
16,1,9585,completed,5507736
16,1,9586,completed,5506444
16,1,9587,completed,5506403
16,1,9588,completed,5506444
16,1,9589,completed,5506611
16,1,9590,completed,5506570
16,1,9591,completed,5506945
16,1,9592,completed,5506903
16,1,9593,completed,5499611
16,1,9594,completed,5499861
16,1,9595,completed,5500152
16,1,9596,completed,5500402
16,1,9597,completed,5501027
16,1,9598,completed,5501153
16,1,9599,completed,5501486
16,1,9600,completed,5501819
16,1,9601,completed,6286859
16,1,9602,completed,6287151
16,1,9603,completed,6287234
16,1,9604,completed,6287401
16,1,9605,completed,6287442
16,1,9606,completed,6287109
16,1,9607,completed,6286943
16,1,9608,completed,6286817
16,1,9609,completed,6286650
16,1,9610,completed,6286442
16,1,9611,completed,6286026
16,1,9612,completed,6286151
16,1,9613,completed,6286026
16,1,9614,completed,6278568
16,1,9615,completed,6278401
16,1,9616,completed,6277651
16,1,9617,completed,5766027
16,1,9618,completed,5776985
16,1,9619,completed,5777318
16,1,9620,completed,5778902
16,1,9621,completed,5780027
16,1,9622,completed,5780902
16,1,9623,completed,5781902
16,1,9624,completed,5782776
16,1,9625,completed,5784110
16,1,9626,completed,5785444
16,1,9627,completed,5787360
16,1,9628,completed,5788527
16,1,9629,completed,5789693
16,1,9630,completed,5790610
16,1,9631,completed,5827735
16,1,9632,completed,5834443
16,1,9633,completed,6116735
16,1,9634,completed,6116610
16,1,9635,completed,6116776
16,1,9636,completed,6117901
16,1,9637,completed,6118859
16,1,9638,completed,6119568
16,1,9639,completed,6120609
16,1,9640,completed,6121360
16,1,9641,completed,6122234
16,1,9642,completed,6123317
16,1,9643,completed,6124651
16,1,9644,completed,6126109
16,1,9645,completed,6126984
16,1,9646,completed,6165609
16,1,9647,completed,6143568
16,1,9648,completed,6142192
16,1,9649,completed,5388403
16,1,9650,completed,5389695
16,1,9651,completed,5389694
16,1,9652,completed,5390153
16,1,9653,completed,5390778
16,1,9654,completed,5391527
16,1,9655,completed,5392194
16,1,9656,completed,5392736
16,1,9657,completed,5393569
16,1,9658,completed,5394153
16,1,9659,completed,5395153
16,1,9660,completed,5396028
16,1,9661,completed,5396778
16,1,9662,completed,5353278
16,1,9663,completed,5347111
16,1,9664,completed,5382611
16,1,9665,completed,6673525
16,1,9666,completed,6674692
16,1,9667,completed,6675483
16,1,9668,completed,6676524
16,1,9669,completed,6678024
16,1,9670,completed,6679316
16,1,9671,completed,6680608
16,1,9672,completed,6681649
16,1,9673,completed,6683233
16,1,9674,completed,6684399
16,1,9675,completed,6685941
16,1,9676,completed,6687524
16,1,9677,completed,6689191
16,1,9678,completed,6690191
16,1,9679,completed,6691441
16,1,9680,completed,6667066
16,1,9681,completed,5834777
16,1,9682,completed,5832985
16,1,9683,completed,5832943
16,1,9684,completed,5833402
16,1,9685,completed,5834318
16,1,9686,completed,5834901
16,1,9687,completed,5835485
16,1,9688,completed,5836068
16,1,9689,completed,5836736
16,1,9690,completed,5837318
16,1,9691,completed,5838027
16,1,9692,completed,5838777
16,1,9693,completed,5839360
16,1,9694,completed,5839985
16,1,9695,completed,5840527
16,1,9696,completed,5826401
16,1,9697,completed,5995193
16,1,9698,completed,5998901
16,1,9699,completed,5999026
16,1,9700,completed,6030901
16,1,9701,completed,6032276
16,1,9702,completed,6032777
16,1,9703,completed,6057360
16,1,9704,completed,6069651
16,1,9705,completed,6070527
16,1,9706,completed,6071026
16,1,9707,completed,6072026
16,1,9708,completed,6072943
16,1,9709,completed,6073693
16,1,9710,completed,6074360
16,1,9711,completed,6073401
16,1,9712,completed,6073943
16,1,9713,completed,5790152
16,1,9714,completed,5792360
16,1,9715,completed,5792818
16,1,9716,completed,5793860
16,1,9717,completed,5794985
16,1,9718,completed,5795943
16,1,9719,completed,5752152
16,1,9720,completed,5749360
16,1,9721,completed,5751527
16,1,9722,completed,5753194
16,1,9723,completed,5755318
16,1,9724,completed,5757319
16,1,9725,completed,5759527
16,1,9726,completed,5761069
16,1,9727,completed,5762860
16,1,9728,completed,5811777
16,1,9729,completed,6092901
16,1,9730,completed,6093692
16,1,9731,completed,6094234
16,1,9732,completed,6094901
16,1,9733,completed,6095943
16,1,9734,completed,6096651
16,1,9735,completed,6097526
16,1,9736,completed,6098109
16,1,9737,completed,6099151
16,1,9738,completed,6099860
16,1,9739,completed,6101026
16,1,9740,completed,6101984
16,1,9741,completed,6102776
16,1,9742,completed,6103485
16,1,9743,completed,6139901
16,1,9744,completed,6087235
16,1,9745,completed,5989901
16,1,9746,completed,5994026
16,1,9747,completed,5993568
16,1,9748,completed,5994277
16,1,9749,completed,5995193
16,1,9750,completed,5995485
16,1,9751,completed,5996109
16,1,9752,completed,5996068
16,1,9753,completed,5996652
16,1,9754,completed,5996901
16,1,9755,completed,5997485
16,1,9756,completed,5998110
16,1,9757,completed,6024026
16,1,9758,completed,6031276
16,1,9759,completed,6029318
16,1,9760,completed,5998484
16,1,9761,completed,5871985
16,1,9762,completed,5868651
16,1,9763,completed,5868526
16,1,9764,completed,5869068
16,1,9765,completed,5869485
16,1,9766,completed,5869860
16,1,9767,completed,5870484
16,1,9768,completed,5870777
16,1,9769,completed,5871360
16,1,9770,completed,5871819
16,1,9771,completed,5872777
16,1,9772,completed,5873901
16,1,9773,completed,5856569
16,1,9774,completed,5856818
16,1,9775,completed,5857735
16,1,9776,completed,5891235
16,1,9777,completed,5992609
16,1,9778,completed,5999068
16,1,9779,completed,5999776
16,1,9780,completed,6000776
16,1,9781,completed,6002193
16,1,9782,completed,6003276
16,1,9783,completed,6004360
16,1,9784,completed,6005110
16,1,9785,completed,6006276
16,1,9786,completed,6007318
16,1,9787,completed,6008735
16,1,9788,completed,6009985
16,1,9789,completed,6011276
16,1,9790,completed,6012068
16,1,9791,completed,6013109
16,1,9792,completed,5997527
16,1,9793,completed,5968901
16,1,9794,completed,5978193
16,1,9795,completed,5978985
16,1,9796,completed,5980401
16,1,9797,completed,5982068
16,1,9798,completed,5983193
16,1,9799,completed,5984485
16,1,9800,completed,5985484
16,1,9801,completed,5986068
16,1,9802,completed,5987443
16,1,9803,completed,5989235
16,1,9804,completed,5991151
16,1,9805,completed,5993276
16,1,9806,completed,5994609
16,1,9807,completed,6030609
16,1,9808,completed,6027984
16,1,9809,completed,6007693
16,1,9810,completed,6004734
16,1,9811,completed,6004443
16,1,9812,completed,6004401
16,1,9813,completed,6004651
16,1,9814,completed,6004859
16,1,9815,completed,6005151
16,1,9816,completed,6005276
16,1,9817,completed,6005693
16,1,9818,completed,6005902
16,1,9819,completed,6006360
16,1,9820,completed,6006734
16,1,9821,completed,6007193
16,1,9822,completed,6007276
16,1,9823,completed,6005693
16,1,9824,completed,5984610
16,1,9825,completed,5841902
16,1,9826,completed,5843110
16,1,9827,completed,5843651
16,1,9828,completed,5844485
16,1,9829,completed,5845319
16,1,9830,completed,5846110
16,1,9831,completed,5847027
16,1,9832,completed,5847902
16,1,9833,completed,5848985
16,1,9834,completed,5849902
16,1,9835,completed,5851193
16,1,9836,completed,5852652
16,1,9837,completed,5853818
16,1,9838,completed,5854693
16,1,9839,completed,5855651
16,1,9840,completed,5895027
16,1,9841,completed,6031110
16,1,9842,completed,6030234
16,1,9843,completed,6029693
16,1,9844,completed,6030193
16,1,9845,completed,6030068
16,1,9846,completed,6029985
16,1,9847,completed,6029859
16,1,9848,completed,6029901
16,1,9849,completed,6030693
16,1,9850,completed,6030943
16,1,9851,completed,6031984
16,1,9852,completed,6032484
16,1,9853,completed,6033068
16,1,9854,completed,6049401
16,1,9855,completed,6045359
16,1,9856,completed,6031151
16,1,9857,completed,5988651
16,1,9858,completed,5994401
16,1,9859,completed,5995985
16,1,9860,completed,5997402
16,1,9861,completed,5999151
16,1,9862,completed,6000693
16,1,9863,completed,6001901
16,1,9864,completed,6003443
16,1,9865,completed,6005151
16,1,9866,completed,6006818
16,1,9867,completed,6008735
16,1,9868,completed,6010610
16,1,9869,completed,6012401
16,1,9870,completed,6010610
16,1,9871,completed,6011735
16,1,9872,completed,6002401
16,1,9873,completed,5914193
16,1,9874,completed,5922943
16,1,9875,completed,5923610
16,1,9876,completed,5924443
16,1,9877,completed,5917026
16,1,9878,completed,5917443
16,1,9879,completed,5917943
16,1,9880,completed,5918651
16,1,9881,completed,5919277
16,1,9882,completed,5919901
16,1,9883,completed,5920651
16,1,9884,completed,5921485
16,1,9885,completed,5921776
16,1,9886,completed,5922901
16,1,9887,completed,5923902
16,1,9888,completed,5924151
16,1,9889,completed,5927694
16,1,9890,completed,5923235
16,1,9891,completed,5922693
16,1,9892,completed,5922527
16,1,9893,completed,5922443
16,1,9894,completed,5922026
16,1,9895,completed,5921777
16,1,9896,completed,5921485
16,1,9897,completed,5921068
16,1,9898,completed,5921277
16,1,9899,completed,5921527
16,1,9900,completed,5922110
16,1,9901,completed,5916443
16,1,9902,completed,5916277
16,1,9903,completed,5937568
16,1,9904,completed,5943984
16,1,9905,completed,6000901
16,1,9906,completed,6005110
16,1,9907,completed,6006318
16,1,9908,completed,6007401
16,1,9909,completed,6008901
16,1,9910,completed,6010152
16,1,9911,completed,6011484
16,1,9912,completed,6012985
16,1,9913,completed,6014568
16,1,9914,completed,6015818
16,1,9915,completed,6017276
16,1,9916,completed,6018777
16,1,9917,completed,6020276
16,1,9918,completed,6021609
16,1,9919,completed,6010318
16,1,9920,completed,6011193
16,1,9921,completed,5988818
16,1,9922,completed,5990027
16,1,9923,completed,5990401
16,1,9924,completed,5990984
16,1,9925,completed,5991985
16,1,9926,completed,5992901
16,1,9927,completed,5993901
16,1,9928,completed,5994527
16,1,9929,completed,5995401
16,1,9930,completed,5996193
16,1,9931,completed,5997235
16,1,9932,completed,5998443
16,1,9933,completed,5999276
16,1,9934,completed,5999943
16,1,9935,completed,6037651
16,1,9936,completed,6050443
16,1,9937,completed,5927526
16,1,9938,completed,5929652
16,1,9939,completed,5930443
16,1,9940,completed,5931527
16,1,9941,completed,5932693
16,1,9942,completed,5933651
16,1,9943,completed,5934776
16,1,9944,completed,5935776
16,1,9945,completed,5937318
16,1,9946,completed,5938276
16,1,9947,completed,5940360
16,1,9948,completed,5941610
16,1,9949,completed,5942860
16,1,9950,completed,5943860
16,1,9951,completed,5936026
16,1,9952,completed,5930027
16,1,9953,completed,5898193
16,1,9954,completed,5890610
16,1,9955,completed,5889652
16,1,9956,completed,5888860
16,1,9957,completed,5888651
16,1,9958,completed,5888027
16,1,9959,completed,5887526
16,1,9960,completed,5886818
16,1,9961,completed,5886234
16,1,9962,completed,5885610
16,1,9963,completed,5885026
16,1,9964,completed,5884568
16,1,9965,completed,5883943
16,1,9966,completed,5883318
16,1,9967,completed,5880485
16,1,9968,completed,5858860
16,1,9969,completed,6063985
16,1,9970,completed,6071527
16,1,9971,completed,6072776
16,1,9972,completed,6074110
16,1,9973,completed,6075443
16,1,9974,completed,6076943
16,1,9975,completed,6078526
16,1,9976,completed,6080027
16,1,9977,completed,6081527
16,1,9978,completed,6083359
16,1,9979,completed,6085193
16,1,9980,completed,6087193
16,1,9981,completed,6089277
16,1,9982,completed,6090984
16,1,9983,completed,6142901
16,1,9984,completed,6158484
16,1,9985,completed,5922068
16,1,9986,completed,5921443
16,1,9987,completed,5921985
16,1,9988,completed,5922610
16,1,9989,completed,5923777
16,1,9990,completed,5924652
16,1,9991,completed,5925485
16,1,9992,completed,5926027
16,1,9993,completed,5926860
16,1,9994,completed,5927526
16,1,9995,completed,5928402
16,1,9996,completed,5929944
16,1,9997,completed,5930985
16,1,9998,completed,5931777
16,1,9999,completed,5871652
16,1,10000,completed,5870902
