limit,round,id,result,latency_ns
16,5,1,completed,7084898
16,5,2,completed,7186149
16,5,3,completed,7194273
16,5,4,completed,7202731
16,5,5,completed,7216190
16,5,6,completed,7219190
16,5,7,completed,7226773
16,5,8,completed,7232565
16,5,9,completed,7239315
16,5,10,completed,7245315
16,5,11,completed,7250982
16,5,12,completed,7257023
16,5,13,completed,7263481
16,5,14,completed,7269273
16,5,15,completed,7275898
16,5,16,completed,7317689
16,5,17,completed,6854649
16,5,18,completed,6872649
16,5,19,completed,6865441
16,5,20,completed,6860190
16,5,21,completed,6847816
16,5,22,completed,6842899
16,5,23,completed,6837315
16,5,24,completed,6832024
16,5,25,completed,6826857
16,5,26,completed,6822732
16,5,27,completed,6818566
16,5,28,completed,6814232
16,5,29,completed,6808733
16,5,30,completed,6804483
16,5,31,completed,6768149
16,5,32,completed,6757941
16,5,33,completed,5874651
16,5,34,completed,5896610
16,5,35,completed,5897360
16,5,36,completed,5862652
16,5,37,completed,5862943
16,5,38,completed,5863651
16,5,39,completed,5864610
16,5,40,completed,5864651
16,5,41,completed,5865485
16,5,42,completed,5866443
16,5,43,completed,5867610
16,5,44,completed,5868735
16,5,45,completed,5868944
16,5,46,completed,5870068
16,5,47,completed,5871318
16,5,48,completed,5872860
16,5,49,completed,5982402
16,5,50,completed,6001568
16,5,51,completed,5984235
16,5,52,completed,5985152
16,5,53,completed,5985151
16,5,54,completed,5985985
16,5,55,completed,5985735
16,5,56,completed,5986110
16,5,57,completed,5987234
16,5,58,completed,5988318
16,5,59,completed,5988360
16,5,60,completed,5989985
16,5,61,completed,5990943
16,5,62,completed,5992152
16,5,63,completed,5993443
16,5,64,completed,6001610
16,5,65,completed,5412902
16,5,66,completed,5411153
16,5,67,completed,5410903
16,5,68,completed,5411486
16,5,69,completed,5411778
16,5,70,completed,5412570
16,5,71,completed,5413112
16,5,72,completed,5413153
16,5,73,completed,5413486
16,5,74,completed,5414153
16,5,75,completed,5414486
16,5,76,completed,5415070
16,5,77,completed,5415528
16,5,78,completed,5415986
16,5,79,completed,5416612
16,5,80,completed,5417986
16,5,81,completed,6451942
16,5,82,completed,6471984
16,5,83,completed,6473817
16,5,84,completed,6475816
16,5,85,completed,6477442
16,5,86,completed,6479483
16,5,87,completed,6481525
16,5,88,completed,6483108
16,5,89,completed,6485067
16,5,90,completed,6487566
16,5,91,completed,6489859
16,5,92,completed,6492025
16,5,93,completed,6493775
16,5,94,completed,6496067
16,5,95,completed,6498108
16,5,96,completed,6500275
16,5,97,completed,5978777
16,5,98,completed,5980943
16,5,99,completed,5981068
16,5,100,completed,5981651
16,5,101,completed,5981610
16,5,102,completed,5982151
16,5,103,completed,5982943
16,5,104,completed,5983151
16,5,105,completed,5983651
16,5,106,completed,5984068
16,5,107,completed,5984860
16,5,108,completed,5985318
16,5,109,completed,5985734
16,5,110,completed,5986152
16,5,111,completed,5997151
16,5,112,completed,5997651
16,5,113,completed,5724985
16,5,114,completed,5730152
16,5,115,completed,5733902
16,5,116,completed,5734402
16,5,117,completed,5734694
16,5,118,completed,5735485
16,5,119,completed,5736568
16,5,120,completed,5736819
16,5,121,completed,5737235
16,5,122,completed,5737610
16,5,123,completed,5738319
16,5,124,completed,5738777
16,5,125,completed,5635028
16,5,126,completed,5634569
16,5,127,completed,5582611
16,5,128,completed,5597652
16,5,129,completed,6099068
16,5,130,completed,6117651
16,5,131,completed,6118109
16,5,132,completed,6118651
16,5,133,completed,6119151
16,5,134,completed,6120026
16,5,135,completed,6120609
16,5,136,completed,6121068
16,5,137,completed,6122193
16,5,138,completed,6122026
16,5,139,completed,6123401
16,5,140,completed,6125151
16,5,141,completed,6125776
16,5,142,completed,6126401
16,5,143,completed,6127818
16,5,144,completed,6128901
16,5,145,completed,5857777
16,5,146,completed,5870443
16,5,147,completed,5871235
16,5,148,completed,5872151
16,5,149,completed,5872443
16,5,150,completed,5873152
16,5,151,completed,5874276
16,5,152,completed,5874777
16,5,153,completed,5875901
16,5,154,completed,5876819
16,5,155,completed,5878610
16,5,156,completed,5879776
16,5,157,completed,5880110
16,5,158,completed,5881068
16,5,159,completed,5880069
16,5,160,completed,5881402
16,5,161,completed,5710694
16,5,162,completed,5725194
16,5,163,completed,5725568
16,5,164,completed,5726152
16,5,165,completed,5726694
16,5,166,completed,5727235
16,5,167,completed,5728110
16,5,168,completed,5729111
16,5,169,completed,5729485
16,5,170,completed,5730652
16,5,171,completed,5731985
16,5,172,completed,5732361
16,5,173,completed,5733277
16,5,174,completed,5734193
16,5,175,completed,5734569
16,5,176,completed,5735527
16,5,177,completed,6255151
16,5,178,completed,6263443
16,5,179,completed,6263900
16,5,180,completed,6264317
16,5,181,completed,6264859
16,5,182,completed,6265443
16,5,183,completed,6266359
16,5,184,completed,6266776
16,5,185,completed,6267109
16,5,186,completed,6268192
16,5,187,completed,6269026
16,5,188,completed,6269692
16,5,189,completed,6269859
16,5,190,completed,6270693
16,5,191,completed,6270900
16,5,192,completed,6272109
16,5,193,completed,6055318
16,5,194,completed,6075693
16,5,195,completed,6076318
16,5,196,completed,6084235
16,5,197,completed,6085609
16,5,198,completed,6086402
16,5,199,completed,6087485
16,5,200,completed,6088318
16,5,201,completed,6088735
16,5,202,completed,6089776
16,5,203,completed,6091151
16,5,204,completed,6091485
16,5,205,completed,6093443
16,5,206,completed,6094651
16,5,207,completed,6095152
16,5,208,completed,6096318
16,5,209,completed,5983401
16,5,210,completed,5991359
16,5,211,completed,5992026
16,5,212,completed,5992818
16,5,213,completed,5993776
16,5,214,completed,5994609
16,5,215,completed,5995193
16,5,216,completed,5995860
16,5,217,completed,5996318
16,5,218,completed,5997484
16,5,219,completed,5998318
16,5,220,completed,5998985
16,5,221,completed,6000026
16,5,222,completed,6001152
16,5,223,completed,6001818
16,5,224,completed,6003151
16,5,225,completed,5929319
16,5,226,completed,5957651
16,5,227,completed,5958443
16,5,228,completed,5959276
16,5,229,completed,5960360
16,5,230,completed,5961110
16,5,231,completed,5962277
16,5,232,completed,5963318
16,5,233,completed,5963693
16,5,234,completed,5965151
16,5,235,completed,5966610
16,5,236,completed,5967026
16,5,237,completed,5968526
16,5,238,completed,5969610
16,5,239,completed,5970027
16,5,240,completed,5971526
16,5,241,completed,5815569
16,5,242,completed,5823526
16,5,243,completed,5824110
16,5,244,completed,5825152
16,5,245,completed,5826235
16,5,246,completed,5826735
16,5,247,completed,5827693
16,5,248,completed,5828610
16,5,249,completed,5829027
16,5,250,completed,5830026
16,5,251,completed,5831069
16,5,252,completed,5831527
16,5,253,completed,5832943
16,5,254,completed,5833944
16,5,255,completed,5834402
16,5,256,completed,5835610
16,5,257,completed,5991859
16,5,258,completed,6002193
16,5,259,completed,6002985
16,5,260,completed,6004151
16,5,261,completed,6005360
16,5,262,completed,6006443
16,5,263,completed,6007609
16,5,264,completed,6008609
16,5,265,completed,6009401
16,5,266,completed,6010735
16,5,267,completed,6012152
16,5,268,completed,6012943
16,5,269,completed,6014235
16,5,270,completed,6015401
16,5,271,completed,6016152
16,5,272,completed,6017402
16,5,273,completed,5798360
16,5,274,completed,5819277
16,5,275,completed,5820444
16,5,276,completed,5821569
16,5,277,completed,5822943
16,5,278,completed,5823736
16,5,279,completed,5825110
16,5,280,completed,5826152
16,5,281,completed,5826610
16,5,282,completed,5827777
16,5,283,completed,5829068
16,5,284,completed,5829568
16,5,285,completed,5830985
16,5,286,completed,5832152
16,5,287,completed,5832694
16,5,288,completed,5834486
16,5,289,completed,6053776
16,5,290,completed,6074443
16,5,291,completed,6075027
16,5,292,completed,6075818
16,5,293,completed,6076943
16,5,294,completed,6077818
16,5,295,completed,6078735
16,5,296,completed,6079818
16,5,297,completed,6080568
16,5,298,completed,6081985
16,5,299,completed,6083443
16,5,300,completed,6084068
16,5,301,completed,6085735
16,5,302,completed,6086943
16,5,303,completed,6087526
16,5,304,completed,6089235
16,5,305,completed,6046818
16,5,306,completed,6203318
16,5,307,completed,6205484
16,5,308,completed,6206567
16,5,309,completed,6207692
16,5,310,completed,6209276
16,5,311,completed,6210942
16,5,312,completed,6212234
16,5,313,completed,6213234
16,5,314,completed,6214859
16,5,315,completed,6216442
16,5,316,completed,6217401
16,5,317,completed,6219026
16,5,318,completed,6220609
16,5,319,completed,6221776
16,5,320,completed,6223567
16,5,321,completed,5505361
16,5,322,completed,5528444
16,5,323,completed,5529486
16,5,324,completed,5530652
16,5,325,completed,5531777
16,5,326,completed,5532902
16,5,327,completed,5533985
16,5,328,completed,5535111
16,5,329,completed,5535736
16,5,330,completed,5537153
16,5,331,completed,5538361
16,5,332,completed,5538736
16,5,333,completed,5540236
16,5,334,completed,5541610
16,5,335,completed,5542069
16,5,336,completed,5543527
16,5,337,completed,5795402
16,5,338,completed,5811151
16,5,339,completed,5812068
16,5,340,completed,5812860
16,5,341,completed,5813777
16,5,342,completed,5814318
16,5,343,completed,5815443
16,5,344,completed,5816068
16,5,345,completed,5816568
16,5,346,completed,5818193
16,5,347,completed,5820319
16,5,348,completed,5820735
16,5,349,completed,5822527
16,5,350,completed,5823818
16,5,351,completed,5824360
16,5,352,completed,5825860
16,5,353,completed,7878730
16,5,354,completed,7884063
16,5,355,completed,7884813
16,5,356,completed,7885438
16,5,357,completed,7886230
16,5,358,completed,7886980
16,5,359,completed,7887563
16,5,360,completed,7888272
16,5,361,completed,7888729
16,5,362,completed,7889688
16,5,363,completed,7890521
16,5,364,completed,7890980
16,5,365,completed,7891688
16,5,366,completed,7893146
16,5,367,completed,7893688
16,5,368,completed,7894563
16,5,369,completed,7029566
16,5,370,completed,7040565
16,5,371,completed,7042607
16,5,372,completed,7043565
16,5,373,completed,7044690
16,5,374,completed,7045399
16,5,375,completed,7046357
16,5,376,completed,7047315
16,5,377,completed,7049065
16,5,378,completed,7049982
16,5,379,completed,7050982
16,5,380,completed,7051607
16,5,381,completed,7052441
16,5,382,completed,7053440
16,5,383,completed,7054648
16,5,384,completed,7055357
16,5,385,completed,6018401
16,5,386,completed,6039193
16,5,387,completed,6040318
16,5,388,completed,6041026
16,5,389,completed,6042110
16,5,390,completed,6043485
16,5,391,completed,6044693
16,5,392,completed,6046276
16,5,393,completed,6046818
16,5,394,completed,6047901
16,5,395,completed,6048984
16,5,396,completed,6049527
16,5,397,completed,6050901
16,5,398,completed,6051943
16,5,399,completed,6053527
16,5,400,completed,6054610
16,5,401,completed,5897526
16,5,402,completed,5917526
16,5,403,completed,5918068
16,5,404,completed,5919151
16,5,405,completed,5920360
16,5,406,completed,5921526
16,5,407,completed,5922651
16,5,408,completed,5923110
16,5,409,completed,5924402
16,5,410,completed,5925443
16,5,411,completed,5926776
16,5,412,completed,5927485
16,5,413,completed,5928985
16,5,414,completed,5931068
16,5,415,completed,5931818
16,5,416,completed,5933276
16,5,417,completed,5915485
16,5,418,completed,5926193
16,5,419,completed,5926984
16,5,420,completed,5927527
16,5,421,completed,5928276
16,5,422,completed,5928526
16,5,423,completed,5929609
16,5,424,completed,5930235
16,5,425,completed,5930693
16,5,426,completed,5932027
16,5,427,completed,5933026
16,5,428,completed,5933443
16,5,429,completed,5934401
16,5,430,completed,5935610
16,5,431,completed,5936318
16,5,432,completed,5937026
16,5,433,completed,5999402
16,5,434,completed,6022360
16,5,435,completed,6022985
16,5,436,completed,6023901
16,5,437,completed,6024652
16,5,438,completed,6025651
16,5,439,completed,6026235
16,5,440,completed,6026985
16,5,441,completed,6028401
16,5,442,completed,6029484
16,5,443,completed,6030401
16,5,444,completed,6030901
16,5,445,completed,6032235
16,5,446,completed,6033235
16,5,447,completed,6033610
16,5,448,completed,6034610
16,5,449,completed,6048776
16,5,450,completed,6069276
16,5,451,completed,6070442
16,5,452,completed,6071860
16,5,453,completed,6073109
16,5,454,completed,6073860
16,5,455,completed,6075609
16,5,456,completed,6076609
16,5,457,completed,6077318
16,5,458,completed,6078484
16,5,459,completed,6080067
16,5,460,completed,6080485
16,5,461,completed,6081234
16,5,462,completed,6082693
16,5,463,completed,6083234
16,5,464,completed,6083484
16,5,465,completed,5836026
16,5,466,completed,5845485
16,5,467,completed,5846569
16,5,468,completed,5846610
16,5,469,completed,5847276
16,5,470,completed,5848319
16,5,471,completed,5849485
16,5,472,completed,5850569
16,5,473,completed,5851693
16,5,474,completed,5852443
16,5,475,completed,5853610
16,5,476,completed,5854401
16,5,477,completed,5855318
16,5,478,completed,5855902
16,5,479,completed,5856985
16,5,480,completed,5858360
16,5,481,completed,5973151
16,5,482,completed,5984443
16,5,483,completed,5985401
16,5,484,completed,5986110
16,5,485,completed,5986776
16,5,486,completed,5987277
16,5,487,completed,5987943
16,5,488,completed,5988693
16,5,489,completed,5989234
16,5,490,completed,5990068
16,5,491,completed,5990943
16,5,492,completed,5991359
16,5,493,completed,5992152
16,5,494,completed,5993068
16,5,495,completed,5993901
16,5,496,completed,5972776
16,5,497,completed,14989837
16,5,498,completed,7031149
16,5,499,completed,7022940
16,5,500,completed,7024065
16,5,501,completed,7025274
16,5,502,completed,7026523
16,5,503,completed,7027899
16,5,504,completed,7028649
16,5,505,completed,7029773
16,5,506,completed,7030732
16,5,507,completed,7032274
16,5,508,completed,7032732
16,5,509,completed,7033732
16,5,510,completed,7034399
16,5,511,completed,7034941
16,5,512,completed,7035649
16,5,513,completed,6131693
16,5,514,completed,6142318
16,5,515,completed,6142984
16,5,516,completed,6144359
16,5,517,completed,6144942
16,5,518,completed,6145943
16,5,519,completed,6147484
16,5,520,completed,6148443
16,5,521,completed,6149442
16,5,522,completed,6149984
16,5,523,completed,6151568
16,5,524,completed,6151901
16,5,525,completed,6152484
16,5,526,completed,6152818
16,5,527,completed,6153526
16,5,528,completed,6154318
16,5,529,completed,5812651
16,5,530,completed,5828693
16,5,531,completed,5829235
16,5,532,completed,5830443
16,5,533,completed,5831485
16,5,534,completed,5832902
16,5,535,completed,5833818
16,5,536,completed,5834526
16,5,537,completed,5835360
16,5,538,completed,5836152
16,5,539,completed,5837527
16,5,540,completed,5837901
16,5,541,completed,5839110
16,5,542,completed,5839652
16,5,543,completed,5840401
16,5,544,completed,5841610
16,5,545,completed,6003318
16,5,546,completed,6029776
16,5,547,completed,6032526
16,5,548,completed,6033401
16,5,549,completed,6055651
16,5,550,completed,6058276
16,5,551,completed,6059526
16,5,552,completed,6060276
16,5,553,completed,6061610
16,5,554,completed,6062484
16,5,555,completed,6063942
16,5,556,completed,6064818
16,5,557,completed,6065859
16,5,558,completed,6066651
16,5,559,completed,6067734
16,5,560,completed,6068235
16,5,561,completed,14421754
16,5,562,completed,14439713
16,5,563,completed,14440713
16,5,564,completed,14441713
16,5,565,completed,14443338
16,5,566,completed,14444463
16,5,567,completed,14445838
16,5,568,completed,14447421
16,5,569,completed,14448755
16,5,570,completed,14449922
16,5,571,completed,14451921
16,5,572,completed,14452629
16,5,573,completed,14453463
16,5,574,completed,14454171
16,5,575,completed,14454587
16,5,576,completed,14455713
16,5,577,completed,7195315
16,5,578,completed,7204898
16,5,579,completed,7205315
16,5,580,completed,7206148
16,5,581,completed,7207357
16,5,582,completed,7208523
16,5,583,completed,7209690
16,5,584,completed,7210690
16,5,585,completed,7211857
16,5,586,completed,7212481
16,5,587,completed,7214149
16,5,588,completed,7214357
16,5,589,completed,7215065
16,5,590,completed,7215565
16,5,591,completed,7215940
16,5,592,completed,7216857
16,5,593,completed,5907443
16,5,594,completed,5915860
16,5,595,completed,5916485
16,5,596,completed,5917026
16,5,597,completed,5917859
16,5,598,completed,5918735
16,5,599,completed,5919526
16,5,600,completed,5919943
16,5,601,completed,5920318
16,5,602,completed,5921027
16,5,603,completed,5922193
16,5,604,completed,5922526
16,5,605,completed,5923151
16,5,606,completed,5923652
16,5,607,completed,5924901
16,5,608,completed,5925276
16,5,609,completed,5984693
16,5,610,completed,6001151
16,5,611,completed,6001777
16,5,612,completed,6002318
16,5,613,completed,6003110
16,5,614,completed,6003776
16,5,615,completed,6004401
16,5,616,completed,6004777
16,5,617,completed,6005609
16,5,618,completed,6006193
16,5,619,completed,6007485
16,5,620,completed,6007860
16,5,621,completed,6008526
16,5,622,completed,6008859
16,5,623,completed,6009193
16,5,624,completed,6010026
16,5,625,completed,5969110
16,5,626,completed,5991568
16,5,627,completed,5992526
16,5,628,completed,5993484
16,5,629,completed,5994693
16,5,630,completed,5995609
16,5,631,completed,5996818
16,5,632,completed,5997818
16,5,633,completed,5998859
16,5,634,completed,5999651
16,5,635,completed,6001318
16,5,636,completed,6001692
16,5,637,completed,6002526
16,5,638,completed,6002901
16,5,639,completed,6003317
16,5,640,completed,6004067
16,5,641,completed,5912318
16,5,642,completed,5930693
16,5,643,completed,5931444
16,5,644,completed,5932068
16,5,645,completed,5933485
16,5,646,completed,5934735
16,5,647,completed,5935735
16,5,648,completed,5936652
16,5,649,completed,5937568
16,5,650,completed,5938110
16,5,651,completed,5939276
16,5,652,completed,5939693
16,5,653,completed,5940360
16,5,654,completed,5940776
16,5,655,completed,5941735
16,5,656,completed,5943068
16,5,657,completed,5926027
16,5,658,completed,5934944
16,5,659,completed,5935527
16,5,660,completed,5936235
16,5,661,completed,5937401
16,5,662,completed,5938235
16,5,663,completed,5939068
16,5,664,completed,5939569
16,5,665,completed,5940610
16,5,666,completed,5941526
16,5,667,completed,5942944
16,5,668,completed,5943568
16,5,669,completed,5944276
16,5,670,completed,5944777
16,5,671,completed,5945276
16,5,672,completed,5945818
16,5,673,completed,5940485
16,5,674,completed,5960402
16,5,675,completed,5961318
16,5,676,completed,5962276
16,5,677,completed,5962818
16,5,678,completed,5963735
16,5,679,completed,5965484
16,5,680,completed,5966401
16,5,681,completed,5967401
16,5,682,completed,5968110
16,5,683,completed,5969984
16,5,684,completed,5970318
16,5,685,completed,5971276
16,5,686,completed,5971693
16,5,687,completed,5972109
16,5,688,completed,5973026
16,5,689,completed,5783485
16,5,690,completed,5794777
16,5,691,completed,5795277
16,5,692,completed,5795944
16,5,693,completed,5796485
16,5,694,completed,5797861
16,5,695,completed,5798652
16,5,696,completed,5799235
16,5,697,completed,5800110
16,5,698,completed,5800819
16,5,699,completed,5801736
16,5,700,completed,5802068
16,5,701,completed,5802819
16,5,702,completed,5803361
16,5,703,completed,5803818
16,5,704,completed,5804360
16,5,705,completed,6218401
16,5,706,completed,6241026
16,5,707,completed,6242317
16,5,708,completed,6243193
16,5,709,completed,6244609
16,5,710,completed,6245692
16,5,711,completed,6247525
16,5,712,completed,6247901
16,5,713,completed,6249067
16,5,714,completed,6249984
16,5,715,completed,6251609
16,5,716,completed,6252359
16,5,717,completed,6253109
16,5,718,completed,6253526
16,5,719,completed,6254026
16,5,720,completed,6254901
16,5,721,completed,5580611
16,5,722,completed,5592527
16,5,723,completed,5593069
16,5,724,completed,5593694
16,5,725,completed,5594569
16,5,726,completed,5595569
16,5,727,completed,5596527
16,5,728,completed,5597111
16,5,729,completed,5597903
16,5,730,completed,5598485
16,5,731,completed,5599777
16,5,732,completed,5600361
16,5,733,completed,5600944
16,5,734,completed,5601444
16,5,735,completed,5601860
16,5,736,completed,5602319
16,5,737,completed,5873069
16,5,738,completed,5884235
16,5,739,completed,5884944
16,5,740,completed,5885568
16,5,741,completed,5886860
16,5,742,completed,5887693
16,5,743,completed,5888276
16,5,744,completed,5889193
16,5,745,completed,5889985
16,5,746,completed,5890609
16,5,747,completed,5891610
16,5,748,completed,5892026
16,5,749,completed,5892526
16,5,750,completed,5892985
16,5,751,completed,5893651
16,5,752,completed,5894318
16,5,753,completed,6354276
16,5,754,completed,6388817
16,5,755,completed,6390151
16,5,756,completed,6391150
16,5,757,completed,6392151
16,5,758,completed,6393025
16,5,759,completed,6394025
16,5,760,completed,6395026
16,5,761,completed,6396275
16,5,762,completed,6396942
16,5,763,completed,6398901
16,5,764,completed,6399275
16,5,765,completed,6400192
16,5,766,completed,6400650
16,5,767,completed,6401109
16,5,768,completed,6401358
16,5,769,completed,5870068
16,5,770,completed,5880610
16,5,771,completed,5881152
16,5,772,completed,5881777
16,5,773,completed,5882360
16,5,774,completed,5883110
16,5,775,completed,5884318
16,5,776,completed,5884818
16,5,777,completed,5885444
16,5,778,completed,5885902
16,5,779,completed,5886609
16,5,780,completed,5887027
16,5,781,completed,5887735
16,5,782,completed,5888151
16,5,783,completed,5888526
16,5,784,completed,5889318
16,5,785,completed,5586194
16,5,786,completed,5637569
16,5,787,completed,5638778
16,5,788,completed,5639403
16,5,789,completed,5640694
16,5,790,completed,5641403
16,5,791,completed,5642236
16,5,792,completed,5643361
16,5,793,completed,5644903
16,5,794,completed,5645694
16,5,795,completed,5647569
16,5,796,completed,5648319
16,5,797,completed,5649319
16,5,798,completed,5649778
16,5,799,completed,5650361
16,5,800,completed,5651111
16,5,801,completed,5786068
16,5,802,completed,5840235
16,5,803,completed,5841068
16,5,804,completed,5864860
16,5,805,completed,5867401
16,5,806,completed,5868193
16,5,807,completed,5869652
16,5,808,completed,5871443
16,5,809,completed,5896859
16,5,810,completed,5904735
16,5,811,completed,5906360
16,5,812,completed,5916276
16,5,813,completed,5920568
16,5,814,completed,5921235
16,5,815,completed,5921776
16,5,816,completed,5922235
16,5,817,completed,6335317
16,5,818,completed,6339525
16,5,819,completed,6339609
16,5,820,completed,6321984
16,5,821,completed,6321317
16,5,822,completed,6321651
16,5,823,completed,6316484
16,5,824,completed,6316776
16,5,825,completed,6289234
16,5,826,completed,6286359
16,5,827,completed,6287401
16,5,828,completed,6275192
16,5,829,completed,6276109
16,5,830,completed,6276484
16,5,831,completed,6276942
16,5,832,completed,6277609
16,5,833,completed,5371986
16,5,834,completed,5377777
16,5,835,completed,5378069
16,5,836,completed,5379402
16,5,837,completed,5380111
16,5,838,completed,5381028
16,5,839,completed,5382028
16,5,840,completed,5382528
16,5,841,completed,5383236
16,5,842,completed,5384278
16,5,843,completed,5385069
16,5,844,completed,5386278
16,5,845,completed,5387569
16,5,846,completed,5388361
16,5,847,completed,5389403
16,5,848,completed,5390320
16,5,849,completed,6712233
16,5,850,completed,6727108
16,5,851,completed,6727566
16,5,852,completed,6728525
16,5,853,completed,6729316
16,5,854,completed,6730024
16,5,855,completed,6730733
16,5,856,completed,6731566
16,5,857,completed,6732400
16,5,858,completed,6733607
16,5,859,completed,6734982
16,5,860,completed,6736108
16,5,861,completed,6737274
16,5,862,completed,6738608
16,5,863,completed,6739857
16,5,864,completed,6740816
16,5,865,completed,5825860
16,5,866,completed,5833401
16,5,867,completed,5834443
16,5,868,completed,5835818
16,5,869,completed,5837068
16,5,870,completed,5838277
16,5,871,completed,5839526
16,5,872,completed,5840902
16,5,873,completed,5842318
16,5,874,completed,5844110
16,5,875,completed,5845693
16,5,876,completed,5847152
16,5,877,completed,5848694
16,5,878,completed,5850193
16,5,879,completed,5851735
16,5,880,completed,5853152
16,5,881,completed,5860318
16,5,882,completed,5856694
16,5,883,completed,5856402
16,5,884,completed,5856319
16,5,885,completed,5856318
16,5,886,completed,5856360
16,5,887,completed,5856402
16,5,888,completed,5856443
16,5,889,completed,5856527
16,5,890,completed,5856652
16,5,891,completed,5856818
16,5,892,completed,5856902
16,5,893,completed,5857110
16,5,894,completed,5857193
16,5,895,completed,5857360
16,5,896,completed,5857485
16,5,897,completed,7138606
16,5,898,completed,7119648
16,5,899,completed,7118732
16,5,900,completed,7119648
16,5,901,completed,7120857
16,5,902,completed,7121899
16,5,903,completed,7123231
16,5,904,completed,7124023
16,5,905,completed,7124649
16,5,906,completed,7125690
16,5,907,completed,7126565
16,5,908,completed,7127899
16,5,909,completed,7128690
16,5,910,completed,7129232
16,5,911,completed,7129607
16,5,912,completed,7130940
16,5,913,completed,6047235
16,5,914,completed,6060359
16,5,915,completed,6060943
16,5,916,completed,6062151
16,5,917,completed,6063234
16,5,918,completed,6064109
16,5,919,completed,6065484
16,5,920,completed,6066318
16,5,921,completed,6067151
16,5,922,completed,6067860
16,5,923,completed,6069234
16,5,924,completed,6070401
16,5,925,completed,6071234
16,5,926,completed,6072193
16,5,927,completed,6072693
16,5,928,completed,6073693
16,5,929,completed,5998902
16,5,930,completed,6021943
16,5,931,completed,6026526
16,5,932,completed,6031776
16,5,933,completed,6038401
16,5,934,completed,6043484
16,5,935,completed,6048609
16,5,936,completed,6054026
16,5,937,completed,6077776
16,5,938,completed,6082901
16,5,939,completed,6088692
16,5,940,completed,6094235
16,5,941,completed,6099068
16,5,942,completed,6104567
16,5,943,completed,6108985
16,5,944,completed,6114943
16,5,945,completed,6029360
16,5,946,completed,6046109
16,5,947,completed,6042609
16,5,948,completed,6038693
16,5,949,completed,6034443
16,5,950,completed,6030859
16,5,951,completed,6027026
16,5,952,completed,6004735
16,5,953,completed,5999776
16,5,954,completed,5996068
16,5,955,completed,5990860
16,5,956,completed,5987610
16,5,957,completed,5984151
16,5,958,completed,5980068
16,5,959,completed,5976401
16,5,960,completed,5973568
16,5,961,completed,5847943
16,5,962,completed,5852485
16,5,963,completed,5853360
16,5,964,completed,5854693
16,5,965,completed,5855735
16,5,966,completed,5856610
16,5,967,completed,5858193
16,5,968,completed,5858860
16,5,969,completed,5859819
16,5,970,completed,5860777
16,5,971,completed,5861651
16,5,972,completed,5862819
16,5,973,completed,5864027
16,5,974,completed,5864693
16,5,975,completed,5865276
16,5,976,completed,5866776
16,5,977,completed,5940443
16,5,978,completed,5939652
16,5,979,completed,5939902
16,5,980,completed,5940235
16,5,981,completed,5940860
16,5,982,completed,5941610
16,5,983,completed,5942360
16,5,984,completed,5942902
16,5,985,completed,5943360
16,5,986,completed,5943735
16,5,987,completed,5944235
16,5,988,completed,5945526
16,5,989,completed,5946110
16,5,990,completed,5946985
16,5,991,completed,5947819
16,5,992,completed,5948527
16,5,993,completed,5414402
16,5,994,completed,5418028
16,5,995,completed,5418570
16,5,996,completed,5419319
16,5,997,completed,5420820
16,5,998,completed,5421778
16,5,999,completed,5422403
16,5,1000,completed,5423444
16,5,1001,completed,5424153
16,5,1002,completed,5424694
16,5,1003,completed,5425486
16,5,1004,completed,5426902
16,5,1005,completed,5427611
16,5,1006,completed,5428361
16,5,1007,completed,5428902
16,5,1008,completed,5411069
16,5,1009,completed,6692650
16,5,1010,completed,6702024
16,5,1011,completed,6703441
16,5,1012,completed,6704941
16,5,1013,completed,6705983
16,5,1014,completed,6707566
16,5,1015,completed,6708857
16,5,1016,completed,6710149
16,5,1017,completed,6711483
16,5,1018,completed,6712483
16,5,1019,completed,6713566
16,5,1020,completed,6715524
16,5,1021,completed,6717108
16,5,1022,completed,6718108
16,5,1023,completed,6719650
16,5,1024,completed,6721316
16,5,1025,completed,5802527
16,5,1026,completed,5836985
16,5,1027,completed,5837444
16,5,1028,completed,5838277
16,5,1029,completed,5839151
16,5,1030,completed,5840277
16,5,1031,completed,5841068
16,5,1032,completed,5842193
16,5,1033,completed,5843069
16,5,1034,completed,5843902
16,5,1035,completed,5844818
16,5,1036,completed,5846026
16,5,1037,completed,5846694
16,5,1038,completed,5847568
16,5,1039,completed,5848193
16,5,1040,completed,5848860
16,5,1041,completed,5975568
16,5,1042,completed,5999610
16,5,1043,completed,6007318
16,5,1044,completed,6014110
16,5,1045,completed,6020901
16,5,1046,completed,6028151
16,5,1047,completed,6034277
16,5,1048,completed,6056443
16,5,1049,completed,6058193
16,5,1050,completed,6058817
16,5,1051,completed,6059443
16,5,1052,completed,6061235
16,5,1053,completed,6062318
16,5,1054,completed,6063068
16,5,1055,completed,6063818
16,5,1056,completed,6064192
16,5,1057,completed,6011735
16,5,1058,completed,6128401
16,5,1059,completed,6126318
16,5,1060,completed,6120692
16,5,1061,completed,6115193
16,5,1062,completed,6108860
16,5,1063,completed,6089777
16,5,1064,completed,6054777
16,5,1065,completed,6055152
16,5,1066,completed,6056277
16,5,1067,completed,6057609
16,5,1068,completed,6059568
16,5,1069,completed,6061485
16,5,1070,completed,6063610
16,5,1071,completed,6065026
16,5,1072,completed,6066318
16,5,1073,completed,5989276
16,5,1074,completed,5862610
16,5,1075,completed,5863277
16,5,1076,completed,5863193
16,5,1077,completed,5864318
16,5,1078,completed,5864818
16,5,1079,completed,5865985
16,5,1080,completed,5867276
16,5,1081,completed,5867735
16,5,1082,completed,5868818
16,5,1083,completed,5869902
16,5,1084,completed,5871485
16,5,1085,completed,5873110
16,5,1086,completed,5874193
16,5,1087,completed,5875527
16,5,1088,completed,5876860
16,5,1089,completed,5871319
16,5,1090,completed,5877818
16,5,1091,completed,5878943
16,5,1092,completed,5880193
16,5,1093,completed,5881610
16,5,1094,completed,5883152
16,5,1095,completed,5884110
16,5,1096,completed,5885527
16,5,1097,completed,5886735
16,5,1098,completed,5887776
16,5,1099,completed,5889069
16,5,1100,completed,5890860
16,5,1101,completed,5892193
16,5,1102,completed,5893527
16,5,1103,completed,5894985
16,5,1104,completed,5896235
16,5,1105,completed,6013942
16,5,1106,completed,6022693
16,5,1107,completed,6024484
16,5,1108,completed,6026068
16,5,1109,completed,6027818
16,5,1110,completed,6048693
16,5,1111,completed,6050193
16,5,1112,completed,6052235
16,5,1113,completed,6053984
16,5,1114,completed,6055651
16,5,1115,completed,6057651
16,5,1116,completed,6059610
16,5,1117,completed,6061901
16,5,1118,completed,6063901
16,5,1119,completed,6066151
16,5,1120,completed,6067485
16,5,1121,completed,5819235
16,5,1122,completed,5819152
16,5,1123,completed,5819401
16,5,1124,completed,5820068
16,5,1125,completed,5820735
16,5,1126,completed,5821152
16,5,1127,completed,5821819
16,5,1128,completed,5822319
16,5,1129,completed,5822777
16,5,1130,completed,5823193
16,5,1131,completed,5823777
16,5,1132,completed,5824277
16,5,1133,completed,5825151
16,5,1134,completed,5825860
16,5,1135,completed,5826401
16,5,1136,completed,5826777
16,5,1137,completed,5936235
16,5,1138,completed,5939318
16,5,1139,completed,5941027
16,5,1140,completed,5942484
16,5,1141,completed,5944068
16,5,1142,completed,5945568
16,5,1143,completed,5947152
16,5,1144,completed,5948860
16,5,1145,completed,5950610
16,5,1146,completed,5952110
16,5,1147,completed,5953943
16,5,1148,completed,5955818
16,5,1149,completed,5957652
16,5,1150,completed,5959235
16,5,1151,completed,5960985
16,5,1152,completed,5962485
16,5,1153,completed,6001234
16,5,1154,completed,6004777
16,5,1155,completed,6005485
16,5,1156,completed,6005901
16,5,1157,completed,6006318
16,5,1158,completed,6006735
16,5,1159,completed,6007109
16,5,1160,completed,6007818
16,5,1161,completed,6007984
16,5,1162,completed,6008151
16,5,1163,completed,6008401
16,5,1164,completed,6009026
16,5,1165,completed,6009526
16,5,1166,completed,6009818
16,5,1167,completed,6010359
16,5,1168,completed,6010401
16,5,1169,completed,5973026
16,5,1170,completed,5976860
16,5,1171,completed,5978402
16,5,1172,completed,5979318
16,5,1173,completed,5980568
16,5,1174,completed,5981693
16,5,1175,completed,5982610
16,5,1176,completed,5983818
16,5,1177,completed,5984902
16,5,1178,completed,5986109
16,5,1179,completed,5987277
16,5,1180,completed,5988901
16,5,1181,completed,5990276
16,5,1182,completed,5991401
16,5,1183,completed,5992610
16,5,1184,completed,5993901
16,5,1185,completed,6044234
16,5,1186,completed,6048318
16,5,1187,completed,6049068
16,5,1188,completed,6049651
16,5,1189,completed,6049985
16,5,1190,completed,6050776
16,5,1191,completed,6051651
16,5,1192,completed,6052485
16,5,1193,completed,6063818
16,5,1194,completed,6064818
16,5,1195,completed,6065984
16,5,1196,completed,6067109
16,5,1197,completed,6068151
16,5,1198,completed,6068984
16,5,1199,completed,6069943
16,5,1200,completed,6071067
16,5,1201,completed,5821943
16,5,1202,completed,5824485
16,5,1203,completed,5825152
16,5,1204,completed,5825569
16,5,1205,completed,5826194
16,5,1206,completed,5826777
16,5,1207,completed,5827360
16,5,1208,completed,5828027
16,5,1209,completed,5828568
16,5,1210,completed,5829151
16,5,1211,completed,5829819
16,5,1212,completed,5830568
16,5,1213,completed,5831235
16,5,1214,completed,5831860
16,5,1215,completed,5832568
16,5,1216,completed,5833193
16,5,1217,completed,6083985
16,5,1218,completed,6085901
16,5,1219,completed,6086276
16,5,1220,completed,6086235
16,5,1221,completed,6086401
16,5,1222,completed,6086651
16,5,1223,completed,6086943
16,5,1224,completed,6087235
16,5,1225,completed,6087443
16,5,1226,completed,6087651
16,5,1227,completed,6088109
16,5,1228,completed,6088610
16,5,1229,completed,6088943
16,5,1230,completed,6089234
16,5,1231,completed,6089609
16,5,1232,completed,6089735
16,5,1233,completed,5878652
16,5,1234,completed,5884944
16,5,1235,completed,5886776
16,5,1236,completed,5888610
16,5,1237,completed,5890402
16,5,1238,completed,5892277
16,5,1239,completed,5894277
16,5,1240,completed,5896026
16,5,1241,completed,5897860
16,5,1242,completed,5899818
16,5,1243,completed,5892985
16,5,1244,completed,5895694
16,5,1245,completed,5897485
16,5,1246,completed,5899402
16,5,1247,completed,5900985
16,5,1248,completed,5902818
16,5,1249,completed,5961901
16,5,1250,completed,5966777
16,5,1251,completed,5968193
16,5,1252,completed,5969693
16,5,1253,completed,5970776
16,5,1254,completed,5972526
16,5,1255,completed,5973735
16,5,1256,completed,5975193
16,5,1257,completed,5976443
16,5,1258,completed,5978152
16,5,1259,completed,5979360
16,5,1260,completed,5981027
16,5,1261,completed,5982818
16,5,1262,completed,5984110
16,5,1263,completed,5985402
16,5,1264,completed,5986402
16,5,1265,completed,5933401
16,5,1266,completed,5934277
16,5,1267,completed,5934610
16,5,1268,completed,5934027
16,5,1269,completed,5933901
16,5,1270,completed,5933818
16,5,1271,completed,5933776
16,5,1272,completed,5933776
16,5,1273,completed,5933693
16,5,1274,completed,5933777
16,5,1275,completed,5934110
16,5,1276,completed,5934151
16,5,1277,completed,5934234
16,5,1278,completed,5934443
16,5,1279,completed,5934485
16,5,1280,completed,5934359
16,5,1281,completed,6126442
16,5,1282,completed,6137526
16,5,1283,completed,6138734
16,5,1284,completed,6140026
16,5,1285,completed,6141484
16,5,1286,completed,6142776
16,5,1287,completed,6144110
16,5,1288,completed,6145610
16,5,1289,completed,6146859
16,5,1290,completed,6147859
16,5,1291,completed,6149234
16,5,1292,completed,6150734
16,5,1293,completed,6152651
16,5,1294,completed,6153942
16,5,1295,completed,6155567
16,5,1296,completed,6156776
16,5,1297,completed,5830318
16,5,1298,completed,5831985
16,5,1299,completed,5833569
16,5,1300,completed,5835027
16,5,1301,completed,5836318
16,5,1302,completed,5838277
16,5,1303,completed,5839735
16,5,1304,completed,5841277
16,5,1305,completed,5842736
16,5,1306,completed,5844735
16,5,1307,completed,5846151
16,5,1308,completed,5848319
16,5,1309,completed,5849819
16,5,1310,completed,5851610
16,5,1311,completed,5853110
16,5,1312,completed,5854777
16,5,1313,completed,5938652
16,5,1314,completed,5940777
16,5,1315,completed,5941693
16,5,1316,completed,5942319
16,5,1317,completed,5942777
16,5,1318,completed,5943568
16,5,1319,completed,5944027
16,5,1320,completed,5944652
16,5,1321,completed,5945277
16,5,1322,completed,5946276
16,5,1323,completed,5947068
16,5,1324,completed,5948277
16,5,1325,completed,5948901
16,5,1326,completed,5949901
16,5,1327,completed,5950485
16,5,1328,completed,5951152
16,5,1329,completed,5999068
16,5,1330,completed,6012401
16,5,1331,completed,6013943
16,5,1332,completed,6015318
16,5,1333,completed,6016609
16,5,1334,completed,6018235
16,5,1335,completed,6020026
16,5,1336,completed,6021526
16,5,1337,completed,6023277
16,5,1338,completed,6024901
16,5,1339,completed,6026693
16,5,1340,completed,6028777
16,5,1341,completed,6031110
16,5,1342,completed,6032318
16,5,1343,completed,6033693
16,5,1344,completed,6034943
16,5,1345,completed,5925568
16,5,1346,completed,5927110
16,5,1347,completed,5927401
16,5,1348,completed,5928568
16,5,1349,completed,5930068
16,5,1350,completed,5930985
16,5,1351,completed,5932151
16,5,1352,completed,5933068
16,5,1353,completed,5933943
16,5,1354,completed,5934943
16,5,1355,completed,5936151
16,5,1356,completed,5937193
16,5,1357,completed,5938443
16,5,1358,completed,5939151
16,5,1359,completed,5940068
16,5,1360,completed,5940568
16,5,1361,completed,5627611
16,5,1362,completed,5631236
16,5,1363,completed,5632361
16,5,1364,completed,5633360
16,5,1365,completed,5634569
16,5,1366,completed,5635278
16,5,1367,completed,5636569
16,5,1368,completed,5637985
16,5,1369,completed,5639278
16,5,1370,completed,5640402
16,5,1371,completed,5641944
16,5,1372,completed,5643444
16,5,1373,completed,5644528
16,5,1374,completed,5645694
16,5,1375,completed,5646652
16,5,1376,completed,5648152
16,5,1377,completed,6254692
16,5,1378,completed,6261151
16,5,1379,completed,6261943
16,5,1380,completed,6262359
16,5,1381,completed,6263401
16,5,1382,completed,6264150
16,5,1383,completed,6265150
16,5,1384,completed,6265984
16,5,1385,completed,6266400
16,5,1386,completed,6267693
16,5,1387,completed,6268651
16,5,1388,completed,6269609
16,5,1389,completed,6271026
16,5,1390,completed,6271692
16,5,1391,completed,6272734
16,5,1392,completed,6273734
16,5,1393,completed,5815610
16,5,1394,completed,5818027
16,5,1395,completed,5819694
16,5,1396,completed,5820860
16,5,1397,completed,5822610
16,5,1398,completed,5823902
16,5,1399,completed,5825735
16,5,1400,completed,5827318
16,5,1401,completed,5828694
16,5,1402,completed,5830360
16,5,1403,completed,5832068
16,5,1404,completed,5834235
16,5,1405,completed,5835569
16,5,1406,completed,5837319
16,5,1407,completed,5838818
16,5,1408,completed,5840319
16,5,1409,completed,6050026
16,5,1410,completed,6052359
16,5,1411,completed,6053234
16,5,1412,completed,6054443
16,5,1413,completed,6055401
16,5,1414,completed,6056359
16,5,1415,completed,6057526
16,5,1416,completed,6058943
16,5,1417,completed,6059859
16,5,1418,completed,6061067
16,5,1419,completed,6062234
16,5,1420,completed,6063984
16,5,1421,completed,6064943
16,5,1422,completed,6066151
16,5,1423,completed,6067109
16,5,1424,completed,6068526
16,5,1425,completed,5785985
16,5,1426,completed,5787860
16,5,1427,completed,5788111
16,5,1428,completed,5788236
16,5,1429,completed,5788444
16,5,1430,completed,5788610
16,5,1431,completed,5788777
16,5,1432,completed,5789069
16,5,1433,completed,5789235
16,5,1434,completed,5789694
16,5,1435,completed,5790110
16,5,1436,completed,5790485
16,5,1437,completed,5790819
16,5,1438,completed,5791026
16,5,1439,completed,5791401
16,5,1440,completed,5791860
16,5,1441,completed,6143859
16,5,1442,completed,6147526
16,5,1443,completed,6148735
16,5,1444,completed,6149901
16,5,1445,completed,6151234
16,5,1446,completed,6152526
16,5,1447,completed,6153734
16,5,1448,completed,6155276
16,5,1449,completed,6156651
16,5,1450,completed,6158276
16,5,1451,completed,6159693
16,5,1452,completed,6161401
16,5,1453,completed,6162776
16,5,1454,completed,6164235
16,5,1455,completed,6165609
16,5,1456,completed,6167068
16,5,1457,completed,5951068
16,5,1458,completed,5953527
16,5,1459,completed,5953860
16,5,1460,completed,5954109
16,5,1461,completed,5954609
16,5,1462,completed,5955110
16,5,1463,completed,5955693
16,5,1464,completed,5956152
16,5,1465,completed,5956651
16,5,1466,completed,5957193
16,5,1467,completed,5957777
16,5,1468,completed,5958401
16,5,1469,completed,5958902
16,5,1470,completed,5959401
16,5,1471,completed,5960193
16,5,1472,completed,5960360
16,5,1473,completed,5971984
16,5,1474,completed,5976110
16,5,1475,completed,5977110
16,5,1476,completed,5978527
16,5,1477,completed,5979818
16,5,1478,completed,5981026
16,5,1479,completed,5982443
16,5,1480,completed,5983818
16,5,1481,completed,5985026
16,5,1482,completed,5986360
16,5,1483,completed,5987735
16,5,1484,completed,5989401
16,5,1485,completed,5990693
16,5,1486,completed,5991985
16,5,1487,completed,5993234
16,5,1488,completed,5994693
16,5,1489,completed,6133442
16,5,1490,completed,6137776
16,5,1491,completed,6138443
16,5,1492,completed,6139068
16,5,1493,completed,6139484
16,5,1494,completed,6139942
16,5,1495,completed,6140651
16,5,1496,completed,6141317
16,5,1497,completed,6141901
16,5,1498,completed,6142651
16,5,1499,completed,6143317
16,5,1500,completed,6144276
16,5,1501,completed,6144901
16,5,1502,completed,6145567
16,5,1503,completed,6146150
16,5,1504,completed,6146776
16,5,1505,completed,5899818
16,5,1506,completed,5909735
16,5,1507,completed,5911652
16,5,1508,completed,5913110
16,5,1509,completed,5915027
16,5,1510,completed,5916776
16,5,1511,completed,5918860
16,5,1512,completed,5920485
16,5,1513,completed,5922235
16,5,1514,completed,5923902
16,5,1515,completed,5925693
16,5,1516,completed,5927735
16,5,1517,completed,5929610
16,5,1518,completed,5931110
16,5,1519,completed,5947901
16,5,1520,completed,5924277
16,5,1521,completed,5863194
16,5,1522,completed,5866485
16,5,1523,completed,5867610
16,5,1524,completed,5868485
16,5,1525,completed,5869860
16,5,1526,completed,5871235
16,5,1527,completed,5872360
16,5,1528,completed,5873610
16,5,1529,completed,5874944
16,5,1530,completed,5876235
16,5,1531,completed,5877360
16,5,1532,completed,5878735
16,5,1533,completed,5880026
16,5,1534,completed,5881319
16,5,1535,completed,5882860
16,5,1536,completed,5883943
16,5,1537,completed,5949401
16,5,1538,completed,5956110
16,5,1539,completed,5957526
16,5,1540,completed,5959026
16,5,1541,completed,5960818
16,5,1542,completed,5962234
16,5,1543,completed,5963902
16,5,1544,completed,5964984
16,5,1545,completed,5966359
16,5,1546,completed,5967318
16,5,1547,completed,5968901
16,5,1548,completed,5970443
16,5,1549,completed,5972151
16,5,1550,completed,5973360
16,5,1551,completed,5974901
16,5,1552,completed,5975777
16,5,1553,completed,5952860
16,5,1554,completed,5957193
16,5,1555,completed,5957943
16,5,1556,completed,5958693
16,5,1557,completed,5959401
16,5,1558,completed,5960401
16,5,1559,completed,5961234
16,5,1560,completed,5962026
16,5,1561,completed,5962818
16,5,1562,completed,5963526
16,5,1563,completed,5964526
16,5,1564,completed,5965152
16,5,1565,completed,5966693
16,5,1566,completed,5967193
16,5,1567,completed,5968235
16,5,1568,completed,5969151
16,5,1569,completed,5889235
16,5,1570,completed,5890235
16,5,1571,completed,5891110
16,5,1572,completed,5892068
16,5,1573,completed,5893026
16,5,1574,completed,5893943
16,5,1575,completed,5894693
16,5,1576,completed,5895568
16,5,1577,completed,5896443
16,5,1578,completed,5897276
16,5,1579,completed,5898235
16,5,1580,completed,5899318
16,5,1581,completed,5900234
16,5,1582,completed,5901318
16,5,1583,completed,5902484
16,5,1584,completed,5903193
16,5,1585,completed,5961777
16,5,1586,completed,5964735
16,5,1587,completed,5965443
16,5,1588,completed,5966026
16,5,1589,completed,5966860
16,5,1590,completed,5967443
16,5,1591,completed,5968443
16,5,1592,completed,5969318
16,5,1593,completed,5970235
16,5,1594,completed,5971026
16,5,1595,completed,5971985
16,5,1596,completed,5972901
16,5,1597,completed,5973984
16,5,1598,completed,5974818
16,5,1599,completed,5975943
16,5,1600,completed,5976651
16,5,1601,completed,5980693
16,5,1602,completed,5980735
16,5,1603,completed,5980860
16,5,1604,completed,5980734
16,5,1605,completed,5981277
16,5,1606,completed,5981484
16,5,1607,completed,5981652
16,5,1608,completed,5981860
16,5,1609,completed,5982109
16,5,1610,completed,5982277
16,5,1611,completed,5982568
16,5,1612,completed,5982901
16,5,1613,completed,5983068
16,5,1614,completed,5983276
16,5,1615,completed,5983652
16,5,1616,completed,5983985
16,5,1617,completed,5984235
16,5,1618,completed,5986860
16,5,1619,completed,5988068
16,5,1620,completed,5989485
16,5,1621,completed,5991235
16,5,1622,completed,5992610
16,5,1623,completed,5993901
16,5,1624,completed,5995526
16,5,1625,completed,5997193
16,5,1626,completed,5998735
16,5,1627,completed,6000360
16,5,1628,completed,6002318
16,5,1629,completed,6003901
16,5,1630,completed,6005443
16,5,1631,completed,6007318
16,5,1632,completed,6008943
16,5,1633,completed,5972026
16,5,1634,completed,5975318
16,5,1635,completed,5976360
16,5,1636,completed,5977235
16,5,1637,completed,5978026
16,5,1638,completed,5978985
16,5,1639,completed,5979860
16,5,1640,completed,5980859
16,5,1641,completed,5981860
16,5,1642,completed,5982860
16,5,1643,completed,5983943
16,5,1644,completed,5985151
16,5,1645,completed,5986151
16,5,1646,completed,5987110
16,5,1647,completed,5988193
16,5,1648,completed,5988901
16,5,1649,completed,6035277
16,5,1650,completed,6040568
16,5,1651,completed,6041610
16,5,1652,completed,6042484
16,5,1653,completed,6043777
16,5,1654,completed,6044777
16,5,1655,completed,6046110
16,5,1656,completed,6047360
16,5,1657,completed,6048610
16,5,1658,completed,6049735
16,5,1659,completed,6051151
16,5,1660,completed,6052568
16,5,1661,completed,6053776
16,5,1662,completed,6055068
16,5,1663,completed,6056318
16,5,1664,completed,6057193
16,5,1665,completed,5885901
16,5,1666,completed,5887735
16,5,1667,completed,5887985
16,5,1668,completed,5888526
16,5,1669,completed,5889151
16,5,1670,completed,5889693
16,5,1671,completed,5890359
16,5,1672,completed,5891152
16,5,1673,completed,5891734
16,5,1674,completed,5892652
16,5,1675,completed,5893318
16,5,1676,completed,5879360
16,5,1677,completed,5879860
16,5,1678,completed,5880402
16,5,1679,completed,5881318
16,5,1680,completed,5881860
16,5,1681,completed,6089943
16,5,1682,completed,6113442
16,5,1683,completed,6114276
16,5,1684,completed,6114610
16,5,1685,completed,6115234
16,5,1686,completed,6115942
16,5,1687,completed,6115943
16,5,1688,completed,6116485
16,5,1689,completed,6116943
16,5,1690,completed,6117859
16,5,1691,completed,6118901
16,5,1692,completed,6120568
16,5,1693,completed,6121526
16,5,1694,completed,6121567
16,5,1695,completed,6122693
16,5,1696,completed,6122693
16,5,1697,completed,5906402
16,5,1698,completed,5928110
16,5,1699,completed,5942943
16,5,1700,completed,5949568
16,5,1701,completed,5954610
16,5,1702,completed,5959901
16,5,1703,completed,5964402
16,5,1704,completed,5969818
16,5,1705,completed,5974902
16,5,1706,completed,5983151
16,5,1707,completed,5995651
16,5,1708,completed,6007860
16,5,1709,completed,6019860
16,5,1710,completed,6032943
16,5,1711,completed,6044318
16,5,1712,completed,6055443
16,5,1713,completed,7957813
16,5,1714,completed,7967063
16,5,1715,completed,7952897
16,5,1716,completed,7948563
16,5,1717,completed,7944480
16,5,1718,completed,7940646
16,5,1719,completed,7937272
16,5,1720,completed,7932896
16,5,1721,completed,7928938
16,5,1722,completed,7917313
16,5,1723,completed,7906271
16,5,1724,completed,7895021
16,5,1725,completed,7882438
16,5,1726,completed,7872563
16,5,1727,completed,7862480
16,5,1728,completed,7853105
16,5,1729,completed,5882443
16,5,1730,completed,5891734
16,5,1731,completed,5891860
16,5,1732,completed,5892568
16,5,1733,completed,5893276
16,5,1734,completed,5893652
16,5,1735,completed,5894068
16,5,1736,completed,5894068
16,5,1737,completed,5894610
16,5,1738,completed,5895318
16,5,1739,completed,5895735
16,5,1740,completed,5895985
16,5,1741,completed,5897110
16,5,1742,completed,5897610
16,5,1743,completed,5898193
16,5,1744,completed,5899276
16,5,1745,completed,5905652
16,5,1746,completed,5910943
16,5,1747,completed,5911735
16,5,1748,completed,5912276
16,5,1749,completed,5912776
16,5,1750,completed,5913277
16,5,1751,completed,5913609
16,5,1752,completed,5914402
16,5,1753,completed,5915151
16,5,1754,completed,5916068
16,5,1755,completed,5916610
16,5,1756,completed,5917151
16,5,1757,completed,5918027
16,5,1758,completed,5919068
16,5,1759,completed,5943693
16,5,1760,completed,5944859
16,5,1761,completed,5950110
16,5,1762,completed,5966901
16,5,1763,completed,5967984
16,5,1764,completed,5969401
16,5,1765,completed,5970568
16,5,1766,completed,5972026
16,5,1767,completed,5973193
16,5,1768,completed,5975109
16,5,1769,completed,5976693
16,5,1770,completed,5978443
16,5,1771,completed,5979526
16,5,1772,completed,5980568
16,5,1773,completed,5981734
16,5,1774,completed,5982776
16,5,1775,completed,5983902
16,5,1776,completed,5985193
16,5,1777,completed,5777985
16,5,1778,completed,5793401
16,5,1779,completed,5793944
16,5,1780,completed,5794443
16,5,1781,completed,5795402
16,5,1782,completed,5796068
16,5,1783,completed,5797069
16,5,1784,completed,5797860
16,5,1785,completed,5798526
16,5,1786,completed,5799777
16,5,1787,completed,5800360
16,5,1788,completed,5801276
16,5,1789,completed,5802860
16,5,1790,completed,5804360
16,5,1791,completed,5805151
16,5,1792,completed,5806568
16,5,1793,completed,6193026
16,5,1794,completed,6200068
16,5,1795,completed,6192234
16,5,1796,completed,6193109
16,5,1797,completed,6194109
16,5,1798,completed,6195067
16,5,1799,completed,6195859
16,5,1800,completed,6206693
16,5,1801,completed,6207901
16,5,1802,completed,6208859
16,5,1803,completed,6209942
16,5,1804,completed,6210734
16,5,1805,completed,6211276
16,5,1806,completed,6232650
16,5,1807,completed,6247276
16,5,1808,completed,6254859
16,5,1809,completed,5557736
16,5,1810,completed,5578194
16,5,1811,completed,5578777
16,5,1812,completed,5579361
16,5,1813,completed,5580153
16,5,1814,completed,5579444
16,5,1815,completed,5580569
16,5,1816,completed,5581277
16,5,1817,completed,5576944
16,5,1818,completed,5578153
16,5,1819,completed,5578736
16,5,1820,completed,5579610
16,5,1821,completed,5580861
16,5,1822,completed,5581486
16,5,1823,completed,5565861
16,5,1824,completed,5562610
16,5,1825,completed,6213818
16,5,1826,completed,6229067
16,5,1827,completed,6230609
16,5,1828,completed,6232026
16,5,1829,completed,6233442
16,5,1830,completed,6235067
16,5,1831,completed,6236776
16,5,1832,completed,6238359
16,5,1833,completed,6240484
16,5,1834,completed,6242526
16,5,1835,completed,6244401
16,5,1836,completed,6246276
16,5,1837,completed,6248484
16,5,1838,completed,6250484
16,5,1839,completed,6251984
16,5,1840,completed,6254400
16,5,1841,completed,5948401
16,5,1842,completed,5959569
16,5,1843,completed,5960402
16,5,1844,completed,5961110
16,5,1845,completed,5961818
16,5,1846,completed,5962651
16,5,1847,completed,5963568
16,5,1848,completed,5964443
16,5,1849,completed,5965568
16,5,1850,completed,5967068
16,5,1851,completed,5968068
16,5,1852,completed,5969276
16,5,1853,completed,5970443
16,5,1854,completed,5971693
16,5,1855,completed,5972568
16,5,1856,completed,5974026
16,5,1857,completed,5701568
16,5,1858,completed,5727318
16,5,1859,completed,5728610
16,5,1860,completed,5730318
16,5,1861,completed,5731985
16,5,1862,completed,5733985
16,5,1863,completed,5735694
16,5,1864,completed,5736902
16,5,1865,completed,5738777
16,5,1866,completed,5740943
16,5,1867,completed,5742902
16,5,1868,completed,5744527
16,5,1869,completed,5746694
16,5,1870,completed,5748652
16,5,1871,completed,5750068
16,5,1872,completed,5752735
16,5,1873,completed,6143609
16,5,1874,completed,6139525
16,5,1875,completed,6139984
16,5,1876,completed,6140776
16,5,1877,completed,6141401
16,5,1878,completed,6141651
16,5,1879,completed,6142567
16,5,1880,completed,6143192
16,5,1881,completed,6143942
16,5,1882,completed,6144651
16,5,1883,completed,6145235
16,5,1884,completed,6145859
16,5,1885,completed,6146776
16,5,1886,completed,6148234
16,5,1887,completed,6149192
16,5,1888,completed,6150318
16,5,1889,completed,5933319
16,5,1890,completed,5943068
16,5,1891,completed,5944360
16,5,1892,completed,5945651
16,5,1893,completed,5947027
16,5,1894,completed,5948901
16,5,1895,completed,5950109
16,5,1896,completed,5951527
16,5,1897,completed,5953318
16,5,1898,completed,5955193
16,5,1899,completed,5956651
16,5,1900,completed,5958068
16,5,1901,completed,5960277
16,5,1902,completed,5961860
16,5,1903,completed,5963443
16,5,1904,completed,5965568
16,5,1905,completed,5924693
16,5,1906,completed,5931776
16,5,1907,completed,5931526
16,5,1908,completed,5932027
16,5,1909,completed,5932818
16,5,1910,completed,5934068
16,5,1911,completed,5934901
16,5,1912,completed,5935651
16,5,1913,completed,5936151
16,5,1914,completed,5937526
16,5,1915,completed,5938152
16,5,1916,completed,5938985
16,5,1917,completed,5940485
16,5,1918,completed,5941235
16,5,1919,completed,5941735
16,5,1920,completed,5942693
16,5,1921,completed,5913151
16,5,1922,completed,5918485
16,5,1923,completed,5919401
16,5,1924,completed,5920609
16,5,1925,completed,5922068
16,5,1926,completed,5923568
16,5,1927,completed,5924735
16,5,1928,completed,5925735
16,5,1929,completed,5926734
16,5,1930,completed,5927985
16,5,1931,completed,5929027
16,5,1932,completed,5930068
16,5,1933,completed,5931026
16,5,1934,completed,5932402
16,5,1935,completed,5933401
16,5,1936,completed,5935193
16,5,1937,completed,5969485
16,5,1938,completed,5980234
16,5,1939,completed,5981152
16,5,1940,completed,5981860
16,5,1941,completed,5982735
16,5,1942,completed,5983401
16,5,1943,completed,5984526
16,5,1944,completed,5985443
16,5,1945,completed,5986610
16,5,1946,completed,5987652
16,5,1947,completed,5988484
16,5,1948,completed,5989443
16,5,1949,completed,5990193
16,5,1950,completed,5990735
16,5,1951,completed,5990235
16,5,1952,completed,5991776
16,5,1953,completed,5918444
16,5,1954,completed,5919193
16,5,1955,completed,5919568
16,5,1956,completed,5920068
16,5,1957,completed,5920777
16,5,1958,completed,5921235
16,5,1959,completed,5921818
16,5,1960,completed,5922401
16,5,1961,completed,5923026
16,5,1962,completed,5923693
16,5,1963,completed,5924276
16,5,1964,completed,5924860
16,5,1965,completed,5925401
16,5,1966,completed,5925985
16,5,1967,completed,5926610
16,5,1968,completed,5927651
16,5,1969,completed,7027857
16,5,1970,completed,7025857
16,5,1971,completed,7026899
16,5,1972,completed,7027816
16,5,1973,completed,7029524
16,5,1974,completed,7030857
16,5,1975,completed,7032232
16,5,1976,completed,7033273
16,5,1977,completed,7034357
16,5,1978,completed,7035566
16,5,1979,completed,7036649
16,5,1980,completed,7037524
16,5,1981,completed,7038774
16,5,1982,completed,7039857
16,5,1983,completed,7040898
16,5,1984,completed,7042566
16,5,1985,completed,6062651
16,5,1986,completed,6067026
16,5,1987,completed,6068442
16,5,1988,completed,6069776
16,5,1989,completed,6071942
16,5,1990,completed,6073401
16,5,1991,completed,6074901
16,5,1992,completed,6076234
16,5,1993,completed,6077568
16,5,1994,completed,6079026
16,5,1995,completed,6080317
16,5,1996,completed,6081610
16,5,1997,completed,6083193
16,5,1998,completed,6084526
16,5,1999,completed,6085985
16,5,2000,completed,6087901
16,5,2001,completed,5412778
16,5,2002,completed,5417528
16,5,2003,completed,5418444
16,5,2004,completed,5419236
16,5,2005,completed,5420944
16,5,2006,completed,5422028
16,5,2007,completed,5422986
16,5,2008,completed,5424028
16,5,2009,completed,5425320
16,5,2010,completed,5426570
16,5,2011,completed,5427611
16,5,2012,completed,5428569
16,5,2013,completed,5439111
16,5,2014,completed,5440736
16,5,2015,completed,5441903
16,5,2016,completed,5443153
16,5,2017,completed,6291401
16,5,2018,completed,6291484
16,5,2019,completed,6291359
16,5,2020,completed,6290942
16,5,2021,completed,6290817
16,5,2022,completed,6290650
16,5,2023,completed,6290400
16,5,2024,completed,6290317
16,5,2025,completed,6290234
16,5,2026,completed,6290234
16,5,2027,completed,6290150
16,5,2028,completed,6290025
16,5,2029,completed,6289984
16,5,2030,completed,6290067
16,5,2031,completed,6290151
16,5,2032,completed,6290192
16,5,2033,completed,6002651
16,5,2034,completed,6006901
16,5,2035,completed,6007568
16,5,2036,completed,6008027
16,5,2037,completed,6009235
16,5,2038,completed,6010026
16,5,2039,completed,6010818
16,5,2040,completed,6011318
16,5,2041,completed,6012027
16,5,2042,completed,6012985
16,5,2043,completed,6013568
16,5,2044,completed,6014026
16,5,2045,completed,6014651
16,5,2046,completed,6015318
16,5,2047,completed,6016027
16,5,2048,completed,6016859
16,5,2049,completed,5971735
16,5,2050,completed,5974026
16,5,2051,completed,5975109
16,5,2052,completed,5976276
16,5,2053,completed,5977776
16,5,2054,completed,5979152
16,5,2055,completed,5980318
16,5,2056,completed,5981485
16,5,2057,completed,5982610
16,5,2058,completed,5984359
16,5,2059,completed,5985484
16,5,2060,completed,5986568
16,5,2061,completed,5987735
16,5,2062,completed,5988902
16,5,2063,completed,5990151
16,5,2064,completed,5991777
16,5,2065,completed,5710319
16,5,2066,completed,5714860
16,5,2067,completed,5715652
16,5,2068,completed,5716485
16,5,2069,completed,5717610
16,5,2070,completed,5718443
16,5,2071,completed,5719069
16,5,2072,completed,5719694
16,5,2073,completed,5720319
16,5,2074,completed,5721110
16,5,2075,completed,5721652
16,5,2076,completed,5722194
16,5,2077,completed,5722819
16,5,2078,completed,5723527
16,5,2079,completed,5724277
16,5,2080,completed,5725318
16,5,2081,completed,6262401
16,5,2082,completed,6267901
16,5,2083,completed,6268775
16,5,2084,completed,6269359
16,5,2085,completed,6270484
16,5,2086,completed,6270984
16,5,2087,completed,6271234
16,5,2088,completed,6271608
16,5,2089,completed,6272026
16,5,2090,completed,6272775
16,5,2091,completed,6273109
16,5,2092,completed,6273608
16,5,2093,completed,6274317
16,5,2094,completed,6274942
16,5,2095,completed,6275484
16,5,2096,completed,6276109
16,5,2097,completed,5923318
16,5,2098,completed,5924860
16,5,2099,completed,5925527
16,5,2100,completed,5926152
16,5,2101,completed,5927360
16,5,2102,completed,5927943
16,5,2103,completed,5928985
16,5,2104,completed,5929568
16,5,2105,completed,5930110
16,5,2106,completed,5931443
16,5,2107,completed,5932152
16,5,2108,completed,5932693
16,5,2109,completed,5933277
16,5,2110,completed,5934027
16,5,2111,completed,5934693
16,5,2112,completed,5935277
16,5,2113,completed,6063318
16,5,2114,completed,6073776
16,5,2115,completed,6075109
16,5,2116,completed,6076360
16,5,2117,completed,6078401
16,5,2118,completed,6079818
16,5,2119,completed,6080984
16,5,2120,completed,6082193
16,5,2121,completed,6083151
16,5,2122,completed,6084484
16,5,2123,completed,6085485
16,5,2124,completed,6086567
16,5,2125,completed,6088026
16,5,2126,completed,6089068
16,5,2127,completed,6090484
16,5,2128,completed,6091943
16,5,2129,completed,5913026
16,5,2130,completed,5917818
16,5,2131,completed,5919151
16,5,2132,completed,5920360
16,5,2133,completed,5922693
16,5,2134,completed,5924568
16,5,2135,completed,5926110
16,5,2136,completed,5927734
16,5,2137,completed,5929485
16,5,2138,completed,5931068
16,5,2139,completed,5932902
16,5,2140,completed,5934818
16,5,2141,completed,5936360
16,5,2142,completed,5937860
16,5,2143,completed,5939359
16,5,2144,completed,5922485
16,5,2145,completed,5903943
16,5,2146,completed,5904360
16,5,2147,completed,5905193
16,5,2148,completed,5906318
16,5,2149,completed,5907985
16,5,2150,completed,5909109
16,5,2151,completed,5910277
16,5,2152,completed,5911318
16,5,2153,completed,5912485
16,5,2154,completed,5913610
16,5,2155,completed,5914776
16,5,2156,completed,5916068
16,5,2157,completed,5917193
16,5,2158,completed,5918235
16,5,2159,completed,5919360
16,5,2160,completed,5920568
16,5,2161,completed,5924152
16,5,2162,completed,5924527
16,5,2163,completed,5924276
16,5,2164,completed,5923943
16,5,2165,completed,5923901
16,5,2166,completed,5923860
16,5,2167,completed,5923735
16,5,2168,completed,5923777
16,5,2169,completed,5923735
16,5,2170,completed,5924068
16,5,2171,completed,5924235
16,5,2172,completed,5924527
16,5,2173,completed,5924652
16,5,2174,completed,5924735
16,5,2175,completed,5924944
16,5,2176,completed,5924360
16,5,2177,completed,6089610
16,5,2178,completed,6110193
16,5,2179,completed,6111734
16,5,2180,completed,6114151
16,5,2181,completed,6115942
16,5,2182,completed,6118276
16,5,2183,completed,6119943
16,5,2184,completed,6121984
16,5,2185,completed,6123776
16,5,2186,completed,6125943
16,5,2187,completed,6127943
16,5,2188,completed,6129651
16,5,2189,completed,6131734
16,5,2190,completed,6134234
16,5,2191,completed,6136151
16,5,2192,completed,6137734
16,5,2193,completed,5897152
16,5,2194,completed,5881860
16,5,2195,completed,5882110
16,5,2196,completed,5882735
16,5,2197,completed,5883235
16,5,2198,completed,5881985
16,5,2199,completed,5882485
16,5,2200,completed,5874777
16,5,2201,completed,5875027
16,5,2202,completed,5875110
16,5,2203,completed,5875318
16,5,2204,completed,5875401
16,5,2205,completed,5875777
16,5,2206,completed,5875985
16,5,2207,completed,5876235
16,5,2208,completed,5875902
16,5,2209,completed,5891276
16,5,2210,completed,5922318
16,5,2211,completed,5922610
16,5,2212,completed,5923068
16,5,2213,completed,5942360
16,5,2214,completed,5948485
16,5,2215,completed,5948818
16,5,2216,completed,5949318
16,5,2217,completed,5950319
16,5,2218,completed,5951027
16,5,2219,completed,5952443
16,5,2220,completed,5964776
16,5,2221,completed,5969027
16,5,2222,completed,5969652
16,5,2223,completed,5970318
16,5,2224,completed,5971152
16,5,2225,completed,6125110
16,5,2226,completed,6141151
16,5,2227,completed,6141901
16,5,2228,completed,6142651
16,5,2229,completed,6125568
16,5,2230,completed,6126609
16,5,2231,completed,6126860
16,5,2232,completed,6127692
16,5,2233,completed,6122276
16,5,2234,completed,6123318
16,5,2235,completed,6123693
16,5,2236,completed,6110985
16,5,2237,completed,6111860
16,5,2238,completed,6113068
16,5,2239,completed,6109943
16,5,2240,completed,6145901
16,5,2241,completed,5823818
16,5,2242,completed,5825319
16,5,2243,completed,5825652
16,5,2244,completed,5826652
16,5,2245,completed,5827735
16,5,2246,completed,5828736
16,5,2247,completed,5829694
16,5,2248,completed,5830610
16,5,2249,completed,5831443
16,5,2250,completed,5826568
16,5,2251,completed,5827402
16,5,2252,completed,5828444
16,5,2253,completed,5829402
16,5,2254,completed,5830402
16,5,2255,completed,5880569
16,5,2256,completed,5881985
16,5,2257,completed,6073402
16,5,2258,completed,6071610
16,5,2259,completed,6070776
16,5,2260,completed,6078234
16,5,2261,completed,6078110
16,5,2262,completed,6077818
16,5,2263,completed,6077527
16,5,2264,completed,6077526
16,5,2265,completed,6077318
16,5,2266,completed,6076943
16,5,2267,completed,6076735
16,5,2268,completed,6076318
16,5,2269,completed,6093068
16,5,2270,completed,6103734
16,5,2271,completed,6053734
16,5,2272,completed,6052276
16,5,2273,completed,5330653
16,5,2274,completed,5335153
16,5,2275,completed,5335653
16,5,2276,completed,5336320
16,5,2277,completed,5337236
16,5,2278,completed,5338028
16,5,2279,completed,5338819
16,5,2280,completed,5339569
16,5,2281,completed,5340320
16,5,2282,completed,5340237
16,5,2283,completed,5341194
16,5,2284,completed,5342236
16,5,2285,completed,5343153
16,5,2286,completed,5319237
16,5,2287,completed,5319486
16,5,2288,completed,5320403
16,5,2289,completed,6441733
16,5,2290,completed,6448483
16,5,2291,completed,6449567
16,5,2292,completed,6450192
16,5,2293,completed,6451358
16,5,2294,completed,6452234
16,5,2295,completed,6453109
16,5,2296,completed,6454067
16,5,2297,completed,6454859
16,5,2298,completed,6450359
16,5,2299,completed,6451316
16,5,2300,completed,6452109
16,5,2301,completed,6452942
16,5,2302,completed,6453942
16,5,2303,completed,6454775
16,5,2304,completed,6455692
16,5,2305,completed,5961610
16,5,2306,completed,5962735
16,5,2307,completed,5962985
16,5,2308,completed,5963484
16,5,2309,completed,5964068
16,5,2310,completed,5964526
16,5,2311,completed,5964943
16,5,2312,completed,5965359
16,5,2313,completed,5965818
16,5,2314,completed,5966276
16,5,2315,completed,5966651
16,5,2316,completed,5967152
16,5,2317,completed,5967652
16,5,2318,completed,5968110
16,5,2319,completed,5968526
16,5,2320,completed,5968984
16,5,2321,completed,6908024
16,5,2322,completed,6905982
16,5,2323,completed,6906566
16,5,2324,completed,6906816
16,5,2325,completed,6907441
16,5,2326,completed,6908190
16,5,2327,completed,6908982
16,5,2328,completed,6909774
16,5,2329,completed,6910565
16,5,2330,completed,6911358
16,5,2331,completed,6912357
16,5,2332,completed,6913983
16,5,2333,completed,6914899
16,5,2334,completed,6915607
16,5,2335,completed,6916315
16,5,2336,completed,6917315
16,5,2337,completed,6130984
16,5,2338,completed,6158401
16,5,2339,completed,6159068
16,5,2340,completed,6159776
16,5,2341,completed,6160484
16,5,2342,completed,6161234
16,5,2343,completed,6161776
16,5,2344,completed,6162484
16,5,2345,completed,6163026
16,5,2346,completed,6163693
16,5,2347,completed,6163985
16,5,2348,completed,6164734
16,5,2349,completed,6165984
16,5,2350,completed,6166693
16,5,2351,completed,6167276
16,5,2352,completed,6167318
16,5,2353,completed,5900402
16,5,2354,completed,5905694
16,5,2355,completed,5907901
16,5,2356,completed,5909735
16,5,2357,completed,5911819
16,5,2358,completed,5913568
16,5,2359,completed,5915651
16,5,2360,completed,5917735
16,5,2361,completed,5919527
16,5,2362,completed,5921277
16,5,2363,completed,5922943
16,5,2364,completed,5924860
16,5,2365,completed,5926818
16,5,2366,completed,5918235
16,5,2367,completed,5919735
16,5,2368,completed,5921360
16,5,2369,completed,5924777
16,5,2370,completed,5925026
16,5,2371,completed,5925651
16,5,2372,completed,5926610
16,5,2373,completed,5927526
16,5,2374,completed,5928068
16,5,2375,completed,5928652
16,5,2376,completed,5929109
16,5,2377,completed,5929777
16,5,2378,completed,5930234
16,5,2379,completed,5930859
16,5,2380,completed,5931485
16,5,2381,completed,5932110
16,5,2382,completed,5932735
16,5,2383,completed,5933443
16,5,2384,completed,5933901
16,5,2385,completed,5976360
16,5,2386,completed,5983026
16,5,2387,completed,5984234
16,5,2388,completed,5985943
16,5,2389,completed,5987984
16,5,2390,completed,5989235
16,5,2391,completed,5990985
16,5,2392,completed,5992401
16,5,2393,completed,5994235
16,5,2394,completed,5995484
16,5,2395,completed,5997152
16,5,2396,completed,5998568
16,5,2397,completed,6000109
16,5,2398,completed,6001860
16,5,2399,completed,6003484
16,5,2400,completed,6005152
16,5,2401,completed,5909526
16,5,2402,completed,5910735
16,5,2403,completed,5911235
16,5,2404,completed,5912110
16,5,2405,completed,5912943
16,5,2406,completed,5913485
16,5,2407,completed,5913943
16,5,2408,completed,5914485
16,5,2409,completed,5915359
16,5,2410,completed,5915943
16,5,2411,completed,5916568
16,5,2412,completed,5917110
16,5,2413,completed,5917693
16,5,2414,completed,5918402
16,5,2415,completed,5919318
16,5,2416,completed,5919943
16,5,2417,completed,6068817
16,5,2418,completed,6049317
16,5,2419,completed,6050485
16,5,2420,completed,6051526
16,5,2421,completed,6053067
16,5,2422,completed,6054318
16,5,2423,completed,6055692
16,5,2424,completed,6057068
16,5,2425,completed,6058443
16,5,2426,completed,6059776
16,5,2427,completed,6061193
16,5,2428,completed,6062568
16,5,2429,completed,6063859
16,5,2430,completed,6065151
16,5,2431,completed,6066609
16,5,2432,completed,6067651
16,5,2433,completed,5907068
16,5,2434,completed,5912485
16,5,2435,completed,5913944
16,5,2436,completed,5914860
16,5,2437,completed,5916318
16,5,2438,completed,5917569
16,5,2439,completed,5918651
16,5,2440,completed,5919860
16,5,2441,completed,5921068
16,5,2442,completed,5922193
16,5,2443,completed,5923443
16,5,2444,completed,5924610
16,5,2445,completed,5925859
16,5,2446,completed,5926985
16,5,2447,completed,5928110
16,5,2448,completed,5929151
16,5,2449,completed,5895151
16,5,2450,completed,5896527
16,5,2451,completed,5896985
16,5,2452,completed,5897318
16,5,2453,completed,5898026
16,5,2454,completed,5898485
16,5,2455,completed,5898985
16,5,2456,completed,5899443
16,5,2457,completed,5899985
16,5,2458,completed,5900569
16,5,2459,completed,5901152
16,5,2460,completed,5901693
16,5,2461,completed,5902152
16,5,2462,completed,5902568
16,5,2463,completed,5903069
16,5,2464,completed,5903652
16,5,2465,completed,6122901
16,5,2466,completed,6129985
16,5,2467,completed,6130651
16,5,2468,completed,6131609
16,5,2469,completed,6133276
16,5,2470,completed,6149693
16,5,2471,completed,6150234
16,5,2472,completed,6151275
16,5,2473,completed,6152276
16,5,2474,completed,6153525
16,5,2475,completed,6155109
16,5,2476,completed,6156026
16,5,2477,completed,6157484
16,5,2478,completed,6158318
16,5,2479,completed,6159859
16,5,2480,completed,6161192
16,5,2481,completed,5903693
16,5,2482,completed,5916860
16,5,2483,completed,5926318
16,5,2484,completed,5934526
16,5,2485,completed,5942360
16,5,2486,completed,5957610
16,5,2487,completed,5958484
16,5,2488,completed,5959402
16,5,2489,completed,5960443
16,5,2490,completed,5961443
16,5,2491,completed,5962360
16,5,2492,completed,5963443
16,5,2493,completed,5964443
16,5,2494,completed,5965276
16,5,2495,completed,5966318
16,5,2496,completed,5967152
16,5,2497,completed,5888569
16,5,2498,completed,5883902
16,5,2499,completed,5874943
16,5,2500,completed,5868609
16,5,2501,completed,5817610
16,5,2502,completed,5818485
16,5,2503,completed,5819860
16,5,2504,completed,5821276
16,5,2505,completed,5822693
16,5,2506,completed,5824152
16,5,2507,completed,5825527
16,5,2508,completed,5826901
16,5,2509,completed,5828401
16,5,2510,completed,5829694
16,5,2511,completed,5831193
16,5,2512,completed,5832943
16,5,2513,completed,5945693
16,5,2514,completed,5947110
16,5,2515,completed,5947443
16,5,2516,completed,5947776
16,5,2517,completed,5948443
16,5,2518,completed,5948985
16,5,2519,completed,5949526
16,5,2520,completed,5950152
16,5,2521,completed,5950693
16,5,2522,completed,5951277
16,5,2523,completed,5951860
16,5,2524,completed,5952360
16,5,2525,completed,5952943
16,5,2526,completed,5953443
16,5,2527,completed,5954027
16,5,2528,completed,5954984
16,5,2529,completed,6010734
16,5,2530,completed,6018110
16,5,2531,completed,6019485
16,5,2532,completed,6020610
16,5,2533,completed,6022276
16,5,2534,completed,6023527
16,5,2535,completed,6025234
16,5,2536,completed,6026735
16,5,2537,completed,6028276
16,5,2538,completed,6029943
16,5,2539,completed,6031401
16,5,2540,completed,6032777
16,5,2541,completed,6034735
16,5,2542,completed,6036109
16,5,2543,completed,6038026
16,5,2544,completed,6040151
16,5,2545,completed,5853943
16,5,2546,completed,5854485
16,5,2547,completed,5854819
16,5,2548,completed,5855235
16,5,2549,completed,5855943
16,5,2550,completed,5856526
16,5,2551,completed,5857152
16,5,2552,completed,5857777
16,5,2553,completed,5858318
16,5,2554,completed,5858985
16,5,2555,completed,5859527
16,5,2556,completed,5860026
16,5,2557,completed,5860943
16,5,2558,completed,5861402
16,5,2559,completed,5862068
16,5,2560,completed,5862527
16,5,2561,completed,5940652
16,5,2562,completed,5948568
16,5,2563,completed,5950526
16,5,2564,completed,5951985
16,5,2565,completed,5953985
16,5,2566,completed,5955318
16,5,2567,completed,5957235
16,5,2568,completed,5958777
16,5,2569,completed,5960193
16,5,2570,completed,5962110
16,5,2571,completed,5963485
16,5,2572,completed,5964693
16,5,2573,completed,5966277
16,5,2574,completed,5967527
16,5,2575,completed,5969318
16,5,2576,completed,5971235
16,5,2577,completed,6038151
16,5,2578,completed,6039568
16,5,2579,completed,6040610
16,5,2580,completed,6041485
16,5,2581,completed,6042652
16,5,2582,completed,6043651
16,5,2583,completed,6044735
16,5,2584,completed,6045734
16,5,2585,completed,6046776
16,5,2586,completed,6047901
16,5,2587,completed,6048985
16,5,2588,completed,6049860
16,5,2589,completed,6050985
16,5,2590,completed,6051943
16,5,2591,completed,6053234
16,5,2592,completed,6054443
16,5,2593,completed,5968943
16,5,2594,completed,5970818
16,5,2595,completed,5971776
16,5,2596,completed,5972776
16,5,2597,completed,5973859
16,5,2598,completed,5974776
16,5,2599,completed,5975652
16,5,2600,completed,5976693
16,5,2601,completed,6003193
16,5,2602,completed,6006151
16,5,2603,completed,6020026
16,5,2604,completed,6021026
16,5,2605,completed,6022068
16,5,2606,completed,6023067
16,5,2607,completed,6043485
16,5,2608,completed,6054526
16,5,2609,completed,5974818
16,5,2610,completed,5982359
16,5,2611,completed,5982610
16,5,2612,completed,5982985
16,5,2613,completed,5983484
16,5,2614,completed,5984026
16,5,2615,completed,5984693
16,5,2616,completed,5985318
16,5,2617,completed,5983777
16,5,2618,completed,5960943
16,5,2619,completed,5952693
16,5,2620,completed,5953193
16,5,2621,completed,5953777
16,5,2622,completed,5954360
16,5,2623,completed,5923068
16,5,2624,completed,5916526
16,5,2625,completed,5694152
16,5,2626,completed,5696402
16,5,2627,completed,5696818
16,5,2628,completed,5697444
16,5,2629,completed,5698027
16,5,2630,completed,5698735
16,5,2631,completed,5699402
16,5,2632,completed,5699985
16,5,2633,completed,5700569
16,5,2634,completed,5701152
16,5,2635,completed,5701652
16,5,2636,completed,5702193
16,5,2637,completed,5702819
16,5,2638,completed,5703444
16,5,2639,completed,5704110
16,5,2640,completed,5705027
16,5,2641,completed,6257526
16,5,2642,completed,6270193
16,5,2643,completed,6271359
16,5,2644,completed,6272359
16,5,2645,completed,6273609
16,5,2646,completed,6274651
16,5,2647,completed,6276026
16,5,2648,completed,6277317
16,5,2649,completed,6278651
16,5,2650,completed,6279942
16,5,2651,completed,6281317
16,5,2652,completed,6282484
16,5,2653,completed,6283818
16,5,2654,completed,6284984
16,5,2655,completed,6286275
16,5,2656,completed,6287442
16,5,2657,completed,6405442
16,5,2658,completed,6402776
16,5,2659,completed,6403108
16,5,2660,completed,6403359
16,5,2661,completed,6403692
16,5,2662,completed,6404067
16,5,2663,completed,6404817
16,5,2664,completed,6405150
16,5,2665,completed,6405525
16,5,2666,completed,6405942
16,5,2667,completed,6406400
16,5,2668,completed,6406900
16,5,2669,completed,6407234
16,5,2670,completed,6407858
16,5,2671,completed,6408858
16,5,2672,completed,6409859
16,5,2673,completed,6449400
16,5,2674,completed,6453983
16,5,2675,completed,6455358
16,5,2676,completed,6456901
16,5,2677,completed,6458151
16,5,2678,completed,6459858
16,5,2679,completed,6461192
16,5,2680,completed,6462733
16,5,2681,completed,6464234
16,5,2682,completed,6465733
16,5,2683,completed,6467484
16,5,2684,completed,6468650
16,5,2685,completed,6470317
16,5,2686,completed,6472026
16,5,2687,completed,6473234
16,5,2688,completed,6474650
16,5,2689,completed,6035277
16,5,2690,completed,6043901
16,5,2691,completed,6044943
16,5,2692,completed,6046235
16,5,2693,completed,6047985
16,5,2694,completed,6049152
16,5,2695,completed,6049818
16,5,2696,completed,6050860
16,5,2697,completed,6051776
16,5,2698,completed,6052360
16,5,2699,completed,6053610
16,5,2700,completed,6054026
16,5,2701,completed,6054901
16,5,2702,completed,6055943
16,5,2703,completed,6057151
16,5,2704,completed,6058152
16,5,2705,completed,5909318
16,5,2706,completed,5917859
16,5,2707,completed,5919943
16,5,2708,completed,5921443
16,5,2709,completed,5923610
16,5,2710,completed,5925360
16,5,2711,completed,5927151
16,5,2712,completed,5929152
16,5,2713,completed,5930693
16,5,2714,completed,5932235
16,5,2715,completed,5934401
16,5,2716,completed,5935735
16,5,2717,completed,5937276
16,5,2718,completed,5939610
16,5,2719,completed,5941693
16,5,2720,completed,5943526
16,5,2721,completed,5932568
16,5,2722,completed,5930860
16,5,2723,completed,5930609
16,5,2724,completed,5930984
16,5,2725,completed,5931359
16,5,2726,completed,5931818
16,5,2727,completed,5931859
16,5,2728,completed,5932026
16,5,2729,completed,5932276
16,5,2730,completed,5932360
16,5,2731,completed,5932943
16,5,2732,completed,5933026
16,5,2733,completed,5933443
16,5,2734,completed,5933818
16,5,2735,completed,5934109
16,5,2736,completed,5934360
16,5,2737,completed,5993318
16,5,2738,completed,6006776
16,5,2739,completed,6009693
16,5,2740,completed,6012610
16,5,2741,completed,6014110
16,5,2742,completed,6016485
16,5,2743,completed,6018985
16,5,2744,completed,6020859
16,5,2745,completed,6023276
16,5,2746,completed,6024652
16,5,2747,completed,6026859
16,5,2748,completed,6028818
16,5,2749,completed,6031568
16,5,2750,completed,6033609
16,5,2751,completed,6035610
16,5,2752,completed,6037235
16,5,2753,completed,5896735
16,5,2754,completed,5895735
16,5,2755,completed,5896485
16,5,2756,completed,5897943
16,5,2757,completed,5898985
16,5,2758,completed,5900568
16,5,2759,completed,5901652
16,5,2760,completed,5902943
16,5,2761,completed,5904527
16,5,2762,completed,5906027
16,5,2763,completed,5907193
16,5,2764,completed,5908151
16,5,2765,completed,5909319
16,5,2766,completed,5910860
16,5,2767,completed,5911776
16,5,2768,completed,5913068
16,5,2769,completed,5954818
16,5,2770,completed,5957360
16,5,2771,completed,5957443
16,5,2772,completed,5957526
16,5,2773,completed,5957443
16,5,2774,completed,5957943
16,5,2775,completed,5958110
16,5,2776,completed,5958193
16,5,2777,completed,5958568
16,5,2778,completed,5958652
16,5,2779,completed,5958902
16,5,2780,completed,5959068
16,5,2781,completed,5959359
16,5,2782,completed,5959651
16,5,2783,completed,5959693
16,5,2784,completed,5959776
16,5,2785,completed,5992110
16,5,2786,completed,5998026
16,5,2787,completed,5999443
16,5,2788,completed,6001068
16,5,2789,completed,6002443
16,5,2790,completed,6004568
16,5,2791,completed,6005985
16,5,2792,completed,6007734
16,5,2793,completed,6009402
16,5,2794,completed,6010901
16,5,2795,completed,6012526
16,5,2796,completed,6014110
16,5,2797,completed,6015776
16,5,2798,completed,6017610
16,5,2799,completed,6019318
16,5,2800,completed,6020984
16,5,2801,completed,5922652
16,5,2802,completed,5925069
16,5,2803,completed,5925110
16,5,2804,completed,5925193
16,5,2805,completed,5925110
16,5,2806,completed,5925360
16,5,2807,completed,5925568
16,5,2808,completed,5925818
16,5,2809,completed,5926026
16,5,2810,completed,5926110
16,5,2811,completed,5926152
16,5,2812,completed,5926319
16,5,2813,completed,5926485
16,5,2814,completed,5926819
16,5,2815,completed,5926943
16,5,2816,completed,5927026
16,5,2817,completed,6084776
16,5,2818,completed,6092526
16,5,2819,completed,6093443
16,5,2820,completed,6094401
16,5,2821,completed,6095610
16,5,2822,completed,6096734
16,5,2823,completed,6097901
16,5,2824,completed,6099234
16,5,2825,completed,6100193
16,5,2826,completed,6101151
16,5,2827,completed,6102110
16,5,2828,completed,6102567
16,5,2829,completed,6103526
16,5,2830,completed,6104318
16,5,2831,completed,6105026
16,5,2832,completed,6105692
16,5,2833,completed,5874693
16,5,2834,completed,5876735
16,5,2835,completed,5867110
16,5,2836,completed,5867901
16,5,2837,completed,5868568
16,5,2838,completed,5869609
16,5,2839,completed,5870193
16,5,2840,completed,5871026
16,5,2841,completed,5871859
16,5,2842,completed,5872735
16,5,2843,completed,5873777
16,5,2844,completed,5874651
16,5,2845,completed,5875651
16,5,2846,completed,5876860
16,5,2847,completed,5877818
16,5,2848,completed,5878359
16,5,2849,completed,5957485
16,5,2850,completed,5960860
16,5,2851,completed,5961568
16,5,2852,completed,5962610
16,5,2853,completed,5963610
16,5,2854,completed,5964360
16,5,2855,completed,5964818
16,5,2856,completed,5965901
16,5,2857,completed,5966984
16,5,2858,completed,5967735
16,5,2859,completed,5968777
16,5,2860,completed,5969735
16,5,2861,completed,5970609
16,5,2862,completed,5971818
16,5,2863,completed,5972693
16,5,2864,completed,5973818
16,5,2865,completed,6376900
16,5,2866,completed,6391109
16,5,2867,completed,6392234
16,5,2868,completed,6393651
16,5,2869,completed,6394817
16,5,2870,completed,6396317
16,5,2871,completed,6397151
16,5,2872,completed,6397609
16,5,2873,completed,6398442
16,5,2874,completed,6399317
16,5,2875,completed,6399859
16,5,2876,completed,6531650
16,5,2877,completed,6534275
16,5,2878,completed,6535691
16,5,2879,completed,6537150
16,5,2880,completed,6537775
16,5,2881,completed,5416695
16,5,2882,completed,5424944
16,5,2883,completed,5430403
16,5,2884,completed,5437611
16,5,2885,completed,5442819
16,5,2886,completed,5447695
16,5,2887,completed,5452944
16,5,2888,completed,5442986
16,5,2889,completed,5447403
16,5,2890,completed,5450652
16,5,2891,completed,5455028
16,5,2892,completed,5459402
16,5,2893,completed,5463694
16,5,2894,completed,5468278
16,5,2895,completed,5472944
16,5,2896,completed,5477986
16,5,2897,completed,6052902
16,5,2898,completed,6052443
16,5,2899,completed,6045860
16,5,2900,completed,6042109
16,5,2901,completed,6038068
16,5,2902,completed,6034151
16,5,2903,completed,6029484
16,5,2904,completed,6025693
16,5,2905,completed,6022402
16,5,2906,completed,6018777
16,5,2907,completed,6015276
16,5,2908,completed,6012109
16,5,2909,completed,6009151
16,5,2910,completed,6005442
16,5,2911,completed,6001860
16,5,2912,completed,5997942
16,5,2913,completed,5900318
16,5,2914,completed,5905152
16,5,2915,completed,5906610
16,5,2916,completed,5907318
16,5,2917,completed,5908235
16,5,2918,completed,5909193
16,5,2919,completed,5910318
16,5,2920,completed,5911444
16,5,2921,completed,5912360
16,5,2922,completed,5912818
16,5,2923,completed,5913777
16,5,2924,completed,5914151
16,5,2925,completed,5915027
16,5,2926,completed,5915777
16,5,2927,completed,5916526
16,5,2928,completed,5917652
16,5,2929,completed,6082484
16,5,2930,completed,6087443
16,5,2931,completed,6089068
16,5,2932,completed,6104318
16,5,2933,completed,6106068
16,5,2934,completed,6107818
16,5,2935,completed,6109359
16,5,2936,completed,6111276
16,5,2937,completed,6112901
16,5,2938,completed,6114651
16,5,2939,completed,6116567
16,5,2940,completed,6118026
16,5,2941,completed,6119776
16,5,2942,completed,6121651
16,5,2943,completed,6123234
16,5,2944,completed,6125068
16,5,2945,completed,5224237
16,5,2946,completed,5237278
16,5,2947,completed,5242445
16,5,2948,completed,5247319
16,5,2949,completed,5253320
16,5,2950,completed,5258153
16,5,2951,completed,5262611
16,5,2952,completed,5267154
16,5,2953,completed,5271528
16,5,2954,completed,5275654
16,5,2955,completed,5279862
16,5,2956,completed,5283945
16,5,2957,completed,5288112
16,5,2958,completed,5292695
16,5,2959,completed,5296862
16,5,2960,completed,5301112
16,5,2961,completed,6536191
16,5,2962,completed,6535983
16,5,2963,completed,6531191
16,5,2964,completed,6526359
16,5,2965,completed,6520150
16,5,2966,completed,6515483
16,5,2967,completed,6511692
16,5,2968,completed,6507317
16,5,2969,completed,6503150
16,5,2970,completed,6499108
16,5,2971,completed,6495358
16,5,2972,completed,6491609
16,5,2973,completed,6487900
16,5,2974,completed,6483984
16,5,2975,completed,6479900
16,5,2976,completed,6475650
16,5,2977,completed,5480653
16,5,2978,completed,5482986
16,5,2979,completed,5483611
16,5,2980,completed,5484236
16,5,2981,completed,5485403
16,5,2982,completed,5486486
16,5,2983,completed,5487111
16,5,2984,completed,5487944
16,5,2985,completed,5488695
16,5,2986,completed,5489361
16,5,2987,completed,5489986
16,5,2988,completed,5490486
16,5,2989,completed,5491319
16,5,2990,completed,5491945
16,5,2991,completed,5492819
16,5,2992,completed,5493736
16,5,2993,completed,6619858
16,5,2994,completed,6628609
16,5,2995,completed,6645233
16,5,2996,completed,6646274
16,5,2997,completed,6647316
16,5,2998,completed,6648483
16,5,2999,completed,6649733
16,5,3000,completed,6650899
16,5,3001,completed,6652066
16,5,3002,completed,6653066
16,5,3003,completed,6654150
16,5,3004,completed,6655025
16,5,3005,completed,6656400
16,5,3006,completed,6658191
16,5,3007,completed,6658858
16,5,3008,completed,6659275
16,5,3009,completed,5279279
16,5,3010,completed,5281612
16,5,3011,completed,5282487
16,5,3012,completed,5283195
16,5,3013,completed,5284111
16,5,3014,completed,5285070
16,5,3015,completed,5286111
16,5,3016,completed,5287195
16,5,3017,completed,5288445
16,5,3018,completed,5288986
16,5,3019,completed,5289820
16,5,3020,completed,5290778
16,5,3021,completed,5291528
16,5,3022,completed,5292362
16,5,3023,completed,5292986
16,5,3024,completed,5293569
16,5,3025,completed,6450109
16,5,3026,completed,6452150
16,5,3027,completed,6452483
16,5,3028,completed,6453108
16,5,3029,completed,6453692
16,5,3030,completed,6454317
16,5,3031,completed,6454901
16,5,3032,completed,6455650
16,5,3033,completed,6456359
16,5,3034,completed,6456900
16,5,3035,completed,6457650
16,5,3036,completed,6458192
16,5,3037,completed,6458984
16,5,3038,completed,6459692
16,5,3039,completed,6460192
16,5,3040,completed,6461109
16,5,3041,completed,6094776
16,5,3042,completed,6102318
16,5,3043,completed,6104068
16,5,3044,completed,6104818
16,5,3045,completed,6105442
16,5,3046,completed,6106151
16,5,3047,completed,6113693
16,5,3048,completed,6114776
16,5,3049,completed,6115609
16,5,3050,completed,6116651
16,5,3051,completed,6117484
16,5,3052,completed,6118068
16,5,3053,completed,6118943
16,5,3054,completed,6119609
16,5,3055,completed,6120234
16,5,3056,completed,6121692
16,5,3057,completed,5973694
16,5,3058,completed,5978277
16,5,3059,completed,5979568
16,5,3060,completed,5980359
16,5,3061,completed,5980443
16,5,3062,completed,5981443
16,5,3063,completed,5982443
16,5,3064,completed,5983485
16,5,3065,completed,5984068
16,5,3066,completed,5985068
16,5,3067,completed,5985818
16,5,3068,completed,5986859
16,5,3069,completed,5987901
16,5,3070,completed,5988777
16,5,3071,completed,5989860
16,5,3072,completed,5990859
16,5,3073,completed,5925735
16,5,3074,completed,5931152
16,5,3075,completed,5932068
16,5,3076,completed,5932652
16,5,3077,completed,5933568
16,5,3078,completed,5934318
16,5,3079,completed,5934735
16,5,3080,completed,5935777
16,5,3081,completed,5936735
16,5,3082,completed,5937652
16,5,3083,completed,5938943
16,5,3084,completed,5939943
16,5,3085,completed,5941276
16,5,3086,completed,5941985
16,5,3087,completed,5942859
16,5,3088,completed,5943777
16,5,3089,completed,5720068
16,5,3090,completed,5728068
16,5,3091,completed,5729611
16,5,3092,completed,5730485
16,5,3093,completed,5731360
16,5,3094,completed,5732444
16,5,3095,completed,5733110
16,5,3096,completed,5733944
16,5,3097,completed,5735486
16,5,3098,completed,5736652
16,5,3099,completed,5738277
16,5,3100,completed,5739277
16,5,3101,completed,5740318
16,5,3102,completed,5740861
16,5,3103,completed,5741360
16,5,3104,completed,5742069
16,5,3105,completed,6121317
16,5,3106,completed,6121401
16,5,3107,completed,6122318
16,5,3108,completed,6123442
16,5,3109,completed,6124317
16,5,3110,completed,6125443
16,5,3111,completed,6126526
16,5,3112,completed,6127609
16,5,3113,completed,6128276
16,5,3114,completed,6129484
16,5,3115,completed,6130276
16,5,3116,completed,6131401
16,5,3117,completed,6132234
16,5,3118,completed,6133151
16,5,3119,completed,6134318
16,5,3120,completed,6135193
16,5,3121,completed,5413528
16,5,3122,completed,5415528
16,5,3123,completed,5416194
16,5,3124,completed,5416486
16,5,3125,completed,5416777
16,5,3126,completed,5417361
16,5,3127,completed,5418111
16,5,3128,completed,5418819
16,5,3129,completed,5419319
16,5,3130,completed,5419819
16,5,3131,completed,5420569
16,5,3132,completed,5421028
16,5,3133,completed,5421778
16,5,3134,completed,5422403
16,5,3135,completed,5423319
16,5,3136,completed,5423695
16,5,3137,completed,6537275
16,5,3138,completed,6543816
16,5,3139,completed,6545400
16,5,3140,completed,6547025
16,5,3141,completed,6548941
16,5,3142,completed,6551066
16,5,3143,completed,6553275
16,5,3144,completed,6555359
16,5,3145,completed,6556941
16,5,3146,completed,6558983
16,5,3147,completed,6560734
16,5,3148,completed,6562775
16,5,3149,completed,6565150
16,5,3150,completed,6567233
16,5,3151,completed,6568942
16,5,3152,completed,6571358
16,5,3153,completed,5955985
16,5,3154,completed,5959485
16,5,3155,completed,5960485
16,5,3156,completed,5961444
16,5,3157,completed,5962694
16,5,3158,completed,5963985
16,5,3159,completed,5965527
16,5,3160,completed,5966651
16,5,3161,completed,5967652
16,5,3162,completed,5969776
16,5,3163,completed,5970777
16,5,3164,completed,5971943
16,5,3165,completed,5973027
16,5,3166,completed,5974360
16,5,3167,completed,5975318
16,5,3168,completed,5976651
16,5,3169,completed,5953693
16,5,3170,completed,5962235
16,5,3171,completed,5967401
16,5,3172,completed,5971943
16,5,3173,completed,5975818
16,5,3174,completed,5980026
16,5,3175,completed,5983985
16,5,3176,completed,5987485
16,5,3177,completed,5991027
16,5,3178,completed,5994276
16,5,3179,completed,5997693
16,5,3180,completed,6001068
16,5,3181,completed,6004651
16,5,3182,completed,6008360
16,5,3183,completed,6011776
16,5,3184,completed,6015193
16,5,3185,completed,6028776
16,5,3186,completed,6029443
16,5,3187,completed,6026277
16,5,3188,completed,6023152
16,5,3189,completed,6020193
16,5,3190,completed,6017985
16,5,3191,completed,6015526
16,5,3192,completed,6013443
16,5,3193,completed,6011068
16,5,3194,completed,6008734
16,5,3195,completed,6007110
16,5,3196,completed,6004818
16,5,3197,completed,6002443
16,5,3198,completed,6000152
16,5,3199,completed,5997943
16,5,3200,completed,5995609
16,5,3201,completed,5917943
16,5,3202,completed,5918651
16,5,3203,completed,5918527
16,5,3204,completed,5918693
16,5,3205,completed,5918776
16,5,3206,completed,5918818
16,5,3207,completed,5918818
16,5,3208,completed,5918943
16,5,3209,completed,5918902
16,5,3210,completed,5918860
16,5,3211,completed,5918902
16,5,3212,completed,5918943
16,5,3213,completed,5919026
16,5,3214,completed,5919152
16,5,3215,completed,5919193
16,5,3216,completed,5919485
16,5,3217,completed,5929235
16,5,3218,completed,5937901
16,5,3219,completed,5938735
16,5,3220,completed,5939444
16,5,3221,completed,5940485
16,5,3222,completed,5941568
16,5,3223,completed,5942318
16,5,3224,completed,5942943
16,5,3225,completed,5944027
16,5,3226,completed,5944902
16,5,3227,completed,5945568
16,5,3228,completed,5946693
16,5,3229,completed,5947610
16,5,3230,completed,5948402
16,5,3231,completed,5949318
16,5,3232,completed,5950234
16,5,3233,completed,5995610
16,5,3234,completed,5998068
16,5,3235,completed,5999110
16,5,3236,completed,5999818
16,5,3237,completed,6001234
16,5,3238,completed,6002443
16,5,3239,completed,6003234
16,5,3240,completed,6003985
16,5,3241,completed,6005193
16,5,3242,completed,6006151
16,5,3243,completed,6007193
16,5,3244,completed,6008318
16,5,3245,completed,6009359
16,5,3246,completed,6010402
16,5,3247,completed,6011235
16,5,3248,completed,6012401
16,5,3249,completed,5983235
16,5,3250,completed,5985068
16,5,3251,completed,5985318
16,5,3252,completed,5985693
16,5,3253,completed,5985818
16,5,3254,completed,5986193
16,5,3255,completed,5986484
16,5,3256,completed,5986984
16,5,3257,completed,5987360
16,5,3258,completed,5987651
16,5,3259,completed,5988026
16,5,3260,completed,5988443
16,5,3261,completed,5988693
16,5,3262,completed,5989110
16,5,3263,completed,5989484
16,5,3264,completed,5989735
16,5,3265,completed,6003193
16,5,3266,completed,6010651
16,5,3267,completed,6012276
16,5,3268,completed,6013526
16,5,3269,completed,6014818
16,5,3270,completed,6015985
16,5,3271,completed,6016943
16,5,3272,completed,6017984
16,5,3273,completed,6019360
16,5,3274,completed,6020235
16,5,3275,completed,6021360
16,5,3276,completed,6022277
16,5,3277,completed,6023401
16,5,3278,completed,6024234
16,5,3279,completed,6025568
16,5,3280,completed,6026735
16,5,3281,completed,5939776
16,5,3282,completed,5944777
16,5,3283,completed,5946735
16,5,3284,completed,5948319
16,5,3285,completed,5950068
16,5,3286,completed,5951818
16,5,3287,completed,5953193
16,5,3288,completed,5955027
16,5,3289,completed,5956735
16,5,3290,completed,5958485
16,5,3291,completed,5960568
16,5,3292,completed,5962235
16,5,3293,completed,5963776
16,5,3294,completed,5965735
16,5,3295,completed,5967319
16,5,3296,completed,5969568
16,5,3297,completed,5950444
16,5,3298,completed,5950985
16,5,3299,completed,5950985
16,5,3300,completed,5950943
16,5,3301,completed,5951318
16,5,3302,completed,5951818
16,5,3303,completed,5951902
16,5,3304,completed,5951985
16,5,3305,completed,5952360
16,5,3306,completed,5952527
16,5,3307,completed,5952818
16,5,3308,completed,5953027
16,5,3309,completed,5953318
16,5,3310,completed,5953652
16,5,3311,completed,5953777
16,5,3312,completed,5953985
16,5,3313,completed,6014277
16,5,3314,completed,6025027
16,5,3315,completed,6027109
16,5,3316,completed,6028734
16,5,3317,completed,6030818
16,5,3318,completed,6032901
16,5,3319,completed,6034651
16,5,3320,completed,6036360
16,5,3321,completed,6038484
16,5,3322,completed,6040235
16,5,3323,completed,6041693
16,5,3324,completed,6043651
16,5,3325,completed,6045318
16,5,3326,completed,6047151
16,5,3327,completed,6049068
16,5,3328,completed,6050859
16,5,3329,completed,5906359
16,5,3330,completed,5910068
16,5,3331,completed,5910859
16,5,3332,completed,5911943
16,5,3333,completed,5913318
16,5,3334,completed,5914651
16,5,3335,completed,5915901
16,5,3336,completed,5917110
16,5,3337,completed,5918568
16,5,3338,completed,5920027
16,5,3339,completed,5921193
16,5,3340,completed,5922276
16,5,3341,completed,5923818
16,5,3342,completed,5925318
16,5,3343,completed,5926193
16,5,3344,completed,5927735
16,5,3345,completed,5928818
16,5,3346,completed,5928568
16,5,3347,completed,5928568
16,5,3348,completed,5928443
16,5,3349,completed,5928568
16,5,3350,completed,5928735
16,5,3351,completed,5928652
16,5,3352,completed,5928734
16,5,3353,completed,5928901
16,5,3354,completed,5928984
16,5,3355,completed,5929152
16,5,3356,completed,5929360
16,5,3357,completed,5929610
16,5,3358,completed,5929901
16,5,3359,completed,5929943
16,5,3360,completed,5930193
16,5,3361,completed,5967735
16,5,3362,completed,5969943
16,5,3363,completed,5970568
16,5,3364,completed,5970984
16,5,3365,completed,5971568
16,5,3366,completed,5972360
16,5,3367,completed,5972734
16,5,3368,completed,5973276
16,5,3369,completed,5974027
16,5,3370,completed,5974484
16,5,3371,completed,5975235
16,5,3372,completed,5975943
16,5,3373,completed,5976401
16,5,3374,completed,5977110
16,5,3375,completed,5977693
16,5,3376,completed,5978609
16,5,3377,completed,5956860
16,5,3378,completed,5957776
16,5,3379,completed,5958193
16,5,3380,completed,5958901
16,5,3381,completed,5959651
16,5,3382,completed,5960484
16,5,3383,completed,5961152
16,5,3384,completed,5961943
16,5,3385,completed,5962568
16,5,3386,completed,5963193
16,5,3387,completed,5963901
16,5,3388,completed,5964526
16,5,3389,completed,5965234
16,5,3390,completed,5966068
16,5,3391,completed,5966693
16,5,3392,completed,5967402
16,5,3393,completed,6047527
16,5,3394,completed,6055068
16,5,3395,completed,6055984
16,5,3396,completed,6056901
16,5,3397,completed,6057860
16,5,3398,completed,6058901
16,5,3399,completed,6059610
16,5,3400,completed,6060235
16,5,3401,completed,6061193
16,5,3402,completed,6062110
16,5,3403,completed,6063276
16,5,3404,completed,6064026
16,5,3405,completed,6064610
16,5,3406,completed,6065818
16,5,3407,completed,6066443
16,5,3408,completed,6067359
16,5,3409,completed,5953318
16,5,3410,completed,5955485
16,5,3411,completed,5956985
16,5,3412,completed,5957776
16,5,3413,completed,5958985
16,5,3414,completed,5959859
16,5,3415,completed,5961026
16,5,3416,completed,5961777
16,5,3417,completed,5962985
16,5,3418,completed,5963943
16,5,3419,completed,5965526
16,5,3420,completed,5966318
16,5,3421,completed,5967276
16,5,3422,completed,5968485
16,5,3423,completed,5969443
16,5,3424,completed,5970360
16,5,3425,completed,5913776
16,5,3426,completed,5915443
16,5,3427,completed,5915776
16,5,3428,completed,5915902
16,5,3429,completed,5916318
16,5,3430,completed,5916568
16,5,3431,completed,5917152
16,5,3432,completed,5917401
16,5,3433,completed,5917818
16,5,3434,completed,5918027
16,5,3435,completed,5918401
16,5,3436,completed,5918943
16,5,3437,completed,5919193
16,5,3438,completed,5919652
16,5,3439,completed,5920235
16,5,3440,completed,5920527
16,5,3441,completed,6047943
16,5,3442,completed,6052901
16,5,3443,completed,6053526
16,5,3444,completed,6054443
16,5,3445,completed,6055484
16,5,3446,completed,6056401
16,5,3447,completed,6057651
16,5,3448,completed,6058276
16,5,3449,completed,6059317
16,5,3450,completed,6060109
16,5,3451,completed,6060901
16,5,3452,completed,6061526
16,5,3453,completed,6062526
16,5,3454,completed,6063109
16,5,3455,completed,6064110
16,5,3456,completed,6065234
16,5,3457,completed,5998568
16,5,3458,completed,6001610
16,5,3459,completed,6002735
16,5,3460,completed,6003443
16,5,3461,completed,6004276
16,5,3462,completed,6005402
16,5,3463,completed,6006359
16,5,3464,completed,6007318
16,5,3465,completed,6008235
16,5,3466,completed,6009443
16,5,3467,completed,6010610
16,5,3468,completed,6011735
16,5,3469,completed,6012527
16,5,3470,completed,6013401
16,5,3471,completed,6015110
16,5,3472,completed,6016318
16,5,3473,completed,5894402
16,5,3474,completed,5895902
16,5,3475,completed,5896444
16,5,3476,completed,5896819
16,5,3477,completed,5897151
16,5,3478,completed,5897735
16,5,3479,completed,5898194
16,5,3480,completed,5898777
16,5,3481,completed,5899401
16,5,3482,completed,5899943
16,5,3483,completed,5900735
16,5,3484,completed,5901318
16,5,3485,completed,5901776
16,5,3486,completed,5902402
16,5,3487,completed,5903027
16,5,3488,completed,5903485
16,5,3489,completed,6072818
16,5,3490,completed,6080776
16,5,3491,completed,6082401
16,5,3492,completed,6083776
16,5,3493,completed,6085652
16,5,3494,completed,6087985
16,5,3495,completed,6089484
16,5,3496,completed,6091235
16,5,3497,completed,6093151
16,5,3498,completed,6095193
16,5,3499,completed,6097235
16,5,3500,completed,6099110
16,5,3501,completed,6101152
16,5,3502,completed,6103317
16,5,3503,completed,6105360
16,5,3504,completed,6107359
16,5,3505,completed,5871818
16,5,3506,completed,5859235
16,5,3507,completed,5860151
16,5,3508,completed,5861110
16,5,3509,completed,5862068
16,5,3510,completed,5863360
16,5,3511,completed,5864401
16,5,3512,completed,5865569
16,5,3513,completed,5866776
16,5,3514,completed,5867985
16,5,3515,completed,5869401
16,5,3516,completed,5870777
16,5,3517,completed,5871943
16,5,3518,completed,5873526
16,5,3519,completed,5874693
16,5,3520,completed,5876277
16,5,3521,completed,5966235
16,5,3522,completed,5967902
16,5,3523,completed,5967902
16,5,3524,completed,5968735
16,5,3525,completed,5969276
16,5,3526,completed,5969693
16,5,3527,completed,5969901
16,5,3528,completed,5970318
16,5,3529,completed,5970485
16,5,3530,completed,5971110
16,5,3531,completed,5971610
16,5,3532,completed,5971984
16,5,3533,completed,5972443
16,5,3534,completed,5973318
16,5,3535,completed,5973443
16,5,3536,completed,5973485
16,5,3537,completed,6134610
16,5,3538,completed,6142860
16,5,3539,completed,6144109
16,5,3540,completed,6144984
16,5,3541,completed,6145984
16,5,3542,completed,6146609
16,5,3543,completed,6147359
16,5,3544,completed,6148276
16,5,3545,completed,6149651
16,5,3546,completed,6150859
16,5,3547,completed,6152151
16,5,3548,completed,6153359
16,5,3549,completed,6154317
16,5,3550,completed,6155901
16,5,3551,completed,6156693
16,5,3552,completed,6157401
16,5,3553,completed,5795402
16,5,3554,completed,5801735
16,5,3555,completed,5802819
16,5,3556,completed,5803694
16,5,3557,completed,5804860
16,5,3558,completed,5805819
16,5,3559,completed,5806902
16,5,3560,completed,5808110
16,5,3561,completed,5809527
16,5,3562,completed,5810902
16,5,3563,completed,5811693
16,5,3564,completed,5812610
16,5,3565,completed,5814027
16,5,3566,completed,5815152
16,5,3567,completed,5816735
16,5,3568,completed,5802569
16,5,3569,completed,6006526
16,5,3570,completed,6012568
16,5,3571,completed,6013318
16,5,3572,completed,6014109
16,5,3573,completed,6015318
16,5,3574,completed,6016401
16,5,3575,completed,6017527
16,5,3576,completed,6019026
16,5,3577,completed,6019943
16,5,3578,completed,6021152
16,5,3579,completed,6021943
16,5,3580,completed,6022943
16,5,3581,completed,6024193
16,5,3582,completed,6024818
16,5,3583,completed,6026526
16,5,3584,completed,6026902
16,5,3585,completed,5984776
16,5,3586,completed,5996943
16,5,3587,completed,5998235
16,5,3588,completed,5999610
16,5,3589,completed,6000901
16,5,3590,completed,6001943
16,5,3591,completed,6002818
16,5,3592,completed,6004235
16,5,3593,completed,6005610
16,5,3594,completed,6007027
16,5,3595,completed,6007902
16,5,3596,completed,6008985
16,5,3597,completed,6009859
16,5,3598,completed,6010609
16,5,3599,completed,6011734
16,5,3600,completed,6013109
16,5,3601,completed,5236445
16,5,3602,completed,5238028
16,5,3603,completed,5238570
16,5,3604,completed,5239445
16,5,3605,completed,5240195
16,5,3606,completed,5241278
16,5,3607,completed,5242070
16,5,3608,completed,5243445
16,5,3609,completed,5244736
16,5,3610,completed,5246028
16,5,3611,completed,5246945
16,5,3612,completed,5247570
16,5,3613,completed,5248236
16,5,3614,completed,5249153
16,5,3615,completed,5250237
16,5,3616,completed,5251404
16,5,3617,completed,6368150
16,5,3618,completed,6373067
16,5,3619,completed,6373859
16,5,3620,completed,6374733
16,5,3621,completed,6375400
16,5,3622,completed,6376317
16,5,3623,completed,6377150
16,5,3624,completed,6377942
16,5,3625,completed,6378358
16,5,3626,completed,6379567
16,5,3627,completed,6379984
16,5,3628,completed,6380692
16,5,3629,completed,6381776
16,5,3630,completed,6382317
16,5,3631,completed,6383734
16,5,3632,completed,6384317
16,5,3633,completed,6155110
16,5,3634,completed,6137276
16,5,3635,completed,6137650
16,5,3636,completed,6138609
16,5,3637,completed,6139734
16,5,3638,completed,6140817
16,5,3639,completed,6141984
16,5,3640,completed,6142818
16,5,3641,completed,6143818
16,5,3642,completed,6144734
16,5,3643,completed,6146151
16,5,3644,completed,6146692
16,5,3645,completed,6147568
16,5,3646,completed,6148651
16,5,3647,completed,6149692
16,5,3648,completed,6150900
16,5,3649,completed,5716944
16,5,3650,completed,5716444
16,5,3651,completed,5716694
16,5,3652,completed,5717444
16,5,3653,completed,5717986
16,5,3654,completed,5718610
16,5,3655,completed,5719068
16,5,3656,completed,5719610
16,5,3657,completed,5720069
16,5,3658,completed,5720402
16,5,3659,completed,5720902
16,5,3660,completed,5721443
16,5,3661,completed,5721861
16,5,3662,completed,5722402
16,5,3663,completed,5722777
16,5,3664,completed,5723318
16,5,3665,completed,6292526
16,5,3666,completed,6300400
16,5,3667,completed,6301026
16,5,3668,completed,6302234
16,5,3669,completed,6303693
16,5,3670,completed,6304776
16,5,3671,completed,6305526
16,5,3672,completed,6306234
16,5,3673,completed,6307401
16,5,3674,completed,6308109
16,5,3675,completed,6309484
16,5,3676,completed,6309942
16,5,3677,completed,6311067
16,5,3678,completed,6312400
16,5,3679,completed,6312900
16,5,3680,completed,6313651
16,5,3681,completed,5918652
16,5,3682,completed,5924360
16,5,3683,completed,5926485
16,5,3684,completed,5928027
16,5,3685,completed,5930069
16,5,3686,completed,5931735
16,5,3687,completed,5933777
16,5,3688,completed,5935985
16,5,3689,completed,5937985
16,5,3690,completed,5939693
16,5,3691,completed,5942068
16,5,3692,completed,5944068
16,5,3693,completed,5946360
16,5,3694,completed,5948568
16,5,3695,completed,5950735
16,5,3696,completed,5952735
16,5,3697,completed,6000568
16,5,3698,completed,6005402
16,5,3699,completed,6006402
16,5,3700,completed,6006443
16,5,3701,completed,6006818
16,5,3702,completed,6007152
16,5,3703,completed,6007485
16,5,3704,completed,6007985
16,5,3705,completed,6008818
16,5,3706,completed,6009151
16,5,3707,completed,6009277
16,5,3708,completed,6009776
16,5,3709,completed,6010735
16,5,3710,completed,6011235
16,5,3711,completed,6011568
16,5,3712,completed,6012360
16,5,3713,completed,5918693
16,5,3714,completed,5925069
16,5,3715,completed,5927068
16,5,3716,completed,5928485
16,5,3717,completed,5929526
16,5,3718,completed,5930318
16,5,3719,completed,5931527
16,5,3720,completed,5932734
16,5,3721,completed,5933693
16,5,3722,completed,5934901
16,5,3723,completed,5935985
16,5,3724,completed,5924568
16,5,3725,completed,5925735
16,5,3726,completed,5926443
16,5,3727,completed,5927235
16,5,3728,completed,5927859
16,5,3729,completed,6036527
16,5,3730,completed,6038401
16,5,3731,completed,6039276
16,5,3732,completed,6039860
16,5,3733,completed,6041234
16,5,3734,completed,6042068
16,5,3735,completed,6053652
16,5,3736,completed,6054860
16,5,3737,completed,6056193
16,5,3738,completed,6057276
16,5,3739,completed,6058818
16,5,3740,completed,6059985
16,5,3741,completed,6061402
16,5,3742,completed,6062568
16,5,3743,completed,6063610
16,5,3744,completed,6064776
16,5,3745,completed,5841277
16,5,3746,completed,5844860
16,5,3747,completed,5846068
16,5,3748,completed,5846193
16,5,3749,completed,5846902
16,5,3750,completed,5847819
16,5,3751,completed,5848277
16,5,3752,completed,5849111
16,5,3753,completed,5849777
16,5,3754,completed,5850402
16,5,3755,completed,5851277
16,5,3756,completed,5851819
16,5,3757,completed,5852569
16,5,3758,completed,5853402
16,5,3759,completed,5854318
16,5,3760,completed,5854902
16,5,3761,completed,5970402
16,5,3762,completed,5973027
16,5,3763,completed,5974443
16,5,3764,completed,5974859
16,5,3765,completed,5975693
16,5,3766,completed,5976734
16,5,3767,completed,5977527
16,5,3768,completed,5978652
16,5,3769,completed,5979735
16,5,3770,completed,5980651
16,5,3771,completed,5981776
16,5,3772,completed,5982901
16,5,3773,completed,5983902
16,5,3774,completed,5985193
16,5,3775,completed,5986193
16,5,3776,completed,5986901
16,5,3777,completed,5933485
16,5,3778,completed,5933860
16,5,3779,completed,5934152
16,5,3780,completed,5934568
16,5,3781,completed,5935027
16,5,3782,completed,5935610
16,5,3783,completed,5936027
16,5,3784,completed,5936318
16,5,3785,completed,5936735
16,5,3786,completed,5937151
16,5,3787,completed,5937610
16,5,3788,completed,5938110
16,5,3789,completed,5938526
16,5,3790,completed,5938901
16,5,3791,completed,5940277
16,5,3792,completed,5940651
16,5,3793,completed,6103526
16,5,3794,completed,6109026
16,5,3795,completed,6109693
16,5,3796,completed,6110234
16,5,3797,completed,6110776
16,5,3798,completed,6111526
16,5,3799,completed,6112235
16,5,3800,completed,6113151
16,5,3801,completed,6114067
16,5,3802,completed,6114942
16,5,3803,completed,6115901
16,5,3804,completed,6116651
16,5,3805,completed,6124526
16,5,3806,completed,6125151
16,5,3807,completed,6140276
16,5,3808,completed,6141276
16,5,3809,completed,5360945
16,5,3810,completed,5365320
16,5,3811,completed,5367320
16,5,3812,completed,5368819
16,5,3813,completed,5370403
16,5,3814,completed,5372612
16,5,3815,completed,5374237
16,5,3816,completed,5376194
16,5,3817,completed,5378028
16,5,3818,completed,5379861
16,5,3819,completed,5382111
16,5,3820,completed,5383570
16,5,3821,completed,5385278
16,5,3822,completed,5387569
16,5,3823,completed,5389445
16,5,3824,completed,5391444
16,5,3825,completed,6184775
16,5,3826,completed,6185525
16,5,3827,completed,6185900
16,5,3828,completed,6186026
16,5,3829,completed,6185943
16,5,3830,completed,6186234
16,5,3831,completed,6186276
16,5,3832,completed,6186192
16,5,3833,completed,6186276
16,5,3834,completed,6186568
16,5,3835,completed,6186984
16,5,3836,completed,6186901
16,5,3837,completed,6186942
16,5,3838,completed,6187235
16,5,3839,completed,6187276
16,5,3840,completed,6187151
16,5,3841,completed,6219192
16,5,3842,completed,6227609
16,5,3843,completed,6228359
16,5,3844,completed,6229401
16,5,3845,completed,6230734
16,5,3846,completed,6232026
16,5,3847,completed,6232984
16,5,3848,completed,6234067
16,5,3849,completed,6234900
16,5,3850,completed,6235443
16,5,3851,completed,6236651
16,5,3852,completed,6236942
16,5,3853,completed,6237567
16,5,3854,completed,6238651
16,5,3855,completed,6239025
16,5,3856,completed,6240151
16,5,3857,completed,5941193
16,5,3858,completed,5942402
16,5,3859,completed,5943027
16,5,3860,completed,5943818
16,5,3861,completed,5944360
16,5,3862,completed,5945152
16,5,3863,completed,5945693
16,5,3864,completed,5946610
16,5,3865,completed,5947860
16,5,3866,completed,5949318
16,5,3867,completed,5950068
16,5,3868,completed,5951234
16,5,3869,completed,5952110
16,5,3870,completed,5953027
16,5,3871,completed,5953943
16,5,3872,completed,5955234
16,5,3873,completed,5433569
16,5,3874,completed,5436653
16,5,3875,completed,5437111
16,5,3876,completed,5437403
16,5,3877,completed,5437861
16,5,3878,completed,5438486
16,5,3879,completed,5439069
16,5,3880,completed,5439820
16,5,3881,completed,5440444
16,5,3882,completed,5441195
16,5,3883,completed,5442111
16,5,3884,completed,5442944
16,5,3885,completed,5443611
16,5,3886,completed,5444486
16,5,3887,completed,5445194
16,5,3888,completed,5445903
16,5,3889,completed,6520816
16,5,3890,completed,6529025
16,5,3891,completed,6530067
16,5,3892,completed,6531067
16,5,3893,completed,6531609
16,5,3894,completed,6532692
16,5,3895,completed,6533942
16,5,3896,completed,6534733
16,5,3897,completed,6535525
16,5,3898,completed,6536566
16,5,3899,completed,6537150
16,5,3900,completed,6537983
16,5,3901,completed,6538275
16,5,3902,completed,6539025
16,5,3903,completed,6539609
16,5,3904,completed,6540817
16,5,3905,completed,6034026
16,5,3906,completed,6056234
16,5,3907,completed,6058110
16,5,3908,completed,6059193
16,5,3909,completed,6060485
16,5,3910,completed,6061401
16,5,3911,completed,6062068
16,5,3912,completed,6062359
16,5,3913,completed,6062859
16,5,3914,completed,6063818
16,5,3915,completed,6064568
16,5,3916,completed,6065109
16,5,3917,completed,6065734
16,5,3918,completed,6066401
16,5,3919,completed,6066484
16,5,3920,completed,6066651
16,5,3921,completed,5938526
16,5,3922,completed,5884777
16,5,3923,completed,5884985
16,5,3924,completed,5885693
16,5,3925,completed,5886193
16,5,3926,completed,5886943
16,5,3927,completed,5887985
16,5,3928,completed,5888943
16,5,3929,completed,5889776
16,5,3930,completed,5890526
16,5,3931,completed,5891693
16,5,3932,completed,5892401
16,5,3933,completed,5893568
16,5,3934,completed,5894401
16,5,3935,completed,5895568
16,5,3936,completed,5896318
16,5,3937,completed,5982234
16,5,3938,completed,5990026
16,5,3939,completed,5991568
16,5,3940,completed,5992943
16,5,3941,completed,5993609
16,5,3942,completed,5994943
16,5,3943,completed,5996026
16,5,3944,completed,5997318
16,5,3945,completed,5998402
16,5,3946,completed,5999818
16,5,3947,completed,6000943
16,5,3948,completed,6001985
16,5,3949,completed,6003693
16,5,3950,completed,6004651
16,5,3951,completed,6006027
16,5,3952,completed,6006609
16,5,3953,completed,5927776
16,5,3954,completed,5930443
16,5,3955,completed,5932276
16,5,3956,completed,5933568
16,5,3957,completed,5935735
16,5,3958,completed,5937609
16,5,3959,completed,5939610
16,5,3960,completed,5941359
16,5,3961,completed,5943360
16,5,3962,completed,5945402
16,5,3963,completed,5946734
16,5,3964,completed,5948693
16,5,3965,completed,5950568
16,5,3966,completed,5952276
16,5,3967,completed,5953777
16,5,3968,completed,5955860
16,5,3969,completed,5913276
16,5,3970,completed,5913943
16,5,3971,completed,5913651
16,5,3972,completed,5913818
16,5,3973,completed,5914068
16,5,3974,completed,5913985
16,5,3975,completed,5914234
16,5,3976,completed,5914318
16,5,3977,completed,5914318
16,5,3978,completed,5914318
16,5,3979,completed,5914526
16,5,3980,completed,5914777
16,5,3981,completed,5914901
16,5,3982,completed,5915235
16,5,3983,completed,5915526
16,5,3984,completed,5915026
16,5,3985,completed,5976651
16,5,3986,completed,5985568
16,5,3987,completed,5986485
16,5,3988,completed,5987235
16,5,3989,completed,5988484
16,5,3990,completed,5989484
16,5,3991,completed,5990193
16,5,3992,completed,5991068
16,5,3993,completed,5992152
16,5,3994,completed,5993526
16,5,3995,completed,6012443
16,5,3996,completed,6013110
16,5,3997,completed,6013527
16,5,3998,completed,6014402
16,5,3999,completed,6015026
16,5,4000,completed,6016401
16,5,4001,completed,5935652
16,5,4002,completed,5938985
16,5,4003,completed,5939609
16,5,4004,completed,5940318
16,5,4005,completed,5941318
16,5,4006,completed,5942193
16,5,4007,completed,5942943
16,5,4008,completed,5944068
16,5,4009,completed,5945151
16,5,4010,completed,5946734
16,5,4011,completed,5947735
16,5,4012,completed,5948276
16,5,4013,completed,5949360
16,5,4014,completed,5950235
16,5,4015,completed,5951484
16,5,4016,completed,5952110
16,5,4017,completed,6024818
16,5,4018,completed,6033443
16,5,4019,completed,6034859
16,5,4020,completed,6036776
16,5,4021,completed,6038609
16,5,4022,completed,6040652
16,5,4023,completed,6042652
16,5,4024,completed,6044651
16,5,4025,completed,6046526
16,5,4026,completed,6048484
16,5,4027,completed,6050567
16,5,4028,completed,6052151
16,5,4029,completed,6054151
16,5,4030,completed,6056235
16,5,4031,completed,6058276
16,5,4032,completed,6059901
16,5,4033,completed,5886401
16,5,4034,completed,5887110
16,5,4035,completed,5887151
16,5,4036,completed,5887319
16,5,4037,completed,5887693
16,5,4038,completed,5888318
16,5,4039,completed,5888651
16,5,4040,completed,5889110
16,5,4041,completed,5889276
16,5,4042,completed,5889651
16,5,4043,completed,5889985
16,5,4044,completed,5890027
16,5,4045,completed,5890152
16,5,4046,completed,5890235
16,5,4047,completed,5890277
16,5,4048,completed,5890360
16,5,4049,completed,5761068
16,5,4050,completed,5761777
16,5,4051,completed,5761985
16,5,4052,completed,5762402
16,5,4053,completed,5762777
16,5,4054,completed,5763193
16,5,4055,completed,5763527
16,5,4056,completed,5764152
16,5,4057,completed,5764818
16,5,4058,completed,5765527
16,5,4059,completed,5766235
16,5,4060,completed,5766777
16,5,4061,completed,5767485
16,5,4062,completed,5768027
16,5,4063,completed,5768735
16,5,4064,completed,5769444
16,5,4065,completed,6268984
16,5,4066,completed,6277900
16,5,4067,completed,6278068
16,5,4068,completed,6278900
16,5,4069,completed,6279609
16,5,4070,completed,6280317
16,5,4071,completed,6281067
16,5,4072,completed,6282234
16,5,4073,completed,6283109
16,5,4074,completed,6284318
16,5,4075,completed,6284984
16,5,4076,completed,6285901
16,5,4077,completed,6286734
16,5,4078,completed,6287192
16,5,4079,completed,6288109
16,5,4080,completed,6288776
16,5,4081,completed,5873652
16,5,4082,completed,5872401
16,5,4083,completed,5873027
16,5,4084,completed,5873485
16,5,4085,completed,5874235
16,5,4086,completed,5875068
16,5,4087,completed,5875943
16,5,4088,completed,5876652
16,5,4089,completed,5877319
16,5,4090,completed,5878069
16,5,4091,completed,5879193
16,5,4092,completed,5879818
16,5,4093,completed,5880568
16,5,4094,completed,5881444
16,5,4095,completed,5882694
16,5,4096,completed,5883818
16,5,4097,completed,5995943
16,5,4098,completed,5997651
16,5,4099,completed,5998026
16,5,4100,completed,5998942
16,5,4101,completed,5999943
16,5,4102,completed,6000610
16,5,4103,completed,6001401
16,5,4104,completed,6002026
16,5,4105,completed,6002484
16,5,4106,completed,6002942
16,5,4107,completed,6003776
16,5,4108,completed,6004360
16,5,4109,completed,6004859
16,5,4110,completed,6005651
16,5,4111,completed,6006276
16,5,4112,completed,6007234
16,5,4113,completed,5837736
16,5,4114,completed,5847360
16,5,4115,completed,5849276
16,5,4116,completed,5851319
16,5,4117,completed,5853360
16,5,4118,completed,5854735
16,5,4119,completed,5856819
16,5,4120,completed,5859068
16,5,4121,completed,5861068
16,5,4122,completed,5863026
16,5,4123,completed,5865026
16,5,4124,completed,5867319
16,5,4125,completed,5869610
16,5,4126,completed,5871902
16,5,4127,completed,5874318
16,5,4128,completed,5876110
16,5,4129,completed,6084401
16,5,4130,completed,6087568
16,5,4131,completed,6088401
16,5,4132,completed,6089276
16,5,4133,completed,6090526
16,5,4134,completed,6091610
16,5,4135,completed,6092859
16,5,4136,completed,6093901
16,5,4137,completed,6095109
16,5,4138,completed,6096235
16,5,4139,completed,6097276
16,5,4140,completed,6098609
16,5,4141,completed,6099776
16,5,4142,completed,6101026
16,5,4143,completed,6102526
16,5,4144,completed,6103526
16,5,4145,completed,5931818
16,5,4146,completed,5932360
16,5,4147,completed,5932443
16,5,4148,completed,5932276
16,5,4149,completed,5932234
16,5,4150,completed,5932110
16,5,4151,completed,5932152
16,5,4152,completed,5932151
16,5,4153,completed,5932151
16,5,4154,completed,5932235
16,5,4155,completed,5932318
16,5,4156,completed,5932235
16,5,4157,completed,5932110
16,5,4158,completed,5932027
16,5,4159,completed,5931985
16,5,4160,completed,5931693
16,5,4161,completed,5989401
16,5,4162,completed,5994276
16,5,4163,completed,5995818
16,5,4164,completed,5997651
16,5,4165,completed,5999526
16,5,4166,completed,6001526
16,5,4167,completed,6003360
16,5,4168,completed,6005068
16,5,4169,completed,6006943
16,5,4170,completed,6008734
16,5,4171,completed,6010443
16,5,4172,completed,6012318
16,5,4173,completed,6014026
16,5,4174,completed,6015943
16,5,4175,completed,6017735
16,5,4176,completed,6019651
16,5,4177,completed,5434486
16,5,4178,completed,5434236
16,5,4179,completed,5434028
16,5,4180,completed,5433778
16,5,4181,completed,5433945
16,5,4182,completed,5434028
16,5,4183,completed,5433903
16,5,4184,completed,5433944
16,5,4185,completed,5433986
16,5,4186,completed,5434027
16,5,4187,completed,5434236
16,5,4188,completed,5434194
16,5,4189,completed,5434195
16,5,4190,completed,5434319
16,5,4191,completed,5434444
16,5,4192,completed,5434486
16,5,4193,completed,6484650
16,5,4194,completed,6492983
16,5,4195,completed,6493692
16,5,4196,completed,6494442
16,5,4197,completed,6495275
16,5,4198,completed,6496317
16,5,4199,completed,6496942
16,5,4200,completed,6497816
16,5,4201,completed,6498900
16,5,4202,completed,6500192
16,5,4203,completed,6500775
16,5,4204,completed,6501567
16,5,4205,completed,6502525
16,5,4206,completed,6503275
16,5,4207,completed,6503942
16,5,4208,completed,6504358
16,5,4209,completed,5602528
16,5,4210,completed,5604527
16,5,4211,completed,5605194
16,5,4212,completed,5605985
16,5,4213,completed,5606777
16,5,4214,completed,5607236
16,5,4215,completed,5608194
16,5,4216,completed,5609152
16,5,4217,completed,5610110
16,5,4218,completed,5611402
16,5,4219,completed,5612111
16,5,4220,completed,5613278
16,5,4221,completed,5614360
16,5,4222,completed,5615360
16,5,4223,completed,5616319
16,5,4224,completed,5617027
16,5,4225,completed,6329901
16,5,4226,completed,6335859
16,5,4227,completed,6336776
16,5,4228,completed,6337900
16,5,4229,completed,6339109
16,5,4230,completed,6340109
16,5,4231,completed,6340817
16,5,4232,completed,6341734
16,5,4233,completed,6342401
16,5,4234,completed,6343609
16,5,4235,completed,6344734
16,5,4236,completed,6345568
16,5,4237,completed,6346359
16,5,4238,completed,6347234
16,5,4239,completed,6348692
16,5,4240,completed,6349776
16,5,4241,completed,6047193
16,5,4242,completed,6052360
16,5,4243,completed,6053318
16,5,4244,completed,6053942
16,5,4245,completed,6054568
16,5,4246,completed,6055401
16,5,4247,completed,6056026
16,5,4248,completed,6056693
16,5,4249,completed,6057568
16,5,4250,completed,6057859
16,5,4251,completed,6058651
16,5,4252,completed,6059485
16,5,4253,completed,6060317
16,5,4254,completed,6061026
16,5,4255,completed,6061485
16,5,4256,completed,6061859
16,5,4257,completed,5925277
16,5,4258,completed,5929109
16,5,4259,completed,5930652
16,5,4260,completed,5931693
16,5,4261,completed,5933151
16,5,4262,completed,5934193
16,5,4263,completed,5935068
16,5,4264,completed,5936651
16,5,4265,completed,5938151
16,5,4266,completed,5939277
16,5,4267,completed,5940484
16,5,4268,completed,5941776
16,5,4269,completed,5942776
16,5,4270,completed,5944193
16,5,4271,completed,5945943
16,5,4272,completed,5947026
16,5,4273,completed,6080485
16,5,4274,completed,6093610
16,5,4275,completed,6094442
16,5,4276,completed,6094942
16,5,4277,completed,6095568
16,5,4278,completed,6095818
16,5,4279,completed,6096734
16,5,4280,completed,6097485
16,5,4281,completed,6098443
16,5,4282,completed,6099609
16,5,4283,completed,6100109
16,5,4284,completed,6101026
16,5,4285,completed,6101860
16,5,4286,completed,6102818
16,5,4287,completed,6103984
16,5,4288,completed,6104235
16,5,4289,completed,5523445
16,5,4290,completed,5545361
16,5,4291,completed,5550486
16,5,4292,completed,5556694
16,5,4293,completed,5561944
16,5,4294,completed,5566486
16,5,4295,completed,5571736
16,5,4296,completed,5576569
16,5,4297,completed,5581736
16,5,4298,completed,5586069
16,5,4299,completed,5591110
16,5,4300,completed,5595736
16,5,4301,completed,5599986
16,5,4302,completed,5604569
16,5,4303,completed,5609735
16,5,4304,completed,5614111
16,5,4305,completed,6284650
16,5,4306,completed,6282317
16,5,4307,completed,6278734
16,5,4308,completed,6275234
16,5,4309,completed,6272609
16,5,4310,completed,6270443
16,5,4311,completed,6267151
16,5,4312,completed,6264359
16,5,4313,completed,6260776
16,5,4314,completed,6258193
16,5,4315,completed,6255442
16,5,4316,completed,6252651
16,5,4317,completed,6250484
16,5,4318,completed,6247901
16,5,4319,completed,6244650
16,5,4320,completed,6242400
16,5,4321,completed,5935443
16,5,4322,completed,5934568
16,5,4323,completed,5934734
16,5,4324,completed,5934860
16,5,4325,completed,5934901
16,5,4326,completed,5935026
16,5,4327,completed,5935109
16,5,4328,completed,5935610
16,5,4329,completed,5935693
16,5,4330,completed,5935818
16,5,4331,completed,5935984
16,5,4332,completed,5936027
16,5,4333,completed,5936110
16,5,4334,completed,5936109
16,5,4335,completed,5936193
16,5,4336,completed,5936193
16,5,4337,completed,5986443
16,5,4338,completed,5994568
16,5,4339,completed,5996277
16,5,4340,completed,5998151
16,5,4341,completed,5999693
16,5,4342,completed,6001526
16,5,4343,completed,6003026
16,5,4344,completed,6005318
16,5,4345,completed,6007485
16,5,4346,completed,6009151
16,5,4347,completed,6011235
16,5,4348,completed,6013193
16,5,4349,completed,6015276
16,5,4350,completed,6017402
16,5,4351,completed,6019193
16,5,4352,completed,6020901
16,5,4353,completed,5382653
16,5,4354,completed,5385569
16,5,4355,completed,5386319
16,5,4356,completed,5388028
16,5,4357,completed,5389361
16,5,4358,completed,5390486
16,5,4359,completed,5391778
16,5,4360,completed,5393403
16,5,4361,completed,5394861
16,5,4362,completed,5396194
16,5,4363,completed,5397528
16,5,4364,completed,5398861
16,5,4365,completed,5399778
16,5,4366,completed,5401153
16,5,4367,completed,5402195
16,5,4368,completed,5403695
16,5,4369,completed,6293609
16,5,4370,completed,6295609
16,5,4371,completed,6295442
16,5,4372,completed,6295359
16,5,4373,completed,6295525
16,5,4374,completed,6295567
16,5,4375,completed,6295317
16,5,4376,completed,6295401
16,5,4377,completed,6295650
16,5,4378,completed,6295859
16,5,4379,completed,6296026
16,5,4380,completed,6296233
16,5,4381,completed,6296234
16,5,4382,completed,6296400
16,5,4383,completed,6296442
16,5,4384,completed,6296317
16,5,4385,completed,6209901
16,5,4386,completed,6215942
16,5,4387,completed,6217692
16,5,4388,completed,6219859
16,5,4389,completed,6221650
16,5,4390,completed,6223984
16,5,4391,completed,6225400
16,5,4392,completed,6227151
16,5,4393,completed,6229026
16,5,4394,completed,6230817
16,5,4395,completed,6232859
16,5,4396,completed,6234900
16,5,4397,completed,6236650
16,5,4398,completed,6239067
16,5,4399,completed,6240526
16,5,4400,completed,6242693
16,5,4401,completed,5304861
16,5,4402,completed,5304028
16,5,4403,completed,5303736
16,5,4404,completed,5303361
16,5,4405,completed,5303112
16,5,4406,completed,5302944
16,5,4407,completed,5302986
16,5,4408,completed,5303194
16,5,4409,completed,5303195
16,5,4410,completed,5303361
16,5,4411,completed,5303653
16,5,4412,completed,5303778
16,5,4413,completed,5303736
16,5,4414,completed,5303862
16,5,4415,completed,5303944
16,5,4416,completed,5303778
16,5,4417,completed,6566900
16,5,4418,completed,6590984
16,5,4419,completed,6593150
16,5,4420,completed,6594317
16,5,4421,completed,6595650
16,5,4422,completed,6596900
16,5,4423,completed,6598025
16,5,4424,completed,6599108
16,5,4425,completed,6600316
16,5,4426,completed,6600983
16,5,4427,completed,6602524
16,5,4428,completed,6603525
16,5,4429,completed,6604233
16,5,4430,completed,6605317
16,5,4431,completed,6606358
16,5,4432,completed,6607066
16,5,4433,completed,6011276
16,5,4434,completed,5975777
16,5,4435,completed,5975360
16,5,4436,completed,5976152
16,5,4437,completed,5977443
16,5,4438,completed,5978526
16,5,4439,completed,5979859
16,5,4440,completed,5980985
16,5,4441,completed,5982443
16,5,4442,completed,5983276
16,5,4443,completed,5984151
16,5,4444,completed,5985109
16,5,4445,completed,5986193
16,5,4446,completed,5987652
16,5,4447,completed,5988735
16,5,4448,completed,5989610
16,5,4449,completed,5870360
16,5,4450,completed,5873027
16,5,4451,completed,5873485
16,5,4452,completed,5873943
16,5,4453,completed,5874569
16,5,4454,completed,5875568
16,5,4455,completed,5876152
16,5,4456,completed,5876985
16,5,4457,completed,5877360
16,5,4458,completed,5877860
16,5,4459,completed,5878402
16,5,4460,completed,5878735
16,5,4461,completed,5879443
16,5,4462,completed,5880360
16,5,4463,completed,5880902
16,5,4464,completed,5881526
16,5,4465,completed,6020693
16,5,4466,completed,6022735
16,5,4467,completed,6023818
16,5,4468,completed,6024610
16,5,4469,completed,6025443
16,5,4470,completed,6026693
16,5,4471,completed,6027651
16,5,4472,completed,6029068
16,5,4473,completed,6030110
16,5,4474,completed,6031151
16,5,4475,completed,6032151
16,5,4476,completed,6032943
16,5,4477,completed,6034110
16,5,4478,completed,6035109
16,5,4479,completed,6035984
16,5,4480,completed,6036901
16,5,4481,completed,5998359
16,5,4482,completed,6000901
16,5,4483,completed,6001777
16,5,4484,completed,6002693
16,5,4485,completed,6003693
16,5,4486,completed,6004818
16,5,4487,completed,6005610
16,5,4488,completed,6006651
16,5,4489,completed,6007318
16,5,4490,completed,6008234
16,5,4491,completed,6009027
16,5,4492,completed,6009776
16,5,4493,completed,6010651
16,5,4494,completed,6011568
16,5,4495,completed,6012277
16,5,4496,completed,6013193
16,5,4497,completed,5977193
16,5,4498,completed,5979068
16,5,4499,completed,5979859
16,5,4500,completed,5980734
16,5,4501,completed,5981693
16,5,4502,completed,5982901
16,5,4503,completed,5983859
16,5,4504,completed,5984943
16,5,4505,completed,5986110
16,5,4506,completed,5987318
16,5,4507,completed,5988318
16,5,4508,completed,5989401
16,5,4509,completed,5990485
16,5,4510,completed,5991526
16,5,4511,completed,5992526
16,5,4512,completed,5993443
16,5,4513,completed,5994443
16,5,4514,completed,6001901
16,5,4515,completed,6003360
16,5,4516,completed,6004943
16,5,4517,completed,6007318
16,5,4518,completed,6009193
16,5,4519,completed,6010443
16,5,4520,completed,6012693
16,5,4521,completed,6014735
16,5,4522,completed,6016277
16,5,4523,completed,6017776
16,5,4524,completed,6019027
16,5,4525,completed,6020735
16,5,4526,completed,6022443
16,5,4527,completed,6023693
16,5,4528,completed,6024943
16,5,4529,completed,5959527
16,5,4530,completed,5964860
16,5,4531,completed,5965943
16,5,4532,completed,5966901
16,5,4533,completed,5967860
16,5,4534,completed,5969027
16,5,4535,completed,5970068
16,5,4536,completed,5971443
16,5,4537,completed,5972568
16,5,4538,completed,5973693
16,5,4539,completed,5974777
16,5,4540,completed,5975776
16,5,4541,completed,5976985
16,5,4542,completed,5978234
16,5,4543,completed,5979318
16,5,4544,completed,5980401
16,5,4545,completed,5934943
16,5,4546,completed,5936860
16,5,4547,completed,5937985
16,5,4548,completed,5938985
16,5,4549,completed,5940110
16,5,4550,completed,5941235
16,5,4551,completed,5942235
16,5,4552,completed,5943402
16,5,4553,completed,5944443
16,5,4554,completed,5945485
16,5,4555,completed,5946443
16,5,4556,completed,5947360
16,5,4557,completed,5948443
16,5,4558,completed,5949568
16,5,4559,completed,5950526
16,5,4560,completed,5951526
16,5,4561,completed,5933777
16,5,4562,completed,5936068
16,5,4563,completed,5936360
16,5,4564,completed,5936443
16,5,4565,completed,5936776
16,5,4566,completed,5937318
16,5,4567,completed,5937402
16,5,4568,completed,5937651
16,5,4569,completed,5937985
16,5,4570,completed,5938151
16,5,4571,completed,5938569
16,5,4572,completed,5938776
16,5,4573,completed,5939193
16,5,4574,completed,5939527
16,5,4575,completed,5939818
16,5,4576,completed,5940068
16,5,4577,completed,5952318
16,5,4578,completed,5954318
16,5,4579,completed,5954734
16,5,4580,completed,5955526
16,5,4581,completed,5956402
16,5,4582,completed,5957276
16,5,4583,completed,5958026
16,5,4584,completed,5958985
16,5,4585,completed,5959859
16,5,4586,completed,5960735
16,5,4587,completed,5961651
16,5,4588,completed,5962610
16,5,4589,completed,5963527
16,5,4590,completed,5964610
16,5,4591,completed,5965485
16,5,4592,completed,5966527
16,5,4593,completed,5938318
16,5,4594,completed,5942943
16,5,4595,completed,5943568
16,5,4596,completed,5944360
16,5,4597,completed,5945110
16,5,4598,completed,5946110
16,5,4599,completed,5946943
16,5,4600,completed,5947859
16,5,4601,completed,5948777
16,5,4602,completed,5949568
16,5,4603,completed,5950401
16,5,4604,completed,5951235
16,5,4605,completed,5952151
16,5,4606,completed,5953068
16,5,4607,completed,5953944
16,5,4608,completed,5954776
16,5,4609,completed,6009735
16,5,4610,completed,6012693
16,5,4611,completed,6013026
16,5,4612,completed,6013526
16,5,4613,completed,6014067
16,5,4614,completed,6014609
16,5,4615,completed,6015151
16,5,4616,completed,6015735
16,5,4617,completed,6016151
16,5,4618,completed,6016651
16,5,4619,completed,6017193
16,5,4620,completed,6017693
16,5,4621,completed,6018276
16,5,4622,completed,6018859
16,5,4623,completed,6019318
16,5,4624,completed,6019818
16,5,4625,completed,5850902
16,5,4626,completed,5852402
16,5,4627,completed,5852401
16,5,4628,completed,5852568
16,5,4629,completed,5853235
16,5,4630,completed,5853735
16,5,4631,completed,5854110
16,5,4632,completed,5854443
16,5,4633,completed,5854818
16,5,4634,completed,5855193
16,5,4635,completed,5855569
16,5,4636,completed,5855818
16,5,4637,completed,5856110
16,5,4638,completed,5856526
16,5,4639,completed,5856777
16,5,4640,completed,5856860
16,5,4641,completed,6105651
16,5,4642,completed,6109692
16,5,4643,completed,6111026
16,5,4644,completed,6112651
16,5,4645,completed,6114359
16,5,4646,completed,6116151
16,5,4647,completed,6117651
16,5,4648,completed,6119276
16,5,4649,completed,6120943
16,5,4650,completed,6122609
16,5,4651,completed,6124318
16,5,4652,completed,6125943
16,5,4653,completed,6127610
16,5,4654,completed,6129442
16,5,4655,completed,6131193
16,5,4656,completed,6133360
16,5,4657,completed,5944401
16,5,4658,completed,5945610
16,5,4659,completed,5945609
16,5,4660,completed,5945568
16,5,4661,completed,5945526
16,5,4662,completed,5945735
16,5,4663,completed,5945901
16,5,4664,completed,5945985
16,5,4665,completed,5946235
16,5,4666,completed,5946443
16,5,4667,completed,5946568
16,5,4668,completed,5946609
16,5,4669,completed,5946776
16,5,4670,completed,5946901
16,5,4671,completed,5947026
16,5,4672,completed,5946860
16,5,4673,completed,6077026
16,5,4674,completed,6082526
16,5,4675,completed,6083776
16,5,4676,completed,6084943
16,5,4677,completed,6086026
16,5,4678,completed,6087109
16,5,4679,completed,6088151
16,5,4680,completed,6089359
16,5,4681,completed,6090485
16,5,4682,completed,6091567
16,5,4683,completed,6092734
16,5,4684,completed,6093776
16,5,4685,completed,6094901
16,5,4686,completed,6096151
16,5,4687,completed,6097193
16,5,4688,completed,6098276
16,5,4689,completed,5995443
16,5,4690,completed,6003401
16,5,4691,completed,6004360
16,5,4692,completed,6005234
16,5,4693,completed,6005901
16,5,4694,completed,6007318
16,5,4695,completed,6008276
16,5,4696,completed,6009401
16,5,4697,completed,6010734
16,5,4698,completed,6011860
16,5,4699,completed,6013151
16,5,4700,completed,6013693
16,5,4701,completed,6014568
16,5,4702,completed,6015443
16,5,4703,completed,6015984
16,5,4704,completed,6016901
16,5,4705,completed,5879151
16,5,4706,completed,5882693
16,5,4707,completed,5884318
16,5,4708,completed,5885485
16,5,4709,completed,5887235
16,5,4710,completed,5888943
16,5,4711,completed,5890276
16,5,4712,completed,5891776
16,5,4713,completed,5893652
16,5,4714,completed,5895484
16,5,4715,completed,5897485
16,5,4716,completed,5898943
16,5,4717,completed,5900568
16,5,4718,completed,5902402
16,5,4719,completed,5892568
16,5,4720,completed,5894068
16,5,4721,completed,6004859
16,5,4722,completed,6006401
16,5,4723,completed,6007193
16,5,4724,completed,6007860
16,5,4725,completed,6008860
16,5,4726,completed,6010068
16,5,4727,completed,6011110
16,5,4728,completed,6012276
16,5,4729,completed,6013318
16,5,4730,completed,6014318
16,5,4731,completed,6015651
16,5,4732,completed,6016651
16,5,4733,completed,6017818
16,5,4734,completed,6018985
16,5,4735,completed,6020026
16,5,4736,completed,6020735
16,5,4737,completed,5880943
16,5,4738,completed,5884652
16,5,4739,completed,5885360
16,5,4740,completed,5886443
16,5,4741,completed,5887651
16,5,4742,completed,5888818
16,5,4743,completed,5890068
16,5,4744,completed,5891069
16,5,4745,completed,5892235
16,5,4746,completed,5893235
16,5,4747,completed,5894444
16,5,4748,completed,5895568
16,5,4749,completed,5896735
16,5,4750,completed,5897818
16,5,4751,completed,5898985
16,5,4752,completed,5900027
16,5,4753,completed,5912401
16,5,4754,completed,5914359
16,5,4755,completed,5915276
16,5,4756,completed,5916068
16,5,4757,completed,5917235
16,5,4758,completed,5918318
16,5,4759,completed,5919151
16,5,4760,completed,5920110
16,5,4761,completed,5921193
16,5,4762,completed,5922152
16,5,4763,completed,5923443
16,5,4764,completed,5924568
16,5,4765,completed,5937109
16,5,4766,completed,5938318
16,5,4767,completed,5939401
16,5,4768,completed,5940234
16,5,4769,completed,5870944
16,5,4770,completed,5873985
16,5,4771,completed,5874569
16,5,4772,completed,5875193
16,5,4773,completed,5875402
16,5,4774,completed,5875818
16,5,4775,completed,5876068
16,5,4776,completed,5876319
16,5,4777,completed,5876735
16,5,4778,completed,5877152
16,5,4779,completed,5877652
16,5,4780,completed,5878151
16,5,4781,completed,5878527
16,5,4782,completed,5878943
16,5,4783,completed,5879360
16,5,4784,completed,5879777
16,5,4785,completed,6168275
16,5,4786,completed,6173109
16,5,4787,completed,6174693
16,5,4788,completed,6175818
16,5,4789,completed,6177067
16,5,4790,completed,6178693
16,5,4791,completed,6180151
16,5,4792,completed,6181568
16,5,4793,completed,6196818
16,5,4794,completed,6198151
16,5,4795,completed,6199609
16,5,4796,completed,6201359
16,5,4797,completed,6202817
16,5,4798,completed,6204401
16,5,4799,completed,6205776
16,5,4800,completed,6207068
16,5,4801,completed,5817527
16,5,4802,completed,5819610
16,5,4803,completed,5820402
16,5,4804,completed,5821026
16,5,4805,completed,5821651
16,5,4806,completed,5822277
16,5,4807,completed,5822985
16,5,4808,completed,5823485
16,5,4809,completed,5824110
16,5,4810,completed,5824735
16,5,4811,completed,5825360
16,5,4812,completed,5826068
16,5,4813,completed,5826944
16,5,4814,completed,5827526
16,5,4815,completed,5828193
16,5,4816,completed,5828902
16,5,4817,completed,5947734
16,5,4818,completed,5949777
16,5,4819,completed,5950735
16,5,4820,completed,5951818
16,5,4821,completed,5953068
16,5,4822,completed,5954402
16,5,4823,completed,5955443
16,5,4824,completed,5956693
16,5,4825,completed,5958026
16,5,4826,completed,5959193
16,5,4827,completed,5960443
16,5,4828,completed,5961776
16,5,4829,completed,5962984
16,5,4830,completed,5964360
16,5,4831,completed,5965693
16,5,4832,completed,5966985
16,5,4833,completed,6308192
16,5,4834,completed,6322400
16,5,4835,completed,6327067
16,5,4836,completed,6331317
16,5,4837,completed,6336151
16,5,4838,completed,6341401
16,5,4839,completed,6346275
16,5,4840,completed,6351692
16,5,4841,completed,6356192
16,5,4842,completed,6362442
16,5,4843,completed,6367359
16,5,4844,completed,6372233
16,5,4845,completed,6377567
16,5,4846,completed,6383609
16,5,4847,completed,6388692
16,5,4848,completed,6393775
16,5,4849,completed,5702277
16,5,4850,completed,5697443
16,5,4851,completed,5693194
16,5,4852,completed,5688693
16,5,4853,completed,5683152
16,5,4854,completed,5678402
16,5,4855,completed,5673777
16,5,4856,completed,5668568
16,5,4857,completed,5663194
16,5,4858,completed,5657943
16,5,4859,completed,5653360
16,5,4860,completed,5648485
16,5,4861,completed,5643652
16,5,4862,completed,5637736
16,5,4863,completed,5632985
16,5,4864,completed,5628069
16,5,4865,completed,5938819
16,5,4866,completed,5944319
16,5,4867,completed,5945527
16,5,4868,completed,5946984
16,5,4869,completed,5948151
16,5,4870,completed,5949776
16,5,4871,completed,5951235
16,5,4872,completed,5952735
16,5,4873,completed,5954526
16,5,4874,completed,5955443
16,5,4875,completed,5956859
16,5,4876,completed,5958068
16,5,4877,completed,5959277
16,5,4878,completed,5960401
16,5,4879,completed,5961610
16,5,4880,completed,5963401
16,5,4881,completed,5953860
16,5,4882,completed,5955901
16,5,4883,completed,5957068
16,5,4884,completed,5958401
16,5,4885,completed,5960110
16,5,4886,completed,5961734
16,5,4887,completed,5962776
16,5,4888,completed,5964193
16,5,4889,completed,5965943
16,5,4890,completed,5967110
16,5,4891,completed,5969027
16,5,4892,completed,5970151
16,5,4893,completed,5971443
16,5,4894,completed,5972902
16,5,4895,completed,5974318
16,5,4896,completed,5975734
16,5,4897,completed,5945235
16,5,4898,completed,5947068
16,5,4899,completed,5947818
16,5,4900,completed,5948568
16,5,4901,completed,5949359
16,5,4902,completed,5950485
16,5,4903,completed,5951360
16,5,4904,completed,5952359
16,5,4905,completed,5953402
16,5,4906,completed,5954360
16,5,4907,completed,5955359
16,5,4908,completed,5956276
16,5,4909,completed,5957318
16,5,4910,completed,5958443
16,5,4911,completed,5959651
16,5,4912,completed,5960860
16,5,4913,completed,5960068
16,5,4914,completed,5963152
16,5,4915,completed,5964027
16,5,4916,completed,5964860
16,5,4917,completed,5965777
16,5,4918,completed,5966943
16,5,4919,completed,5967985
16,5,4920,completed,5969109
16,5,4921,completed,5970193
16,5,4922,completed,5971235
16,5,4923,completed,5972359
16,5,4924,completed,5973360
16,5,4925,completed,5974443
16,5,4926,completed,5975693
16,5,4927,completed,5976651
16,5,4928,completed,5977693
16,5,4929,completed,5776069
16,5,4930,completed,5781277
16,5,4931,completed,5782485
16,5,4932,completed,5783777
16,5,4933,completed,5785027
16,5,4934,completed,5786194
16,5,4935,completed,5787485
16,5,4936,completed,5788611
16,5,4937,completed,5789944
16,5,4938,completed,5790943
16,5,4939,completed,5792152
16,5,4940,completed,5793110
16,5,4941,completed,5794401
16,5,4942,completed,5795777
16,5,4943,completed,5796985
16,5,4944,completed,5798110
16,5,4945,completed,6120943
16,5,4946,completed,6122276
16,5,4947,completed,6122734
16,5,4948,completed,6123109
16,5,4949,completed,6123567
16,5,4950,completed,6124193
16,5,4951,completed,6124610
16,5,4952,completed,6125234
16,5,4953,completed,6125942
16,5,4954,completed,6126443
16,5,4955,completed,6127151
16,5,4956,completed,6127860
16,5,4957,completed,6128401
16,5,4958,completed,6129067
16,5,4959,completed,6129693
16,5,4960,completed,6130484
16,5,4961,completed,6016068
16,5,4962,completed,6021152
16,5,4963,completed,6023068
16,5,4964,completed,6024568
16,5,4965,completed,6025818
16,5,4966,completed,6027235
16,5,4967,completed,6028359
16,5,4968,completed,6029735
16,5,4969,completed,6031401
16,5,4970,completed,6032693
16,5,4971,completed,6034193
16,5,4972,completed,6035485
16,5,4973,completed,6036818
16,5,4974,completed,6038485
16,5,4975,completed,6039693
16,5,4976,completed,6041193
16,5,4977,completed,5426611
16,5,4978,completed,5427945
16,5,4979,completed,5428403
16,5,4980,completed,5428945
16,5,4981,completed,5429528
16,5,4982,completed,5430236
16,5,4983,completed,5430862
16,5,4984,completed,5431611
16,5,4985,completed,5432236
16,5,4986,completed,5432778
16,5,4987,completed,5433403
16,5,4988,completed,5433903
16,5,4989,completed,5434528
16,5,4990,completed,5435236
16,5,4991,completed,5435736
16,5,4992,completed,5436487
16,5,4993,completed,6433858
16,5,4994,completed,6435816
16,5,4995,completed,6436859
16,5,4996,completed,6438066
16,5,4997,completed,6439400
16,5,4998,completed,6440775
16,5,4999,completed,6442151
16,5,5000,completed,6443442
16,5,5001,completed,6444692
16,5,5002,completed,6445901
16,5,5003,completed,6447150
16,5,5004,completed,6448484
16,5,5005,completed,6449733
16,5,5006,completed,6451192
16,5,5007,completed,6452650
16,5,5008,completed,6453734
16,5,5009,completed,6026068
16,5,5010,completed,6033651
16,5,5011,completed,6034734
16,5,5012,completed,6035817
16,5,5013,completed,6036901
16,5,5014,completed,6037985
16,5,5015,completed,6038984
16,5,5016,completed,6039985
16,5,5017,completed,6040943
16,5,5018,completed,6042526
16,5,5019,completed,6043693
16,5,5020,completed,6044610
16,5,5021,completed,6046068
16,5,5022,completed,6047317
16,5,5023,completed,6048401
16,5,5024,completed,6049776
16,5,5025,completed,6048151
16,5,5026,completed,6050110
16,5,5027,completed,6050568
16,5,5028,completed,6051026
16,5,5029,completed,6051568
16,5,5030,completed,6052027
16,5,5031,completed,6052609
16,5,5032,completed,6053110
16,5,5033,completed,6053651
16,5,5034,completed,6054443
16,5,5035,completed,6055068
16,5,5036,completed,6067026
16,5,5037,completed,6067776
16,5,5038,completed,6068484
16,5,5039,completed,6069068
16,5,5040,completed,6069859
16,5,5041,completed,6044776
16,5,5042,completed,6053360
16,5,5043,completed,6054609
16,5,5044,completed,6055401
16,5,5045,completed,6056193
16,5,5046,completed,6057527
16,5,5047,completed,6058776
16,5,5048,completed,6059693
16,5,5049,completed,6060485
16,5,5050,completed,6061693
16,5,5051,completed,6062902
16,5,5052,completed,6064068
16,5,5053,completed,6065443
16,5,5054,completed,6066777
16,5,5055,completed,6068151
16,5,5056,completed,6069026
16,5,5057,completed,5765651
16,5,5058,completed,5772777
16,5,5059,completed,5773402
16,5,5060,completed,5774527
16,5,5061,completed,5776194
16,5,5062,completed,5776943
16,5,5063,completed,5778194
16,5,5064,completed,5778777
16,5,5065,completed,5779527
16,5,5066,completed,5780527
16,5,5067,completed,5781360
16,5,5068,completed,5782193
16,5,5069,completed,5783236
16,5,5070,completed,5783944
16,5,5071,completed,5811318
16,5,5072,completed,5798569
16,5,5073,completed,5987401
16,5,5074,completed,5987110
16,5,5075,completed,5986943
16,5,5076,completed,5987651
16,5,5077,completed,5988402
16,5,5078,completed,5988818
16,5,5079,completed,5985443
16,5,5080,completed,5986193
16,5,5081,completed,5986693
16,5,5082,completed,5987276
16,5,5083,completed,5989027
16,5,5084,completed,5989401
16,5,5085,completed,6008359
16,5,5086,completed,6015110
16,5,5087,completed,6019526
16,5,5088,completed,6006817
16,5,5089,completed,5909860
16,5,5090,completed,5911027
16,5,5091,completed,5911027
16,5,5092,completed,5911193
16,5,5093,completed,5911735
16,5,5094,completed,5912818
16,5,5095,completed,5913610
16,5,5096,completed,5914318
16,5,5097,completed,5914651
16,5,5098,completed,5915318
16,5,5099,completed,5916026
16,5,5100,completed,5916401
16,5,5101,completed,5907610
16,5,5102,completed,5895610
16,5,5103,completed,5909235
16,5,5104,completed,5911152
16,5,5105,completed,6006360
16,5,5106,completed,6020568
16,5,5107,completed,6022068
16,5,5108,completed,6024276
16,5,5109,completed,6027234
16,5,5110,completed,6028985
16,5,5111,completed,6031193
16,5,5112,completed,6033276
16,5,5113,completed,6035276
16,5,5114,completed,6037234
16,5,5115,completed,6039068
16,5,5116,completed,6040902
16,5,5117,completed,6096859
16,5,5118,completed,6116234
16,5,5119,completed,6117859
16,5,5120,completed,6097901
16,5,5121,completed,5978568
16,5,5122,completed,5973652
16,5,5123,completed,5973485
16,5,5124,completed,5974110
16,5,5125,completed,5975151
16,5,5126,completed,5975318
16,5,5127,completed,5975859
16,5,5128,completed,5976277
16,5,5129,completed,5976485
16,5,5130,completed,5977360
16,5,5131,completed,5977651
16,5,5132,completed,5977777
16,5,5133,completed,5916109
16,5,5134,completed,5907776
16,5,5135,completed,5907985
16,5,5136,completed,5908651
16,5,5137,completed,5989193
16,5,5138,completed,6002110
16,5,5139,completed,6002984
16,5,5140,completed,6004151
16,5,5141,completed,6006193
16,5,5142,completed,6007943
16,5,5143,completed,6009526
16,5,5144,completed,6011443
16,5,5145,completed,6012901
16,5,5146,completed,6014360
16,5,5147,completed,6016401
16,5,5148,completed,6018193
16,5,5149,completed,6020276
16,5,5150,completed,6021526
16,5,5151,completed,6018693
16,5,5152,completed,6020443
16,5,5153,completed,5730902
16,5,5154,completed,5729194
16,5,5155,completed,5730485
16,5,5156,completed,5731235
16,5,5157,completed,5733486
16,5,5158,completed,5734569
16,5,5159,completed,5736360
16,5,5160,completed,5737902
16,5,5161,completed,5739068
16,5,5162,completed,5740693
16,5,5163,completed,5741985
16,5,5164,completed,5743235
16,5,5165,completed,5744235
16,5,5166,completed,5791110
16,5,5167,completed,5808360
16,5,5168,completed,5809569
16,5,5169,completed,6092901
16,5,5170,completed,6089401
16,5,5171,completed,6089859
16,5,5172,completed,6090193
16,5,5173,completed,6091359
16,5,5174,completed,6091693
16,5,5175,completed,6092526
16,5,5176,completed,6093442
16,5,5177,completed,6094526
16,5,5178,completed,6095360
16,5,5179,completed,6095942
16,5,5180,completed,6096568
16,5,5181,completed,6097443
16,5,5182,completed,6049109
16,5,5183,completed,6038651
16,5,5184,completed,6094860
16,5,5185,completed,5983193
16,5,5186,completed,5985652
16,5,5187,completed,5985860
16,5,5188,completed,5986693
16,5,5189,completed,5987693
16,5,5190,completed,5988276
16,5,5191,completed,5989318
16,5,5192,completed,5989985
16,5,5193,completed,5990693
16,5,5194,completed,5991526
16,5,5195,completed,5992152
16,5,5196,completed,5992860
16,5,5197,completed,5993401
16,5,5198,completed,5994193
16,5,5199,completed,5994943
16,5,5200,completed,5971860
16,5,5201,completed,5933484
16,5,5202,completed,5930860
16,5,5203,completed,5930609
16,5,5204,completed,5930360
16,5,5205,completed,5931527
16,5,5206,completed,5931568
16,5,5207,completed,5931734
16,5,5208,completed,5931860
16,5,5209,completed,5932360
16,5,5210,completed,5932609
16,5,5211,completed,5932818
16,5,5212,completed,5933110
16,5,5213,completed,5933402
16,5,5214,completed,5933735
16,5,5215,completed,5933984
16,5,5216,completed,5915151
16,5,5217,completed,5976110
16,5,5218,completed,5982984
16,5,5219,completed,5983360
16,5,5220,completed,5983984
16,5,5221,completed,5984651
16,5,5222,completed,5984943
16,5,5223,completed,5985984
16,5,5224,completed,5986235
16,5,5225,completed,5977652
16,5,5226,completed,5978359
16,5,5227,completed,5978776
16,5,5228,completed,5979276
16,5,5229,completed,5979818
16,5,5230,completed,5980359
16,5,5231,completed,5980776
16,5,5232,completed,6023568
16,5,5233,completed,5656193
16,5,5234,completed,5654277
16,5,5235,completed,5637194
16,5,5236,completed,5637319
16,5,5237,completed,5638194
16,5,5238,completed,5638444
16,5,5239,completed,5638986
16,5,5240,completed,5639568
16,5,5241,completed,5640319
16,5,5242,completed,5640777
16,5,5243,completed,5641110
16,5,5244,completed,5641485
16,5,5245,completed,5641861
16,5,5246,completed,5642277
16,5,5247,completed,5642486
16,5,5248,completed,5628403
16,5,5249,completed,6060527
16,5,5250,completed,6065068
16,5,5251,completed,6065859
16,5,5252,completed,6067068
16,5,5253,completed,6068692
16,5,5254,completed,6070068
16,5,5255,completed,6071359
16,5,5256,completed,6072526
16,5,5257,completed,6073526
16,5,5258,completed,6074776
16,5,5259,completed,6076234
16,5,5260,completed,6077317
16,5,5261,completed,6078360
16,5,5262,completed,6079359
16,5,5263,completed,6080443
16,5,5264,completed,6053026
16,5,5265,completed,5176903
16,5,5266,completed,5178487
16,5,5267,completed,5179362
16,5,5268,completed,5180362
16,5,5269,completed,5181778
16,5,5270,completed,5182945
16,5,5271,completed,5184153
16,5,5272,completed,5185362
16,5,5273,completed,5186486
16,5,5274,completed,5187737
16,5,5275,completed,5189111
16,5,5276,completed,5190278
16,5,5277,completed,5217028
16,5,5278,completed,5226903
16,5,5279,completed,5228195
16,5,5280,completed,5229236
16,5,5281,completed,6002193
16,5,5282,completed,6021735
16,5,5283,completed,6022693
16,5,5284,completed,6023693
16,5,5285,completed,6024818
16,5,5286,completed,6026068
16,5,5287,completed,6027235
16,5,5288,completed,6028568
16,5,5289,completed,6029693
16,5,5290,completed,6030818
16,5,5291,completed,6031985
16,5,5292,completed,6033027
16,5,5293,completed,6012693
16,5,5294,completed,6013484
16,5,5295,completed,6013735
16,5,5296,completed,6014984
16,5,5297,completed,5952360
16,5,5298,completed,5951818
16,5,5299,completed,5951277
16,5,5300,completed,5951694
16,5,5301,completed,5952652
16,5,5302,completed,5953693
16,5,5303,completed,5954319
16,5,5304,completed,5954985
16,5,5305,completed,5955693
16,5,5306,completed,5956401
16,5,5307,completed,5957110
16,5,5308,completed,5957693
16,5,5309,completed,5958360
16,5,5310,completed,5959484
16,5,5311,completed,5960026
16,5,5312,completed,5960652
16,5,5313,completed,5862735
16,5,5314,completed,5878152
16,5,5315,completed,5878735
16,5,5316,completed,5879985
16,5,5317,completed,5881652
16,5,5318,completed,5883235
16,5,5319,completed,5884735
16,5,5320,completed,5885985
16,5,5321,completed,5887276
16,5,5322,completed,5888194
16,5,5323,completed,5889652
16,5,5324,completed,5890860
16,5,5325,completed,5891569
16,5,5326,completed,5893152
16,5,5327,completed,5893985
16,5,5328,completed,5895693
16,5,5329,completed,5493070
16,5,5330,completed,5490069
16,5,5331,completed,5490486
16,5,5332,completed,5491236
16,5,5333,completed,5491944
16,5,5334,completed,5492695
16,5,5335,completed,5493444
16,5,5336,completed,5494110
16,5,5337,completed,5494819
16,5,5338,completed,5495403
16,5,5339,completed,5495944
16,5,5340,completed,5496527
16,5,5341,completed,5497110
16,5,5342,completed,5497736
16,5,5343,completed,5498319
16,5,5344,completed,5499028
16,5,5345,completed,6504442
16,5,5346,completed,6510691
16,5,5347,completed,6512066
16,5,5348,completed,6513192
16,5,5349,completed,6514691
16,5,5350,completed,6515983
16,5,5351,completed,6517191
16,5,5352,completed,6518609
16,5,5353,completed,6520025
16,5,5354,completed,6521567
16,5,5355,completed,6523025
16,5,5356,completed,6524234
16,5,5357,completed,6562234
16,5,5358,completed,6566734
16,5,5359,completed,6586983
16,5,5360,completed,6596441
16,5,5361,completed,5831027
16,5,5362,completed,5827943
16,5,5363,completed,5827027
16,5,5364,completed,5826277
16,5,5365,completed,5825818
16,5,5366,completed,5825277
16,5,5367,completed,5824819
16,5,5368,completed,5824318
16,5,5369,completed,5822443
16,5,5370,completed,5822360
16,5,5371,completed,5822443
16,5,5372,completed,5820777
16,5,5373,completed,5820651
16,5,5374,completed,5820693
16,5,5375,completed,5775860
16,5,5376,completed,5767110
16,5,5377,completed,5997402
16,5,5378,completed,6013193
16,5,5379,completed,6014901
16,5,5380,completed,6016859
16,5,5381,completed,6018568
16,5,5382,completed,6020610
16,5,5383,completed,6022318
16,5,5384,completed,6024151
16,5,5385,completed,6025818
16,5,5386,completed,6027360
16,5,5387,completed,6029193
16,5,5388,completed,6030943
16,5,5389,completed,6032484
16,5,5390,completed,6034402
16,5,5391,completed,6035818
16,5,5392,completed,6037734
16,5,5393,completed,5929860
16,5,5394,completed,5937402
16,5,5395,completed,5938027
16,5,5396,completed,5938610
16,5,5397,completed,5939860
16,5,5398,completed,5940610
16,5,5399,completed,5941402
16,5,5400,completed,5942152
16,5,5401,completed,5942985
16,5,5402,completed,5943694
16,5,5403,completed,5944527
16,5,5404,completed,5945319
16,5,5405,completed,5946069
16,5,5406,completed,5947110
16,5,5407,completed,5947819
16,5,5408,completed,5949027
16,5,5409,completed,5747110
16,5,5410,completed,5760027
16,5,5411,completed,5760902
16,5,5412,completed,5761777
16,5,5413,completed,5763236
16,5,5414,completed,5764735
16,5,5415,completed,5765902
16,5,5416,completed,5766861
16,5,5417,completed,5767819
16,5,5418,completed,5768527
16,5,5419,completed,5769693
16,5,5420,completed,5770611
16,5,5421,completed,5771569
16,5,5422,completed,5772485
16,5,5423,completed,5772985
16,5,5424,completed,5774361
16,5,5425,completed,6114776
16,5,5426,completed,6122693
16,5,5427,completed,6124234
16,5,5428,completed,6125610
16,5,5429,completed,6127401
16,5,5430,completed,6128984
16,5,5431,completed,6130568
16,5,5432,completed,6132443
16,5,5433,completed,6133942
16,5,5434,completed,6135442
16,5,5435,completed,6137068
16,5,5436,completed,6138568
16,5,5437,completed,6140151
16,5,5438,completed,6142026
16,5,5439,completed,6143443
16,5,5440,completed,6145359
16,5,5441,completed,6056026
16,5,5442,completed,6051777
16,5,5443,completed,6051735
16,5,5444,completed,6051776
16,5,5445,completed,6052110
16,5,5446,completed,6052610
16,5,5447,completed,6052901
16,5,5448,completed,6053110
16,5,5449,completed,6053276
16,5,5450,completed,6053360
16,5,5451,completed,6053818
16,5,5452,completed,6053985
16,5,5453,completed,6054193
16,5,5454,completed,6054610
16,5,5455,completed,6054693
16,5,5456,completed,6055026
16,5,5457,completed,5449528
16,5,5458,completed,5458736
16,5,5459,completed,5459778
16,5,5460,completed,5460653
16,5,5461,completed,5461819
16,5,5462,completed,5463069
16,5,5463,completed,5464069
16,5,5464,completed,5465070
16,5,5465,completed,5465986
16,5,5466,completed,5466778
16,5,5467,completed,5467819
16,5,5468,completed,5468653
16,5,5469,completed,5469444
16,5,5470,completed,5470444
16,5,5471,completed,5471153
16,5,5472,completed,5472402
16,5,5473,completed,6373775
16,5,5474,completed,6378067
16,5,5475,completed,6378942
16,5,5476,completed,6379359
16,5,5477,completed,6380151
16,5,5478,completed,6380900
16,5,5479,completed,6381692
16,5,5480,completed,6382359
16,5,5481,completed,6383150
16,5,5482,completed,6383817
16,5,5483,completed,6384525
16,5,5484,completed,6385234
16,5,5485,completed,6385859
16,5,5486,completed,6386650
16,5,5487,completed,6387525
16,5,5488,completed,6388275
16,5,5489,completed,5989984
16,5,5490,completed,6004109
16,5,5491,completed,6004943
16,5,5492,completed,6005818
16,5,5493,completed,6007109
16,5,5494,completed,6008693
16,5,5495,completed,6010027
16,5,5496,completed,6010985
16,5,5497,completed,6011901
16,5,5498,completed,6012610
16,5,5499,completed,6013901
16,5,5500,completed,6014859
16,5,5501,completed,6015568
16,5,5502,completed,6016693
16,5,5503,completed,6017193
16,5,5504,completed,6018777
16,5,5505,completed,5908651
16,5,5506,completed,5916818
16,5,5507,completed,5918444
16,5,5508,completed,5920485
16,5,5509,completed,5922401
16,5,5510,completed,5924068
16,5,5511,completed,5925902
16,5,5512,completed,5927610
16,5,5513,completed,5929360
16,5,5514,completed,5931069
16,5,5515,completed,5932777
16,5,5516,completed,5934485
16,5,5517,completed,5936068
16,5,5518,completed,5938027
16,5,5519,completed,5939610
16,5,5520,completed,5941360
16,5,5521,completed,5948651
16,5,5522,completed,5944860
16,5,5523,completed,5944777
16,5,5524,completed,5944651
16,5,5525,completed,5944651
16,5,5526,completed,5944610
16,5,5527,completed,5944776
16,5,5528,completed,5944943
16,5,5529,completed,5945152
16,5,5530,completed,5945234
16,5,5531,completed,5945818
16,5,5532,completed,5945902
16,5,5533,completed,5946068
16,5,5534,completed,5946276
16,5,5535,completed,5946401
16,5,5536,completed,5946901
16,5,5537,completed,6070442
16,5,5538,completed,6094693
16,5,5539,completed,6109401
16,5,5540,completed,6111526
16,5,5541,completed,6113901
16,5,5542,completed,6115776
16,5,5543,completed,6117859
16,5,5544,completed,6119985
16,5,5545,completed,6121193
16,5,5546,completed,6122734
16,5,5547,completed,6124776
16,5,5548,completed,6126317
16,5,5549,completed,6128067
16,5,5550,completed,6129443
16,5,5551,completed,6131110
16,5,5552,completed,6164234
16,5,5553,completed,5632361
16,5,5554,completed,5631194
16,5,5555,completed,5631569
16,5,5556,completed,5631902
16,5,5557,completed,5632361
16,5,5558,completed,5633027
16,5,5559,completed,5631528
16,5,5560,completed,5632528
16,5,5561,completed,5632153
16,5,5562,completed,5631944
16,5,5563,completed,5632777
16,5,5564,completed,5633486
16,5,5565,completed,5634069
16,5,5566,completed,5634819
16,5,5567,completed,5628110
16,5,5568,completed,5628610
16,5,5569,completed,5843610
16,5,5570,completed,5843402
16,5,5571,completed,5843443
16,5,5572,completed,5843860
16,5,5573,completed,5844360
16,5,5574,completed,5844902
16,5,5575,completed,5845360
16,5,5576,completed,5845735
16,5,5577,completed,5846151
16,5,5578,completed,5846485
16,5,5579,completed,5846943
16,5,5580,completed,5847360
16,5,5581,completed,5847693
16,5,5582,completed,5848068
16,5,5583,completed,5848401
16,5,5584,completed,5848985
16,5,5585,completed,6080068
16,5,5586,completed,6087235
16,5,5587,completed,6087818
16,5,5588,completed,6088735
16,5,5589,completed,6089818
16,5,5590,completed,6090860
16,5,5591,completed,6091610
16,5,5592,completed,6092443
16,5,5593,completed,6093318
16,5,5594,completed,6094318
16,5,5595,completed,6095234
16,5,5596,completed,6096068
16,5,5597,completed,6096818
16,5,5598,completed,6097693
16,5,5599,completed,6098735
16,5,5600,completed,6099776
16,5,5601,completed,6065401
16,5,5602,completed,6066359
16,5,5603,completed,6066735
16,5,5604,completed,6067027
16,5,5605,completed,6067610
16,5,5606,completed,6068110
16,5,5607,completed,6068777
16,5,5608,completed,6069401
16,5,5609,completed,6070026
16,5,5610,completed,6070734
16,5,5611,completed,6071360
16,5,5612,completed,6071985
16,5,5613,completed,6072610
16,5,5614,completed,6073276
16,5,5615,completed,6073943
16,5,5616,completed,6042859
16,5,5617,completed,5975151
16,5,5618,completed,5977818
16,5,5619,completed,5978235
16,5,5620,completed,5978610
16,5,5621,completed,5979151
16,5,5622,completed,5979818
16,5,5623,completed,5980485
16,5,5624,completed,5981151
16,5,5625,completed,5981818
16,5,5626,completed,5982402
16,5,5627,completed,5983110
16,5,5628,completed,5983651
16,5,5629,completed,5984318
16,5,5630,completed,5984943
16,5,5631,completed,5985526
16,5,5632,completed,5986276
16,5,5633,completed,5998193
16,5,5634,completed,6003359
16,5,5635,completed,6004235
16,5,5636,completed,6005151
16,5,5637,completed,6006318
16,5,5638,completed,6007318
16,5,5639,completed,6008193
16,5,5640,completed,6009027
16,5,5641,completed,6009901
16,5,5642,completed,6010652
16,5,5643,completed,6011401
16,5,5644,completed,6012193
16,5,5645,completed,6012943
16,5,5646,completed,6013860
16,5,5647,completed,6014568
16,5,5648,completed,6015485
16,5,5649,completed,5388528
16,5,5650,completed,5392236
16,5,5651,completed,5392737
16,5,5652,completed,5392695
16,5,5653,completed,5393486
16,5,5654,completed,5393987
16,5,5655,completed,5394653
16,5,5656,completed,5395319
16,5,5657,completed,5395986
16,5,5658,completed,5396528
16,5,5659,completed,5397153
16,5,5660,completed,5397528
16,5,5661,completed,5398028
16,5,5662,completed,5398528
16,5,5663,completed,5398987
16,5,5664,completed,5399653
16,5,5665,completed,6577484
16,5,5666,completed,6593484
16,5,5667,completed,6595234
16,5,5668,completed,6597317
16,5,5669,completed,6599234
16,5,5670,completed,6601025
16,5,5671,completed,6602525
16,5,5672,completed,6604400
16,5,5673,completed,6606150
16,5,5674,completed,6607733
16,5,5675,completed,6609691
16,5,5676,completed,6611025
16,5,5677,completed,6612692
16,5,5678,completed,6614608
16,5,5679,completed,6615983
16,5,5680,completed,6617774
16,5,5681,completed,5931902
16,5,5682,completed,5929360
16,5,5683,completed,5929276
16,5,5684,completed,5929693
16,5,5685,completed,5929860
16,5,5686,completed,5929985
16,5,5687,completed,5930485
16,5,5688,completed,5930818
16,5,5689,completed,5931193
16,5,5690,completed,5931527
16,5,5691,completed,5931819
16,5,5692,completed,5932194
16,5,5693,completed,5932735
16,5,5694,completed,5933193
16,5,5695,completed,5933444
16,5,5696,completed,5933901
16,5,5697,completed,5962735
16,5,5698,completed,5967693
16,5,5699,completed,5968193
16,5,5700,completed,5968818
16,5,5701,completed,5969735
16,5,5702,completed,5970443
16,5,5703,completed,5971193
16,5,5704,completed,5972193
16,5,5705,completed,5972943
16,5,5706,completed,5973651
16,5,5707,completed,5974401
16,5,5708,completed,5975110
16,5,5709,completed,5975818
16,5,5710,completed,5976610
16,5,5711,completed,5977526
16,5,5712,completed,5978651
16,5,5713,completed,5728986
16,5,5714,completed,5738111
16,5,5715,completed,5739110
16,5,5716,completed,5740110
16,5,5717,completed,5741360
16,5,5718,completed,5742568
16,5,5719,completed,5744027
16,5,5720,completed,5745152
16,5,5721,completed,5746194
16,5,5722,completed,5746944
16,5,5723,completed,5748527
16,5,5724,completed,5749402
16,5,5725,completed,5750277
16,5,5726,completed,5777986
16,5,5727,completed,5786152
16,5,5728,completed,5788068
16,5,5729,completed,6077526
16,5,5730,completed,6085359
16,5,5731,completed,6085693
16,5,5732,completed,6086276
16,5,5733,completed,6087235
16,5,5734,completed,6088109
16,5,5735,completed,6088442
16,5,5736,completed,6088859
16,5,5737,completed,6089567
16,5,5738,completed,6090151
16,5,5739,completed,6091067
16,5,5740,completed,6091443
16,5,5741,completed,6092318
16,5,5742,completed,6080359
16,5,5743,completed,6079942
16,5,5744,completed,6080651
16,5,5745,completed,6075568
16,5,5746,completed,6087735
16,5,5747,completed,6088901
16,5,5748,completed,6089984
16,5,5749,completed,6091360
16,5,5750,completed,6092776
16,5,5751,completed,6093818
16,5,5752,completed,6095235
16,5,5753,completed,6096359
16,5,5754,completed,6097151
16,5,5755,completed,6098443
16,5,5756,completed,6099401
16,5,5757,completed,6100442
16,5,5758,completed,6101859
16,5,5759,completed,6102692
16,5,5760,completed,6104109
16,5,5761,completed,5409278
16,5,5762,completed,5426486
16,5,5763,completed,5428445
16,5,5764,completed,5430778
16,5,5765,completed,5433236
16,5,5766,completed,5435778
16,5,5767,completed,5437903
16,5,5768,completed,5439986
16,5,5769,completed,5442028
16,5,5770,completed,5443694
16,5,5771,completed,5500111
16,5,5772,completed,5504361
16,5,5773,completed,5520444
16,5,5774,completed,5523194
16,5,5775,completed,5525152
16,5,5776,completed,5527861
16,5,5777,completed,6462984
16,5,5778,completed,6463651
16,5,5779,completed,6464192
16,5,5780,completed,6464775
16,5,5781,completed,6465692
16,5,5782,completed,6466317
16,5,5783,completed,6467109
16,5,5784,completed,6467733
16,5,5785,completed,6468442
16,5,5786,completed,6467233
16,5,5787,completed,6468484
16,5,5788,completed,6441900
16,5,5789,completed,6442233
16,5,5790,completed,6434859
16,5,5791,completed,6435442
16,5,5792,completed,6436275
16,5,5793,completed,5882694
16,5,5794,completed,5886443
16,5,5795,completed,5886777
16,5,5796,completed,5887027
16,5,5797,completed,5887651
16,5,5798,completed,5888151
16,5,5799,completed,5888485
16,5,5800,completed,5888943
16,5,5801,completed,5889360
16,5,5802,completed,5889444
16,5,5803,completed,5889735
16,5,5804,completed,5889944
16,5,5805,completed,5890277
16,5,5806,completed,5890860
16,5,5807,completed,5890944
16,5,5808,completed,5891568
16,5,5809,completed,6090276
16,5,5810,completed,6105318
16,5,5811,completed,6106776
16,5,5812,completed,6108401
16,5,5813,completed,6110359
16,5,5814,completed,6112526
16,5,5815,completed,6114234
16,5,5816,completed,6116068
16,5,5817,completed,6117985
16,5,5818,completed,6119484
16,5,5819,completed,6121193
16,5,5820,completed,6123067
16,5,5821,completed,6124901
16,5,5822,completed,6127192
16,5,5823,completed,6129068
16,5,5824,completed,6130859
16,5,5825,completed,5766193
16,5,5826,completed,5761527
16,5,5827,completed,5761402
16,5,5828,completed,5761527
16,5,5829,completed,5761735
16,5,5830,completed,5761902
16,5,5831,completed,5762068
16,5,5832,completed,5762360
16,5,5833,completed,5762485
16,5,5834,completed,5762652
16,5,5835,completed,5762736
16,5,5836,completed,5762861
16,5,5837,completed,5763027
16,5,5838,completed,5763194
16,5,5839,completed,5763527
16,5,5840,completed,5763860
16,5,5841,completed,5984818
16,5,5842,completed,5993860
16,5,5843,completed,5994318
16,5,5844,completed,5995693
16,5,5845,completed,5996693
16,5,5846,completed,5997651
16,5,5847,completed,5998568
16,5,5848,completed,5999401
16,5,5849,completed,6000235
16,5,5850,completed,6000943
16,5,5851,completed,6001651
16,5,5852,completed,6002485
16,5,5853,completed,6003193
16,5,5854,completed,6004193
16,5,5855,completed,6019151
16,5,5856,completed,6035026
16,5,5857,completed,5933776
16,5,5858,completed,5943401
16,5,5859,completed,5943943
16,5,5860,completed,5945777
16,5,5861,completed,5947152
16,5,5862,completed,5948901
16,5,5863,completed,5950401
16,5,5864,completed,5952068
16,5,5865,completed,5953651
16,5,5866,completed,5954777
16,5,5867,completed,5956277
16,5,5868,completed,5957277
16,5,5869,completed,5958777
16,5,5870,completed,5960069
16,5,5871,completed,5961569
16,5,5872,completed,5958943
16,5,5873,completed,6017360
16,5,5874,completed,6016693
16,5,5875,completed,6016568
16,5,5876,completed,6016693
16,5,5877,completed,6016985
16,5,5878,completed,6017443
16,5,5879,completed,6017776
16,5,5880,completed,6018152
16,5,5881,completed,6018401
16,5,5882,completed,6018651
16,5,5883,completed,6019068
16,5,5884,completed,6019318
16,5,5885,completed,6019568
16,5,5886,completed,6019860
16,5,5887,completed,6020318
16,5,5888,completed,6020693
16,5,5889,completed,5929026
16,5,5890,completed,5941443
16,5,5891,completed,5943318
16,5,5892,completed,5945443
16,5,5893,completed,5947818
16,5,5894,completed,5949818
16,5,5895,completed,5951901
16,5,5896,completed,5953943
16,5,5897,completed,5956027
16,5,5898,completed,5957860
16,5,5899,completed,5960026
16,5,5900,completed,5961610
16,5,5901,completed,5962068
16,5,5902,completed,5963401
16,5,5903,completed,5963943
16,5,5904,completed,5964860
16,5,5905,completed,5863943
16,5,5906,completed,5865152
16,5,5907,completed,5865735
16,5,5908,completed,5866735
16,5,5909,completed,5867610
16,5,5910,completed,5868402
16,5,5911,completed,5869527
16,5,5912,completed,5870277
16,5,5913,completed,5871110
16,5,5914,completed,5871777
16,5,5915,completed,5872569
16,5,5916,completed,5873277
16,5,5917,completed,5874194
16,5,5918,completed,5875235
16,5,5919,completed,5876027
16,5,5920,completed,5876860
16,5,5921,completed,5998360
16,5,5922,completed,6001568
16,5,5923,completed,6001902
16,5,5924,completed,6002276
16,5,5925,completed,6002901
16,5,5926,completed,6003443
16,5,5927,completed,6003902
16,5,5928,completed,6004485
16,5,5929,completed,6005026
16,5,5930,completed,6005526
16,5,5931,completed,6006151
16,5,5932,completed,6006693
16,5,5933,completed,6007235
16,5,5934,completed,6007818
16,5,5935,completed,6008318
16,5,5936,completed,6009193
16,5,5937,completed,5958985
16,5,5938,completed,5979943
16,5,5939,completed,5982193
16,5,5940,completed,5984027
16,5,5941,completed,5986568
16,5,5942,completed,5988318
16,5,5943,completed,5990652
16,5,5944,completed,5992777
16,5,5945,completed,5994818
16,5,5946,completed,5996777
16,5,5947,completed,5999235
16,5,5948,completed,6001110
16,5,5949,completed,6002860
16,5,5950,completed,6005401
16,5,5951,completed,6007235
16,5,5952,completed,6009485
16,5,5953,completed,5903193
16,5,5954,completed,5903860
16,5,5955,completed,5904777
16,5,5956,completed,5906527
16,5,5957,completed,5907819
16,5,5958,completed,5908943
16,5,5959,completed,5910151
16,5,5960,completed,5911319
16,5,5961,completed,5912401
16,5,5962,completed,5913526
16,5,5963,completed,5914610
16,5,5964,completed,5915735
16,5,5965,completed,5916818
16,5,5966,completed,5918069
16,5,5967,completed,5919027
16,5,5968,completed,5920235
16,5,5969,completed,5924943
16,5,5970,completed,5923526
16,5,5971,completed,5923443
16,5,5972,completed,5923401
16,5,5973,completed,5923734
16,5,5974,completed,5923693
16,5,5975,completed,5923818
16,5,5976,completed,5924401
16,5,5977,completed,5924818
16,5,5978,completed,5924985
16,5,5979,completed,5925193
16,5,5980,completed,5925609
16,5,5981,completed,5925735
16,5,5982,completed,5926027
16,5,5983,completed,5926151
16,5,5984,completed,5926609
16,5,5985,completed,5957401
16,5,5986,completed,5959652
16,5,5987,completed,5960068
16,5,5988,completed,5961027
16,5,5989,completed,5962068
16,5,5990,completed,5963110
16,5,5991,completed,5963652
16,5,5992,completed,5964860
16,5,5993,completed,5965777
16,5,5994,completed,5966443
16,5,5995,completed,5967485
16,5,5996,completed,5968193
16,5,5997,completed,5968860
16,5,5998,completed,5969902
16,5,5999,completed,5970610
16,5,6000,completed,6008693
16,5,6001,completed,5789735
16,5,6002,completed,5790818
16,5,6003,completed,5791151
16,5,6004,completed,5791360
16,5,6005,completed,5792193
16,5,6006,completed,5792610
16,5,6007,completed,5793026
16,5,6008,completed,5793485
16,5,6009,completed,5793902
16,5,6010,completed,5794235
16,5,6011,completed,5794777
16,5,6012,completed,5795152
16,5,6013,completed,5795526
16,5,6014,completed,5795985
16,5,6015,completed,5796318
16,5,6016,completed,5767318
16,5,6017,completed,6166235
16,5,6018,completed,6173568
16,5,6019,completed,6174068
16,5,6020,completed,6175109
16,5,6021,completed,6176360
16,5,6022,completed,6177234
16,5,6023,completed,6177984
16,5,6024,completed,6178942
16,5,6025,completed,6179776
16,5,6026,completed,6180443
16,5,6027,completed,6181276
16,5,6028,completed,6182151
16,5,6029,completed,6183067
16,5,6030,completed,6183942
16,5,6031,completed,6184484
16,5,6032,completed,6185609
16,5,6033,completed,5923193
16,5,6034,completed,5931277
16,5,6035,completed,5932318
16,5,6036,completed,5933568
16,5,6037,completed,5934777
16,5,6038,completed,5936069
16,5,6039,completed,5937110
16,5,6040,completed,5937943
16,5,6041,completed,5938819
16,5,6042,completed,5939610
16,5,6043,completed,5940902
16,5,6044,completed,5941735
16,5,6045,completed,5942610
16,5,6046,completed,5943527
16,5,6047,completed,5944318
16,5,6048,completed,5945485
16,5,6049,completed,5930735
16,5,6050,completed,5930901
16,5,6051,completed,5931360
16,5,6052,completed,5931819
16,5,6053,completed,5932527
16,5,6054,completed,5933110
16,5,6055,completed,5933777
16,5,6056,completed,5934652
16,5,6057,completed,5935443
16,5,6058,completed,5936193
16,5,6059,completed,5936985
16,5,6060,completed,5937693
16,5,6061,completed,5938443
16,5,6062,completed,5939235
16,5,6063,completed,5940151
16,5,6064,completed,5941026
16,5,6065,completed,6022401
16,5,6066,completed,6035567
16,5,6067,completed,6036151
16,5,6068,completed,6037068
16,5,6069,completed,6038068
16,5,6070,completed,6038568
16,5,6071,completed,6039734
16,5,6072,completed,6040359
16,5,6073,completed,6041151
16,5,6074,completed,6041610
16,5,6075,completed,6042401
16,5,6076,completed,6042943
16,5,6077,completed,6043442
16,5,6078,completed,6044401
16,5,6079,completed,6044901
16,5,6080,completed,6045693
16,5,6081,completed,5971443
16,5,6082,completed,5989068
16,5,6083,completed,5989818
16,5,6084,completed,5991109
16,5,6085,completed,5992568
16,5,6086,completed,5993818
16,5,6087,completed,5994901
16,5,6088,completed,5995901
16,5,6089,completed,5996902
16,5,6090,completed,5997901
16,5,6091,completed,5998734
16,5,6092,completed,5999567
16,5,6093,completed,6000734
16,5,6094,completed,6002151
16,5,6095,completed,6003234
16,5,6096,completed,6004776
16,5,6097,completed,5844277
16,5,6098,completed,5853194
16,5,6099,completed,5853568
16,5,6100,completed,5853652
16,5,6101,completed,5854485
16,5,6102,completed,5854901
16,5,6103,completed,5854527
16,5,6104,completed,5855152
16,5,6105,completed,5855652
16,5,6106,completed,5856193
16,5,6107,completed,5855360
16,5,6108,completed,5855735
16,5,6109,completed,5856527
16,5,6110,completed,5857110
16,5,6111,completed,5857860
16,5,6112,completed,5849110
16,5,6113,completed,5936193
16,5,6114,completed,5941985
16,5,6115,completed,5942318
16,5,6116,completed,5943026
16,5,6117,completed,5943984
16,5,6118,completed,5944818
16,5,6119,completed,5945818
16,5,6120,completed,5946609
16,5,6121,completed,5947402
16,5,6122,completed,5948151
16,5,6123,completed,5949068
16,5,6124,completed,5949818
16,5,6125,completed,5950776
16,5,6126,completed,5951693
16,5,6127,completed,5952276
16,5,6128,completed,5953110
16,5,6129,completed,6015151
16,5,6130,completed,6033568
16,5,6131,completed,6035359
16,5,6132,completed,6037651
16,5,6133,completed,6039651
16,5,6134,completed,6041735
16,5,6135,completed,6043526
16,5,6136,completed,6045193
16,5,6137,completed,6046943
16,5,6138,completed,6048901
16,5,6139,completed,6050860
16,5,6140,completed,6052527
16,5,6141,completed,6054234
16,5,6142,completed,6056401
16,5,6143,completed,6057901
16,5,6144,completed,6060609
16,5,6145,completed,6034360
16,5,6146,completed,6042109
16,5,6147,completed,6041943
16,5,6148,completed,6042526
16,5,6149,completed,6043277
16,5,6150,completed,6043693
16,5,6151,completed,6044026
16,5,6152,completed,6044359
16,5,6153,completed,6044526
16,5,6154,completed,6044735
16,5,6155,completed,6044984
16,5,6156,completed,6045193
16,5,6157,completed,6045402
16,5,6158,completed,6045985
16,5,6159,completed,6046110
16,5,6160,completed,6046401
16,5,6161,completed,5913610
16,5,6162,completed,5925652
16,5,6163,completed,5927818
16,5,6164,completed,5929859
16,5,6165,completed,5931860
16,5,6166,completed,5934109
16,5,6167,completed,5936443
16,5,6168,completed,5938360
16,5,6169,completed,5940651
16,5,6170,completed,5942527
16,5,6171,completed,5944485
16,5,6172,completed,5968318
16,5,6173,completed,5970818
16,5,6174,completed,5972985
16,5,6175,completed,6009234
16,5,6176,completed,6029026
16,5,6177,completed,5840818
16,5,6178,completed,5843235
16,5,6179,completed,5842485
16,5,6180,completed,5841819
16,5,6181,completed,5833361
16,5,6182,completed,5832819
16,5,6183,completed,5832068
16,5,6184,completed,5831235
16,5,6185,completed,5830611
16,5,6186,completed,5829902
16,5,6187,completed,5829318
16,5,6188,completed,5826943
16,5,6189,completed,5826694
16,5,6190,completed,5826485
16,5,6191,completed,5826318
16,5,6192,completed,5767444
16,5,6193,completed,6000734
16,5,6194,completed,6005610
16,5,6195,completed,6006110
16,5,6196,completed,6006568
16,5,6197,completed,6007193
16,5,6198,completed,6007985
16,5,6199,completed,6008859
16,5,6200,completed,6009652
16,5,6201,completed,6010443
16,5,6202,completed,6011109
16,5,6203,completed,6011985
16,5,6204,completed,6012818
16,5,6205,completed,6013484
16,5,6206,completed,6014402
16,5,6207,completed,6014985
16,5,6208,completed,6015860
16,5,6209,completed,5973568
16,5,6210,completed,5984693
16,5,6211,completed,5986401
16,5,6212,completed,5988234
16,5,6213,completed,5990068
16,5,6214,completed,5991860
16,5,6215,completed,5993568
16,5,6216,completed,5995277
16,5,6217,completed,5996943
16,5,6218,completed,5998527
16,5,6219,completed,6000235
16,5,6220,completed,6001901
16,5,6221,completed,6003568
16,5,6222,completed,6005360
16,5,6223,completed,6006860
16,5,6224,completed,6008568
16,5,6225,completed,6604483
16,5,6226,completed,6601774
16,5,6227,completed,6601691
16,5,6228,completed,6601524
16,5,6229,completed,6601608
16,5,6230,completed,6601816
16,5,6231,completed,6601566
16,5,6232,completed,6601524
16,5,6233,completed,6601400
16,5,6234,completed,6601233
16,5,6235,completed,6601108
16,5,6236,completed,6600900
16,5,6237,completed,6600775
16,5,6238,completed,6600858
16,5,6239,completed,6600566
16,5,6240,completed,6600691
16,5,6241,completed,7930438
16,5,6242,completed,7944479
16,5,6243,completed,7946147
16,5,6244,completed,7947771
16,5,6245,completed,7949354
16,5,6246,completed,7951104
16,5,6247,completed,7952772
16,5,6248,completed,7954312
16,5,6249,completed,7955896
16,5,6250,completed,7957354
16,5,6251,completed,7958979
16,5,6252,completed,7960480
16,5,6253,completed,7961854
16,5,6254,completed,7963479
16,5,6255,completed,7964771
16,5,6256,completed,7966438
16,5,6257,completed,5943026
16,5,6258,completed,5939901
16,5,6259,completed,5939735
16,5,6260,completed,5939818
16,5,6261,completed,5940026
16,5,6262,completed,5940194
16,5,6263,completed,5940277
16,5,6264,completed,5940319
16,5,6265,completed,5940235
16,5,6266,completed,5940277
16,5,6267,completed,5940401
16,5,6268,completed,5940276
16,5,6269,completed,5940318
16,5,6270,completed,5940318
16,5,6271,completed,5940026
16,5,6272,completed,5939652
16,5,6273,completed,6010734
16,5,6274,completed,6005526
16,5,6275,completed,6005110
16,5,6276,completed,6005151
16,5,6277,completed,6005235
16,5,6278,completed,6005485
16,5,6279,completed,6005609
16,5,6280,completed,6005610
16,5,6281,completed,6005609
16,5,6282,completed,6005610
16,5,6283,completed,6005776
16,5,6284,completed,6005777
16,5,6285,completed,6005735
16,5,6286,completed,6005985
16,5,6287,completed,6005776
16,5,6288,completed,6005943
16,5,6289,completed,5989985
16,5,6290,completed,6001568
16,5,6291,completed,6002984
16,5,6292,completed,6004401
16,5,6293,completed,6006027
16,5,6294,completed,6007651
16,5,6295,completed,6009026
16,5,6296,completed,6010401
16,5,6297,completed,6011735
16,5,6298,completed,6013027
16,5,6299,completed,6014402
16,5,6300,completed,6015693
16,5,6301,completed,6016943
16,5,6302,completed,6018402
16,5,6303,completed,6019610
16,5,6304,completed,6021068
16,5,6305,completed,5903943
16,5,6306,completed,5899777
16,5,6307,completed,5899527
16,5,6308,completed,5899735
16,5,6309,completed,5899985
16,5,6310,completed,5900193
16,5,6311,completed,5900527
16,5,6312,completed,5900610
16,5,6313,completed,5900693
16,5,6314,completed,5900776
16,5,6315,completed,5900943
16,5,6316,completed,5900985
16,5,6317,completed,5900985
16,5,6318,completed,5901360
16,5,6319,completed,5901443
16,5,6320,completed,5901610
16,5,6321,completed,5991860
16,5,6322,completed,6005901
16,5,6323,completed,6007734
16,5,6324,completed,6009818
16,5,6325,completed,6011860
16,5,6326,completed,6013901
16,5,6327,completed,6015943
16,5,6328,completed,6017943
16,5,6329,completed,6019860
16,5,6330,completed,6021776
16,5,6331,completed,6023860
16,5,6332,completed,6025693
16,5,6333,completed,6027568
16,5,6334,completed,6029651
16,5,6335,completed,6031193
16,5,6336,completed,6033276
16,5,6337,completed,5914026
16,5,6338,completed,5913860
16,5,6339,completed,5913735
16,5,6340,completed,5914193
16,5,6341,completed,5914901
16,5,6342,completed,5915485
16,5,6343,completed,5915985
16,5,6344,completed,5916276
16,5,6345,completed,5916651
16,5,6346,completed,5916944
16,5,6347,completed,5917276
16,5,6348,completed,5917526
16,5,6349,completed,6065734
16,5,6350,completed,6067193
16,5,6351,completed,6067485
16,5,6352,completed,6067943
16,5,6353,completed,5828277
16,5,6354,completed,5833360
16,5,6355,completed,5833943
16,5,6356,completed,5834610
16,5,6357,completed,5835276
16,5,6358,completed,5835985
16,5,6359,completed,5836652
16,5,6360,completed,5837193
16,5,6361,completed,5837777
16,5,6362,completed,5838360
16,5,6363,completed,5838943
16,5,6364,completed,5839569
16,5,6365,completed,5840152
16,5,6366,completed,5840818
16,5,6367,completed,5841277
16,5,6368,completed,5842110
16,5,6369,completed,5950694
16,5,6370,completed,5955735
16,5,6371,completed,5956360
16,5,6372,completed,5956901
16,5,6373,completed,5957485
16,5,6374,completed,5958235
16,5,6375,completed,5958860
16,5,6376,completed,5959402
16,5,6377,completed,5960068
16,5,6378,completed,5960610
16,5,6379,completed,5961443
16,5,6380,completed,5962151
16,5,6381,completed,5962776
16,5,6382,completed,5963526
16,5,6383,completed,5963985
16,5,6384,completed,5964693
16,5,6385,completed,5611402
16,5,6386,completed,5615694
16,5,6387,completed,5616111
16,5,6388,completed,5616485
16,5,6389,completed,5617319
16,5,6390,completed,5617778
16,5,6391,completed,5618194
16,5,6392,completed,5618527
16,5,6393,completed,5618985
16,5,6394,completed,5619527
16,5,6395,completed,5620027
16,5,6396,completed,5620444
16,5,6397,completed,5620819
16,5,6398,completed,5621194
16,5,6399,completed,5621694
16,5,6400,completed,5622236
16,5,6401,completed,6288026
16,5,6402,completed,6293942
16,5,6403,completed,6294484
16,5,6404,completed,6295026
16,5,6405,completed,6296109
16,5,6406,completed,6296733
16,5,6407,completed,6297359
16,5,6408,completed,6297734
16,5,6409,completed,6298567
16,5,6410,completed,6299150
16,5,6411,completed,6299775
16,5,6412,completed,6300317
16,5,6413,completed,6300650
16,5,6414,completed,6301067
16,5,6415,completed,6301692
16,5,6416,completed,6302275
16,5,6417,completed,6027151
16,5,6418,completed,6109193
16,5,6419,completed,6133068
16,5,6420,completed,6147193
16,5,6421,completed,6165734
16,5,6422,completed,6167151
16,5,6423,completed,6168984
16,5,6424,completed,6170693
16,5,6425,completed,6172484
16,5,6426,completed,6174276
16,5,6427,completed,6195318
16,5,6428,completed,6206193
16,5,6429,completed,6207734
16,5,6430,completed,6209443
16,5,6431,completed,6211151
16,5,6432,completed,6214026
16,5,6433,completed,6002651
16,5,6434,completed,6013277
16,5,6435,completed,6022234
16,5,6436,completed,5988734
16,5,6437,completed,5980193
16,5,6438,completed,6004527
16,5,6439,completed,6014152
16,5,6440,completed,6015193
16,5,6441,completed,6016318
16,5,6442,completed,6017401
16,5,6443,completed,5999860
16,5,6444,completed,6000609
16,5,6445,completed,5999901
16,5,6446,completed,6001318
16,5,6447,completed,6002276
16,5,6448,completed,5996193
16,5,6449,completed,5944984
16,5,6450,completed,5938901
16,5,6451,completed,5925943
16,5,6452,completed,5926110
16,5,6453,completed,5926609
16,5,6454,completed,5886610
16,5,6455,completed,5873068
16,5,6456,completed,5872610
16,5,6457,completed,5872401
16,5,6458,completed,5872110
16,5,6459,completed,5872360
16,5,6460,completed,5872277
16,5,6461,completed,5872110
16,5,6462,completed,5872110
16,5,6463,completed,5872318
16,5,6464,completed,5872652
16,5,6465,completed,5889944
16,5,6466,completed,5898110
16,5,6467,completed,5898610
16,5,6468,completed,5899402
16,5,6469,completed,5900360
16,5,6470,completed,5901068
16,5,6471,completed,5902026
16,5,6472,completed,5902818
16,5,6473,completed,5902360
16,5,6474,completed,5903152
16,5,6475,completed,5903818
16,5,6476,completed,5904235
16,5,6477,completed,5905027
16,5,6478,completed,5905818
16,5,6479,completed,5899027
16,5,6480,completed,5899943
16,5,6481,completed,5924943
16,5,6482,completed,5933985
16,5,6483,completed,5934569
16,5,6484,completed,5935568
16,5,6485,completed,5936860
16,5,6486,completed,5937443
16,5,6487,completed,5938194
16,5,6488,completed,5938943
16,5,6489,completed,5939860
16,5,6490,completed,5940651
16,5,6491,completed,5941402
16,5,6492,completed,5941776
16,5,6493,completed,5942277
16,5,6494,completed,5942652
16,5,6495,completed,5943235
16,5,6496,completed,5943943
16,5,6497,completed,5987234
16,5,6498,completed,5996859
16,5,6499,completed,5997443
16,5,6500,completed,5998109
16,5,6501,completed,5999068
16,5,6502,completed,5999568
16,5,6503,completed,6000193
16,5,6504,completed,6000818
16,5,6505,completed,6001609
16,5,6506,completed,6002485
16,5,6507,completed,6003318
16,5,6508,completed,6004193
16,5,6509,completed,6004735
16,5,6510,completed,6005526
16,5,6511,completed,6006402
16,5,6512,completed,6007193
16,5,6513,completed,6003860
16,5,6514,completed,6021652
16,5,6515,completed,6022359
16,5,6516,completed,6023151
16,5,6517,completed,6024610
16,5,6518,completed,6024985
16,5,6519,completed,6026777
16,5,6520,completed,6027318
16,5,6521,completed,6028234
16,5,6522,completed,6029276
16,5,6523,completed,6029985
16,5,6524,completed,6030527
16,5,6525,completed,6031276
16,5,6526,completed,6032151
16,5,6527,completed,6033152
16,5,6528,completed,6034402
16,5,6529,completed,5315112
16,5,6530,completed,5320903
16,5,6531,completed,5321278
16,5,6532,completed,5321945
16,5,6533,completed,5322612
16,5,6534,completed,5323195
16,5,6535,completed,5323904
16,5,6536,completed,5330570
16,5,6537,completed,5331195
16,5,6538,completed,5331903
16,5,6539,completed,5332569
16,5,6540,completed,5333028
16,5,6541,completed,5333486
16,5,6542,completed,5334153
16,5,6543,completed,5334945
16,5,6544,completed,5335486
16,5,6545,completed,6219193
16,5,6546,completed,6220734
16,5,6547,completed,6221359
16,5,6548,completed,6221859
16,5,6549,completed,6222526
16,5,6550,completed,6222776
16,5,6551,completed,6223318
16,5,6552,completed,6223859
16,5,6553,completed,6224442
16,5,6554,completed,6225109
16,5,6555,completed,6225692
16,5,6556,completed,6226109
16,5,6557,completed,6226526
16,5,6558,completed,6227234
16,5,6559,completed,6227900
16,5,6560,completed,6228693
16,5,6561,completed,6197943
16,5,6562,completed,6208109
16,5,6563,completed,6208942
16,5,6564,completed,6209776
16,5,6565,completed,6211276
16,5,6566,completed,6211650
16,5,6567,completed,6212484
16,5,6568,completed,6213234
16,5,6569,completed,6213984
16,5,6570,completed,6214942
16,5,6571,completed,6215734
16,5,6572,completed,6216234
16,5,6573,completed,6216900
16,5,6574,completed,6217734
16,5,6575,completed,6218567
16,5,6576,completed,6219609
16,5,6577,completed,5956610
16,5,6578,completed,5973235
16,5,6579,completed,5973901
16,5,6580,completed,5974610
16,5,6581,completed,5975777
16,5,6582,completed,5976360
16,5,6583,completed,5977193
16,5,6584,completed,5977985
16,5,6585,completed,5978776
16,5,6586,completed,5979818
16,5,6587,completed,5980360
16,5,6588,completed,5980818
16,5,6589,completed,5981485
16,5,6590,completed,5982276
16,5,6591,completed,5983234
16,5,6592,completed,5985027
16,5,6593,completed,5917110
16,5,6594,completed,5938819
16,5,6595,completed,5939569
16,5,6596,completed,5940610
16,5,6597,completed,5941944
16,5,6598,completed,5942568
16,5,6599,completed,5943860
16,5,6600,completed,5945152
16,5,6601,completed,5946402
16,5,6602,completed,5948443
16,5,6603,completed,5949735
16,5,6604,completed,5950693
16,5,6605,completed,5952110
16,5,6606,completed,5953027
16,5,6607,completed,5953902
16,5,6608,completed,5955152
16,5,6609,completed,5924735
16,5,6610,completed,5921693
16,5,6611,completed,5922485
16,5,6612,completed,5923193
16,5,6613,completed,5923651
16,5,6614,completed,5924068
16,5,6615,completed,5924693
16,5,6616,completed,5925402
16,5,6617,completed,5926610
16,5,6618,completed,5927776
16,5,6619,completed,5928652
16,5,6620,completed,5929360
16,5,6621,completed,5929985
16,5,6622,completed,5930985
16,5,6623,completed,5931985
16,5,6624,completed,5932819
16,5,6625,completed,6008568
16,5,6626,completed,6018651
16,5,6627,completed,6019943
16,5,6628,completed,6020901
16,5,6629,completed,6022110
16,5,6630,completed,6022943
16,5,6631,completed,6023984
16,5,6632,completed,6025193
16,5,6633,completed,6026276
16,5,6634,completed,6027401
16,5,6635,completed,6028401
16,5,6636,completed,6029276
16,5,6637,completed,6030193
16,5,6638,completed,6031235
16,5,6639,completed,6032026
16,5,6640,completed,6032276
16,5,6641,completed,5847943
16,5,6642,completed,5847027
16,5,6643,completed,5847276
16,5,6644,completed,5847444
16,5,6645,completed,5847902
16,5,6646,completed,5848027
16,5,6647,completed,5848443
16,5,6648,completed,5848860
16,5,6649,completed,5849401
16,5,6650,completed,5849777
16,5,6651,completed,5850235
16,5,6652,completed,5850610
16,5,6653,completed,5851110
16,5,6654,completed,5851693
16,5,6655,completed,5852235
16,5,6656,completed,5852527
16,5,6657,completed,5421319
16,5,6658,completed,5428403
16,5,6659,completed,5429611
16,5,6660,completed,5430528
16,5,6661,completed,5431986
16,5,6662,completed,5432694
16,5,6663,completed,5433486
16,5,6664,completed,5434236
16,5,6665,completed,5435569
16,5,6666,completed,5436569
16,5,6667,completed,5437361
16,5,6668,completed,5438028
16,5,6669,completed,5440027
16,5,6670,completed,5440778
16,5,6671,completed,5441986
16,5,6672,completed,5443361
16,5,6673,completed,6484483
16,5,6674,completed,6485234
16,5,6675,completed,6486025
16,5,6676,completed,6486858
16,5,6677,completed,6487984
16,5,6678,completed,6479942
16,5,6679,completed,6480817
16,5,6680,completed,6481858
16,5,6681,completed,6482775
16,5,6682,completed,6483775
16,5,6683,completed,6484775
16,5,6684,completed,6485692
16,5,6685,completed,6486567
16,5,6686,completed,6487567
16,5,6687,completed,6496150
16,5,6688,completed,6497234
16,5,6689,completed,6012359
16,5,6690,completed,6030651
16,5,6691,completed,6032276
16,5,6692,completed,6033693
16,5,6693,completed,6035985
16,5,6694,completed,6037318
16,5,6695,completed,6038859
16,5,6696,completed,6040568
16,5,6697,completed,6042443
16,5,6698,completed,6044318
16,5,6699,completed,6046193
16,5,6700,completed,6047860
16,5,6701,completed,6049776
16,5,6702,completed,6051568
16,5,6703,completed,6053110
16,5,6704,completed,6055068
16,5,6705,completed,5886985
16,5,6706,completed,5891943
16,5,6707,completed,5892610
16,5,6708,completed,5892901
16,5,6709,completed,5893734
16,5,6710,completed,5894109
16,5,6711,completed,5894693
16,5,6712,completed,5895276
16,5,6713,completed,5895902
16,5,6714,completed,5896610
16,5,6715,completed,5897027
16,5,6716,completed,5897485
16,5,6717,completed,5898193
16,5,6718,completed,5898818
16,5,6719,completed,5899527
16,5,6720,completed,5899860
16,5,6721,completed,5929818
16,5,6722,completed,5929276
16,5,6723,completed,5929943
16,5,6724,completed,5930526
16,5,6725,completed,5931318
16,5,6726,completed,5931818
16,5,6727,completed,5932360
16,5,6728,completed,5932901
16,5,6729,completed,5933443
16,5,6730,completed,5934027
16,5,6731,completed,5934610
16,5,6732,completed,5935109
16,5,6733,completed,5935276
16,5,6734,completed,5935735
16,5,6735,completed,5936068
16,5,6736,completed,5936568
16,5,6737,completed,5961443
16,5,6738,completed,5965027
16,5,6739,completed,5965610
16,5,6740,completed,5966027
16,5,6741,completed,5968068
16,5,6742,completed,5968651
16,5,6743,completed,5969443
16,5,6744,completed,5970068
16,5,6745,completed,5970693
16,5,6746,completed,5971318
16,5,6747,completed,5971943
16,5,6748,completed,5972443
16,5,6749,completed,5972985
16,5,6750,completed,5973859
16,5,6751,completed,5974443
16,5,6752,completed,5965901
16,5,6753,completed,5983901
16,5,6754,completed,5986943
16,5,6755,completed,5987818
16,5,6756,completed,5988610
16,5,6757,completed,5989818
16,5,6758,completed,5990610
16,5,6759,completed,5991693
16,5,6760,completed,5992735
16,5,6761,completed,5993776
16,5,6762,completed,5994902
16,5,6763,completed,5995901
16,5,6764,completed,5996902
16,5,6765,completed,5997943
16,5,6766,completed,5999027
16,5,6767,completed,6000235
16,5,6768,completed,6001652
16,5,6769,completed,6096026
16,5,6770,completed,6114110
16,5,6771,completed,6115567
16,5,6772,completed,6117026
16,5,6773,completed,6118776
16,5,6774,completed,6119860
16,5,6775,completed,6121401
16,5,6776,completed,6122942
16,5,6777,completed,6124359
16,5,6778,completed,6125651
16,5,6779,completed,6126943
16,5,6780,completed,6127943
16,5,6781,completed,6129151
16,5,6782,completed,6130318
16,5,6783,completed,6123068
16,5,6784,completed,6176400
16,5,6785,completed,5590694
16,5,6786,completed,5613319
16,5,6787,completed,5612986
16,5,6788,completed,5630944
16,5,6789,completed,5637861
16,5,6790,completed,5638236
16,5,6791,completed,5637985
16,5,6792,completed,5637944
16,5,6793,completed,5637819
16,5,6794,completed,5637819
16,5,6795,completed,5637652
16,5,6796,completed,5637486
16,5,6797,completed,5638236
16,5,6798,completed,5639152
16,5,6799,completed,5659611
16,5,6800,completed,5607736
16,5,6801,completed,6150401
16,5,6802,completed,6154068
16,5,6803,completed,6154526
16,5,6804,completed,6131609
16,5,6805,completed,6131193
16,5,6806,completed,6132484
16,5,6807,completed,6132317
16,5,6808,completed,6133318
16,5,6809,completed,6134318
16,5,6810,completed,6127651
16,5,6811,completed,6128193
16,5,6812,completed,6128901
16,5,6813,completed,6129485
16,5,6814,completed,6130193
16,5,6815,completed,6099067
16,5,6816,completed,6126776
16,5,6817,completed,6003526
16,5,6818,completed,6009942
16,5,6819,completed,6011068
16,5,6820,completed,6012318
16,5,6821,completed,6014234
16,5,6822,completed,6015818
16,5,6823,completed,6016818
16,5,6824,completed,6018068
16,5,6825,completed,6019276
16,5,6826,completed,6020609
16,5,6827,completed,6021859
16,5,6828,completed,6023192
16,5,6829,completed,6024234
16,5,6830,completed,6025317
16,5,6831,completed,6062817
16,5,6832,completed,6059235
16,5,6833,completed,6051777
16,5,6834,completed,6053693
16,5,6835,completed,6053985
16,5,6836,completed,6054610
16,5,6837,completed,6055527
16,5,6838,completed,6056026
16,5,6839,completed,6056610
16,5,6840,completed,6069276
16,5,6841,completed,6069984
16,5,6842,completed,6070734
16,5,6843,completed,6071651
16,5,6844,completed,6097360
16,5,6845,completed,6100609
16,5,6846,completed,6103234
16,5,6847,completed,6090235
16,5,6848,completed,6090151
16,5,6849,completed,5850694
16,5,6850,completed,5855277
16,5,6851,completed,5855193
16,5,6852,completed,5855485
16,5,6853,completed,5855818
16,5,6854,completed,5856027
16,5,6855,completed,5856068
16,5,6856,completed,5856276
16,5,6857,completed,5854985
16,5,6858,completed,5855568
16,5,6859,completed,5856235
16,5,6860,completed,5855277
16,5,6861,completed,5855818
16,5,6862,completed,5834277
16,5,6863,completed,5817652
16,5,6864,completed,5817818
16,5,6865,completed,5973402
16,5,6866,completed,5988151
16,5,6867,completed,5989026
16,5,6868,completed,5990109
16,5,6869,completed,5992026
16,5,6870,completed,5993359
16,5,6871,completed,5994110
16,5,6872,completed,5995401
16,5,6873,completed,5997068
16,5,6874,completed,5998568
16,5,6875,completed,5999568
16,5,6876,completed,6000860
16,5,6877,completed,6001693
16,5,6878,completed,6002568
16,5,6879,completed,6003568
16,5,6880,completed,6004901
16,5,6881,completed,5939901
16,5,6882,completed,5941068
16,5,6883,completed,5941902
16,5,6884,completed,5943068
16,5,6885,completed,5944527
16,5,6886,completed,5953360
16,5,6887,completed,5954777
16,5,6888,completed,5955693
16,5,6889,completed,5956568
16,5,6890,completed,5957569
16,5,6891,completed,5958652
16,5,6892,completed,5959526
16,5,6893,completed,5960235
16,5,6894,completed,5960943
16,5,6895,completed,5961610
16,5,6896,completed,5962777
16,5,6897,completed,5867651
16,5,6898,completed,5880069
16,5,6899,completed,5880985
16,5,6900,completed,5881985
16,5,6901,completed,5882944
16,5,6902,completed,5883943
16,5,6903,completed,5884735
16,5,6904,completed,5885693
16,5,6905,completed,5886569
16,5,6906,completed,5887402
16,5,6907,completed,5888485
16,5,6908,completed,5889693
16,5,6909,completed,5890651
16,5,6910,completed,5891610
16,5,6911,completed,5892485
16,5,6912,completed,5893485
16,5,6913,completed,5712027
16,5,6914,completed,5725569
16,5,6915,completed,5726027
16,5,6916,completed,5727194
16,5,6917,completed,5754777
16,5,6918,completed,5759944
16,5,6919,completed,5760693
16,5,6920,completed,5761611
16,5,6921,completed,5762277
16,5,6922,completed,5763444
16,5,6923,completed,5764319
16,5,6924,completed,5788776
16,5,6925,completed,5791068
16,5,6926,completed,5798318
16,5,6927,completed,5799360
16,5,6928,completed,5800276
16,5,6929,completed,5576319
16,5,6930,completed,5576736
16,5,6931,completed,5577611
16,5,6932,completed,5578569
16,5,6933,completed,5579444
16,5,6934,completed,5580319
16,5,6935,completed,5581027
16,5,6936,completed,5581986
16,5,6937,completed,5582777
16,5,6938,completed,5583694
16,5,6939,completed,5584569
16,5,6940,completed,5584111
16,5,6941,completed,5570653
16,5,6942,completed,5571528
16,5,6943,completed,5572569
16,5,6944,completed,5573319
16,5,6945,completed,6077527
16,5,6946,completed,6082526
16,5,6947,completed,6082776
16,5,6948,completed,6083318
16,5,6949,completed,6084276
16,5,6950,completed,6084818
16,5,6951,completed,6085068
16,5,6952,completed,6085609
16,5,6953,completed,6086068
16,5,6954,completed,6086568
16,5,6955,completed,6087026
16,5,6956,completed,6087485
16,5,6957,completed,6087818
16,5,6958,completed,6088067
16,5,6959,completed,6088485
16,5,6960,completed,6089193
16,5,6961,completed,6104442
16,5,6962,completed,6127234
16,5,6963,completed,6128901
16,5,6964,completed,6130609
16,5,6965,completed,6132443
16,5,6966,completed,6134567
16,5,6967,completed,6135568
16,5,6968,completed,6136943
16,5,6969,completed,6138735
16,5,6970,completed,6140067
16,5,6971,completed,6141109
16,5,6972,completed,6142443
16,5,6973,completed,6143651
16,5,6974,completed,6144860
16,5,6975,completed,6146567
16,5,6976,completed,6148151
16,5,6977,completed,6262775
16,5,6978,completed,6270234
16,5,6979,completed,6271025
16,5,6980,completed,6272484
16,5,6981,completed,6273609
16,5,6982,completed,6275401
16,5,6983,completed,6276192
16,5,6984,completed,6277484
16,5,6985,completed,6278400
16,5,6986,completed,6279193
16,5,6987,completed,6279900
16,5,6988,completed,6280609
16,5,6989,completed,6281317
16,5,6990,completed,6282275
16,5,6991,completed,6282442
16,5,6992,completed,6283276
16,5,6993,completed,5861818
16,5,6994,completed,5874152
16,5,6995,completed,5875026
16,5,6996,completed,5875943
16,5,6997,completed,5877485
16,5,6998,completed,5879277
16,5,6999,completed,5879819
16,5,7000,completed,5881193
16,5,7001,completed,5882277
16,5,7002,completed,5883152
16,5,7003,completed,5884485
16,5,7004,completed,5885444
16,5,7005,completed,5886194
16,5,7006,completed,5887068
16,5,7007,completed,5887985
16,5,7008,completed,5888985
16,5,7009,completed,6055942
16,5,7010,completed,6063401
16,5,7011,completed,6064401
16,5,7012,completed,6065568
16,5,7013,completed,6067151
16,5,7014,completed,6068401
16,5,7015,completed,6069193
16,5,7016,completed,6070193
16,5,7017,completed,6071276
16,5,7018,completed,6072234
16,5,7019,completed,6072943
16,5,7020,completed,6103442
16,5,7021,completed,6109943
16,5,7022,completed,6111193
16,5,7023,completed,6112485
16,5,7024,completed,6112942
16,5,7025,completed,6008485
16,5,7026,completed,6013484
16,5,7027,completed,6013901
16,5,7028,completed,6014277
16,5,7029,completed,6014984
16,5,7030,completed,6015735
16,5,7031,completed,6016068
16,5,7032,completed,6016609
16,5,7033,completed,6017235
16,5,7034,completed,6017860
16,5,7035,completed,6018401
16,5,7036,completed,5995735
16,5,7037,completed,5994484
16,5,7038,completed,5994901
16,5,7039,completed,5995443
16,5,7040,completed,5987485
16,5,7041,completed,5905027
16,5,7042,completed,5925026
16,5,7043,completed,5927194
16,5,7044,completed,5929360
16,5,7045,completed,5932068
16,5,7046,completed,5934777
16,5,7047,completed,5936568
16,5,7048,completed,5938610
16,5,7049,completed,5939985
16,5,7050,completed,5942027
16,5,7051,completed,5944110
16,5,7052,completed,5946235
16,5,7053,completed,5947860
16,5,7054,completed,5949526
16,5,7055,completed,5951902
16,5,7056,completed,5953944
16,5,7057,completed,5910235
16,5,7058,completed,5911860
16,5,7059,completed,5912860
16,5,7060,completed,5913735
16,5,7061,completed,5915360
16,5,7062,completed,5916527
16,5,7063,completed,5917776
16,5,7064,completed,5918944
16,5,7065,completed,5920402
16,5,7066,completed,5921610
16,5,7067,completed,5922901
16,5,7068,completed,5923985
16,5,7069,completed,5924985
16,5,7070,completed,5926069
16,5,7071,completed,5927360
16,5,7072,completed,5928568
16,5,7073,completed,5923943
16,5,7074,completed,5926401
16,5,7075,completed,5926693
16,5,7076,completed,5926818
16,5,7077,completed,5927110
16,5,7078,completed,5927276
16,5,7079,completed,5927318
16,5,7080,completed,5927693
16,5,7081,completed,5927985
16,5,7082,completed,5928485
16,5,7083,completed,5928902
16,5,7084,completed,5929151
16,5,7085,completed,5929360
16,5,7086,completed,5929610
16,5,7087,completed,5929943
16,5,7088,completed,5930402
16,5,7089,completed,5953985
16,5,7090,completed,5961235
16,5,7091,completed,5961901
16,5,7092,completed,5962943
16,5,7093,completed,5964193
16,5,7094,completed,5965110
16,5,7095,completed,5965734
16,5,7096,completed,5966568
16,5,7097,completed,5967485
16,5,7098,completed,5968277
16,5,7099,completed,5968985
16,5,7100,completed,5969776
16,5,7101,completed,5970485
16,5,7102,completed,5971235
16,5,7103,completed,5972110
16,5,7104,completed,5972652
16,5,7105,completed,5999276
16,5,7106,completed,5998817
16,5,7107,completed,5999109
16,5,7108,completed,6000026
16,5,7109,completed,6001026
16,5,7110,completed,6001734
16,5,7111,completed,6002318
16,5,7112,completed,6002943
16,5,7113,completed,6003568
16,5,7114,completed,6004192
16,5,7115,completed,6004818
16,5,7116,completed,6005484
16,5,7117,completed,6006151
16,5,7118,completed,6006818
16,5,7119,completed,6007568
16,5,7120,completed,6008526
16,5,7121,completed,5893610
16,5,7122,completed,5897401
16,5,7123,completed,5898360
16,5,7124,completed,5899568
16,5,7125,completed,5901069
16,5,7126,completed,5902360
16,5,7127,completed,5903444
16,5,7128,completed,5904985
16,5,7129,completed,5906402
16,5,7130,completed,5907902
16,5,7131,completed,5909318
16,5,7132,completed,5910735
16,5,7133,completed,5912110
16,5,7134,completed,5913485
16,5,7135,completed,5914943
16,5,7136,completed,5916110
16,5,7137,completed,5682193
16,5,7138,completed,5692110
16,5,7139,completed,5692361
16,5,7140,completed,5692443
16,5,7141,completed,5692819
16,5,7142,completed,5692527
16,5,7143,completed,5692277
16,5,7144,completed,5692360
16,5,7145,completed,5681402
16,5,7146,completed,5681194
16,5,7147,completed,5680903
16,5,7148,completed,5680777
16,5,7149,completed,5680486
16,5,7150,completed,5680277
16,5,7151,completed,5680152
16,5,7152,completed,5679819
16,5,7153,completed,6208276
16,5,7154,completed,6212109
16,5,7155,completed,6212942
16,5,7156,completed,6213651
16,5,7157,completed,6214234
16,5,7158,completed,6215067
16,5,7159,completed,6215943
16,5,7160,completed,6217068
16,5,7161,completed,6217942
16,5,7162,completed,6218859
16,5,7163,completed,6219776
16,5,7164,completed,6220693
16,5,7165,completed,6221526
16,5,7166,completed,6222442
16,5,7167,completed,6223359
16,5,7168,completed,6224067
16,5,7169,completed,6092318
16,5,7170,completed,6096818
16,5,7171,completed,6097693
16,5,7172,completed,6098568
16,5,7173,completed,6100026
16,5,7174,completed,6100776
16,5,7175,completed,6101192
16,5,7176,completed,6101901
16,5,7177,completed,6102568
16,5,7178,completed,6103442
16,5,7179,completed,6104443
16,5,7180,completed,6105318
16,5,7181,completed,6106026
16,5,7182,completed,6106610
16,5,7183,completed,6107110
16,5,7184,completed,6107568
16,5,7185,completed,5873026
16,5,7186,completed,5869777
16,5,7187,completed,5870277
16,5,7188,completed,5870610
16,5,7189,completed,5871485
16,5,7190,completed,5872069
16,5,7191,completed,5872444
16,5,7192,completed,5872985
16,5,7193,completed,5873568
16,5,7194,completed,5874485
16,5,7195,completed,5875068
16,5,7196,completed,5875652
16,5,7197,completed,5876110
16,5,7198,completed,5876610
16,5,7199,completed,5877193
16,5,7200,completed,5878027
16,5,7201,completed,5948818
16,5,7202,completed,5953526
16,5,7203,completed,5954776
16,5,7204,completed,5956026
16,5,7205,completed,5957776
16,5,7206,completed,5959026
16,5,7207,completed,5960318
16,5,7208,completed,5961901
16,5,7209,completed,5963402
16,5,7210,completed,5965109
16,5,7211,completed,5966652
16,5,7212,completed,5968151
16,5,7213,completed,5969610
16,5,7214,completed,5971151
16,5,7215,completed,5972693
16,5,7216,completed,5974068
16,5,7217,completed,5961234
16,5,7218,completed,5964484
16,5,7219,completed,5964652
16,5,7220,completed,5964776
16,5,7221,completed,5965235
16,5,7222,completed,5965568
16,5,7223,completed,5965818
16,5,7224,completed,5966193
16,5,7225,completed,5966776
16,5,7226,completed,5967276
16,5,7227,completed,5967568
16,5,7228,completed,5968026
16,5,7229,completed,5968527
16,5,7230,completed,5969068
16,5,7231,completed,5970109
16,5,7232,completed,5970777
16,5,7233,completed,5976901
16,5,7234,completed,5986443
16,5,7235,completed,5987277
16,5,7236,completed,5988610
16,5,7237,completed,5989985
16,5,7238,completed,5991651
16,5,7239,completed,5992568
16,5,7240,completed,5993651
16,5,7241,completed,5994943
16,5,7242,completed,5996318
16,5,7243,completed,5997360
16,5,7244,completed,5998401
16,5,7245,completed,5999402
16,5,7246,completed,6000402
16,5,7247,completed,6001402
16,5,7248,completed,6002526
16,5,7249,completed,5975985
16,5,7250,completed,5984860
16,5,7251,completed,5985610
16,5,7252,completed,5986401
16,5,7253,completed,5987902
16,5,7254,completed,5989276
16,5,7255,completed,5990110
16,5,7256,completed,5991193
16,5,7257,completed,5992193
16,5,7258,completed,5993110
16,5,7259,completed,5993776
16,5,7260,completed,5994609
16,5,7261,completed,5995402
16,5,7262,completed,5996152
16,5,7263,completed,5996985
16,5,7264,completed,5997735
16,5,7265,completed,5719402
16,5,7266,completed,5736652
16,5,7267,completed,5738236
16,5,7268,completed,5740277
16,5,7269,completed,5742693
16,5,7270,completed,5744944
16,5,7271,completed,5746402
16,5,7272,completed,5748485
16,5,7273,completed,5750318
16,5,7274,completed,5752152
16,5,7275,completed,5753819
16,5,7276,completed,5755569
16,5,7277,completed,5757110
16,5,7278,completed,5758652
16,5,7279,completed,5760527
16,5,7280,completed,5762694
16,5,7281,completed,6049401
16,5,7282,completed,6047652
16,5,7283,completed,6048693
16,5,7284,completed,6049485
16,5,7285,completed,6050443
16,5,7286,completed,6050985
16,5,7287,completed,6051443
16,5,7288,completed,6052110
16,5,7289,completed,6052651
16,5,7290,completed,6053443
16,5,7291,completed,6054026
16,5,7292,completed,6054568
16,5,7293,completed,6055068
16,5,7294,completed,6055610
16,5,7295,completed,6056152
16,5,7296,completed,6056818
16,5,7297,completed,5402819
16,5,7298,completed,5405278
16,5,7299,completed,5405653
16,5,7300,completed,5406569
16,5,7301,completed,5407486
16,5,7302,completed,5408236
16,5,7303,completed,5408819
16,5,7304,completed,5409527
16,5,7305,completed,5403569
16,5,7306,completed,5404319
16,5,7307,completed,5405028
16,5,7308,completed,5405653
16,5,7309,completed,5406237
16,5,7310,completed,5406861
16,5,7311,completed,5407528
16,5,7312,completed,5408111
16,5,7313,completed,6520983
16,5,7314,completed,6530650
16,5,7315,completed,6531234
16,5,7316,completed,6531734
16,5,7317,completed,6532608
16,5,7318,completed,6533567
16,5,7319,completed,6533650
16,5,7320,completed,6534275
16,5,7321,completed,6534900
16,5,7322,completed,6535525
16,5,7323,completed,6535484
16,5,7324,completed,6536109
16,5,7325,completed,6536066
16,5,7326,completed,6536109
16,5,7327,completed,6536483
16,5,7328,completed,6536983
16,5,7329,completed,5985443
16,5,7330,completed,5992360
16,5,7331,completed,5992734
16,5,7332,completed,5993443
16,5,7333,completed,5994859
16,5,7334,completed,5995443
16,5,7335,completed,5995527
16,5,7336,completed,5996359
16,5,7337,completed,5996985
16,5,7338,completed,5997485
16,5,7339,completed,5997943
16,5,7340,completed,5998568
16,5,7341,completed,5998859
16,5,7342,completed,5999360
16,5,7343,completed,6000027
16,5,7344,completed,6000651
16,5,7345,completed,5946110
16,5,7346,completed,5957027
16,5,7347,completed,5958193
16,5,7348,completed,5959151
16,5,7349,completed,5960193
16,5,7350,completed,5961485
16,5,7351,completed,5962693
16,5,7352,completed,5964027
16,5,7353,completed,5965276
16,5,7354,completed,5966526
16,5,7355,completed,5967777
16,5,7356,completed,5969026
16,5,7357,completed,5970193
16,5,7358,completed,5971443
16,5,7359,completed,5972693
16,5,7360,completed,5974026
16,5,7361,completed,5991776
16,5,7362,completed,5993860
16,5,7363,completed,5993860
16,5,7364,completed,5994776
16,5,7365,completed,5996193
16,5,7366,completed,5996860
16,5,7367,completed,5997402
16,5,7368,completed,5997943
16,5,7369,completed,5998568
16,5,7370,completed,5999068
16,5,7371,completed,6000110
16,5,7372,completed,6000651
16,5,7373,completed,6001359
16,5,7374,completed,6001984
16,5,7375,completed,6002485
16,5,7376,completed,6003027
16,5,7377,completed,5925859
16,5,7378,completed,5925818
16,5,7379,completed,5926443
16,5,7380,completed,5927110
16,5,7381,completed,5927943
16,5,7382,completed,5928610
16,5,7383,completed,5929110
16,5,7384,completed,5929776
16,5,7385,completed,5930360
16,5,7386,completed,5931026
16,5,7387,completed,5931693
16,5,7388,completed,5932276
16,5,7389,completed,5932859
16,5,7390,completed,5933318
16,5,7391,completed,5934026
16,5,7392,completed,5934859
16,5,7393,completed,6083442
16,5,7394,completed,6097109
16,5,7395,completed,6097817
16,5,7396,completed,6098651
16,5,7397,completed,6100276
16,5,7398,completed,6101651
16,5,7399,completed,6102276
16,5,7400,completed,6109651
16,5,7401,completed,6110484
16,5,7402,completed,6111818
16,5,7403,completed,6112651
16,5,7404,completed,6113442
16,5,7405,completed,6114276
16,5,7406,completed,6114818
16,5,7407,completed,6115818
16,5,7408,completed,6116901
16,5,7409,completed,5888609
16,5,7410,completed,5909943
16,5,7411,completed,5912276
16,5,7412,completed,5914360
16,5,7413,completed,5916235
16,5,7414,completed,5918859
16,5,7415,completed,5920568
16,5,7416,completed,5922776
16,5,7417,completed,5924693
16,5,7418,completed,5927235
16,5,7419,completed,5929193
16,5,7420,completed,5931735
16,5,7421,completed,5933693
16,5,7422,completed,5935485
16,5,7423,completed,5937484
16,5,7424,completed,5939693
16,5,7425,completed,5883693
16,5,7426,completed,5880943
16,5,7427,completed,5881734
16,5,7428,completed,5882693
16,5,7429,completed,5884152
16,5,7430,completed,5885068
16,5,7431,completed,5885527
16,5,7432,completed,5886277
16,5,7433,completed,5886943
16,5,7434,completed,5887651
16,5,7435,completed,5888318
16,5,7436,completed,5889027
16,5,7437,completed,5889484
16,5,7438,completed,5890109
16,5,7439,completed,5890777
16,5,7440,completed,5891651
16,5,7441,completed,5950526
16,5,7442,completed,5966026
16,5,7443,completed,5967610
16,5,7444,completed,5969235
16,5,7445,completed,5971402
16,5,7446,completed,5973193
16,5,7447,completed,5974651
16,5,7448,completed,5976984
16,5,7449,completed,5979026
16,5,7450,completed,5981027
16,5,7451,completed,5982901
16,5,7452,completed,5984735
16,5,7453,completed,5986234
16,5,7454,completed,5987818
16,5,7455,completed,5989693
16,5,7456,completed,5991526
16,5,7457,completed,5993984
16,5,7458,completed,5997776
16,5,7459,completed,5998901
16,5,7460,completed,6000068
16,5,7461,completed,6001568
16,5,7462,completed,6002901
16,5,7463,completed,6003777
16,5,7464,completed,6005026
16,5,7465,completed,6006152
16,5,7466,completed,6007485
16,5,7467,completed,6008693
16,5,7468,completed,6010276
16,5,7469,completed,6024234
16,5,7470,completed,6025651
16,5,7471,completed,6026776
16,5,7472,completed,6075567
16,5,7473,completed,5835693
16,5,7474,completed,5831027
16,5,7475,completed,5831610
16,5,7476,completed,5831819
16,5,7477,completed,5832527
16,5,7478,completed,5832944
16,5,7479,completed,5833401
16,5,7480,completed,5833944
16,5,7481,completed,5834193
16,5,7482,completed,5827944
16,5,7483,completed,5828651
16,5,7484,completed,5829027
16,5,7485,completed,5829485
16,5,7486,completed,5829985
16,5,7487,completed,5830610
16,5,7488,completed,5806818
16,5,7489,completed,5957443
16,5,7490,completed,5964901
16,5,7491,completed,5966027
16,5,7492,completed,5967526
16,5,7493,completed,5969318
16,5,7494,completed,5970859
16,5,7495,completed,5971818
16,5,7496,completed,5973193
16,5,7497,completed,5974277
16,5,7498,completed,5975568
16,5,7499,completed,5976776
16,5,7500,completed,5978151
16,5,7501,completed,5979152
16,5,7502,completed,5980527
16,5,7503,completed,5981568
16,5,7504,completed,5982859
16,5,7505,completed,5920276
16,5,7506,completed,5920859
16,5,7507,completed,5920859
16,5,7508,completed,5920985
16,5,7509,completed,5921318
16,5,7510,completed,5921610
16,5,7511,completed,5921860
16,5,7512,completed,5922193
16,5,7513,completed,5922652
16,5,7514,completed,5923110
16,5,7515,completed,5923484
16,5,7516,completed,5923818
16,5,7517,completed,5924152
16,5,7518,completed,5924485
16,5,7519,completed,5924860
16,5,7520,completed,5925443
16,5,7521,completed,6100734
16,5,7522,completed,6103485
16,5,7523,completed,6104318
16,5,7524,completed,6105192
16,5,7525,completed,6115401
16,5,7526,completed,6116359
16,5,7527,completed,6117193
16,5,7528,completed,6118276
16,5,7529,completed,6119276
16,5,7530,completed,6120276
16,5,7531,completed,6156443
16,5,7532,completed,6164817
16,5,7533,completed,6165734
16,5,7534,completed,6166651
16,5,7535,completed,6167693
16,5,7536,completed,6168651
16,5,7537,completed,5456361
16,5,7538,completed,5456444
16,5,7539,completed,5456195
16,5,7540,completed,5455944
16,5,7541,completed,5456111
16,5,7542,completed,5455944
16,5,7543,completed,5455819
16,5,7544,completed,5455861
16,5,7545,completed,5455569
16,5,7546,completed,5449236
16,5,7547,completed,5423444
16,5,7548,completed,5416820
16,5,7549,completed,5416612
16,5,7550,completed,5416528
16,5,7551,completed,5416570
16,5,7552,completed,5416528
16,5,7553,completed,6299484
16,5,7554,completed,6306484
16,5,7555,completed,6307650
16,5,7556,completed,6309192
16,5,7557,completed,6311192
16,5,7558,completed,6312692
16,5,7559,completed,6314109
16,5,7560,completed,6315734
16,5,7561,completed,6317234
16,5,7562,completed,6318733
16,5,7563,completed,6320276
16,5,7564,completed,6321775
16,5,7565,completed,6323234
16,5,7566,completed,6324775
16,5,7567,completed,6326400
16,5,7568,completed,6327733
16,5,7569,completed,5974526
16,5,7570,completed,5977068
16,5,7571,completed,5977651
16,5,7572,completed,5978276
16,5,7573,completed,5979193
16,5,7574,completed,5979985
16,5,7575,completed,5980777
16,5,7576,completed,5981818
16,5,7577,completed,5982860
16,5,7578,completed,5983901
16,5,7579,completed,5984943
16,5,7580,completed,5985985
16,5,7581,completed,5986901
16,5,7582,completed,5987860
16,5,7583,completed,5988943
16,5,7584,completed,5990068
16,5,7585,completed,5463028
16,5,7586,completed,5469653
16,5,7587,completed,5470945
16,5,7588,completed,5471778
16,5,7589,completed,5472819
16,5,7590,completed,5474027
16,5,7591,completed,5475069
16,5,7592,completed,5476319
16,5,7593,completed,5477486
16,5,7594,completed,5478611
16,5,7595,completed,5479403
16,5,7596,completed,5480319
16,5,7597,completed,5480819
16,5,7598,completed,5481569
16,5,7599,completed,5482444
16,5,7600,completed,5481736
16,5,7601,completed,5866735
16,5,7602,completed,5868151
16,5,7603,completed,5868818
16,5,7604,completed,5869526
16,5,7605,completed,5870610
16,5,7606,completed,5871610
16,5,7607,completed,5872610
16,5,7608,completed,5873610
16,5,7609,completed,5874776
16,5,7610,completed,5875777
16,5,7611,completed,5876818
16,5,7612,completed,5877860
16,5,7613,completed,5878819
16,5,7614,completed,5879818
16,5,7615,completed,5880901
16,5,7616,completed,5881901
16,5,7617,completed,6500067
16,5,7618,completed,6504067
16,5,7619,completed,6505192
16,5,7620,completed,6506275
16,5,7621,completed,6507525
16,5,7622,completed,6508691
16,5,7623,completed,6509650
16,5,7624,completed,6510817
16,5,7625,completed,6511900
16,5,7626,completed,6513025
16,5,7627,completed,6514108
16,5,7628,completed,6515191
16,5,7629,completed,6516192
16,5,7630,completed,6517275
16,5,7631,completed,6518358
16,5,7632,completed,6519233
16,5,7633,completed,6012151
16,5,7634,completed,6016485
16,5,7635,completed,6017026
16,5,7636,completed,6017610
16,5,7637,completed,6018443
16,5,7638,completed,6019068
16,5,7639,completed,6019484
16,5,7640,completed,6020318
16,5,7641,completed,6021151
16,5,7642,completed,6021943
16,5,7643,completed,6023152
16,5,7644,completed,6024151
16,5,7645,completed,6025109
16,5,7646,completed,6026152
16,5,7647,completed,6027443
16,5,7648,completed,6028401
16,5,7649,completed,5965943
16,5,7650,completed,5969652
16,5,7651,completed,5970026
16,5,7652,completed,5970402
16,5,7653,completed,5970943
16,5,7654,completed,5971443
16,5,7655,completed,5971776
16,5,7656,completed,5972443
16,5,7657,completed,5973110
16,5,7658,completed,5973818
16,5,7659,completed,5974401
16,5,7660,completed,5975026
16,5,7661,completed,5975360
16,5,7662,completed,5975735
16,5,7663,completed,5976068
16,5,7664,completed,5940110
16,5,7665,completed,5939984
16,5,7666,completed,5959026
16,5,7667,completed,5960901
16,5,7668,completed,5962735
16,5,7669,completed,5964818
16,5,7670,completed,5966860
16,5,7671,completed,5968401
16,5,7672,completed,5970359
16,5,7673,completed,5972318
16,5,7674,completed,5974526
16,5,7675,completed,5976443
16,5,7676,completed,5978360
16,5,7677,completed,5980151
16,5,7678,completed,5981651
16,5,7679,completed,5983609
16,5,7680,completed,5985276
16,5,7681,completed,5915193
16,5,7682,completed,5920318
16,5,7683,completed,5921485
16,5,7684,completed,5922776
16,5,7685,completed,5924735
16,5,7686,completed,5926401
16,5,7687,completed,5927068
16,5,7688,completed,5928027
16,5,7689,completed,5928901
16,5,7690,completed,5929860
16,5,7691,completed,5930652
16,5,7692,completed,5931485
16,5,7693,completed,5932194
16,5,7694,completed,5932902
16,5,7695,completed,5933693
16,5,7696,completed,5934735
16,5,7697,completed,5820943
16,5,7698,completed,5828860
16,5,7699,completed,5829569
16,5,7700,completed,5830485
16,5,7701,completed,5831777
16,5,7702,completed,5832943
16,5,7703,completed,5833735
16,5,7704,completed,5834818
16,5,7705,completed,5835861
16,5,7706,completed,5836902
16,5,7707,completed,5838110
16,5,7708,completed,5839152
16,5,7709,completed,5840236
16,5,7710,completed,5841152
16,5,7711,completed,5842152
16,5,7712,completed,5843443
16,5,7713,completed,6069027
16,5,7714,completed,6068484
16,5,7715,completed,6069026
16,5,7716,completed,6070109
16,5,7717,completed,6071235
16,5,7718,completed,6072151
16,5,7719,completed,6072527
16,5,7720,completed,6073151
16,5,7721,completed,6073818
16,5,7722,completed,6074527
16,5,7723,completed,6075110
16,5,7724,completed,6075651
16,5,7725,completed,6076152
16,5,7726,completed,6076860
16,5,7727,completed,6077443
16,5,7728,completed,6078317
16,5,7729,completed,9088311
16,5,7730,completed,9099852
16,5,7731,completed,9101269
16,5,7732,completed,9102601
16,5,7733,completed,9104602
16,5,7734,completed,9106227
16,5,7735,completed,9107143
16,5,7736,completed,9108518
16,5,7737,completed,9109560
16,5,7738,completed,9110852
16,5,7739,completed,9112268
16,5,7740,completed,9113352
16,5,7741,completed,9114352
16,5,7742,completed,9115476
16,5,7743,completed,9116810
16,5,7744,completed,9118018
16,5,7745,completed,5809736
16,5,7746,completed,5819610
16,5,7747,completed,5820152
16,5,7748,completed,5821318
16,5,7749,completed,5823027
16,5,7750,completed,5824360
16,5,7751,completed,5824610
16,5,7752,completed,5825485
16,5,7753,completed,5826152
16,5,7754,completed,5826901
16,5,7755,completed,5827485
16,5,7756,completed,5827860
16,5,7757,completed,5828193
16,5,7758,completed,5828776
16,5,7759,completed,5829402
16,5,7760,completed,5830485
16,5,7761,completed,5943068
16,5,7762,completed,5949276
16,5,7763,completed,5950735
16,5,7764,completed,5951984
16,5,7765,completed,5953735
16,5,7766,completed,5954901
16,5,7767,completed,5956318
16,5,7768,completed,5957860
16,5,7769,completed,5959318
16,5,7770,completed,5960943
16,5,7771,completed,5962484
16,5,7772,completed,5963943
16,5,7773,completed,5965318
16,5,7774,completed,5966818
16,5,7775,completed,5968318
16,5,7776,completed,5969610
16,5,7777,completed,5912485
16,5,7778,completed,5912985
16,5,7779,completed,5913693
16,5,7780,completed,5914526
16,5,7781,completed,5915401
16,5,7782,completed,5916193
16,5,7783,completed,5916984
16,5,7784,completed,5918027
16,5,7785,completed,5918984
16,5,7786,completed,5920068
16,5,7787,completed,5921152
16,5,7788,completed,5922151
16,5,7789,completed,5923151
16,5,7790,completed,5924110
16,5,7791,completed,5925152
16,5,7792,completed,5926193
16,5,7793,completed,6032901
16,5,7794,completed,6037026
16,5,7795,completed,6037818
16,5,7796,completed,6038734
16,5,7797,completed,6040027
16,5,7798,completed,6041151
16,5,7799,completed,6042151
16,5,7800,completed,6043234
16,5,7801,completed,6044276
16,5,7802,completed,6045359
16,5,7803,completed,6046485
16,5,7804,completed,6047651
16,5,7805,completed,6048609
16,5,7806,completed,6049734
16,5,7807,completed,6050818
16,5,7808,completed,6051859
16,5,7809,completed,5588028
16,5,7810,completed,5585611
16,5,7811,completed,5585694
16,5,7812,completed,5586277
16,5,7813,completed,5587152
16,5,7814,completed,5587777
16,5,7815,completed,5588278
16,5,7816,completed,5588903
16,5,7817,completed,5589486
16,5,7818,completed,5590111
16,5,7819,completed,5590652
16,5,7820,completed,5591236
16,5,7821,completed,5591694
16,5,7822,completed,5592277
16,5,7823,completed,5592819
16,5,7824,completed,5593444
16,5,7825,completed,6215984
16,5,7826,completed,6219651
16,5,7827,completed,6220359
16,5,7828,completed,6221150
16,5,7829,completed,6222234
16,5,7830,completed,6223359
16,5,7831,completed,6223943
16,5,7832,completed,6224817
16,5,7833,completed,6225692
16,5,7834,completed,6226526
16,5,7835,completed,6227401
16,5,7836,completed,6228275
16,5,7837,completed,6228984
16,5,7838,completed,6229859
16,5,7839,completed,6230776
16,5,7840,completed,6231859
16,5,7841,completed,5946234
16,5,7842,completed,5946568
16,5,7843,completed,5946651
16,5,7844,completed,5946777
16,5,7845,completed,5947068
16,5,7846,completed,5947152
16,5,7847,completed,5947277
16,5,7848,completed,5947610
16,5,7849,completed,5947776
16,5,7850,completed,5947943
16,5,7851,completed,5948193
16,5,7852,completed,5948193
16,5,7853,completed,5947443
16,5,7854,completed,5947360
16,5,7855,completed,5947276
16,5,7856,completed,5946235
16,5,7857,completed,6021651
16,5,7858,completed,6032235
16,5,7859,completed,6033652
16,5,7860,completed,6034818
16,5,7861,completed,6036193
16,5,7862,completed,6037277
16,5,7863,completed,6038360
16,5,7864,completed,6039609
16,5,7865,completed,6040818
16,5,7866,completed,6041985
16,5,7867,completed,6043193
16,5,7868,completed,6044360
16,5,7869,completed,6045443
16,5,7870,completed,6046568
16,5,7871,completed,6047818
16,5,7872,completed,6048818
16,5,7873,completed,5871568
16,5,7874,completed,5862819
16,5,7875,completed,5863110
16,5,7876,completed,5864027
16,5,7877,completed,5865027
16,5,7878,completed,5866068
16,5,7879,completed,5866693
16,5,7880,completed,5867610
16,5,7881,completed,5868318
16,5,7882,completed,5868902
16,5,7883,completed,5869527
16,5,7884,completed,5870152
16,5,7885,completed,5870610
16,5,7886,completed,5871277
16,5,7887,completed,5872068
16,5,7888,completed,5872859
16,5,7889,completed,5939652
16,5,7890,completed,5942985
16,5,7891,completed,5943402
16,5,7892,completed,5943860
16,5,7893,completed,5944319
16,5,7894,completed,5945027
16,5,7895,completed,5945235
16,5,7896,completed,5945777
16,5,7897,completed,5946193
16,5,7898,completed,5946651
16,5,7899,completed,5947069
16,5,7900,completed,5947527
16,5,7901,completed,5947902
16,5,7902,completed,5948443
16,5,7903,completed,5977318
16,5,7904,completed,5978110
16,5,7905,completed,5935318
16,5,7906,completed,5939068
16,5,7907,completed,5939568
16,5,7908,completed,5939818
16,5,7909,completed,5940068
16,5,7910,completed,5940151
16,5,7911,completed,5940276
16,5,7912,completed,5940652
16,5,7913,completed,5941193
16,5,7914,completed,5941526
16,5,7915,completed,5941901
16,5,7916,completed,5942276
16,5,7917,completed,5942609
16,5,7918,completed,5942901
16,5,7919,completed,5943277
16,5,7920,completed,5944318
16,5,7921,completed,6116943
16,5,7922,completed,6136860
16,5,7923,completed,6138818
16,5,7924,completed,6140818
16,5,7925,completed,6143276
16,5,7926,completed,6145359
16,5,7927,completed,6147318
16,5,7928,completed,6149692
16,5,7929,completed,6152276
16,5,7930,completed,6154401
16,5,7931,completed,6156693
16,5,7932,completed,6159110
16,5,7933,completed,6161109
16,5,7934,completed,6163151
16,5,7935,completed,6165734
16,5,7936,completed,6167693
16,5,7937,completed,6731066
16,5,7938,completed,6728608
16,5,7939,completed,6729607
16,5,7940,completed,6731066
16,5,7941,completed,6732857
16,5,7942,completed,6733982
16,5,7943,completed,6735274
16,5,7944,completed,6736733
16,5,7945,completed,6738192
16,5,7946,completed,6739692
16,5,7947,completed,6741024
16,5,7948,completed,6742149
16,5,7949,completed,6743650
16,5,7950,completed,6744900
16,5,7951,completed,6746441
16,5,7952,completed,6800899
16,5,7953,completed,5995318
16,5,7954,completed,5994359
16,5,7955,completed,5994776
16,5,7956,completed,5995276
16,5,7957,completed,5996651
16,5,7958,completed,5997235
16,5,7959,completed,5997735
16,5,7960,completed,5998693
16,5,7961,completed,5999693
16,5,7962,completed,6000859
16,5,7963,completed,6001860
16,5,7964,completed,6002777
16,5,7965,completed,6003568
16,5,7966,completed,6004693
16,5,7967,completed,6057152
16,5,7968,completed,6021318
16,5,7969,completed,5981318
16,5,7970,completed,5976401
16,5,7971,completed,5976484
16,5,7972,completed,5976859
16,5,7973,completed,5977443
16,5,7974,completed,5977651
16,5,7975,completed,5978068
16,5,7976,completed,5978693
16,5,7977,completed,5979193
16,5,7978,completed,5980110
16,5,7979,completed,5980652
16,5,7980,completed,5981110
16,5,7981,completed,5981734
16,5,7982,completed,5982193
16,5,7983,completed,5932443
16,5,7984,completed,5930026
16,5,7985,completed,6039901
16,5,7986,completed,6046192
16,5,7987,completed,6046776
16,5,7988,completed,6046526
16,5,7989,completed,6047443
16,5,7990,completed,6047984
16,5,7991,completed,6048109
16,5,7992,completed,6049109
16,5,7993,completed,6049984
16,5,7994,completed,6050401
16,5,7995,completed,6051193
16,5,7996,completed,6051901
16,5,7997,completed,6038526
16,5,7998,completed,6039026
16,5,7999,completed,6039276
16,5,8000,completed,6063401
16,5,8001,completed,5842277
16,5,8002,completed,5840943
16,5,8003,completed,5840985
16,5,8004,completed,5840693
16,5,8005,completed,5841318
16,5,8006,completed,5841193
16,5,8007,completed,5841277
16,5,8008,completed,5841485
16,5,8009,completed,5841860
16,5,8010,completed,5842027
16,5,8011,completed,5842110
16,5,8012,completed,5842027
16,5,8013,completed,5842319
16,5,8014,completed,5842193
16,5,8015,completed,5864610
16,5,8016,completed,5858360
16,5,8017,completed,6017110
16,5,8018,completed,6027984
16,5,8019,completed,6029110
16,5,8020,completed,6030276
16,5,8021,completed,6032068
16,5,8022,completed,6034068
16,5,8023,completed,6034985
16,5,8024,completed,6036485
16,5,8025,completed,6037776
16,5,8026,completed,6039527
16,5,8027,completed,6040776
16,5,8028,completed,6042068
16,5,8029,completed,6043568
16,5,8030,completed,6068735
16,5,8031,completed,6030735
16,5,8032,completed,6030401
16,5,8033,completed,6030526
16,5,8034,completed,6030318
16,5,8035,completed,6031152
16,5,8036,completed,6031818
16,5,8037,completed,6033276
16,5,8038,completed,6034318
16,5,8039,completed,6035318
16,5,8040,completed,6036401
16,5,8041,completed,6037568
16,5,8042,completed,6038526
16,5,8043,completed,6039402
16,5,8044,completed,6040151
16,5,8045,completed,6041109
16,5,8046,completed,6027485
16,5,8047,completed,6083527
16,5,8048,completed,6095068
16,5,8049,completed,5903735
16,5,8050,completed,5910193
16,5,8051,completed,5911360
16,5,8052,completed,5912485
16,5,8053,completed,5914526
16,5,8054,completed,5916318
16,5,8055,completed,5917401
16,5,8056,completed,5918818
16,5,8057,completed,5920110
16,5,8058,completed,5921443
16,5,8059,completed,5922527
16,5,8060,completed,5966777
16,5,8061,completed,5979277
16,5,8062,completed,5980443
16,5,8063,completed,5920902
16,5,8064,completed,5912568
16,5,8065,completed,5970776
16,5,8066,completed,5973776
16,5,8067,completed,5974902
16,5,8068,completed,5976110
16,5,8069,completed,5977568
16,5,8070,completed,5978485
16,5,8071,completed,5979985
16,5,8072,completed,5981776
16,5,8073,completed,5983193
16,5,8074,completed,5984860
16,5,8075,completed,5986152
16,5,8076,completed,5937068
16,5,8077,completed,5930318
16,5,8078,completed,5931401
16,5,8079,completed,5965943
16,5,8080,completed,5969152
16,5,8081,completed,5869276
16,5,8082,completed,5864568
16,5,8083,completed,5864110
16,5,8084,completed,5864069
16,5,8085,completed,5864902
16,5,8086,completed,5864943
16,5,8087,completed,5864819
16,5,8088,completed,5865027
16,5,8089,completed,5865193
16,5,8090,completed,5865610
16,5,8091,completed,5888360
16,5,8092,completed,5888860
16,5,8093,completed,5888944
16,5,8094,completed,5887568
16,5,8095,completed,5888026
16,5,8096,completed,5858693
16,5,8097,completed,6016277
16,5,8098,completed,6028818
16,5,8099,completed,6030485
16,5,8100,completed,6032443
16,5,8101,completed,6035526
16,5,8102,completed,6037276
16,5,8103,completed,6039526
16,5,8104,completed,6041860
16,5,8105,completed,6043860
16,5,8106,completed,6046318
16,5,8107,completed,6048568
16,5,8108,completed,6050151
16,5,8109,completed,6052693
16,5,8110,completed,6054360
16,5,8111,completed,6113068
16,5,8112,completed,6133318
16,5,8113,completed,5930234
16,5,8114,completed,5928110
16,5,8115,completed,5928651
16,5,8116,completed,5929193
16,5,8117,completed,5930527
16,5,8118,completed,5931235
16,5,8119,completed,5932026
16,5,8120,completed,5933193
16,5,8121,completed,5934110
16,5,8122,completed,5935026
16,5,8123,completed,5936027
16,5,8124,completed,5936901
16,5,8125,completed,5937360
16,5,8126,completed,5938152
16,5,8127,completed,5929027
16,5,8128,completed,5926068
16,5,8129,completed,5879777
16,5,8130,completed,5873152
16,5,8131,completed,5872194
16,5,8132,completed,5871819
16,5,8133,completed,5871776
16,5,8134,completed,5871235
16,5,8135,completed,5871026
16,5,8136,completed,5870735
16,5,8137,completed,5870568
16,5,8138,completed,5870485
16,5,8139,completed,5869985
16,5,8140,completed,5869568
16,5,8141,completed,5869110
16,5,8142,completed,5868234
16,5,8143,completed,5819777
16,5,8144,completed,5822401
16,5,8145,completed,5994235
16,5,8146,completed,6006068
16,5,8147,completed,6007777
16,5,8148,completed,6009693
16,5,8149,completed,6011609
16,5,8150,completed,6013652
16,5,8151,completed,6015110
16,5,8152,completed,6017068
16,5,8153,completed,6019026
16,5,8154,completed,6021234
16,5,8155,completed,6023152
16,5,8156,completed,6024943
16,5,8157,completed,6027151
16,5,8158,completed,6078693
16,5,8159,completed,6085735
16,5,8160,completed,6083568
16,5,8161,completed,6005735
16,5,8162,completed,6002110
16,5,8163,completed,6001860
16,5,8164,completed,6001818
16,5,8165,completed,6002234
16,5,8166,completed,6002026
16,5,8167,completed,6002068
16,5,8168,completed,6002277
16,5,8169,completed,6002401
16,5,8170,completed,6002568
16,5,8171,completed,6002527
16,5,8172,completed,6002485
16,5,8173,completed,6002484
16,5,8174,completed,5940318
16,5,8175,completed,5960193
16,5,8176,completed,5967193
16,5,8177,completed,5919152
16,5,8178,completed,5922318
16,5,8179,completed,5922901
16,5,8180,completed,5923402
16,5,8181,completed,5924276
16,5,8182,completed,5924610
16,5,8183,completed,5924734
16,5,8184,completed,5925360
16,5,8185,completed,5925943
16,5,8186,completed,5926443
16,5,8187,completed,5926943
16,5,8188,completed,5927401
16,5,8189,completed,5945359
16,5,8190,completed,5950568
16,5,8191,completed,5932277
16,5,8192,completed,5924110
16,5,8193,completed,6165151
16,5,8194,completed,6178692
16,5,8195,completed,6180151
16,5,8196,completed,6182234
16,5,8197,completed,6185234
16,5,8198,completed,6186692
16,5,8199,completed,6188859
16,5,8200,completed,6190693
16,5,8201,completed,6192567
16,5,8202,completed,6194859
16,5,8203,completed,6197067
16,5,8204,completed,6198609
16,5,8205,completed,6175484
16,5,8206,completed,6214526
16,5,8207,completed,6244650
16,5,8208,completed,6246734
16,5,8209,completed,5800027
16,5,8210,completed,5793985
16,5,8211,completed,5794235
16,5,8212,completed,5794818
16,5,8213,completed,5795651
16,5,8214,completed,5796360
16,5,8215,completed,5796485
16,5,8216,completed,5797527
16,5,8217,completed,5798027
16,5,8218,completed,5798735
16,5,8219,completed,5799110
16,5,8220,completed,5799527
16,5,8221,completed,5799610
16,5,8222,completed,5763360
16,5,8223,completed,5799069
16,5,8224,completed,5805276
16,5,8225,completed,6082818
16,5,8226,completed,6084318
16,5,8227,completed,6084692
16,5,8228,completed,6084817
16,5,8229,completed,6085985
16,5,8230,completed,6086276
16,5,8231,completed,6086776
16,5,8232,completed,6087485
16,5,8233,completed,6088109
16,5,8234,completed,6088734
16,5,8235,completed,6089193
16,5,8236,completed,6089484
16,5,8237,completed,6116192
16,5,8238,completed,6125817
16,5,8239,completed,6100901
16,5,8240,completed,6101401
16,5,8241,completed,5804068
16,5,8242,completed,5805777
16,5,8243,completed,5806652
16,5,8244,completed,5807486
16,5,8245,completed,5808611
16,5,8246,completed,5809819
16,5,8247,completed,5810319
16,5,8248,completed,5811069
16,5,8249,completed,5812402
16,5,8250,completed,5813235
16,5,8251,completed,5813902
16,5,8252,completed,5814819
16,5,8253,completed,5803360
16,5,8254,completed,5806027
16,5,8255,completed,5806735
16,5,8256,completed,5807569
16,5,8257,completed,5963526
16,5,8258,completed,5965360
16,5,8259,completed,5965735
16,5,8260,completed,5966527
16,5,8261,completed,5968194
16,5,8262,completed,5968693
16,5,8263,completed,5969443
16,5,8264,completed,5970277
16,5,8265,completed,5971152
16,5,8266,completed,5972110
16,5,8267,completed,5972735
16,5,8268,completed,5973402
16,5,8269,completed,5958485
16,5,8270,completed,5977151
16,5,8271,completed,5979193
16,5,8272,completed,5979818
16,5,8273,completed,6035777
16,5,8274,completed,6048985
16,5,8275,completed,6050901
16,5,8276,completed,6052943
16,5,8277,completed,6055443
16,5,8278,completed,6058151
16,5,8279,completed,6059776
16,5,8280,completed,6062151
16,5,8281,completed,6063943
16,5,8282,completed,6065984
16,5,8283,completed,6067777
16,5,8284,completed,6069443
16,5,8285,completed,6070735
16,5,8286,completed,6106693
16,5,8287,completed,6103235
16,5,8288,completed,6104901
16,5,8289,completed,5923652
16,5,8290,completed,5922610
16,5,8291,completed,5922943
16,5,8292,completed,5923526
16,5,8293,completed,5925151
16,5,8294,completed,5925735
16,5,8295,completed,5926568
16,5,8296,completed,5927610
16,5,8297,completed,5928985
16,5,8298,completed,5930318
16,5,8299,completed,5931318
16,5,8300,completed,5932360
16,5,8301,completed,5933610
16,5,8302,completed,5913818
16,5,8303,completed,5949651
16,5,8304,completed,5950818
16,5,8305,completed,6034317
16,5,8306,completed,6031984
16,5,8307,completed,6031151
16,5,8308,completed,6030651
16,5,8309,completed,6030776
16,5,8310,completed,6030817
16,5,8311,completed,6030485
16,5,8312,completed,6030318
16,5,8313,completed,6030276
16,5,8314,completed,6030276
16,5,8315,completed,6030151
16,5,8316,completed,6029901
16,5,8317,completed,6029484
16,5,8318,completed,6029276
16,5,8319,completed,6009568
16,5,8320,completed,6028235
16,5,8321,completed,5835526
16,5,8322,completed,5836819
16,5,8323,completed,5836985
16,5,8324,completed,5837443
16,5,8325,completed,5838651
16,5,8326,completed,5838943
16,5,8327,completed,5839485
16,5,8328,completed,5840152
16,5,8329,completed,5840818
16,5,8330,completed,5842110
16,5,8331,completed,5842902
16,5,8332,completed,5843360
16,5,8333,completed,5860485
16,5,8334,completed,5868235
16,5,8335,completed,5871568
16,5,8336,completed,5872069
16,5,8337,completed,5963318
16,5,8338,completed,5965277
16,5,8339,completed,5965776
16,5,8340,completed,5966068
16,5,8341,completed,5966902
16,5,8342,completed,5967818
16,5,8343,completed,5968109
16,5,8344,completed,5968735
16,5,8345,completed,5969568
16,5,8346,completed,5970277
16,5,8347,completed,5970943
16,5,8348,completed,5971401
16,5,8349,completed,5963609
16,5,8350,completed,5951193
16,5,8351,completed,5951276
16,5,8352,completed,5946735
16,5,8353,completed,5970902
16,5,8354,completed,5972401
16,5,8355,completed,5972901
16,5,8356,completed,5973609
16,5,8357,completed,5974651
16,5,8358,completed,5975068
16,5,8359,completed,5975651
16,5,8360,completed,5976318
16,5,8361,completed,5975193
16,5,8362,completed,5976110
16,5,8363,completed,5976818
16,5,8364,completed,5977402
16,5,8365,completed,5977901
16,5,8366,completed,5978443
16,5,8367,completed,5996193
16,5,8368,completed,5998235
16,5,8369,completed,6116234
16,5,8370,completed,6125401
16,5,8371,completed,6126192
16,5,8372,completed,6126651
16,5,8373,completed,6127818
16,5,8374,completed,6128193
16,5,8375,completed,6128776
16,5,8376,completed,6129651
16,5,8377,completed,6130943
16,5,8378,completed,6132026
16,5,8379,completed,6132818
16,5,8380,completed,6133609
16,5,8381,completed,6152401
16,5,8382,completed,6161776
16,5,8383,completed,6162568
16,5,8384,completed,6162359
16,5,8385,completed,5716027
16,5,8386,completed,5715569
16,5,8387,completed,5715443
16,5,8388,completed,5715611
16,5,8389,completed,5715944
16,5,8390,completed,5716027
16,5,8391,completed,5716277
16,5,8392,completed,5716444
16,5,8393,completed,5716985
16,5,8394,completed,5717319
16,5,8395,completed,5717485
16,5,8396,completed,5717527
16,5,8397,completed,5703527
16,5,8398,completed,5703652
16,5,8399,completed,5714027
16,5,8400,completed,5714944
16,5,8401,completed,6179817
16,5,8402,completed,6185317
16,5,8403,completed,6186025
16,5,8404,completed,6186900
16,5,8405,completed,6188193
16,5,8406,completed,6189234
16,5,8407,completed,6189776
16,5,8408,completed,6190609
16,5,8409,completed,6214442
16,5,8410,completed,6220942
16,5,8411,completed,6221859
16,5,8412,completed,6222776
16,5,8413,completed,6222609
16,5,8414,completed,6236317
16,5,8415,completed,6244317
16,5,8416,completed,6245109
16,5,8417,completed,5883568
16,5,8418,completed,5885776
16,5,8419,completed,5886568
16,5,8420,completed,5886944
16,5,8421,completed,5887777
16,5,8422,completed,5887860
16,5,8423,completed,5887943
16,5,8424,completed,5888693
16,5,8425,completed,5873277
16,5,8426,completed,5874402
16,5,8427,completed,5875193
16,5,8428,completed,5876068
16,5,8429,completed,5877069
16,5,8430,completed,5867485
16,5,8431,completed,5867610
16,5,8432,completed,5867818
16,5,8433,completed,6037860
16,5,8434,completed,6037567
16,5,8435,completed,6038026
16,5,8436,completed,6038359
16,5,8437,completed,6039568
16,5,8438,completed,6040193
16,5,8439,completed,6040860
16,5,8440,completed,6041527
16,5,8441,completed,6042068
16,5,8442,completed,6042818
16,5,8443,completed,6043443
16,5,8444,completed,6043943
16,5,8445,completed,6044318
16,5,8446,completed,6035318
16,5,8447,completed,6035693
16,5,8448,completed,6065734
16,5,8449,completed,5914526
16,5,8450,completed,5918985
16,5,8451,completed,5919943
16,5,8452,completed,5920610
16,5,8453,completed,5921985
16,5,8454,completed,5922401
16,5,8455,completed,5922943
16,5,8456,completed,5923901
16,5,8457,completed,5924651
16,5,8458,completed,5925652
16,5,8459,completed,5926401
16,5,8460,completed,5926984
16,5,8461,completed,5954360
16,5,8462,completed,5961610
16,5,8463,completed,5958193
16,5,8464,completed,5930402
16,5,8465,completed,5456111
16,5,8466,completed,5456403
16,5,8467,completed,5457277
16,5,8468,completed,5458361
16,5,8469,completed,5459652
16,5,8470,completed,5460111
16,5,8471,completed,5460944
16,5,8472,completed,5461653
16,5,8473,completed,5462986
16,5,8474,completed,5463944
16,5,8475,completed,5464569
16,5,8476,completed,5465236
16,5,8477,completed,5473695
16,5,8478,completed,5477611
16,5,8479,completed,5478194
16,5,8480,completed,5478694
16,5,8481,completed,6448776
16,5,8482,completed,6447651
16,5,8483,completed,6447859
16,5,8484,completed,6448483
16,5,8485,completed,6449525
16,5,8486,completed,6450067
16,5,8487,completed,6450775
16,5,8488,completed,6451525
16,5,8489,completed,6452400
16,5,8490,completed,6453150
16,5,8491,completed,6454025
16,5,8492,completed,6454567
16,5,8493,completed,6383109
16,5,8494,completed,6382942
16,5,8495,completed,6383567
16,5,8496,completed,6404442
16,5,8497,completed,6162651
16,5,8498,completed,6171151
16,5,8499,completed,6172818
16,5,8500,completed,6174609
16,5,8501,completed,6176610
16,5,8502,completed,6178484
16,5,8503,completed,6179693
16,5,8504,completed,6181484
16,5,8505,completed,6183318
16,5,8506,completed,6185026
16,5,8507,completed,6186692
16,5,8508,completed,6188276
16,5,8509,completed,6189567
16,5,8510,completed,6191151
16,5,8511,completed,6192484
16,5,8512,completed,6230359
16,5,8513,completed,5284403
16,5,8514,completed,5280278
16,5,8515,completed,5279736
16,5,8516,completed,5279612
16,5,8517,completed,5280028
16,5,8518,completed,5279778
16,5,8519,completed,5279861
16,5,8520,completed,5279737
16,5,8521,completed,5279695
16,5,8522,completed,5279820
16,5,8523,completed,5279695
16,5,8524,completed,5279486
16,5,8525,completed,5279362
16,5,8526,completed,5279154
16,5,8527,completed,5279070
16,5,8528,completed,5255404
16,5,8529,completed,6434733
16,5,8530,completed,6434234
16,5,8531,completed,6434400
16,5,8532,completed,6434483
16,5,8533,completed,6435275
16,5,8534,completed,6435858
16,5,8535,completed,6436233
16,5,8536,completed,6436900
16,5,8537,completed,6437275
16,5,8538,completed,6437859
16,5,8539,completed,6438400
16,5,8540,completed,6438942
16,5,8541,completed,6439150
16,5,8542,completed,6439775
16,5,8543,completed,6440067
16,5,8544,completed,6422025
16,5,8545,completed,6056777
16,5,8546,completed,6067609
16,5,8547,completed,6068817
16,5,8548,completed,6069901
16,5,8549,completed,6072026
16,5,8550,completed,6073192
16,5,8551,completed,6074610
16,5,8552,completed,6076192
16,5,8553,completed,6077568
16,5,8554,completed,6079443
16,5,8555,completed,6080776
16,5,8556,completed,6082068
16,5,8557,completed,6083442
16,5,8558,completed,6075734
16,5,8559,completed,6113193
16,5,8560,completed,6119901
16,5,8561,completed,5907902
16,5,8562,completed,5902693
16,5,8563,completed,5902360
16,5,8564,completed,5902360
16,5,8565,completed,5902818
16,5,8566,completed,5903110
16,5,8567,completed,5903194
16,5,8568,completed,5903485
16,5,8569,completed,5903735
16,5,8570,completed,5904110
16,5,8571,completed,5904276
16,5,8572,completed,5904485
16,5,8573,completed,5904485
16,5,8574,completed,5904819
16,5,8575,completed,5862819
16,5,8576,completed,5870110
16,5,8577,completed,5955359
16,5,8578,completed,5957235
16,5,8579,completed,5957359
16,5,8580,completed,5958068
16,5,8581,completed,5958818
16,5,8582,completed,5959318
16,5,8583,completed,5959943
16,5,8584,completed,5960526
16,5,8585,completed,5961151
16,5,8586,completed,5962068
16,5,8587,completed,5962610
16,5,8588,completed,5962984
16,5,8589,completed,5963568
16,5,8590,completed,5963902
16,5,8591,completed,5992734
16,5,8592,completed,5968401
16,5,8593,completed,5993485
16,5,8594,completed,5995360
16,5,8595,completed,5995777
16,5,8596,completed,5996526
16,5,8597,completed,5997360
16,5,8598,completed,5998068
16,5,8599,completed,5998651
16,5,8600,completed,5999401
16,5,8601,completed,6000234
16,5,8602,completed,6001026
16,5,8603,completed,6002026
16,5,8604,completed,6002817
16,5,8605,completed,6003067
16,5,8606,completed,5997360
16,5,8607,completed,5981027
16,5,8608,completed,6001859
16,5,8609,completed,6008485
16,5,8610,completed,6010610
16,5,8611,completed,6011068
16,5,8612,completed,6011360
16,5,8613,completed,6012943
16,5,8614,completed,6013402
16,5,8615,completed,6014110
16,5,8616,completed,6014693
16,5,8617,completed,6015651
16,5,8618,completed,6016652
16,5,8619,completed,6017568
16,5,8620,completed,6018360
16,5,8621,completed,6019151
16,5,8622,completed,6039818
16,5,8623,completed,6040818
16,5,8624,completed,6047568
16,5,8625,completed,5580486
16,5,8626,completed,5584652
16,5,8627,completed,5585235
16,5,8628,completed,5586152
16,5,8629,completed,5587527
16,5,8630,completed,5588236
16,5,8631,completed,5588694
16,5,8632,completed,5589694
16,5,8633,completed,5590444
16,5,8634,completed,5591611
16,5,8635,completed,5592402
16,5,8636,completed,5593069
16,5,8637,completed,5593319
16,5,8638,completed,5593028
16,5,8639,completed,5575361
16,5,8640,completed,5599027
16,5,8641,completed,5830610
16,5,8642,completed,5829235
16,5,8643,completed,5829610
16,5,8644,completed,5830110
16,5,8645,completed,5831360
16,5,8646,completed,5832026
16,5,8647,completed,5832568
16,5,8648,completed,5833277
16,5,8649,completed,5834152
16,5,8650,completed,5834860
16,5,8651,completed,5835527
16,5,8652,completed,5836193
16,5,8653,completed,5836818
16,5,8654,completed,5855651
16,5,8655,completed,5858277
16,5,8656,completed,5833735
16,5,8657,completed,6420816
16,5,8658,completed,6423067
16,5,8659,completed,6423650
16,5,8660,completed,6424109
16,5,8661,completed,6425150
16,5,8662,completed,6426275
16,5,8663,completed,6426816
16,5,8664,completed,6427734
16,5,8665,completed,6428400
16,5,8666,completed,6429275
16,5,8667,completed,6430108
16,5,8668,completed,6430733
16,5,8669,completed,6431275
16,5,8670,completed,6430984
16,5,8671,completed,6437650
16,5,8672,completed,6444692
16,5,8673,completed,6074234
16,5,8674,completed,6075734
16,5,8675,completed,6076151
16,5,8676,completed,6076567
16,5,8677,completed,6077734
16,5,8678,completed,6077734
16,5,8679,completed,6078401
16,5,8680,completed,6079109
16,5,8681,completed,6079735
16,5,8682,completed,6080693
16,5,8683,completed,6081192
16,5,8684,completed,6081401
16,5,8685,completed,6081776
16,5,8686,completed,6105776
16,5,8687,completed,6094401
16,5,8688,completed,6088192
16,5,8689,completed,5906860
16,5,8690,completed,5917527
16,5,8691,completed,5919526
16,5,8692,completed,5921693
16,5,8693,completed,5924235
16,5,8694,completed,5926277
16,5,8695,completed,5927860
16,5,8696,completed,5930151
16,5,8697,completed,5932027
16,5,8698,completed,5934277
16,5,8699,completed,5935985
16,5,8700,completed,5937943
16,5,8701,completed,5939527
16,5,8702,completed,5917318
16,5,8703,completed,5958735
16,5,8704,completed,5963068
16,5,8705,completed,5936568
16,5,8706,completed,5921985
16,5,8707,completed,5921444
16,5,8708,completed,5921235
16,5,8709,completed,5922027
16,5,8710,completed,5921943
16,5,8711,completed,5921819
16,5,8712,completed,5921693
16,5,8713,completed,5921776
16,5,8714,completed,5921818
16,5,8715,completed,5921527
16,5,8716,completed,5921527
16,5,8717,completed,5921401
16,5,8718,completed,5938819
16,5,8719,completed,5942819
16,5,8720,completed,5911318
16,5,8721,completed,6012276
16,5,8722,completed,6023401
16,5,8723,completed,6025109
16,5,8724,completed,6027151
16,5,8725,completed,6029609
16,5,8726,completed,6031693
16,5,8727,completed,6033067
16,5,8728,completed,6035443
16,5,8729,completed,6037526
16,5,8730,completed,6039276
16,5,8731,completed,6041068
16,5,8732,completed,6042984
16,5,8733,completed,6044526
16,5,8734,completed,6064234
16,5,8735,completed,6067568
16,5,8736,completed,6078068
16,5,8737,completed,5952610
16,5,8738,completed,5954193
16,5,8739,completed,5954693
16,5,8740,completed,5954943
16,5,8741,completed,5956026
16,5,8742,completed,5956360
16,5,8743,completed,5957109
16,5,8744,completed,5958110
16,5,8745,completed,5959276
16,5,8746,completed,5960485
16,5,8747,completed,5961360
16,5,8748,completed,5962193
16,5,8749,completed,5963026
16,5,8750,completed,5962443
16,5,8751,completed,5933526
16,5,8752,completed,5934401
16,5,8753,completed,5895569
16,5,8754,completed,5900360
16,5,8755,completed,5893194
16,5,8756,completed,5893527
16,5,8757,completed,5919277
16,5,8758,completed,5924984
16,5,8759,completed,5925318
16,5,8760,completed,5925943
16,5,8761,completed,5926777
16,5,8762,completed,5927276
16,5,8763,completed,5928026
16,5,8764,completed,5929651
16,5,8765,completed,5948360
16,5,8766,completed,5954151
16,5,8767,completed,5954776
16,5,8768,completed,5948527
16,5,8769,completed,6066026
16,5,8770,completed,6067026
16,5,8771,completed,6067110
16,5,8772,completed,6067359
16,5,8773,completed,6051943
16,5,8774,completed,6051068
16,5,8775,completed,6051609
16,5,8776,completed,6045901
16,5,8777,completed,6046318
16,5,8778,completed,6046777
16,5,8779,completed,6047109
16,5,8780,completed,6047443
16,5,8781,completed,6019360
16,5,8782,completed,6028651
16,5,8783,completed,6033610
16,5,8784,completed,6033610
16,5,8785,completed,6000610
16,5,8786,completed,6003152
16,5,8787,completed,6003735
16,5,8788,completed,6004360
16,5,8789,completed,6005609
16,5,8790,completed,6006359
16,5,8791,completed,6006860
16,5,8792,completed,6007484
16,5,8793,completed,6008318
16,5,8794,completed,6009067
16,5,8795,completed,6009735
16,5,8796,completed,6010360
16,5,8797,completed,6010860
16,5,8798,completed,5999068
16,5,8799,completed,6026859
16,5,8800,completed,6031818
16,5,8801,completed,5879318
16,5,8802,completed,5890693
16,5,8803,completed,5891194
16,5,8804,completed,5891485
16,5,8805,completed,5892652
16,5,8806,completed,5893068
16,5,8807,completed,5893610
16,5,8808,completed,5894402
16,5,8809,completed,5912319
16,5,8810,completed,5917693
16,5,8811,completed,5918277
16,5,8812,completed,5918652
16,5,8813,completed,5919485
16,5,8814,completed,5919860
16,5,8815,completed,5888985
16,5,8816,completed,5882943
16,5,8817,completed,6067859
16,5,8818,completed,6070276
16,5,8819,completed,6070901
16,5,8820,completed,6071526
16,5,8821,completed,6072818
16,5,8822,completed,6073651
16,5,8823,completed,6074235
16,5,8824,completed,6075026
16,5,8825,completed,6059234
16,5,8826,completed,6060401
16,5,8827,completed,6061568
16,5,8828,completed,6062651
16,5,8829,completed,6063442
16,5,8830,completed,6064234
16,5,8831,completed,6102901
16,5,8832,completed,6109984
16,5,8833,completed,5886235
16,5,8834,completed,5889110
16,5,8835,completed,5890027
16,5,8836,completed,5891443
16,5,8837,completed,5893402
16,5,8838,completed,5894568
16,5,8839,completed,5895901
16,5,8840,completed,5897360
16,5,8841,completed,5898735
16,5,8842,completed,5900235
16,5,8843,completed,5901610
16,5,8844,completed,5902902
16,5,8845,completed,5904318
16,5,8846,completed,5905443
16,5,8847,completed,5867443
16,5,8848,completed,5897527
16,5,8849,completed,6014068
16,5,8850,completed,6006735
16,5,8851,completed,6005776
16,5,8852,completed,6004860
16,5,8853,completed,6004526
16,5,8854,completed,6003943
16,5,8855,completed,6003318
16,5,8856,completed,6002734
16,5,8857,completed,6002110
16,5,8858,completed,6001443
16,5,8859,completed,6000943
16,5,8860,completed,6000318
16,5,8861,completed,5999609
16,5,8862,completed,5999027
16,5,8863,completed,5998360
16,5,8864,completed,5966027
16,5,8865,completed,6075943
16,5,8866,completed,6083151
16,5,8867,completed,6084776
16,5,8868,completed,6086359
16,5,8869,completed,6087693
16,5,8870,completed,6088942
16,5,8871,completed,6090651
16,5,8872,completed,6092110
16,5,8873,completed,6094026
16,5,8874,completed,6096068
16,5,8875,completed,6091568
16,5,8876,completed,6092818
16,5,8877,completed,6094942
16,5,8878,completed,6096068
16,5,8879,completed,6131609
16,5,8880,completed,6134734
16,5,8881,completed,5796402
16,5,8882,completed,5794944
16,5,8883,completed,5795027
16,5,8884,completed,5795068
16,5,8885,completed,5795693
16,5,8886,completed,5796026
16,5,8887,completed,5796152
16,5,8888,completed,5796485
16,5,8889,completed,5796818
16,5,8890,completed,5797277
16,5,8891,completed,5797568
16,5,8892,completed,5797694
16,5,8893,completed,5797777
16,5,8894,completed,5798318
16,5,8895,completed,5796652
16,5,8896,completed,5763777
16,5,8897,completed,5990651
16,5,8898,completed,5998443
16,5,8899,completed,6000068
16,5,8900,completed,6002026
16,5,8901,completed,6004652
16,5,8902,completed,6006151
16,5,8903,completed,6007860
16,5,8904,completed,6009776
16,5,8905,completed,6011568
16,5,8906,completed,6013776
16,5,8907,completed,6015609
16,5,8908,completed,6017443
16,5,8909,completed,6019443
16,5,8910,completed,6084818
16,5,8911,completed,6097693
16,5,8912,completed,6099401
16,5,8913,completed,5928610
16,5,8914,completed,5927026
16,5,8915,completed,5927651
16,5,8916,completed,5927984
16,5,8917,completed,5928693
16,5,8918,completed,5918693
16,5,8919,completed,5919401
16,5,8920,completed,5920318
16,5,8921,completed,5913026
16,5,8922,completed,5914151
16,5,8923,completed,5914901
16,5,8924,completed,5916026
16,5,8925,completed,5916734
16,5,8926,completed,5867526
16,5,8927,completed,5856985
16,5,8928,completed,5857526
16,5,8929,completed,5945402
16,5,8930,completed,5946985
16,5,8931,completed,5948068
16,5,8932,completed,5948943
16,5,8933,completed,5950652
16,5,8934,completed,5951610
16,5,8935,completed,5952901
16,5,8936,completed,5954110
16,5,8937,completed,5955318
16,5,8938,completed,5956526
16,5,8939,completed,5957734
16,5,8940,completed,5958818
16,5,8941,completed,5960152
16,5,8942,completed,5961193
16,5,8943,completed,5962401
16,5,8944,completed,5964277
16,5,8945,completed,5938485
16,5,8946,completed,5940985
16,5,8947,completed,5941943
16,5,8948,completed,5942693
16,5,8949,completed,5943943
16,5,8950,completed,5944943
16,5,8951,completed,5945985
16,5,8952,completed,5947443
16,5,8953,completed,5948859
16,5,8954,completed,5950152
16,5,8955,completed,5951360
16,5,8956,completed,5952734
16,5,8957,completed,5953693
16,5,8958,completed,5954818
16,5,8959,completed,5955859
16,5,8960,completed,5957151
16,5,8961,completed,5981610
16,5,8962,completed,5990735
16,5,8963,completed,5991776
16,5,8964,completed,5985026
16,5,8965,completed,5986109
16,5,8966,completed,5986652
16,5,8967,completed,5987360
16,5,8968,completed,5988193
16,5,8969,completed,5988860
16,5,8970,completed,5989693
16,5,8971,completed,5990360
16,5,8972,completed,5991401
16,5,8973,completed,5992567
16,5,8974,completed,5992860
16,5,8975,completed,5988276
16,5,8976,completed,6021776
16,5,8977,completed,5909901
16,5,8978,completed,5909901
16,5,8979,completed,5910151
16,5,8980,completed,5910485
16,5,8981,completed,5911818
16,5,8982,completed,5912485
16,5,8983,completed,5912985
16,5,8984,completed,5913776
16,5,8985,completed,5914360
16,5,8986,completed,5915110
16,5,8987,completed,5915776
16,5,8988,completed,5916360
16,5,8989,completed,5916860
16,5,8990,completed,5917610
16,5,8991,completed,5918110
16,5,8992,completed,5949026
16,5,8993,completed,5933859
16,5,8994,completed,5931151
16,5,8995,completed,5930568
16,5,8996,completed,5930027
16,5,8997,completed,5930110
16,5,8998,completed,5929860
16,5,8999,completed,5929610
16,5,9000,completed,5929651
16,5,9001,completed,5929526
16,5,9002,completed,5929527
16,5,9003,completed,5929443
16,5,9004,completed,5929276
16,5,9005,completed,5929276
16,5,9006,completed,5929068
16,5,9007,completed,5927651
16,5,9008,completed,5948693
16,5,9009,completed,5997359
16,5,9010,completed,6002152
16,5,9011,completed,6003110
16,5,9012,completed,6004193
16,5,9013,completed,6005776
16,5,9014,completed,6006984
16,5,9015,completed,6008110
16,5,9016,completed,6009568
16,5,9017,completed,6010943
16,5,9018,completed,6012360
16,5,9019,completed,6013651
16,5,9020,completed,6014985
16,5,9021,completed,6016151
16,5,9022,completed,6017485
16,5,9023,completed,6017818
16,5,9024,completed,6052651
16,5,9025,completed,5951026
16,5,9026,completed,5948485
16,5,9027,completed,5948360
16,5,9028,completed,5948777
16,5,9029,completed,5949276
16,5,9030,completed,5949402
16,5,9031,completed,5949526
16,5,9032,completed,5949860
16,5,9033,completed,5950485
16,5,9034,completed,5950735
16,5,9035,completed,5950985
16,5,9036,completed,5951027
16,5,9037,completed,5951193
16,5,9038,completed,5951235
16,5,9039,completed,5949985
16,5,9040,completed,5950609
16,5,9041,completed,5877110
16,5,9042,completed,5882193
16,5,9043,completed,5882818
16,5,9044,completed,5883402
16,5,9045,completed,5884569
16,5,9046,completed,5885694
16,5,9047,completed,5885985
16,5,9048,completed,5886944
16,5,9049,completed,5887485
16,5,9050,completed,5881777
16,5,9051,completed,5882402
16,5,9052,completed,5917777
16,5,9053,completed,5928777
16,5,9054,completed,5929569
16,5,9055,completed,5929735
16,5,9056,completed,5930402
16,5,9057,completed,6099776
16,5,9058,completed,6101318
16,5,9059,completed,6102776
16,5,9060,completed,6104026
16,5,9061,completed,6105859
16,5,9062,completed,6107026
16,5,9063,completed,6108568
16,5,9064,completed,6110234
16,5,9065,completed,6111943
16,5,9066,completed,6113609
16,5,9067,completed,6115068
16,5,9068,completed,6079067
16,5,9069,completed,6074984
16,5,9070,completed,6076068
16,5,9071,completed,6077567
16,5,9072,completed,6078735
16,5,9073,completed,5964568
16,5,9074,completed,5966110
16,5,9075,completed,5967443
16,5,9076,completed,5968568
16,5,9077,completed,5970568
16,5,9078,completed,5972276
16,5,9079,completed,5973027
16,5,9080,completed,5974276
16,5,9081,completed,5975568
16,5,9082,completed,5976818
16,5,9083,completed,5977860
16,5,9084,completed,6008276
16,5,9085,completed,6023193
16,5,9086,completed,6024109
16,5,9087,completed,6024734
16,5,9088,completed,6025526
16,5,9089,completed,5916984
16,5,9090,completed,5917026
16,5,9091,completed,5918277
16,5,9092,completed,5919527
16,5,9093,completed,5921610
16,5,9094,completed,5922527
16,5,9095,completed,5923943
16,5,9096,completed,5925443
16,5,9097,completed,5926860
16,5,9098,completed,5928235
16,5,9099,completed,5929610
16,5,9100,completed,5900318
16,5,9101,completed,5901276
16,5,9102,completed,5902193
16,5,9103,completed,5929693
16,5,9104,completed,5942234
16,5,9105,completed,5436403
16,5,9106,completed,5435444
16,5,9107,completed,5435652
16,5,9108,completed,5435945
16,5,9109,completed,5436569
16,5,9110,completed,5436902
16,5,9111,completed,5437028
16,5,9112,completed,5437486
16,5,9113,completed,5437694
16,5,9114,completed,5438153
16,5,9115,completed,5438486
16,5,9116,completed,5438652
16,5,9117,completed,5438611
16,5,9118,completed,5438861
16,5,9119,completed,5455486
16,5,9120,completed,5466570
16,5,9121,completed,6463483
16,5,9122,completed,6470650
16,5,9123,completed,6471233
16,5,9124,completed,6472275
16,5,9125,completed,6474816
16,5,9126,completed,6458859
16,5,9127,completed,6460275
16,5,9128,completed,6461608
16,5,9129,completed,6462859
16,5,9130,completed,6407692
16,5,9131,completed,6398692
16,5,9132,completed,6399776
16,5,9133,completed,6401526
16,5,9134,completed,6402900
16,5,9135,completed,6404776
16,5,9136,completed,6406650
16,5,9137,completed,5949318
16,5,9138,completed,5949193
16,5,9139,completed,5950401
16,5,9140,completed,5950984
16,5,9141,completed,5952110
16,5,9142,completed,5952859
16,5,9143,completed,5953776
16,5,9144,completed,5955193
16,5,9145,completed,5956527
16,5,9146,completed,5957901
16,5,9147,completed,5959110
16,5,9148,completed,5960610
16,5,9149,completed,5961818
16,5,9150,completed,5990526
16,5,9151,completed,5997610
16,5,9152,completed,5997943
16,5,9153,completed,5954860
16,5,9154,completed,5955068
16,5,9155,completed,5956026
16,5,9156,completed,5957068
16,5,9157,completed,5958776
16,5,9158,completed,5959651
16,5,9159,completed,5960901
16,5,9160,completed,5962068
16,5,9161,completed,5963610
16,5,9162,completed,5964777
16,5,9163,completed,5965819
16,5,9164,completed,5967027
16,5,9165,completed,5968194
16,5,9166,completed,5945943
16,5,9167,completed,5979235
16,5,9168,completed,5974318
16,5,9169,completed,6081942
16,5,9170,completed,6085110
16,5,9171,completed,6085610
16,5,9172,completed,6085901
16,5,9173,completed,6087109
16,5,9174,completed,6087985
16,5,9175,completed,6088568
16,5,9176,completed,6089401
16,5,9177,completed,6090151
16,5,9178,completed,6090901
16,5,9179,completed,6091526
16,5,9180,completed,6092193
16,5,9181,completed,6092693
16,5,9182,completed,6093276
16,5,9183,completed,6125484
16,5,9184,completed,6122651
16,5,9185,completed,5736027
16,5,9186,completed,5738277
16,5,9187,completed,5738902
16,5,9188,completed,5739402
16,5,9189,completed,5740652
16,5,9190,completed,5741027
16,5,9191,completed,5741985
16,5,9192,completed,5742902
16,5,9193,completed,5743736
16,5,9194,completed,5744694
16,5,9195,completed,5745485
16,5,9196,completed,5746110
16,5,9197,completed,5747027
16,5,9198,completed,5747610
16,5,9199,completed,5747361
16,5,9200,completed,5718819
16,5,9201,completed,6064234
16,5,9202,completed,6070985
16,5,9203,completed,6071526
16,5,9204,completed,6072068
16,5,9205,completed,6073443
16,5,9206,completed,6074442
16,5,9207,completed,6074776
16,5,9208,completed,6075443
16,5,9209,completed,6076568
16,5,9210,completed,6077526
16,5,9211,completed,6077401
16,5,9212,completed,6072735
16,5,9213,completed,6073151
16,5,9214,completed,6073693
16,5,9215,completed,6074359
16,5,9216,completed,6074359
16,5,9217,completed,5961901
16,5,9218,completed,5963068
16,5,9219,completed,5963610
16,5,9220,completed,5964318
16,5,9221,completed,5966152
16,5,9222,completed,5966777
16,5,9223,completed,5967652
16,5,9224,completed,5968693
16,5,9225,completed,5969651
16,5,9226,completed,5970943
16,5,9227,completed,5971943
16,5,9228,completed,5972276
16,5,9229,completed,6006693
16,5,9230,completed,6015568
16,5,9231,completed,6016360
16,5,9232,completed,6017193
16,5,9233,completed,5923568
16,5,9234,completed,5924109
16,5,9235,completed,5924985
16,5,9236,completed,5925610
16,5,9237,completed,5927109
16,5,9238,completed,5928027
16,5,9239,completed,5928401
16,5,9240,completed,5929443
16,5,9241,completed,5930610
16,5,9242,completed,5931735
16,5,9243,completed,5932776
16,5,9244,completed,5933610
16,5,9245,completed,5931819
16,5,9246,completed,5940360
16,5,9247,completed,5941069
16,5,9248,completed,5941735
16,5,9249,completed,5941360
16,5,9250,completed,5936234
16,5,9251,completed,5936318
16,5,9252,completed,5936527
16,5,9253,completed,5937443
16,5,9254,completed,5937735
16,5,9255,completed,5938068
16,5,9256,completed,5938402
16,5,9257,completed,5938985
16,5,9258,completed,5939443
16,5,9259,completed,5939693
16,5,9260,completed,5939943
16,5,9261,completed,5908235
16,5,9262,completed,5923860
16,5,9263,completed,5931652
16,5,9264,completed,5931776
16,5,9265,completed,5999068
16,5,9266,completed,6001777
16,5,9267,completed,6002526
16,5,9268,completed,6003235
16,5,9269,completed,6004402
16,5,9270,completed,6005068
16,5,9271,completed,6005526
16,5,9272,completed,6006152
16,5,9273,completed,6006693
16,5,9274,completed,6007485
16,5,9275,completed,6008068
16,5,9276,completed,6008568
16,5,9277,completed,6008943
16,5,9278,completed,5979193
16,5,9279,completed,5975735
16,5,9280,completed,5976193
16,5,9281,completed,6031026
16,5,9282,completed,6037110
16,5,9283,completed,6038443
16,5,9284,completed,6040318
16,5,9285,completed,6042484
16,5,9286,completed,6044109
16,5,9287,completed,6045693
16,5,9288,completed,6047526
16,5,9289,completed,6049235
16,5,9290,completed,6051068
16,5,9291,completed,6052776
16,5,9292,completed,6054359
16,5,9293,completed,6056276
16,5,9294,completed,6057817
16,5,9295,completed,6059693
16,5,9296,completed,6096110
16,5,9297,completed,5918360
16,5,9298,completed,5922319
16,5,9299,completed,5922610
16,5,9300,completed,5922860
16,5,9301,completed,5924569
16,5,9302,completed,5924902
16,5,9303,completed,5925235
16,5,9304,completed,5926026
16,5,9305,completed,5927069
16,5,9306,completed,5927902
16,5,9307,completed,5928193
16,5,9308,completed,5928694
16,5,9309,completed,5928735
16,5,9310,completed,5972651
16,5,9311,completed,5984359
16,5,9312,completed,5952734
16,5,9313,completed,5920651
16,5,9314,completed,5913735
16,5,9315,completed,5913652
16,5,9316,completed,5913651
16,5,9317,completed,5914151
16,5,9318,completed,5913943
16,5,9319,completed,5914235
16,5,9320,completed,5914610
16,5,9321,completed,5915110
16,5,9322,completed,5915735
16,5,9323,completed,5915902
16,5,9324,completed,5916069
16,5,9325,completed,5916277
16,5,9326,completed,5871402
16,5,9327,completed,5861735
16,5,9328,completed,5880527
16,5,9329,completed,6012527
16,5,9330,completed,6021651
16,5,9331,completed,6023609
16,5,9332,completed,6024984
16,5,9333,completed,6027901
16,5,9334,completed,6029818
16,5,9335,completed,6030985
16,5,9336,completed,6032901
16,5,9337,completed,6034610
16,5,9338,completed,6036443
16,5,9339,completed,6037818
16,5,9340,completed,6039526
16,5,9341,completed,6040734
16,5,9342,completed,6042276
16,5,9343,completed,6080942
16,5,9344,completed,6058985
16,5,9345,completed,5907777
16,5,9346,completed,5900569
16,5,9347,completed,5899943
16,5,9348,completed,5899819
16,5,9349,completed,5900360
16,5,9350,completed,5900151
16,5,9351,completed,5900235
16,5,9352,completed,5900027
16,5,9353,completed,5900027
16,5,9354,completed,5899944
16,5,9355,completed,5899735
16,5,9356,completed,5899610
16,5,9357,completed,5899569
16,5,9358,completed,5899110
16,5,9359,completed,5914818
16,5,9360,completed,5898401
16,5,9361,completed,5992485
16,5,9362,completed,5998859
16,5,9363,completed,6000068
16,5,9364,completed,6001193
16,5,9365,completed,6002526
16,5,9366,completed,6003943
16,5,9367,completed,6005235
16,5,9368,completed,6006735
16,5,9369,completed,6008193
16,5,9370,completed,6009693
16,5,9371,completed,6011110
16,5,9372,completed,6012484
16,5,9373,completed,6013693
16,5,9374,completed,6014318
16,5,9375,completed,6015943
16,5,9376,completed,6053735
16,5,9377,completed,5979693
16,5,9378,completed,5980443
16,5,9379,completed,5980860
16,5,9380,completed,5981359
16,5,9381,completed,5982568
16,5,9382,completed,5982984
16,5,9383,completed,5983693
16,5,9384,completed,5984526
16,5,9385,completed,5985234
16,5,9386,completed,5986109
16,5,9387,completed,5986860
16,5,9388,completed,5987443
16,5,9389,completed,5988484
16,5,9390,completed,5988859
16,5,9391,completed,6014235
16,5,9392,completed,5984860
16,5,9393,completed,5923359
16,5,9394,completed,5923651
16,5,9395,completed,5923526
16,5,9396,completed,5923401
16,5,9397,completed,5924151
16,5,9398,completed,5924193
16,5,9399,completed,5923985
16,5,9400,completed,5923901
16,5,9401,completed,5924068
16,5,9402,completed,5924318
16,5,9403,completed,5924235
16,5,9404,completed,5924234
16,5,9405,completed,5923943
16,5,9406,completed,5924027
16,5,9407,completed,5944984
16,5,9408,completed,5933777
16,5,9409,completed,5629360
16,5,9410,completed,5633403
16,5,9411,completed,5634486
16,5,9412,completed,5635777
16,5,9413,completed,5637652
16,5,9414,completed,5638778
16,5,9415,completed,5640194
16,5,9416,completed,5641611
16,5,9417,completed,5643361
16,5,9418,completed,5644860
16,5,9419,completed,5646236
16,5,9420,completed,5647569
16,5,9421,completed,5648986
16,5,9422,completed,5650236
16,5,9423,completed,5633028
16,5,9424,completed,5669652
16,5,9425,completed,5730110
16,5,9426,completed,5721402
16,5,9427,completed,5720443
16,5,9428,completed,5719527
16,5,9429,completed,5718985
16,5,9430,completed,5718402
16,5,9431,completed,5717777
16,5,9432,completed,5717193
16,5,9433,completed,5716569
16,5,9434,completed,5716194
16,5,9435,completed,5715735
16,5,9436,completed,5715152
16,5,9437,completed,5714486
16,5,9438,completed,5713860
16,5,9439,completed,5713193
16,5,9440,completed,5693652
16,5,9441,completed,6484900
16,5,9442,completed,6490525
16,5,9443,completed,6491442
16,5,9444,completed,6492109
16,5,9445,completed,6493567
16,5,9446,completed,6493983
16,5,9447,completed,6495025
16,5,9448,completed,6496234
16,5,9449,completed,6497359
16,5,9450,completed,6498567
16,5,9451,completed,6499400
16,5,9452,completed,6500317
16,5,9453,completed,6501317
16,5,9454,completed,6502192
16,5,9455,completed,6524192
16,5,9456,completed,6542358
16,5,9457,completed,6027693
16,5,9458,completed,6032193
16,5,9459,completed,6033318
16,5,9460,completed,6034527
16,5,9461,completed,6036276
16,5,9462,completed,6037485
16,5,9463,completed,6038651
16,5,9464,completed,6040235
16,5,9465,completed,6042235
16,5,9466,completed,6043609
16,5,9467,completed,6045027
16,5,9468,completed,6046610
16,5,9469,completed,6047151
16,5,9470,completed,6048818
16,5,9471,completed,6082943
16,5,9472,completed,6046359
16,5,9473,completed,5926526
16,5,9474,completed,5926526
16,5,9475,completed,5926443
16,5,9476,completed,5926944
16,5,9477,completed,5927776
16,5,9478,completed,5927985
16,5,9479,completed,5928402
16,5,9480,completed,5928776
16,5,9481,completed,5929235
16,5,9482,completed,5929735
16,5,9483,completed,5930068
16,5,9484,completed,5930277
16,5,9485,completed,5930693
16,5,9486,completed,5930943
16,5,9487,completed,5930151
16,5,9488,completed,5900443
16,5,9489,completed,5992985
16,5,9490,completed,5995776
16,5,9491,completed,5997359
16,5,9492,completed,5998776
16,5,9493,completed,6000943
16,5,9494,completed,6002610
16,5,9495,completed,6003943
16,5,9496,completed,6005901
16,5,9497,completed,6007692
16,5,9498,completed,6009651
16,5,9499,completed,6011193
16,5,9500,completed,6012901
16,5,9501,completed,6014234
16,5,9502,completed,6015859
16,5,9503,completed,6051818
16,5,9504,completed,6055026
16,5,9505,completed,5956277
16,5,9506,completed,5955151
16,5,9507,completed,5955527
16,5,9508,completed,5955859
16,5,9509,completed,5956693
16,5,9510,completed,5956985
16,5,9511,completed,5957443
16,5,9512,completed,5958110
16,5,9513,completed,5958818
16,5,9514,completed,5959568
16,5,9515,completed,5960235
16,5,9516,completed,5960776
16,5,9517,completed,5961568
16,5,9518,completed,5962110
16,5,9519,completed,5961068
16,5,9520,completed,5988276
16,5,9521,completed,5992276
16,5,9522,completed,5993735
16,5,9523,completed,5992943
16,5,9524,completed,5992360
16,5,9525,completed,5992735
16,5,9526,completed,5992235
16,5,9527,completed,5991818
16,5,9528,completed,5991526
16,5,9529,completed,5991193
16,5,9530,completed,5991193
16,5,9531,completed,5990777
16,5,9532,completed,5990651
16,5,9533,completed,5990109
16,5,9534,completed,5989818
16,5,9535,completed,6014776
16,5,9536,completed,5968693
16,5,9537,completed,5939026
16,5,9538,completed,5947027
16,5,9539,completed,5948235
16,5,9540,completed,5949818
16,5,9541,completed,5951985
16,5,9542,completed,5953568
16,5,9543,completed,5955276
16,5,9544,completed,5957151
16,5,9545,completed,5958984
16,5,9546,completed,5960735
16,5,9547,completed,5962485
16,5,9548,completed,5964276
16,5,9549,completed,5966193
16,5,9550,completed,5967734
16,5,9551,completed,5940484
16,5,9552,completed,5937276
16,5,9553,completed,5944234
16,5,9554,completed,5953068
16,5,9555,completed,5953818
16,5,9556,completed,5943693
16,5,9557,completed,5944609
16,5,9558,completed,5945735
16,5,9559,completed,5946318
16,5,9560,completed,5947359
16,5,9561,completed,5948277
16,5,9562,completed,5949110
16,5,9563,completed,5949901
16,5,9564,completed,5950610
16,5,9565,completed,5951109
16,5,9566,completed,5951985
16,5,9567,completed,5952526
16,5,9568,completed,5953151
16,5,9569,completed,5979609
16,5,9570,completed,5985943
16,5,9571,completed,5986943
16,5,9572,completed,5987860
16,5,9573,completed,5989651
16,5,9574,completed,5989985
16,5,9575,completed,5990901
16,5,9576,completed,5991859
16,5,9577,completed,5993110
16,5,9578,completed,5993985
16,5,9579,completed,5995234
16,5,9580,completed,5996318
16,5,9581,completed,5997985
16,5,9582,completed,6037276
16,5,9583,completed,6041568
16,5,9584,completed,6042484
16,5,9585,completed,6011360
16,5,9586,completed,6010985
16,5,9587,completed,6011443
16,5,9588,completed,6012110
16,5,9589,completed,6013318
16,5,9590,completed,6014235
16,5,9591,completed,6014818
16,5,9592,completed,6015902
16,5,9593,completed,6016860
16,5,9594,completed,6017776
16,5,9595,completed,6018693
16,5,9596,completed,6019651
16,5,9597,completed,6020151
16,5,9598,completed,5990276
16,5,9599,completed,6024068
16,5,9600,completed,6035943
16,5,9601,completed,5880193
16,5,9602,completed,5879735
16,5,9603,completed,5879860
16,5,9604,completed,5880568
16,5,9605,completed,5881735
16,5,9606,completed,5882318
16,5,9607,completed,5883026
16,5,9608,completed,5883819
16,5,9609,completed,5884568
16,5,9610,completed,5885443
16,5,9611,completed,5886110
16,5,9612,completed,5886693
16,5,9613,completed,5887444
16,5,9614,completed,5888027
16,5,9615,completed,5857277
16,5,9616,completed,5907194
16,5,9617,completed,5966152
16,5,9618,completed,5960568
16,5,9619,completed,5960485
16,5,9620,completed,5960318
16,5,9621,completed,5960526
16,5,9622,completed,5960652
16,5,9623,completed,5960485
16,5,9624,completed,5960609
16,5,9625,completed,5960652
16,5,9626,completed,5960860
16,5,9627,completed,5960818
16,5,9628,completed,5960777
16,5,9629,completed,5960526
16,5,9630,completed,5981110
16,5,9631,completed,5988193
16,5,9632,completed,5933943
16,5,9633,completed,5958193
16,5,9634,completed,5963860
16,5,9635,completed,5964944
16,5,9636,completed,5966027
16,5,9637,completed,5967526
16,5,9638,completed,5968484
16,5,9639,completed,5969902
16,5,9640,completed,5971359
16,5,9641,completed,5972776
16,5,9642,completed,5974193
16,5,9643,completed,5975568
16,5,9644,completed,5976818
16,5,9645,completed,5978193
16,5,9646,completed,5960818
16,5,9647,completed,5957526
16,5,9648,completed,5958651
16,5,9649,completed,5951819
16,5,9650,completed,5964401
16,5,9651,completed,5954110
16,5,9652,completed,5954693
16,5,9653,completed,5955485
16,5,9654,completed,5956318
16,5,9655,completed,5956443
16,5,9656,completed,5957151
16,5,9657,completed,5957568
16,5,9658,completed,5958235
16,5,9659,completed,5958693
16,5,9660,completed,5959277
16,5,9661,completed,5959526
16,5,9662,completed,6000234
16,5,9663,completed,6012860
16,5,9664,completed,6013235
16,5,9665,completed,5908943
16,5,9666,completed,5906110
16,5,9667,completed,5906277
16,5,9668,completed,5906610
16,5,9669,completed,5907652
16,5,9670,completed,5907735
16,5,9671,completed,5907985
16,5,9672,completed,5908318
16,5,9673,completed,5908776
16,5,9674,completed,5909651
16,5,9675,completed,5910151
16,5,9676,completed,5910485
16,5,9677,completed,5910901
16,5,9678,completed,5878485
16,5,9679,completed,5869234
16,5,9680,completed,5873985
16,5,9681,completed,5981526
16,5,9682,completed,5986443
16,5,9683,completed,5987276
16,5,9684,completed,5987902
16,5,9685,completed,5989151
16,5,9686,completed,5990359
16,5,9687,completed,5991151
16,5,9688,completed,5992360
16,5,9689,completed,5993485
16,5,9690,completed,5994901
16,5,9691,completed,5996026
16,5,9692,completed,5997151
16,5,9693,completed,5997943
16,5,9694,completed,5997693
16,5,9695,completed,6008193
16,5,9696,completed,6005068
16,5,9697,completed,6030818
16,5,9698,completed,6041068
16,5,9699,completed,6042027
16,5,9700,completed,6043443
16,5,9701,completed,6045901
16,5,9702,completed,6047068
16,5,9703,completed,6048485
16,5,9704,completed,6050193
16,5,9705,completed,6051693
16,5,9706,completed,6053401
16,5,9707,completed,6054901
16,5,9708,completed,6056068
16,5,9709,completed,6057985
16,5,9710,completed,6059193
16,5,9711,completed,6144693
16,5,9712,completed,6158234
16,5,9713,completed,5913068
16,5,9714,completed,5912276
16,5,9715,completed,5912735
16,5,9716,completed,5913110
16,5,9717,completed,5914026
16,5,9718,completed,5914444
16,5,9719,completed,5914777
16,5,9720,completed,5915485
16,5,9721,completed,5916152
16,5,9722,completed,5917068
16,5,9723,completed,5917818
16,5,9724,completed,5918485
16,5,9725,completed,5918694
16,5,9726,completed,5918985
16,5,9727,completed,5829902
16,5,9728,completed,5815902
16,5,9729,completed,5947152
16,5,9730,completed,5945110
16,5,9731,completed,5945235
16,5,9732,completed,5945735
16,5,9733,completed,5947235
16,5,9734,completed,5947609
16,5,9735,completed,5948276
16,5,9736,completed,5949026
16,5,9737,completed,5949818
16,5,9738,completed,5950818
16,5,9739,completed,5951526
16,5,9740,completed,5951901
16,5,9741,completed,5952568
16,5,9742,completed,5979109
16,5,9743,completed,5989485
16,5,9744,completed,5982110
16,5,9745,completed,5718569
16,5,9746,completed,5726652
16,5,9747,completed,5727652
16,5,9748,completed,5728735
16,5,9749,completed,5730694
16,5,9750,completed,5731944
16,5,9751,completed,5732818
16,5,9752,completed,5734527
16,5,9753,completed,5735819
16,5,9754,completed,5737652
16,5,9755,completed,5738860
16,5,9756,completed,5740110
16,5,9757,completed,5741027
16,5,9758,completed,5724944
16,5,9759,completed,5774985
16,5,9760,completed,5791985
16,5,9761,completed,5650735
16,5,9762,completed,5644028
16,5,9763,completed,5642902
16,5,9764,completed,5642527
16,5,9765,completed,5643028
16,5,9766,completed,5642569
16,5,9767,completed,5642153
16,5,9768,completed,5641819
16,5,9769,completed,5641819
16,5,9770,completed,5641694
16,5,9771,completed,5641360
16,5,9772,completed,5640903
16,5,9773,completed,5641069
16,5,9774,completed,5661485
16,5,9775,completed,5615569
16,5,9776,completed,5611902
16,5,9777,completed,6504858
16,5,9778,completed,6515608
16,5,9779,completed,6517441
16,5,9780,completed,6519275
16,5,9781,completed,6521359
16,5,9782,completed,6523359
16,5,9783,completed,6524775
16,5,9784,completed,6526900
16,5,9785,completed,6528775
16,5,9786,completed,6530692
16,5,9787,completed,6532525
16,5,9788,completed,6534108
16,5,9789,completed,6535484
16,5,9790,completed,6511234
16,5,9791,completed,6546941
16,5,9792,completed,6550525
16,5,9793,completed,5930068
16,5,9794,completed,5924151
16,5,9795,completed,5923693
16,5,9796,completed,5923735
16,5,9797,completed,5924152
16,5,9798,completed,5923818
16,5,9799,completed,5923735
16,5,9800,completed,5923777
16,5,9801,completed,5923943
16,5,9802,completed,5924110
16,5,9803,completed,5923943
16,5,9804,completed,5923735
16,5,9805,completed,5923693
16,5,9806,completed,5923443
16,5,9807,completed,5922069
16,5,9808,completed,5929319
16,5,9809,completed,5949568
16,5,9810,completed,5948485
16,5,9811,completed,5948318
16,5,9812,completed,5948568
16,5,9813,completed,5949443
16,5,9814,completed,5949818
16,5,9815,completed,5949901
16,5,9816,completed,5950443
16,5,9817,completed,5950693
16,5,9818,completed,5951068
16,5,9819,completed,5951484
16,5,9820,completed,5951693
16,5,9821,completed,5951734
16,5,9822,completed,5952068
16,5,9823,completed,5948193
16,5,9824,completed,5913194
16,5,9825,completed,6030610
16,5,9826,completed,6041026
16,5,9827,completed,6042693
16,5,9828,completed,6044151
16,5,9829,completed,6071901
16,5,9830,completed,6116026
16,5,9831,completed,6130068
16,5,9832,completed,6132359
16,5,9833,completed,6134318
16,5,9834,completed,6136442
16,5,9835,completed,6138443
16,5,9836,completed,6140234
16,5,9837,completed,6142735
16,5,9838,completed,6144734
16,5,9839,completed,6146734
16,5,9840,completed,6148817
16,5,9841,completed,5539902
16,5,9842,completed,5532485
16,5,9843,completed,5532069
16,5,9844,completed,5531861
16,5,9845,completed,5532444
16,5,9846,completed,5479569
16,5,9847,completed,5477861
16,5,9848,completed,5477569
16,5,9849,completed,5477736
16,5,9850,completed,5478361
16,5,9851,completed,5478819
16,5,9852,completed,5478736
16,5,9853,completed,5468445
16,5,9854,completed,5468278
16,5,9855,completed,5467861
16,5,9856,completed,5485528
16,5,9857,completed,6387901
16,5,9858,completed,6393983
16,5,9859,completed,6395317
16,5,9860,completed,6396609
16,5,9861,completed,6398567
16,5,9862,completed,6400192
16,5,9863,completed,6401692
16,5,9864,completed,6403484
16,5,9865,completed,6405192
16,5,9866,completed,6406859
16,5,9867,completed,6408400
16,5,9868,completed,6409984
16,5,9869,completed,6411734
16,5,9870,completed,6413150
16,5,9871,completed,6447442
16,5,9872,completed,6460483
16,5,9873,completed,5984735
16,5,9874,completed,5987693
16,5,9875,completed,5987984
16,5,9876,completed,5988360
16,5,9877,completed,5989443
16,5,9878,completed,5989985
16,5,9879,completed,5990109
16,5,9880,completed,5990985
16,5,9881,completed,5992568
16,5,9882,completed,5993235
16,5,9883,completed,5993734
16,5,9884,completed,5995068
16,5,9885,completed,6025110
16,5,9886,completed,6035693
16,5,9887,completed,6006152
16,5,9888,completed,6006693
16,5,9889,completed,5911235
16,5,9890,completed,5910694
16,5,9891,completed,5911568
16,5,9892,completed,5912443
16,5,9893,completed,5914526
16,5,9894,completed,5915776
16,5,9895,completed,5917026
16,5,9896,completed,5918401
16,5,9897,completed,5920068
16,5,9898,completed,5921443
16,5,9899,completed,5922610
16,5,9900,completed,5923735
16,5,9901,completed,5907318
16,5,9902,completed,5908485
16,5,9903,completed,5943777
16,5,9904,completed,5954443
16,5,9905,completed,6023443
16,5,9906,completed,6023776
16,5,9907,completed,6024526
16,5,9908,completed,6025318
16,5,9909,completed,6026484
16,5,9910,completed,6027192
16,5,9911,completed,6027609
16,5,9912,completed,6028567
16,5,9913,completed,6029276
16,5,9914,completed,6030109
16,5,9915,completed,6030859
16,5,9916,completed,6031568
16,5,9917,completed,6032026
16,5,9918,completed,6033067
16,5,9919,completed,6046401
16,5,9920,completed,6048985
16,5,9921,completed,5907651
16,5,9922,completed,5910026
16,5,9923,completed,5910068
16,5,9924,completed,5910901
16,5,9925,completed,5911818
16,5,9926,completed,5912401
16,5,9927,completed,5913193
16,5,9928,completed,5913943
16,5,9929,completed,5914694
16,5,9930,completed,5915610
16,5,9931,completed,5916402
16,5,9932,completed,5917151
16,5,9933,completed,5918276
16,5,9934,completed,5918860
16,5,9935,completed,5918360
16,5,9936,completed,5890902
16,5,9937,completed,5960193
16,5,9938,completed,5962276
16,5,9939,completed,5963026
16,5,9940,completed,5963818
16,5,9941,completed,5965027
16,5,9942,completed,5966359
16,5,9943,completed,5967526
16,5,9944,completed,5968985
16,5,9945,completed,5970609
16,5,9946,completed,5971860
16,5,9947,completed,5973151
16,5,9948,completed,5974318
16,5,9949,completed,5975652
16,5,9950,completed,6014568
16,5,9951,completed,6024734
16,5,9952,completed,6025568
16,5,9953,completed,5801652
16,5,9954,completed,5803027
16,5,9955,completed,5803694
16,5,9956,completed,5804443
16,5,9957,completed,5805902
16,5,9958,completed,5806401
16,5,9959,completed,5807401
16,5,9960,completed,5808527
16,5,9961,completed,5809360
16,5,9962,completed,5810526
16,5,9963,completed,5811360
16,5,9964,completed,5812360
16,5,9965,completed,5813485
16,5,9966,completed,5764777
16,5,9967,completed,5801069
16,5,9968,completed,5804818
16,5,9969,completed,5859151
16,5,9970,completed,5853652
16,5,9971,completed,5853276
16,5,9972,completed,5853277
16,5,9973,completed,5853985
16,5,9974,completed,5854026
16,5,9975,completed,5853735
16,5,9976,completed,5854193
16,5,9977,completed,5854194
16,5,9978,completed,5854152
16,5,9979,completed,5854151
16,5,9980,completed,5854027
16,5,9981,completed,5877860
16,5,9982,completed,5881318
16,5,9983,completed,5881110
16,5,9984,completed,5848776
16,5,9985,completed,6097276
16,5,9986,completed,6096151
16,5,9987,completed,6096568
16,5,9988,completed,6097317
16,5,9989,completed,6098651
16,5,9990,completed,6099193
16,5,9991,completed,6099734
16,5,9992,completed,6100776
16,5,9993,completed,6101485
16,5,9994,completed,6102360
16,5,9995,completed,6102943
16,5,9996,completed,6104526
16,5,9997,completed,6081234
16,5,9998,completed,6079818
16,5,9999,completed,6080735
16,5,10000,completed,6080943
